"bionet_name","species_code","original_source","trait_code","norm_value","best","lower","upper","raw_value","notes"
"Acacia elongata","3769","Auld 1991","surv1","None",NA,NA,NA,"Probable fire response, FS",NA
"Acacia linifolia","3814","Auld 1991","surv1","None",NA,NA,NA,"Probable fire response, FS",NA
"Acacia longifolia","3816","Auld 1991","surv1","None",NA,NA,NA,"Probable fire response, FS",NA
"Acacia longissima","3817","Auld 1991","surv1","None",NA,NA,NA,"Probable fire response, FS",NA
"Acacia myrtifolia","3834","Auld 1991","surv1","None",NA,NA,NA,"Probable fire response, FS",NA
"Acacia suaveolens","3881","Auld 1991","surv1","None",NA,NA,NA,"Probable fire response, FS",NA
"Acacia terminalis","3885","Auld 1991","surv1","None",NA,NA,NA,"Probable fire response, FS",NA
"Acacia ulicifolia","3893","Auld 1991","surv1","Few",NA,NA,NA,"Probable fire response, FS;R?",NA
"Aotus ericoides","2770","Auld 1991","surv1","All",NA,NA,NA,"Probable fire response, R",NA
"Bossiaea heterophylla","2780","Auld 1991","surv1","Few",NA,NA,NA,"Probable fire response, FS;R?",NA
"Bossiaea obcordata","2784","Auld 1991","surv1","Most",NA,NA,NA,"Probable fire response, FS;R",NA
"Bossiaea rhombifolia","2787","Auld 1991","surv1","Few",NA,NA,NA,"Probable fire response, R?",NA
"Bossiaea stephensonii","2791","Auld 1991","surv1","Few",NA,NA,NA,"Probable fire response, R?",NA
"Daviesia alata","2831","Auld 1991","surv1","Few",NA,NA,NA,"Probable fire response, R?",NA
"Dillwynia floribunda","2843","Auld 1991","surv1","None",NA,NA,NA,"Probable fire response, FS",NA
"Dillwynia retorta","2850","Auld 1991","surv1","None",NA,NA,NA,"Probable fire response, FS",NA
"Glycine clandestina","2860","Auld 1991","surv1","All",NA,NA,NA,"Probable fire response, R",NA
"Gompholobium glabratum","2864","Auld 1991","surv1","All",NA,NA,NA,"Probable fire response, R",NA
"Gompholobium grandiflorum","2865","Auld 1991","surv1","Few",NA,NA,NA,"Probable fire response, FS;R?",NA
"Gompholobium minus","2867","Auld 1991","surv1","All",NA,NA,NA,"Probable fire response, R",NA
"Hardenbergia violacea","2873","Auld 1991","surv1","All",NA,NA,NA,"Probable fire response, R",NA
"Kennedia rubicunda","2898","Auld 1991","surv1","All",NA,NA,NA,"Probable fire response, R",NA
"Phyllota phylicoides","2958","Auld 1991","surv1","All",NA,NA,NA,"Probable fire response, R",NA
"Pultenaea daphnoides","2985","Auld 1991","surv1","None",NA,NA,NA,"Probable fire response, FS",NA
"Pultenaea flexilis","2993","Auld 1991","surv1","None",NA,NA,NA,"Probable fire response, FS",NA
"Pultenaea glabra","2995","Auld 1991","surv1","None",NA,NA,NA,"Probable fire response, FS",NA
"Pultenaea linophylla","3002","Auld 1991","surv1","None",NA,NA,NA,"Probable fire response, FS",NA
"Pultenaea polifolia","3011","Auld 1991","surv1","None",NA,NA,NA,"Probable fire response, FS",NA
"Pultenaea stipularis","3018","Auld 1991","surv1","None",NA,NA,NA,"Probable fire response, FS",NA
"Sphaerolobium vimineum","3033","Auld 1991","surv1","Few",NA,NA,NA,"Probable fire response, FS;R?",NA
"Viminaria juncea","3105","Auld 1991","surv1","None",NA,NA,NA,"Probable fire response, FS",NA
"Mirbelia platylobioides","2936","Auld 1991","surv1","All",NA,NA,NA,"Probable fire response, R",NA
"Platylobium formosum","2961","Auld 1991","surv1","All",NA,NA,NA,"Probable fire response, R",NA
"Almaleea incurvata","8365","Auld 1991","surv1","None",NA,NA,NA,"Probable fire response, FS",NA
"Acacia elongata","3769","Auld 1991","germ8","PY",NA,NA,NA,"Fabaceae; paper states all study species have hard seed coat physical dormancy broken by heat",NA
"Acacia linifolia","3814","Auld 1991","germ8","PY",NA,NA,NA,"Fabaceae; paper states all study species have hard seed coat physical dormancy broken by heat",NA
"Acacia longifolia","3816","Auld 1991","germ8","PY",NA,NA,NA,"Fabaceae; paper states all study species have hard seed coat physical dormancy broken by heat",NA
"Acacia longissima","3817","Auld 1991","germ8","PY",NA,NA,NA,"Fabaceae; paper states all study species have hard seed coat physical dormancy broken by heat",NA
"Acacia myrtifolia","3834","Auld 1991","germ8","PY",NA,NA,NA,"Fabaceae; paper states all study species have hard seed coat physical dormancy broken by heat",NA
"Acacia suaveolens","3881","Auld 1991","germ8","PY",NA,NA,NA,"Fabaceae; paper states all study species have hard seed coat physical dormancy broken by heat",NA
"Acacia terminalis","3885","Auld 1991","germ8","PY",NA,NA,NA,"Fabaceae; paper states all study species have hard seed coat physical dormancy broken by heat",NA
"Acacia ulicifolia","3893","Auld 1991","germ8","PY",NA,NA,NA,"Fabaceae; paper states all study species have hard seed coat physical dormancy broken by heat",NA
"Aotus ericoides","2770","Auld 1991","germ8","PY",NA,NA,NA,"Fabaceae; paper states all study species have hard seed coat physical dormancy broken by heat",NA
"Bossiaea heterophylla","2780","Auld 1991","germ8","PY",NA,NA,NA,"Fabaceae; paper states all study species have hard seed coat physical dormancy broken by heat",NA
"Bossiaea obcordata","2784","Auld 1991","germ8","PY",NA,NA,NA,"Fabaceae; paper states all study species have hard seed coat physical dormancy broken by heat",NA
"Bossiaea rhombifolia","2787","Auld 1991","germ8","PY",NA,NA,NA,"Fabaceae; paper states all study species have hard seed coat physical dormancy broken by heat",NA
"Bossiaea stephensonii","2791","Auld 1991","germ8","PY",NA,NA,NA,"Fabaceae; paper states all study species have hard seed coat physical dormancy broken by heat",NA
"Daviesia alata","2831","Auld 1991","germ8","PY",NA,NA,NA,"Fabaceae; paper states all study species have hard seed coat physical dormancy broken by heat",NA
"Dillwynia brunioides","7556","Auld 1991","germ8","PY",NA,NA,NA,"Fabaceae; paper states all study species have hard seed coat physical dormancy broken by heat",NA
"Dillwynia floribunda","2843","Auld 1991","germ8","PY",NA,NA,NA,"Fabaceae; paper states all study species have hard seed coat physical dormancy broken by heat",NA
"Dillwynia retorta","2850","Auld 1991","germ8","PY",NA,NA,NA,"Fabaceae; paper states all study species have hard seed coat physical dormancy broken by heat",NA
"Glycine clandestina","2860","Auld 1991","germ8","PY",NA,NA,NA,"Fabaceae; paper states all study species have hard seed coat physical dormancy broken by heat",NA
"Gompholobium glabratum","2864","Auld 1991","germ8","PY",NA,NA,NA,"Fabaceae; paper states all study species have hard seed coat physical dormancy broken by heat",NA
"Gompholobium grandiflorum","2865","Auld 1991","germ8","PY",NA,NA,NA,"Fabaceae; paper states all study species have hard seed coat physical dormancy broken by heat",NA
"Gompholobium minus","2867","Auld 1991","germ8","PY",NA,NA,NA,"Fabaceae; paper states all study species have hard seed coat physical dormancy broken by heat",NA
"Hardenbergia violacea","2873","Auld 1991","germ8","PY",NA,NA,NA,"Fabaceae; paper states all study species have hard seed coat physical dormancy broken by heat",NA
"Kennedia rubicunda","2898","Auld 1991","germ8","PY",NA,NA,NA,"Fabaceae; paper states all study species have hard seed coat physical dormancy broken by heat",NA
"Phyllota phylicoides","2958","Auld 1991","germ8","PY",NA,NA,NA,"Fabaceae; paper states all study species have hard seed coat physical dormancy broken by heat",NA
"Pultenaea daphnoides","2985","Auld 1991","germ8","PY",NA,NA,NA,"Fabaceae; paper states all study species have hard seed coat physical dormancy broken by heat",NA
"Pultenaea flexilis","2993","Auld 1991","germ8","PY",NA,NA,NA,"Fabaceae; paper states all study species have hard seed coat physical dormancy broken by heat",NA
"Pultenaea glabra","2995","Auld 1991","germ8","PY",NA,NA,NA,"Fabaceae; paper states all study species have hard seed coat physical dormancy broken by heat",NA
"Pultenaea linophylla","3002","Auld 1991","germ8","PY",NA,NA,NA,"Fabaceae; paper states all study species have hard seed coat physical dormancy broken by heat",NA
"Pultenaea polifolia","3011","Auld 1991","germ8","PY",NA,NA,NA,"Fabaceae; paper states all study species have hard seed coat physical dormancy broken by heat",NA
"Pultenaea stipularis","3018","Auld 1991","germ8","PY",NA,NA,NA,"Fabaceae; paper states all study species have hard seed coat physical dormancy broken by heat",NA
"Sphaerolobium vimineum","3033","Auld 1991","germ8","PY",NA,NA,NA,"Fabaceae; paper states all study species have hard seed coat physical dormancy broken by heat",NA
"Viminaria juncea","3105","Auld 1991","germ8","PY",NA,NA,NA,"Fabaceae; paper states all study species have hard seed coat physical dormancy broken by heat",NA
"Mirbelia platylobioides","2936","Auld 1991","germ8","PY",NA,NA,NA,"Fabaceae; paper states all study species have hard seed coat physical dormancy broken by heat",NA
"Platylobium formosum","2961","Auld 1991","germ8","PY",NA,NA,NA,"Fabaceae; paper states all study species have hard seed coat physical dormancy broken by heat",NA
"Almaleea incurvata","8365","Auld 1991","germ8","PY",NA,NA,NA,"Fabaceae; paper states all study species have hard seed coat physical dormancy broken by heat",NA
"Banksia ericifolia","5342","Bradstock Tozer Keith 1997","surv1","None",NA,NA,NA,"functional_group, serotinous_obligate_seeder",NA
"Allocasuarina distyla","2010","Bradstock Tozer Keith 1997","surv1","None",NA,NA,NA,"functional_group, serotinous_obligate_seeder",NA
"Acacia oxycedrus","3844","Bradstock Tozer Keith 1997","surv1","None",NA,NA,NA,"functional_group, serotinous_obligate_seeder",NA
"Acacia suaveolens","3881","Bradstock Tozer Keith 1997","surv1","None",NA,NA,NA,"functional_group, serotinous_obligate_seeder",NA
"Actinotus helianthi","1094","Bradstock Tozer Keith 1997","surv1","None",NA,NA,NA,"functional_group, serotinous_obligate_seeder",NA
"Actinotus minor","1095","Bradstock Tozer Keith 1997","surv1","None",NA,NA,NA,"functional_group, serotinous_obligate_seeder",NA
"Baeckea brevifolia","3986","Bradstock Tozer Keith 1997","surv1","None",NA,NA,NA,"functional_group, serotinous_obligate_seeder",NA
"Bossiaea scolopendria","2789","Bradstock Tozer Keith 1997","surv1","None",NA,NA,NA,"functional_group, serotinous_obligate_seeder",NA
"Cassytha glabella","3467","Bradstock Tozer Keith 1997","surv1","None",NA,NA,NA,"functional_group, serotinous_obligate_seeder",NA
"Caustis recurvata","2343","Bradstock Tozer Keith 1997","surv1","None",NA,NA,NA,"functional_group, serotinous_obligate_seeder",NA
"Conospermum taxifolium","5352","Bradstock Tozer Keith 1997","surv1","None",NA,NA,NA,"functional_group, serotinous_obligate_seeder",NA
"Darwinia fascicularis","4027","Bradstock Tozer Keith 1997","surv1","None",NA,NA,NA,"functional_group, serotinous_obligate_seeder",NA
"Dillwynia floribunda","2843","Bradstock Tozer Keith 1997","surv1","None",NA,NA,NA,"functional_group, serotinous_obligate_seeder",NA
"Grevillea speciosa","5401","Bradstock Tozer Keith 1997","surv1","None",NA,NA,NA,"functional_group, serotinous_obligate_seeder",NA
"Hemigenia purpurea","3376","Bradstock Tozer Keith 1997","surv1","None",NA,NA,NA,"functional_group, serotinous_obligate_seeder",NA
"Hibbertia serpyllifolia","2550","Bradstock Tozer Keith 1997","surv1","None",NA,NA,NA,"functional_group, serotinous_obligate_seeder",NA
"Kunzea capitata","4207","Bradstock Tozer Keith 1997","surv1","None",NA,NA,NA,"functional_group, serotinous_obligate_seeder",NA
"Leucopogon ericoides","2616","Bradstock Tozer Keith 1997","surv1","None",NA,NA,NA,"functional_group, serotinous_obligate_seeder",NA
"Leucopogon microphyllus","2629","Bradstock Tozer Keith 1997","surv1","None",NA,NA,NA,"functional_group, serotinous_obligate_seeder",NA
"Mirbelia rubiifolia","2938","Bradstock Tozer Keith 1997","surv1","None",NA,NA,NA,"functional_group, serotinous_obligate_seeder",NA
"Mitrasacme polymorpha","3595","Bradstock Tozer Keith 1997","surv1","None",NA,NA,NA,"functional_group, serotinous_obligate_seeder",NA
"Phebalium squamulosum","5826","Bradstock Tozer Keith 1997","surv1","None",NA,NA,NA,"functional_group, serotinous_obligate_seeder",NA
"Philotheca salsolifolia","5831","Bradstock Tozer Keith 1997","surv1","None",NA,NA,NA,"functional_group, serotinous_obligate_seeder",NA
"Pimelea linifolia","6182","Bradstock Tozer Keith 1997","surv1","None",NA,NA,NA,"functional_group, serotinous_obligate_seeder",NA
"Pultenaea rosmarinifolia","3015","Bradstock Tozer Keith 1997","surv1","None",NA,NA,NA,"functional_group, serotinous_obligate_seeder",NA
"Tetratheca thymifolia","6214","Bradstock Tozer Keith 1997","surv1","None",NA,NA,NA,"functional_group, serotinous_obligate_seeder",NA
"Xanthosia tridentata","1163","Bradstock Tozer Keith 1997","surv1","None",NA,NA,NA,"functional_group, serotinous_obligate_seeder",NA
"Zieria laevigata","5841","Bradstock Tozer Keith 1997","surv1","None",NA,NA,NA,"functional_group, serotinous_obligate_seeder",NA
"Dampiera stricta","3174","Bradstock Tozer Keith 1997","surv1","All",NA,NA,NA,"functional_group, resprouter_soil_seedbank_vegetative_spread",NA
"Hypolaena fastigiata","5533","Bradstock Tozer Keith 1997","surv1","All",NA,NA,NA,"functional_group, resprouter_soil_seedbank_vegetative_spread",NA
"Lepidosperma neesii","2471","Bradstock Tozer Keith 1997","surv1","All",NA,NA,NA,"functional_group, resprouter_soil_seedbank_vegetative_spread",NA
"Lepyrodia scariosa","5541","Bradstock Tozer Keith 1997","surv1","All",NA,NA,NA,"functional_group, resprouter_soil_seedbank_vegetative_spread",NA
"Platysace linearifolia","1145","Bradstock Tozer Keith 1997","surv1","All",NA,NA,NA,"functional_group, resprouter_soil_seedbank_vegetative_spread",NA
"Ptilothrix deusta","8956","Bradstock Tozer Keith 1997","surv1","All",NA,NA,NA,"functional_group, resprouter_soil_seedbank_vegetative_spread",NA
"Anisopogon avenaceus","4749","Bradstock Tozer Keith 1997","surv1","All",NA,NA,NA,"functional_group, resprouter_soil_seedbank_no_vegetative_spread",NA
"Cyathochaeta diandra","2347","Bradstock Tozer Keith 1997","surv1","All",NA,NA,NA,"functional_group, resprouter_soil_seedbank_no_vegetative_spread",NA
"Entolasia stricta","4947","Bradstock Tozer Keith 1997","surv1","All",NA,NA,NA,"functional_group, resprouter_soil_seedbank_no_vegetative_spread",NA
"Goodenia bellidifolia","3175","Bradstock Tozer Keith 1997","surv1","All",NA,NA,NA,"functional_group, resprouter_soil_seedbank_no_vegetative_spread",NA
"Lepidosperma concavum","8380","Bradstock Tozer Keith 1997","surv1","All",NA,NA,NA,"functional_group, resprouter_soil_seedbank_no_vegetative_spread",NA
"Lomandra cylindrica","6298","Bradstock Tozer Keith 1997","surv1","All",NA,NA,NA,"functional_group, resprouter_soil_seedbank_no_vegetative_spread",NA
"Lomandra filiformis","6302","Bradstock Tozer Keith 1997","surv1","All",NA,NA,NA,"functional_group, resprouter_soil_seedbank_no_vegetative_spread",NA
"Lomandra glauca","6304","Bradstock Tozer Keith 1997","surv1","All",NA,NA,NA,"functional_group, resprouter_soil_seedbank_no_vegetative_spread",NA
"Schoenus imberbis","2496","Bradstock Tozer Keith 1997","surv1","All",NA,NA,NA,"functional_group, resprouter_soil_seedbank_no_vegetative_spread",NA
"Schoenus lepidosperma","9222","Bradstock Tozer Keith 1997","surv1","All",NA,NA,NA,"functional_group, resprouter_soil_seedbank_no_vegetative_spread",NA
"Schoenus moorei","2501","Bradstock Tozer Keith 1997","surv1","All",NA,NA,NA,"functional_group, resprouter_soil_seedbank_no_vegetative_spread",NA
"Tetratheca ericifolia","6204","Bradstock Tozer Keith 1997","surv1","All",NA,NA,NA,"functional_group, resprouter_soil_seedbank_no_vegetative_spread",NA
"Velleia spathulata","3219","Bradstock Tozer Keith 1997","surv1","All",NA,NA,NA,"functional_group, resprouter_soil_seedbank_no_vegetative_spread",NA
"Banksia oblongifolia","5345","Bradstock Tozer Keith 1997","surv1","All",NA,NA,NA,"functional_group, serotinous_resprouter",NA
"Angophora hispida","3972","Bradstock Tozer Keith 1997","surv1","All",NA,NA,NA,"functional_group, resprouter_transient_seedbank_no_vegetative_spread",NA
"Caesia parviflora","3535","Bradstock Tozer Keith 1997","surv1","All",NA,NA,NA,"functional_group, resprouter_transient_seedbank_no_vegetative_spread",NA
"Drosera peltata","2559","Bradstock Tozer Keith 1997","surv1","All",NA,NA,NA,"functional_group, resprouter_transient_seedbank_no_vegetative_spread",NA
"Drosera pygmaea","2560","Bradstock Tozer Keith 1997","surv1","All",NA,NA,NA,"functional_group, resprouter_transient_seedbank_no_vegetative_spread",NA
"Haemodorum corymbosum","6435","Bradstock Tozer Keith 1997","surv1","All",NA,NA,NA,"functional_group, resprouter_transient_seedbank_no_vegetative_spread",NA
"Patersonia sericea","3303","Bradstock Tozer Keith 1997","surv1","All",NA,NA,NA,"functional_group, resprouter_transient_seedbank_no_vegetative_spread",NA
"Sowerbaea juncea","3567","Bradstock Tozer Keith 1997","surv1","All",NA,NA,NA,"functional_group, resprouter_transient_seedbank_no_vegetative_spread",NA
"Stylidium lineare","6159","Bradstock Tozer Keith 1997","surv1","All",NA,NA,NA,"functional_group, resprouter_transient_seedbank_no_vegetative_spread",NA
"Thelionema umbellatum","6461","Bradstock Tozer Keith 1997","surv1","All",NA,NA,NA,"functional_group, resprouter_transient_seedbank_no_vegetative_spread",NA
"Thysanotus juncifolius","3572","Bradstock Tozer Keith 1997","surv1","All",NA,NA,NA,"functional_group, resprouter_transient_seedbank_no_vegetative_spread",NA
"Philotheca buxifolia","10577","Bradstock Tozer Keith 1997","surv1","None",NA,NA,NA,"functional_group, serotinous_obligate_seeder",NA
"Pultenaea tuberculata","11386","Bradstock Tozer Keith 1997","surv1","None",NA,NA,NA,"functional_group, serotinous_obligate_seeder",NA
"Xanthorrhoea resinosa","6321","Bradstock Tozer Keith 1997","surv1","All",NA,NA,NA,"functional_group, resprouter_transient_seedbank_no_vegetative_spread",NA
"Hibbertia empetrifolia subsp. empetrifolia","10863","Bradstock Tozer Keith 1997","surv1","All",NA,NA,NA,"functional_group, resprouter_soil_seedbank_no_vegetative_spread","original name: Hibbertia empetrifolia"
"Banksia ericifolia","5342","Bradstock Tozer Keith 1997","germ1","Canopy",NA,NA,NA,"functional_group, serotinous_obligate_seeder",NA
"Allocasuarina distyla","2010","Bradstock Tozer Keith 1997","germ1","Canopy",NA,NA,NA,"functional_group, serotinous_obligate_seeder",NA
"Acacia oxycedrus","3844","Bradstock Tozer Keith 1997","germ1","Canopy",NA,NA,NA,"functional_group, serotinous_obligate_seeder",NA
"Acacia suaveolens","3881","Bradstock Tozer Keith 1997","germ1","Canopy",NA,NA,NA,"functional_group, serotinous_obligate_seeder",NA
"Actinotus helianthi","1094","Bradstock Tozer Keith 1997","germ1","Canopy",NA,NA,NA,"functional_group, serotinous_obligate_seeder",NA
"Actinotus minor","1095","Bradstock Tozer Keith 1997","germ1","Canopy",NA,NA,NA,"functional_group, serotinous_obligate_seeder",NA
"Baeckea brevifolia","3986","Bradstock Tozer Keith 1997","germ1","Canopy",NA,NA,NA,"functional_group, serotinous_obligate_seeder",NA
"Bossiaea scolopendria","2789","Bradstock Tozer Keith 1997","germ1","Canopy",NA,NA,NA,"functional_group, serotinous_obligate_seeder",NA
"Cassytha glabella","3467","Bradstock Tozer Keith 1997","germ1","Canopy",NA,NA,NA,"functional_group, serotinous_obligate_seeder",NA
"Caustis recurvata","2343","Bradstock Tozer Keith 1997","germ1","Canopy",NA,NA,NA,"functional_group, serotinous_obligate_seeder",NA
"Conospermum taxifolium","5352","Bradstock Tozer Keith 1997","germ1","Canopy",NA,NA,NA,"functional_group, serotinous_obligate_seeder",NA
"Darwinia fascicularis","4027","Bradstock Tozer Keith 1997","germ1","Canopy",NA,NA,NA,"functional_group, serotinous_obligate_seeder",NA
"Dillwynia floribunda","2843","Bradstock Tozer Keith 1997","germ1","Canopy",NA,NA,NA,"functional_group, serotinous_obligate_seeder",NA
"Grevillea speciosa","5401","Bradstock Tozer Keith 1997","germ1","Canopy",NA,NA,NA,"functional_group, serotinous_obligate_seeder",NA
"Hemigenia purpurea","3376","Bradstock Tozer Keith 1997","germ1","Canopy",NA,NA,NA,"functional_group, serotinous_obligate_seeder",NA
"Hibbertia serpyllifolia","2550","Bradstock Tozer Keith 1997","germ1","Canopy",NA,NA,NA,"functional_group, serotinous_obligate_seeder",NA
"Kunzea capitata","4207","Bradstock Tozer Keith 1997","germ1","Canopy",NA,NA,NA,"functional_group, serotinous_obligate_seeder",NA
"Leucopogon ericoides","2616","Bradstock Tozer Keith 1997","germ1","Canopy",NA,NA,NA,"functional_group, serotinous_obligate_seeder",NA
"Leucopogon microphyllus","2629","Bradstock Tozer Keith 1997","germ1","Canopy",NA,NA,NA,"functional_group, serotinous_obligate_seeder",NA
"Mirbelia rubiifolia","2938","Bradstock Tozer Keith 1997","germ1","Canopy",NA,NA,NA,"functional_group, serotinous_obligate_seeder",NA
"Mitrasacme polymorpha","3595","Bradstock Tozer Keith 1997","germ1","Canopy",NA,NA,NA,"functional_group, serotinous_obligate_seeder",NA
"Phebalium squamulosum","5826","Bradstock Tozer Keith 1997","germ1","Canopy",NA,NA,NA,"functional_group, serotinous_obligate_seeder",NA
"Philotheca salsolifolia","5831","Bradstock Tozer Keith 1997","germ1","Canopy",NA,NA,NA,"functional_group, serotinous_obligate_seeder",NA
"Pimelea linifolia","6182","Bradstock Tozer Keith 1997","germ1","Canopy",NA,NA,NA,"functional_group, serotinous_obligate_seeder",NA
"Pultenaea rosmarinifolia","3015","Bradstock Tozer Keith 1997","germ1","Canopy",NA,NA,NA,"functional_group, serotinous_obligate_seeder",NA
"Tetratheca thymifolia","6214","Bradstock Tozer Keith 1997","germ1","Canopy",NA,NA,NA,"functional_group, serotinous_obligate_seeder",NA
"Xanthosia tridentata","1163","Bradstock Tozer Keith 1997","germ1","Canopy",NA,NA,NA,"functional_group, serotinous_obligate_seeder",NA
"Zieria laevigata","5841","Bradstock Tozer Keith 1997","germ1","Canopy",NA,NA,NA,"functional_group, serotinous_obligate_seeder",NA
"Dampiera stricta","3174","Bradstock Tozer Keith 1997","germ1","Soil-persistent",NA,NA,NA,"functional_group, resprouter_soil_seedbank_vegetative_spread",NA
"Hypolaena fastigiata","5533","Bradstock Tozer Keith 1997","germ1","Soil-persistent",NA,NA,NA,"functional_group, resprouter_soil_seedbank_vegetative_spread",NA
"Lepidosperma neesii","2471","Bradstock Tozer Keith 1997","germ1","Soil-persistent",NA,NA,NA,"functional_group, resprouter_soil_seedbank_vegetative_spread",NA
"Lepyrodia scariosa","5541","Bradstock Tozer Keith 1997","germ1","Soil-persistent",NA,NA,NA,"functional_group, resprouter_soil_seedbank_vegetative_spread",NA
"Platysace linearifolia","1145","Bradstock Tozer Keith 1997","germ1","Soil-persistent",NA,NA,NA,"functional_group, resprouter_soil_seedbank_vegetative_spread",NA
"Ptilothrix deusta","8956","Bradstock Tozer Keith 1997","germ1","Soil-persistent",NA,NA,NA,"functional_group, resprouter_soil_seedbank_vegetative_spread",NA
"Anisopogon avenaceus","4749","Bradstock Tozer Keith 1997","germ1","Soil-persistent",NA,NA,NA,"functional_group, resprouter_soil_seedbank_no_vegetative_spread",NA
"Cyathochaeta diandra","2347","Bradstock Tozer Keith 1997","germ1","Soil-persistent",NA,NA,NA,"functional_group, resprouter_soil_seedbank_no_vegetative_spread",NA
"Entolasia stricta","4947","Bradstock Tozer Keith 1997","germ1","Soil-persistent",NA,NA,NA,"functional_group, resprouter_soil_seedbank_no_vegetative_spread",NA
"Goodenia bellidifolia","3175","Bradstock Tozer Keith 1997","germ1","Soil-persistent",NA,NA,NA,"functional_group, resprouter_soil_seedbank_no_vegetative_spread",NA
"Lepidosperma concavum","8380","Bradstock Tozer Keith 1997","germ1","Soil-persistent",NA,NA,NA,"functional_group, resprouter_soil_seedbank_no_vegetative_spread",NA
"Lomandra cylindrica","6298","Bradstock Tozer Keith 1997","germ1","Soil-persistent",NA,NA,NA,"functional_group, resprouter_soil_seedbank_no_vegetative_spread",NA
"Lomandra filiformis","6302","Bradstock Tozer Keith 1997","germ1","Soil-persistent",NA,NA,NA,"functional_group, resprouter_soil_seedbank_no_vegetative_spread",NA
"Lomandra glauca","6304","Bradstock Tozer Keith 1997","germ1","Soil-persistent",NA,NA,NA,"functional_group, resprouter_soil_seedbank_no_vegetative_spread",NA
"Schoenus imberbis","2496","Bradstock Tozer Keith 1997","germ1","Soil-persistent",NA,NA,NA,"functional_group, resprouter_soil_seedbank_no_vegetative_spread",NA
"Schoenus lepidosperma","9222","Bradstock Tozer Keith 1997","germ1","Soil-persistent",NA,NA,NA,"functional_group, resprouter_soil_seedbank_no_vegetative_spread",NA
"Schoenus moorei","2501","Bradstock Tozer Keith 1997","germ1","Soil-persistent",NA,NA,NA,"functional_group, resprouter_soil_seedbank_no_vegetative_spread",NA
"Tetratheca ericifolia","6204","Bradstock Tozer Keith 1997","germ1","Soil-persistent",NA,NA,NA,"functional_group, resprouter_soil_seedbank_no_vegetative_spread",NA
"Velleia spathulata","3219","Bradstock Tozer Keith 1997","germ1","Soil-persistent",NA,NA,NA,"functional_group, resprouter_soil_seedbank_no_vegetative_spread",NA
"Banksia oblongifolia","5345","Bradstock Tozer Keith 1997","germ1","Canopy",NA,NA,NA,"functional_group, serotinous_resprouter",NA
"Angophora hispida","3972","Bradstock Tozer Keith 1997","germ1","Transient",NA,NA,NA,"functional_group, resprouter_transient_seedbank_no_vegetative_spread",NA
"Caesia parviflora","3535","Bradstock Tozer Keith 1997","germ1","Transient",NA,NA,NA,"functional_group, resprouter_transient_seedbank_no_vegetative_spread",NA
"Drosera peltata","2559","Bradstock Tozer Keith 1997","germ1","Transient",NA,NA,NA,"functional_group, resprouter_transient_seedbank_no_vegetative_spread",NA
"Drosera pygmaea","2560","Bradstock Tozer Keith 1997","germ1","Transient",NA,NA,NA,"functional_group, resprouter_transient_seedbank_no_vegetative_spread",NA
"Haemodorum corymbosum","6435","Bradstock Tozer Keith 1997","germ1","Transient",NA,NA,NA,"functional_group, resprouter_transient_seedbank_no_vegetative_spread",NA
"Patersonia sericea","3303","Bradstock Tozer Keith 1997","germ1","Transient",NA,NA,NA,"functional_group, resprouter_transient_seedbank_no_vegetative_spread",NA
"Sowerbaea juncea","3567","Bradstock Tozer Keith 1997","germ1","Transient",NA,NA,NA,"functional_group, resprouter_transient_seedbank_no_vegetative_spread",NA
"Stylidium lineare","6159","Bradstock Tozer Keith 1997","germ1","Transient",NA,NA,NA,"functional_group, resprouter_transient_seedbank_no_vegetative_spread",NA
"Thelionema umbellatum","6461","Bradstock Tozer Keith 1997","germ1","Transient",NA,NA,NA,"functional_group, resprouter_transient_seedbank_no_vegetative_spread",NA
"Thysanotus juncifolius","3572","Bradstock Tozer Keith 1997","germ1","Transient",NA,NA,NA,"functional_group, resprouter_transient_seedbank_no_vegetative_spread",NA
"Philotheca buxifolia","10577","Bradstock Tozer Keith 1997","germ1","Canopy",NA,NA,NA,"functional_group, serotinous_obligate_seeder",NA
"Pultenaea tuberculata","11386","Bradstock Tozer Keith 1997","germ1","Canopy",NA,NA,NA,"functional_group, serotinous_obligate_seeder",NA
"Xanthorrhoea resinosa","6321","Bradstock Tozer Keith 1997","germ1","Transient",NA,NA,NA,"functional_group, resprouter_transient_seedbank_no_vegetative_spread",NA
"Hibbertia empetrifolia subsp. empetrifolia","10863","Bradstock Tozer Keith 1997","germ1","Soil-persistent",NA,NA,NA,"functional_group, resprouter_soil_seedbank_no_vegetative_spread","original name: Hibbertia empetrifolia"
"Macrozamia plurinervia","10531","Clarke Knox 2002","surv1","All",NA,NA,NA,"Fire response, Resprouts",NA
"Leionema ambiens","10724","Clarke Knox 2002","surv1","None",NA,NA,NA,"Fire response, Obligate seeder",NA
"Leionema rotundifolium","10736","Clarke Knox 2002","surv1","None",NA,NA,NA,"Fire response, Obligate seeder",NA
"Acacia williamsiana","10796","Clarke Knox 2002","surv1","None",NA,NA,NA,"Fire response, Obligate seeder*","Inferred from morphology or sister taxa"
"Hakea laevipes subsp. graniticola","10803","Clarke Knox 2002","surv1","All",NA,NA,NA,"Fire response, Resprouts",NA
"Banksia integrifolia subsp. monticola","10817","Clarke Knox 2002","surv1","All",NA,NA,NA,"Fire response, Resprouts",NA
"Grevillea juniperina subsp. allojohnsonii","10967","Clarke Knox 2002","surv1","All",NA,NA,NA,"Fire response, Resprouts",NA
"Grevillea viridiflava","10985","Clarke Knox 2002","surv1","All",NA,NA,NA,"Fire response, Resprouts",NA
"Bursaria spinosa subsp. spinosa","11018","Clarke Knox 2002","surv1","All",NA,NA,NA,"Fire response, Resprouts",NA
"Aotus subglauca var. subglauca","11046","Clarke Knox 2002","surv1","All",NA,NA,NA,"Fire response, Resprouts",NA
"Homoranthus binghiensis","11251","Clarke Knox 2002","surv1","None",NA,NA,NA,"Fire response, Obligate seeder",NA
"Hovea apiculata","11619","Clarke Knox 2002","surv1","None",NA,NA,NA,"Fire response, Obligate seeder",NA
"Acrothamnus hookeri","11966","Clarke Knox 2002","surv1","All",NA,NA,NA,"Fire response, Resprouts",NA
"Philotheca epilosa","12004","Clarke Knox 2002","surv1","None",NA,NA,NA,"Fire response, Obligate seeder",NA
"Astrotricha longifolia","1205","Clarke Knox 2002","surv1","All",NA,NA,NA,"Fire response, Resprouts*","Inferred from morphology or sister taxa"
"Polyscias sambucifolia","1211","Clarke Knox 2002","surv1","All",NA,NA,NA,"Fire response, Resprouts",NA
"Hovea graniticola","12176","Clarke Knox 2002","surv1","None",NA,NA,NA,"Fire response, Obligate seeder",NA
"Spyridium scortechinii","12323","Clarke Knox 2002","surv1","All",NA,NA,NA,"Fire response, Resprouts",NA
"Harmogia densifolia","13289","Clarke Knox 2002","surv1","All",NA,NA,NA,"Fire response, Resprouts",NA
"Kardomia odontocalyx","13291","Clarke Knox 2002","surv1","None",NA,NA,NA,"Fire response, Obligate seeder",NA
"Zieria aspalathoides subsp. aspalathoides","13582","Clarke Knox 2002","surv1","None",NA,NA,NA,"Fire response, Obligate seeder",NA
"Cassinia laevis","1367","Clarke Knox 2002","surv1","None",NA,NA,NA,"Fire response, Obligate seeder",NA
"Cassinia leptocephala","1368","Clarke Knox 2002","surv1","None",NA,NA,NA,"Fire response, Obligate seeder",NA
"Cassinia quinquefaria","1370","Clarke Knox 2002","surv1","None",NA,NA,NA,"Fire response, Obligate seeder",NA
"Banksia neoanglica","14554","Clarke Knox 2002","surv1","All",NA,NA,NA,"Fire response, Resprouts",NA
"Denhamia silvestris","14670","Clarke Knox 2002","surv1","All",NA,NA,NA,"Fire response, Resprouts",NA
"Olearia myrsinoides","1604","Clarke Knox 2002","surv1","All",NA,NA,NA,"Fire response, Resprouts",NA
"Olearia rosmarinifolia","1612","Clarke Knox 2002","surv1","All",NA,NA,NA,"Fire response, Resprouts*","Inferred from morphology or sister taxa"
"Olearia viscidula","1618","Clarke Knox 2002","surv1","All",NA,NA,NA,"Fire response, Resprouts",NA
"Hibbertia acicularis","2526","Clarke Knox 2002","surv1","All",NA,NA,NA,"Fire response, Resprouts",NA
"Hibbertia cistoidea","2531","Clarke Knox 2002","surv1","All",NA,NA,NA,"Fire response, Resprouts",NA
"Hibbertia linearis","2539","Clarke Knox 2002","surv1","All",NA,NA,NA,"Fire response, Resprouts",NA
"Hibbertia obtusifolia","2542","Clarke Knox 2002","surv1","All",NA,NA,NA,"Fire response, Resprouts",NA
"Hibbertia riparia","2545","Clarke Knox 2002","surv1","All",NA,NA,NA,"Fire response, Resprouts",NA
"Hibbertia serpyllifolia","2550","Clarke Knox 2002","surv1","All",NA,NA,NA,"Fire response, Resprouts",NA
"Hibbertia vestita","2551","Clarke Knox 2002","surv1","All",NA,NA,NA,"Fire response, Resprouts",NA
"Acrotriche aggregata","2580","Clarke Knox 2002","surv1","All",NA,NA,NA,"Fire response, Resprouts",NA
"Brachyloma daphnoides","2586","Clarke Knox 2002","surv1","All",NA,NA,NA,"Fire response, Resprouts",NA
"Epacris breviflora","2591","Clarke Knox 2002","surv1","All",NA,NA,NA,"Fire response, Resprouts",NA
"Epacris microphylla","2599","Clarke Knox 2002","surv1","All",NA,NA,NA,"Fire response, Resprouts",NA
"Epacris obtusifolia","2602","Clarke Knox 2002","surv1","None",NA,NA,NA,"Fire response, Obligate seeder",NA
"Leucopogon attenuatus","2612","Clarke Knox 2002","surv1","All",NA,NA,NA,"Fire response, Resprouts",NA
"Leucopogon biflorus","2613","Clarke Knox 2002","surv1","None",NA,NA,NA,"Fire response, Obligate seeder",NA
"Leucopogon melaleucoides","2628","Clarke Knox 2002","surv1","All",NA,NA,NA,"Fire response, Resprouts",NA
"Leucopogon muticus","2630","Clarke Knox 2002","surv1","None",NA,NA,NA,"Fire response, Obligate seeder",NA
"Leucopogon neoanglicus","2631","Clarke Knox 2002","surv1","None",NA,NA,NA,"Fire response, Obligate seeder",NA
"Leucopogon virgatus","2639","Clarke Knox 2002","surv1","All",NA,NA,NA,"Fire response, Resprouts",NA
"Lissanthe strigosa","2642","Clarke Knox 2002","surv1","All",NA,NA,NA,"Fire response, Resprouts",NA
"Melichrus erubescens","2644","Clarke Knox 2002","surv1","None",NA,NA,NA,"Fire response, Obligate seeder",NA
"Melichrus procumbens","2645","Clarke Knox 2002","surv1","All",NA,NA,NA,"Fire response, Resprouts",NA
"Melichrus urceolatus","2646","Clarke Knox 2002","surv1","All",NA,NA,NA,"Fire response, Resprouts",NA
"Monotoca scoparia","2649","Clarke Knox 2002","surv1","All",NA,NA,NA,"Fire response, Resprouts",NA
"Sprengelia incarnata","2654","Clarke Knox 2002","surv1","None",NA,NA,NA,"Fire response, Obligate seeder",NA
"Styphelia triflora","2660","Clarke Knox 2002","surv1","None",NA,NA,NA,"Fire response, Obligate seeder",NA
"Bossiaea neo-anglica","2783","Clarke Knox 2002","surv1","All",NA,NA,NA,"Fire response, Resprouts",NA
"Bossiaea obcordata","2784","Clarke Knox 2002","surv1","All",NA,NA,NA,"Fire response, Resprouts",NA
"Bossiaea rhombifolia","2787","Clarke Knox 2002","surv1","None",NA,NA,NA,"Fire response, Obligate seeder*","Inferred from morphology or sister taxa"
"Bossiaea scortechinii","2790","Clarke Knox 2002","surv1","All",NA,NA,NA,"Fire response, Resprouts",NA
"Daviesia acicularis","2816","Clarke Knox 2002","surv1","None",NA,NA,NA,"Fire response, Obligate seeder",NA
"Daviesia genistifolia","2822","Clarke Knox 2002","surv1","All",NA,NA,NA,"Fire response, Resprouts*","Inferred from morphology or sister taxa"
"Daviesia latifolia","2823","Clarke Knox 2002","surv1","Most",NA,NA,NA,"Fire response, Obligate seeder/variable",NA
"Daviesia ulicifolia","2827","Clarke Knox 2002","surv1","None",NA,NA,NA,"Fire response, Obligate seeder",NA
"Daviesia umbellulata","2828","Clarke Knox 2002","surv1","None",NA,NA,NA,"Fire response, Obligate seeder",NA
"Dillwynia sericea","2851","Clarke Knox 2002","surv1","None",NA,NA,NA,"Fire response, Obligate seeder",NA
"Hardenbergia violacea","2873","Clarke Knox 2002","surv1","All",NA,NA,NA,"Fire response, Resprouts",NA
"Hovea linearis","2876","Clarke Knox 2002","surv1","All",NA,NA,NA,"Fire response, Resprouts",NA
"Indigofera australis","2882","Clarke Knox 2002","surv1","All",NA,NA,NA,"Fire response, Resprouts",NA
"Jacksonia scoparia","2892","Clarke Knox 2002","surv1","All",NA,NA,NA,"Fire response, Resprouts",NA
"Mirbelia pungens","2937","Clarke Knox 2002","surv1","None",NA,NA,NA,"Fire response, Obligate seeder",NA
"Mirbelia rubiifolia","2938","Clarke Knox 2002","surv1","All",NA,NA,NA,"Fire response, Resprouts",NA
"Phyllota phylicoides","2958","Clarke Knox 2002","surv1","All",NA,NA,NA,"Fire response, Resprouts",NA
"Pultenaea foliolosa","2994","Clarke Knox 2002","surv1","All",NA,NA,NA,"Fire response, Resprouts",NA
"Pultenaea microphylla","3003","Clarke Knox 2002","surv1","All",NA,NA,NA,"Fire response, Resprouts",NA
"Pultenaea pycnocephala","3013","Clarke Knox 2002","surv1","None",NA,NA,NA,"Fire response, Obligate seeder",NA
"Prostanthera saxicola","3429","Clarke Knox 2002","surv1","None",NA,NA,NA,"Fire response, Obligate seeder",NA
"Prostanthera scutellarioides","3430","Clarke Knox 2002","surv1","None",NA,NA,NA,"Fire response, Obligate seeder",NA
"Prostanthera staurophylla","3433","Clarke Knox 2002","surv1","None",NA,NA,NA,"Fire response, Obligate seeder",NA
"Acacia betchei","3715","Clarke Knox 2002","surv1","None",NA,NA,NA,"Fire response, Obligate seeder",NA
"Acacia burbidgeae","3725","Clarke Knox 2002","surv1","None",NA,NA,NA,"Fire response, Obligate seeder",NA
"Acacia dealbata","3758","Clarke Knox 2002","surv1","None",NA,NA,NA,"Fire response, Obligate seeder",NA
"Acacia falciformis","3772","Clarke Knox 2002","surv1","All",NA,NA,NA,"Fire response, Resprouts",NA
"Acacia filicifolia","3773","Clarke Knox 2002","surv1","Few",NA,NA,NA,"Fire response, Resprouts/variable",NA
"Acacia fimbriata","3774","Clarke Knox 2002","surv1","None",NA,NA,NA,"Fire response, Obligate seeder",NA
"Acacia granitica","3784","Clarke Knox 2002","surv1","None",NA,NA,NA,"Fire response, Obligate seeder",NA
"Acacia gunnii","3785","Clarke Knox 2002","surv1","All",NA,NA,NA,"Fire response, Resprouts*","Inferred from morphology or sister taxa"
"Acacia hispidula","3790","Clarke Knox 2002","surv1","None",NA,NA,NA,"Fire response, Obligate seeder*","Inferred from morphology or sister taxa"
"Acacia implexa","3792","Clarke Knox 2002","surv1","All",NA,NA,NA,"Fire response, Resprouts",NA
"Acacia juncifolia","3802","Clarke Knox 2002","surv1","All",NA,NA,NA,"Fire response, Resprouts*","Inferred from morphology or sister taxa"
"Acacia latisepala","3807","Clarke Knox 2002","surv1","None",NA,NA,NA,"Fire response, Obligate seeder",NA
"Acacia longifolia","3816","Clarke Knox 2002","surv1","None",NA,NA,NA,"Fire response, Obligate seeder",NA
"Acacia macnuttiana","3820","Clarke Knox 2002","surv1","Few",NA,NA,NA,"Fire response, Obligate seeder (75%)",NA
"Acacia obtusifolia","3839","Clarke Knox 2002","surv1","None",NA,NA,NA,"Fire response, Obligate seeder",NA
"Acacia penninervis","3849","Clarke Knox 2002","surv1","All",NA,NA,NA,"Fire response, Resprouts*","Inferred from morphology or sister taxa"
"Acacia pruinosa","3858","Clarke Knox 2002","surv1","All",NA,NA,NA,"Fire response, Resprouts",NA
"Acacia torringtonensis","3888","Clarke Knox 2002","surv1","None",NA,NA,NA,"Fire response, Obligate seeder",NA
"Acacia triptera","3892","Clarke Knox 2002","surv1","None",NA,NA,NA,"Fire response, Obligate seeder*","Inferred from morphology or sister taxa"
"Acacia ulicifolia","3893","Clarke Knox 2002","surv1","None",NA,NA,NA,"Fire response, Obligate seeder*","Inferred from morphology or sister taxa"
"Acacia viscidula","3899","Clarke Knox 2002","surv1","None",NA,NA,NA,"Fire response, Obligate seeder",NA
"Callistemon flavovirens","4006","Clarke Knox 2002","surv1","All",NA,NA,NA,"Fire response, Resprouts",NA
"Callistemon linearis","4008","Clarke Knox 2002","surv1","All",NA,NA,NA,"Fire response, Resprouts",NA
"Callistemon pallidus","4011","Clarke Knox 2002","surv1","All",NA,NA,NA,"Fire response, Resprouts",NA
"Callistemon sieberi","4017","Clarke Knox 2002","surv1","All",NA,NA,NA,"Fire response, Resprouts",NA
"Calytrix tetragona","4021","Clarke Knox 2002","surv1","None",NA,NA,NA,"Fire response, Obligate seeder",NA
"Kunzea bracteolata","4205","Clarke Knox 2002","surv1","None",NA,NA,NA,"Fire response, Obligate seeder",NA
"Leptospermum arachnoides","4213","Clarke Knox 2002","surv1","All",NA,NA,NA,"Fire response, Resprouts",NA
"Leptospermum brevipes","4216","Clarke Knox 2002","surv1","All",NA,NA,NA,"Fire response, Resprouts",NA
"Leptospermum minutifolium","4227","Clarke Knox 2002","surv1","All",NA,NA,NA,"Fire response, Resprouts",NA
"Micromyrtus sessilis","4275","Clarke Knox 2002","surv1","Most",NA,NA,NA,"Fire response, Resprouts/variable",NA
"Notelaea linearis","4317","Clarke Knox 2002","surv1","All",NA,NA,NA,"Fire response, Resprouts",NA
"Banksia marginata","5344","Clarke Knox 2002","surv1","None",NA,NA,NA,"Fire response, Obligate seeder",NA
"Conospermum taxifolium","5352","Clarke Knox 2002","surv1","All",NA,NA,NA,"Fire response, Resprouts",NA
"Grevillea triternata","5405","Clarke Knox 2002","surv1","All",NA,NA,NA,"Fire response, Resprouts",NA
"Hakea eriantha","5412","Clarke Knox 2002","surv1","None",NA,NA,NA,"Fire response, Obligate seeder*","Inferred from morphology or sister taxa"
"Hakea microcarpa","5420","Clarke Knox 2002","surv1","All",NA,NA,NA,"Fire response, Resprouts",NA
"Isopogon petiolaris","5438","Clarke Knox 2002","surv1","All",NA,NA,NA,"Fire response, Resprouts",NA
"Lomatia fraseri","5442","Clarke Knox 2002","surv1","All",NA,NA,NA,"Fire response, Resprouts",NA
"Lomatia silaifolia","5445","Clarke Knox 2002","surv1","All",NA,NA,NA,"Fire response, Resprouts",NA
"Persoonia cornifolia","5455","Clarke Knox 2002","surv1","All",NA,NA,NA,"Fire response, Resprouts",NA
"Persoonia fastigiata","5457","Clarke Knox 2002","surv1","All",NA,NA,NA,"Fire response, Resprouts",NA
"Persoonia tenuifolia","5475","Clarke Knox 2002","surv1","All",NA,NA,NA,"Fire response, Resprouts",NA
"Petrophile canescens","5477","Clarke Knox 2002","surv1","All",NA,NA,NA,"Fire response, Resprouts",NA
"Cryptandra amara","5554","Clarke Knox 2002","surv1","All",NA,NA,NA,"Fire response, Resprouts",NA
"Cryptandra lanosiflora","5557","Clarke Knox 2002","surv1","None",NA,NA,NA,"Fire response, Obligate seeder",NA
"Discaria pubescens","5564","Clarke Knox 2002","surv1","None",NA,NA,NA,"Fire response, Obligate seeder*","Inferred from morphology or sister taxa"
"Pomaderris eriocephala","5578","Clarke Knox 2002","surv1","All",NA,NA,NA,"Fire response, Resprouts*","Inferred from morphology or sister taxa"
"Rubus parvifolius","5642","Clarke Knox 2002","surv1","All",NA,NA,NA,"Fire response, Resprouts",NA
"Boronia algida","5732","Clarke Knox 2002","surv1","All",NA,NA,NA,"Fire response, Resprouts",NA
"Boronia anethifolia","5734","Clarke Knox 2002","surv1","None",NA,NA,NA,"Fire response, Obligate seeder*","Inferred from morphology or sister taxa"
"Boronia bipinnata","5736","Clarke Knox 2002","surv1","None",NA,NA,NA,"Fire response, Obligate seeder*","Inferred from morphology or sister taxa"
"Boronia granitica","5743","Clarke Knox 2002","surv1","None",NA,NA,NA,"Fire response, Obligate seeder",NA
"Boronia ledifolia","5744","Clarke Knox 2002","surv1","All",NA,NA,NA,"Fire response, Resprouts",NA
"Boronia microphylla","5745","Clarke Knox 2002","surv1","All",NA,NA,NA,"Fire response, Resprouts",NA
"Boronia polygalifolia","5751","Clarke Knox 2002","surv1","All",NA,NA,NA,"Fire response, Resprouts",NA
"Correa reflexa","5772","Clarke Knox 2002","surv1","Half",NA,NA,NA,"Fire response, Obligate seeder / Fire response, Resprouts",NA
"Zieria cytisoides","5836","Clarke Knox 2002","surv1","All",NA,NA,NA,"Fire response, Resprouts*","Inferred from morphology or sister taxa"
"Zieria laevigata","5841","Clarke Knox 2002","surv1","None",NA,NA,NA,"Fire response, Obligate seeder",NA
"Dodonaea boroniifolia","5892","Clarke Knox 2002","surv1","All",NA,NA,NA,"Fire response, Resprouts*","Inferred from morphology or sister taxa"
"Dodonaea hirsuta","5897","Clarke Knox 2002","surv1","None",NA,NA,NA,"Fire response, Obligate seeder",NA
"Dodonaea triquetra","5911","Clarke Knox 2002","surv1","All",NA,NA,NA,"Fire response, Resprouts",NA
"Chloanthes parviflora","6242","Clarke Knox 2002","surv1","None",NA,NA,NA,"Fire response, Obligate seeder",NA
"Xanthorrhoea johnsonii","6317","Clarke Knox 2002","surv1","All",NA,NA,NA,"Fire response, Resprouts",NA
"Olax stricta","6407","Clarke Knox 2002","surv1","All",NA,NA,NA,"Fire response, Resprouts",NA
"Leucopogon lanceolatus var. lanceolatus","6425","Clarke Knox 2002","surv1","All",NA,NA,NA,"Fire response, Resprouts",NA
"Dodonaea viscosa subsp. viscosa","6541","Clarke Knox 2002","surv1","All",NA,NA,NA,"Fire response, Resprouts",NA
"Pimelea linifolia subsp. collina","6635","Clarke Knox 2002","surv1","None",NA,NA,NA,"Fire response, Obligate seeder",NA
"Notelaea microcarpa var. microcarpa","6695","Clarke Knox 2002","surv1","All",NA,NA,NA,"Fire response, Resprouts",NA
"Pimelea curviflora var. divergens","6774","Clarke Knox 2002","surv1","All",NA,NA,NA,"Fire response, Resprouts",NA
"Pimelea linifolia subsp. linifolia","6814","Clarke Knox 2002","surv1","All",NA,NA,NA,"Fire response, Resprout",NA
"Gompholobium huegelii","6921","Clarke Knox 2002","surv1","None",NA,NA,NA,"Fire response, Obligate seeder",NA
"Daviesia mimosoides subsp. mimosoides","7211","Clarke Knox 2002","surv1","All",NA,NA,NA,"Fire response, Resprouts",NA
"Dillwynia phylicoides","7225","Clarke Knox 2002","surv1","All",NA,NA,NA,"Fire response, Resprouts",NA
"Leucopogon microphyllus var. pilibundus","7287","Clarke Knox 2002","surv1","Few",NA,NA,NA,"Fire response, Variable",NA
"Indigofera adesmiifolia","7544","Clarke Knox 2002","surv1","All",NA,NA,NA,"Fire response, Resprouts",NA
"Mirbelia speciosa subsp. speciosa","7736","Clarke Knox 2002","surv1","None",NA,NA,NA,"Fire response, Obligate seeder",NA
"Callistemon pityoides","7943","Clarke Knox 2002","surv1","All",NA,NA,NA,"Fire response, Resprouts",NA
"Leptospermum polygalifolium subsp. transmontanum","8201","Clarke Knox 2002","surv1","All",NA,NA,NA,"Fire response, Resprouts",NA
"Grevillea acerata","8292","Clarke Knox 2002","surv1","All",NA,NA,NA,"Fire response, Resprouts",NA
"Grevillea beadleana","8293","Clarke Knox 2002","surv1","None",NA,NA,NA,"Fire response, Obligate seeder",NA
"Almaleea cambagei","8368","Clarke Knox 2002","surv1","All",NA,NA,NA,"Fire response, Resprouts",NA
"Leptospermum novae-angliae","8478","Clarke Knox 2002","surv1","All",NA,NA,NA,"Fire response, Resprouts",NA
"Leptospermum trinervium","8486","Clarke Knox 2002","surv1","All",NA,NA,NA,"Fire response, Resprouts",NA
"Ozothamnus diosmifolius","8557","Clarke Knox 2002","surv1","All",NA,NA,NA,"Fire response, Resprouts",NA
"Rhytidosporum procumbens","8623","Clarke Knox 2002","surv1","Few",NA,NA,NA,"Fire response, Obligate seeder / Fire response, Resprouts",NA
"Persoonia rufa","8624","Clarke Knox 2002","surv1","None",NA,NA,NA,"Fire response, Obligate seeder",NA
"Leptospermum gregarium","8647","Clarke Knox 2002","surv1","All",NA,NA,NA,"Fire response, Resprouts",NA
"Ozothamnus adnatus","8705","Clarke Knox 2002","surv1","All",NA,NA,NA,"Fire response, Resprouts",NA
"Dillwynia sieberi","8734","Clarke Knox 2002","surv1","Half",NA,NA,NA,"Fire response, Obligate seeder / Fire response, Resprouts*","Inferred from morphology or sister taxa"
"Xanthorrhoea glauca subsp. glauca","8751","Clarke Knox 2002","surv1","All",NA,NA,NA,"Fire response, Resprouts",NA
"Allocasuarina rigida subsp. rigida","8791","Clarke Knox 2002","surv1","None",NA,NA,NA,"Fire response, Obligate seeder*","Inferred from morphology or sister taxa"
"Grevillea scortechinii subsp. sarmentosa","8799","Clarke Knox 2002","surv1","None",NA,NA,NA,"Fire response, Obligate seeder*","Inferred from morphology or sister taxa"
"Acacia venulosa","8865","Clarke Knox 2002","surv1","None",NA,NA,NA,"Fire response, Obligate seeder",NA
"Homoranthus lunatus","9034","Clarke Knox 2002","surv1","None",NA,NA,NA,"Fire response, Obligate seeder",NA
"Persoonia terminalis subsp. terminalis","9048","Clarke Knox 2002","surv1","None",NA,NA,NA,"Fire response, Obligate seeder",NA
"Allocasuarina brachystachya","9090","Clarke Knox 2002","surv1","None",NA,NA,NA,"Fire response, Obligate seeder*","Inferred from morphology or sister taxa"
"Callistemon pungens","9126","Clarke Knox 2002","surv1","All",NA,NA,NA,"Fire response, Resprouts",NA
"Acacia buxifolia subsp. pubiflora","9282","Clarke Knox 2002","surv1","All",NA,NA,NA,"Fire response, Resprouts",NA
"Brachyloma saxicola","9295","Clarke Knox 2002","surv1","None",NA,NA,NA,"Fire response, Obligate seeder",NA
"Prostanthera nivea var. nivea","9380","Clarke Knox 2002","surv1","None",NA,NA,NA,"Fire response, Obligate seeder*","Inferred from morphology or sister taxa"
"Phebalium glandulosum subsp. eglandulosum","9419","Clarke Knox 2002","surv1","None",NA,NA,NA,"Fire response, Obligate seeder",NA
"Hakea macrorrhyncha","9602","Clarke Knox 2002","surv1","None",NA,NA,NA,"Fire response, Obligate seeder",NA
"Amperea xiphoclada var. xiphoclada","9713","Clarke Knox 2002","surv1","All",NA,NA,NA,"Fire response, Resprouts",NA
"Baeckea omissa","9836","Clarke Knox 2002","surv1","All",NA,NA,NA,"Fire response, Resprouts",NA
"Podolobium ilicifolium","9912","Clarke Knox 2002","surv1","All",NA,NA,NA,"Fire response, Resprouts",NA
"Ozothamnus obcordatus","9999","Clarke Knox 2002","surv1","Half",NA,NA,NA,"Fire response, Obligate seeder / Fire response, Resprouts",NA
"Callistemon spp.","CALL","Clarke Knox 2002","surv1","None",NA,NA,NA,"Fire response, Obligate seeder*","Inferred from morphology or sister taxa"
"Dodonaea spp.","DODO","Clarke Knox 2002","surv1","All",NA,NA,NA,"Fire response, Resprouts",NA
"Hibbertia spp.","HIBB","Clarke Knox 2002","surv1","None",NA,NA,NA,"Fire response, Obligate seeder*","Inferred from morphology or sister taxa"
"Olearia spp.","OLEA","Clarke Knox 2002","surv1","All",NA,NA,NA,"Fire response, Resprouts",NA
"Podolobium spp.","PODL","Clarke Knox 2002","surv1","Few",NA,NA,NA,"Fire response, Obligate seeder (75%)",NA
"Poranthera ericifolia","2754","Benson 1985","surv4","None",NA,NA,NA,"fire susceptibility: fs",NA
"Poranthera ericifolia","2754","Benson 1985","surv1","None",NA,NA,NA,"fire susceptibility: fs",NA
"Hemigenia purpurea","3376","Benson 1985","surv4","None",NA,NA,NA,"fire susceptibility: ?fs",NA
"Hemigenia purpurea","3376","Benson 1985","surv1","None",NA,NA,NA,"fire susceptibility: ?fs",NA
"Actinotus helianthi","1094","Benson 1985","repr2","Exclusive",NA,NA,NA,"Based on figure 1 flowering response at location:BW",NA
"Actinotus helianthi","1094","Benson 1985","surv4","None",NA,NA,NA,"fire susceptibility: fs",NA
"Actinotus helianthi","1094","Benson 1985","repr4",NA,2,NA,NA,"Based on figure 1 seed data at location: BW",NA
"Actinotus helianthi","1094","Benson 1985","surv5",NA,5,NA,NA,"Based on figure 1 longevity - location: BW",NA
"Actinotus helianthi","1094","Benson 1985","surv1","None",NA,NA,NA,"fire susceptibility: fs",NA
"Actinotus helianthi","1094","Benson 1985","repr2","Exclusive",NA,NA,NA,"Based on figure 1 flowering response at location:G",NA
"Actinotus helianthi","1094","Benson 1985","repr4",NA,2,NA,NA,"Based on figure 1 seed data at location: G",NA
"Actinotus helianthi","1094","Benson 1985","surv5",NA,5,NA,NA,"Based on figure 1 longevity - location: G",NA
"Actinotus minor","1095","Benson 1985","surv4","Basal",NA,NA,NA,"fire susceptibility: r",NA
"Mitrasacme polymorpha","3595","Benson 1985","surv4","None",NA,NA,NA,"fire susceptibility: fs",NA
"Mitrasacme polymorpha","3595","Benson 1985","surv1","None",NA,NA,NA,"fire susceptibility: fs",NA
"Gonocarpus teucrioides","3248","Benson 1985","surv4","None",NA,NA,NA,"fire susceptibility: fs",NA
"Gonocarpus teucrioides","3248","Benson 1985","surv1","None",NA,NA,NA,"fire susceptibility: fs",NA
"Bossiaea heterophylla","2780","Benson 1985","surv4","None",NA,NA,NA,"fire susceptibility: fs",NA
"Bossiaea heterophylla","2780","Benson 1985","surv1","None",NA,NA,NA,"fire susceptibility: fs",NA
"Cryptandra ericoides","5556","Benson 1985","surv4","None",NA,NA,NA,"fire susceptibility: ?fs",NA
"Cryptandra ericoides","5556","Benson 1985","surv1","None",NA,NA,NA,"fire susceptibility: ?fs",NA
"Hibbertia cistiflora","2530","Benson 1985","surv4","None",NA,NA,NA,"fire susceptibility: ?fs",NA
"Hibbertia cistiflora","2530","Benson 1985","surv1","None",NA,NA,NA,"fire susceptibility: ?fs",NA
"Tetratheca ericifolia","6204","Benson 1985","surv4","None",NA,NA,NA,"fire susceptibility: ?fs",NA
"Tetratheca ericifolia","6204","Benson 1985","surv1","None",NA,NA,NA,"fire susceptibility: ?fs",NA
"Tetratheca shiressii","6212","Benson 1985","surv4","None",NA,NA,NA,"fire susceptibility: ?fs",NA
"Tetratheca shiressii","6212","Benson 1985","surv1","None",NA,NA,NA,"fire susceptibility: ?fs",NA
"Platysace linearifolia","1145","Benson 1985","repr2","Negligible",NA,NA,NA,"Based on figure 1 flowering response at location:BW",NA
"Platysace linearifolia","1145","Benson 1985","surv4","Long rhizome or root sucker",NA,NA,NA,"fire susceptibility: r",NA
"Platysace linearifolia","1145","Benson 1985","repr4",NA,3,NA,NA,"Based on figure 1 seed data at location: BW",NA
"Platysace linearifolia","1145","Benson 1985","repr2","Negligible",NA,NA,NA,"Based on figure 1 flowering response at location:G",NA
"Platysace linearifolia","1145","Benson 1985","repr4",NA,3,NA,NA,"Based on figure 1 seed data at location: G",NA
"Woollsia pungens","2664","Benson 1985","repr2","Negligible",NA,NA,NA,"Based on figure 1 flowering response at location:BW",NA
"Woollsia pungens","2664","Benson 1985","surv4","None",NA,NA,NA,"fire susceptibility: fs",NA
"Woollsia pungens","2664","Benson 1985","repr4",NA,4,NA,NA,"Based on figure 1 seed data at location: BW",NA
"Woollsia pungens","2664","Benson 1985","surv1","None",NA,NA,NA,"fire susceptibility: fs",NA
"Conospermum taxifolium","5352","Benson 1985","surv4","None",NA,NA,NA,"fire susceptibility: fs",NA
"Conospermum taxifolium","5352","Benson 1985","surv1","None",NA,NA,NA,"fire susceptibility: fs",NA
"Eriostemon australasius","5776","Benson 1985","surv4","None",NA,NA,NA,"fire susceptibility: fs",NA
"Eriostemon australasius","5776","Benson 1985","surv1","None",NA,NA,NA,"fire susceptibility: fs",NA
"Goodenia bellidifolia","3175","Benson 1985","surv4","None",NA,NA,NA,"fire susceptibility: ?fs",NA
"Goodenia bellidifolia","3175","Benson 1985","surv1","None",NA,NA,NA,"fire susceptibility: ?fs",NA
"Grevillea speciosa","5401","Benson 1985","surv4","None",NA,NA,NA,"fire susceptibility: ?fs",NA
"Grevillea speciosa","5401","Benson 1985","surv1","None",NA,NA,NA,"fire susceptibility: ?fs",NA
"Hibbertia monogyna","2540","Benson 1985","surv4","None",NA,NA,NA,"fire susceptibility: ?fs",NA
"Hibbertia monogyna","2540","Benson 1985","surv1","None",NA,NA,NA,"fire susceptibility: ?fs",NA
"Pimelea linifolia","6182","Benson 1985","surv4","None",NA,NA,NA,"fire susceptibility: fs",NA
"Pimelea linifolia","6182","Benson 1985","surv1","None",NA,NA,NA,"fire susceptibility: fs",NA
"Boronia ledifolia","5744","Benson 1985","repr2","Negligible",NA,NA,NA,"Based on figure 1 flowering response at location:BW",NA
"Boronia ledifolia","5744","Benson 1985","surv4","None",NA,NA,NA,"fire susceptibility: fs",NA
"Boronia ledifolia","5744","Benson 1985","repr4",NA,3,NA,NA,"Based on figure 1 seed data at location: BW",NA
"Boronia ledifolia","5744","Benson 1985","surv1","None",NA,NA,NA,"fire susceptibility: fs",NA
"Leucopogon microphyllus","2629","Benson 1985","surv4","None",NA,NA,NA,"fire susceptibility: ?fs",NA
"Leucopogon microphyllus","2629","Benson 1985","surv1","None",NA,NA,NA,"fire susceptibility: ?fs",NA
"Gompholobium grandiflorum","2865","Benson 1985","surv4","None",NA,NA,NA,"fire susceptibility: ?fs",NA
"Gompholobium grandiflorum","2865","Benson 1985","surv1","None",NA,NA,NA,"fire susceptibility: ?fs",NA
"Grevillea sericea","5399","Benson 1985","surv4","None",NA,NA,NA,"fire susceptibility: fs",NA
"Grevillea sericea","5399","Benson 1985","surv1","None",NA,NA,NA,"fire susceptibility: fs",NA
"Acacia suaveolens","3881","Benson 1985","surv4","None",NA,NA,NA,"fire susceptibility: fs",NA
"Acacia suaveolens","3881","Benson 1985","surv1","None",NA,NA,NA,"fire susceptibility: fs",NA
"Boronia serrulata","5759","Benson 1985","surv4","None",NA,NA,NA,"fire susceptibility: fs",NA
"Boronia serrulata","5759","Benson 1985","surv1","None",NA,NA,NA,"fire susceptibility: fs",NA
"Dillwynia retorta","2850","Benson 1985","surv4","None",NA,NA,NA,"fire susceptibility: fs",NA
"Dillwynia retorta","2850","Benson 1985","surv1","None",NA,NA,NA,"fire susceptibility: fs",NA
"Philotheca salsolifolia","5831","Benson 1985","surv4","None",NA,NA,NA,"fire susceptibility: fs",NA
"Philotheca salsolifolia","5831","Benson 1985","surv1","None",NA,NA,NA,"fire susceptibility: fs",NA
"Xanthosia tridentata","1163","Benson 1985","surv4","None",NA,NA,NA,"fire susceptibility: ?fs",NA
"Xanthosia tridentata","1163","Benson 1985","surv1","None",NA,NA,NA,"fire susceptibility: ?fs",NA
"Epacris pulchella","2605","Benson 1985","surv4","None",NA,NA,NA,"fire susceptibility: fs",NA
"Epacris pulchella","2605","Benson 1985","surv1","None",NA,NA,NA,"fire susceptibility: fs",NA
"Hakea teretifolia","5427","Benson 1985","surv4","None",NA,NA,NA,"fire susceptibility: fs",NA
"Hakea teretifolia","5427","Benson 1985","surv1","None",NA,NA,NA,"fire susceptibility: fs",NA
"Petrophile pulchella","5479","Benson 1985","repr2","Negligible",NA,NA,NA,"Based on figure 1 flowering response at location:G",NA
"Petrophile pulchella","5479","Benson 1985","surv4","None",NA,NA,NA,"fire susceptibility: fs",NA
"Petrophile pulchella","5479","Benson 1985","repr4",NA,8,NA,NA,"Based on figure 1 seed data at location: G",NA
"Petrophile pulchella","5479","Benson 1985","surv1","None",NA,NA,NA,"fire susceptibility: fs",NA
"Banksia ericifolia","5342","Benson 1985","surv4","None",NA,NA,NA,"fire susceptibility: fs",NA
"Banksia ericifolia","5342","Benson 1985","surv1","None",NA,NA,NA,"fire susceptibility: fs",NA
"Grevillea buxifolia","5364","Benson 1985","surv4","None",NA,NA,NA,"fire susceptibility: ?fs",NA
"Grevillea buxifolia","5364","Benson 1985","surv1","None",NA,NA,NA,"fire susceptibility: ?fs",NA
"Banksia oblongifolia","5345","Benson 1985","surv4","Lignotuber",NA,NA,NA,"fire susceptibility: r",NA
"Banksia oblongifolia","5345","Benson 1985","surv1","All",NA,NA,NA,"fire susceptibility: r",NA
"Banksia serrata","5348","Benson 1985","surv4","Lignotuber",NA,NA,NA,"fire susceptibility: r",NA
"Banksia serrata","5348","Benson 1985","surv1","All",NA,NA,NA,"fire susceptibility: r",NA
"Philotheca buxifolia","10577","Benson 1985","surv4","None",NA,NA,NA,"fire susceptibility: fs",NA
"Philotheca buxifolia","10577","Benson 1985","surv1","None",NA,NA,NA,"fire susceptibility: fs",NA
"Acacia hispidula","3790","Benson 1985","surv4","None",NA,NA,NA,"fire susceptibility: ?fs",NA
"Acacia hispidula","3790","Benson 1985","surv1","None",NA,NA,NA,"fire susceptibility: ?fs",NA
"Poranthera ericifolia","2754","Benson 1985","repr3",NA,1,NA,NA,"year to first flower after fire, 1 at location: a_BW",NA
"Hemigenia purpurea","3376","Benson 1985","repr3",NA,2,NA,NA,"year to first flower after fire, 2 at location: b_BW",NA
"Actinotus helianthi","1094","Benson 1985","repr3",NA,3,2,NA,"year to first flower after fire, 2(3) at location: d_BW",NA
"Actinotus helianthi","1094","Benson 1985","repr3",NA,4,2,NA,"year to first flower after fire, 2(4) at location: a_G",NA
"Actinotus minor","1095","Benson 1985","repr3",NA,2,NA,NA,"year to first flower after fire, 2 at location: a_BW",NA
"Actinotus minor","1095","Benson 1985","repr3",NA,3,NA,NA,"year to first flower after fire, 3 at location: d_BW",NA
"Mitrasacme polymorpha","3595","Benson 1985","repr3",NA,3,NA,NA,"year to first flower after fire, 3 at location: a_BW",NA
"Mitrasacme polymorpha","3595","Benson 1985","repr3",NA,2,NA,NA,"year to first flower after fire, 2 at location: b_BW",NA
"Mitrasacme polymorpha","3595","Benson 1985","repr3",NA,2,NA,NA,"year to first flower after fire, 2 at location: d_BW",NA
"Gonocarpus teucrioides","3248","Benson 1985","repr3",NA,2,NA,NA,"year to first flower after fire, 2 at location: a_BW",NA
"Gonocarpus teucrioides","3248","Benson 1985","repr3",NA,4,NA,NA,"year to first flower after fire, 4 at location: c_BW",NA
"Bossiaea heterophylla","2780","Benson 1985","repr3",NA,3,NA,NA,"year to first flower after fire, 3 at location: d_BW",NA
"Cryptandra ericoides","5556","Benson 1985","repr3",NA,3,NA,NA,"year to first flower after fire, 3 at location: b_BW",NA
"Hibbertia cistiflora","2530","Benson 1985","repr3",NA,3,NA,NA,"year to first flower after fire, 3 at location: b_BW",NA
"Tetratheca ericifolia","6204","Benson 1985","repr3",NA,3,NA,NA,"year to first flower after fire, 3 at location: a_BW",NA
"Tetratheca ericifolia","6204","Benson 1985","repr3",NA,3,NA,NA,"year to first flower after fire, 3 at location: d_BW",NA
"Tetratheca shiressii","6212","Benson 1985","repr3",NA,3,NA,NA,"year to first flower after fire, 3 at location: a_BW",NA
"Tetratheca shiressii","6212","Benson 1985","repr3",NA,4,NA,NA,"year to first flower after fire, 4 at location: b_BW",NA
"Platysace linearifolia","1145","Benson 1985","repr3",NA,3,NA,NA,"year to first flower after fire, 3 at location: a_BW",NA
"Platysace linearifolia","1145","Benson 1985","repr3",NA,4,3,NA,"year to first flower after fire, 3(4) at location: d_BW",NA
"Platysace linearifolia","1145","Benson 1985","repr3",NA,4,3,NA,"year to first flower after fire, 3(4) at location: a_G",NA
"Woollsia pungens","2664","Benson 1985","repr3",NA,5,3,NA,"year to first flower after fire, 3(5) at location: d_BW",NA
"Conospermum taxifolium","5352","Benson 1985","repr3",NA,4,NA,NA,"year to first flower after fire, 4 at location: b_BW",NA
"Eriostemon australasius","5776","Benson 1985","repr3",NA,4,NA,NA,"year to first flower after fire, 4 at location: d_BW",NA
"Goodenia bellidifolia","3175","Benson 1985","repr3",NA,4,NA,NA,"year to first flower after fire, 4 at location: d_BW",NA
"Grevillea speciosa","5401","Benson 1985","repr3",NA,4,NA,NA,"year to first flower after fire, 4 at location: b_BW",NA
"Hibbertia monogyna","2540","Benson 1985","repr3",NA,4,NA,NA,"year to first flower after fire, 4 at location: b_BW",NA
"Pimelea linifolia","6182","Benson 1985","repr3",NA,4,NA,NA,"year to first flower after fire, 4 at location: c_BW",NA
"Boronia ledifolia","5744","Benson 1985","repr3",NA,4,NA,NA,"year to first flower after fire, 4 at location: a_BW",NA
"Boronia ledifolia","5744","Benson 1985","repr3",NA,5,NA,NA,"year to first flower after fire, 5 at location: d_BW",NA
"Leucopogon microphyllus","2629","Benson 1985","repr3",NA,4,NA,NA,"year to first flower after fire, 4 at location: a_BW",NA
"Leucopogon microphyllus","2629","Benson 1985","repr3",NA,5,NA,NA,"year to first flower after fire, 5 at location: b_BW",NA
"Gompholobium grandiflorum","2865","Benson 1985","repr3",NA,4,NA,NA,"year to first flower after fire, 4 at location: a_BW",NA
"Gompholobium grandiflorum","2865","Benson 1985","repr3",NA,6,NA,NA,"year to first flower after fire, 6 at location: d_BW",NA
"Grevillea sericea","5399","Benson 1985","repr3",NA,4,NA,NA,"year to first flower after fire, 4 at location: a_BW",NA
"Grevillea sericea","5399","Benson 1985","repr3",NA,6,4,NA,"year to first flower after fire, 4(6) at location: c_BW",NA
"Acacia suaveolens","3881","Benson 1985","repr3",NA,5,NA,NA,"year to first flower after fire, 5 at location: d_BW",NA
"Acacia suaveolens","3881","Benson 1985","repr3",NA,4,NA,NA,"year to first flower after fire, 4 at location: a_G",NA
"Boronia serrulata","5759","Benson 1985","repr3",NA,5,NA,NA,"year to first flower after fire, 5 at location: d_BW",NA
"Dillwynia retorta","2850","Benson 1985","repr3",NA,5,NA,NA,"year to first flower after fire, 5 at location: b_BW",NA
"Philotheca salsolifolia","5831","Benson 1985","repr3",NA,5,NA,NA,"year to first flower after fire, 5 at location: b_BW",NA
"Xanthosia tridentata","1163","Benson 1985","repr3",NA,6,NA,NA,"year to first flower after fire, 6 at location: c_BW",NA
"Epacris pulchella","2605","Benson 1985","repr3",NA,6,NA,NA,"year to first flower after fire, 6 at location: b_BW",NA
"Hakea teretifolia","5427","Benson 1985","repr3",NA,6,NA,NA,"year to first flower after fire, 6 at location: a_BW",NA
"Hakea teretifolia","5427","Benson 1985","repr3",NA,6,6,NA,"year to first flower after fire, 6(6) at location: b_BW",NA
"Hakea teretifolia","5427","Benson 1985","repr3",NA,7,NA,NA,"year to first flower after fire, 7 at location: d_BW",NA
"Petrophile pulchella","5479","Benson 1985","repr3",NA,6,NA,NA,"year to first flower after fire, 6 at location: b_BW",NA
"Petrophile pulchella","5479","Benson 1985","repr3",NA,9,NA,NA,"year to first flower after fire, 9 at location: d_BW",NA
"Petrophile pulchella","5479","Benson 1985","repr3",NA,9,8,NA,"year to first flower after fire, 8(9) at location: a_G",NA
"Banksia ericifolia","5342","Benson 1985","repr3",NA,8,NA,NA,"year to first flower after fire, 8 at location: a_BW",NA
"Banksia ericifolia","5342","Benson 1985","repr3",NA,8,NA,NA,"year to first flower after fire, 8 at location: b_BW",NA
"Banksia ericifolia","5342","Benson 1985","repr3",NA,7,NA,NA,"year to first flower after fire, 7 at location: d_BW",NA
"Grevillea buxifolia","5364","Benson 1985","repr3",NA,8,NA,NA,"year to first flower after fire, 8 at location: a_G",NA
"Philotheca buxifolia","10577","Benson 1985","repr3",NA,5,5,NA,"year to first flower after fire, 5(5) at location: c_BW",NA
"Philotheca buxifolia","10577","Benson 1985","repr3",NA,5,NA,NA,"year to first flower after fire, 5 at location: d_BW",NA
"Philotheca buxifolia","10577","Benson 1985","repr3",NA,6,4,NA,"year to first flower after fire, 4(6) at location: a_G",NA
"Acacia hispidula","3790","Benson 1985","repr3",NA,5,NA,NA,"year to first flower after fire, 5 at location: a_G",NA
"Acacia suaveolens","3881","Benwell 1998","germ1","Soil-persistent",NA,NA,NA,"fire_response, OSR-1",NA
"Acacia lanigera","3806","Benwell 1998","germ1","Soil-persistent",NA,NA,NA,"fire_response, OSR-1",NA
"Astroloma pinifolium","2585","Benwell 1998","germ1","Soil-persistent",NA,NA,NA,"fire_response, OSR-1",NA
"Caustis recurvata","2343","Benwell 1998","germ1","Soil-persistent",NA,NA,NA,"fire_response, OSR-1",NA
"Coleocarya gracilis","5531","Benwell 1998","germ1","Soil-persistent",NA,NA,NA,"fire_response, OSR-1",NA
"Dillwynia floribunda","2843","Benwell 1998","germ1","Soil-persistent",NA,NA,NA,"fire_response, OSR-1",NA
"Dillwynia retorta","2850","Benwell 1998","germ1","Soil-persistent",NA,NA,NA,"fire_response, OSR-1",NA
"Epacris obtusifolia","2602","Benwell 1998","germ1","Soil-persistent",NA,NA,NA,"fire_response, OSR-1",NA
"Epacris pulchella","2605","Benwell 1998","germ1","Soil-persistent",NA,NA,NA,"fire_response, OSR-1",NA
"Goodenia stelligera","3197","Benwell 1998","germ1","Soil-persistent",NA,NA,NA,"fire_response, OSR-1",NA
"Gompholobium virgatum","2870","Benwell 1998","germ1","Soil-persistent",NA,NA,NA,"fire_response, OSR-1",NA
"Gonocarpus micranthus","3243","Benwell 1998","germ1","Soil-persistent",NA,NA,NA,"fire_response, OSR-1",NA
"Hibbertia fasciculata","2536","Benwell 1998","germ1","Soil-persistent",NA,NA,NA,"fire_response, OSR-1",NA
"Hibbertia linearis","2539","Benwell 1998","germ1","Soil-persistent",NA,NA,NA,"fire_response, OSR-1",NA
"Hibbertia obtusifolia","2542","Benwell 1998","germ1","Soil-persistent",NA,NA,NA,"fire_response, OSR-1",NA
"Laxmannia gracilis","3556","Benwell 1998","germ1","Soil-persistent",NA,NA,NA,"fire_response, OSR-1",NA
"Leptomeria acida","5865","Benwell 1998","germ1","Soil-persistent",NA,NA,NA,"fire_response, OSR-1",NA
"Leucopogon deformis","2615","Benwell 1998","germ1","Soil-persistent",NA,NA,NA,"fire_response, OSR-1",NA
"Leucopogon ericoides","2616","Benwell 1998","germ1","Soil-persistent",NA,NA,NA,"fire_response, OSR-1",NA
"Leucopogon lanceolatus var. gracilis","6845","Benwell 1998","germ1","Soil-persistent",NA,NA,NA,"fire_response, OSR-1",NA
"Leucopogon rodwayi","2636","Benwell 1998","germ1","Soil-persistent",NA,NA,NA,"fire_response, OSR-1",NA
"Macarthuria neocambrica","3907","Benwell 1998","germ1","Soil-persistent",NA,NA,NA,"fire_response, OSR-1",NA
"Mirbelia rubiifolia","2938","Benwell 1998","germ1","Soil-persistent",NA,NA,NA,"fire_response, OSR-1",NA
"Mitrasacme polymorpha","3595","Benwell 1998","germ1","Soil-persistent",NA,NA,NA,"fire_response, OSR-1",NA
"Olax stricta","6407","Benwell 1998","germ1","Soil-persistent",NA,NA,NA,"fire_response, OSR-1",NA
"Persoonia virgata","5476","Benwell 1998","germ1","Soil-persistent",NA,NA,NA,"fire_response, OSR-1",NA
"Pimelea linifolia","6182","Benwell 1998","germ1","Soil-persistent",NA,NA,NA,"fire_response, OSR-1",NA
"Pomax umbellata","5703","Benwell 1998","germ1","Soil-persistent",NA,NA,NA,"fire_response, OSR-1",NA
"Pseudanthus orientalis","2756","Benwell 1998","germ1","Soil-persistent",NA,NA,NA,"fire_response, OSR-1",NA
"Schoenus turbinatus","2507","Benwell 1998","germ1","Soil-persistent",NA,NA,NA,"fire_response, OSR-1",NA
"Sprengelia sprengelioides","2655","Benwell 1998","germ1","Soil-persistent",NA,NA,NA,"fire_response, OSR-1",NA
"Styphelia viridis","2662","Benwell 1998","germ1","Soil-persistent",NA,NA,NA,"fire_response, OSR-1",NA
"Tetratheca thymifolia","6214","Benwell 1998","germ1","Soil-persistent",NA,NA,NA,"fire_response, OSR-1",NA
"Woollsia pungens","2664","Benwell 1998","germ1","Soil-persistent",NA,NA,NA,"fire_response, OSR-1",NA
"Xanthosia pilosa","1162","Benwell 1998","germ1","Soil-persistent",NA,NA,NA,"fire_response, OSR-1",NA
"Allocasuarina littoralis","2012","Benwell 1998","germ1","Canopy",NA,NA,NA,"fire_response, FR-8",NA
"Aotus ericoides","2770","Benwell 1998","germ1","Soil-persistent",NA,NA,NA,"fire_response, FR-4",NA
"Banksia aemula","5339","Benwell 1998","germ1","Canopy",NA,NA,NA,"fire_response, FR-5",NA
"Banksia oblongifolia","5345","Benwell 1998","germ1","Canopy",NA,NA,NA,"fire_response, FR-5",NA
"Bauera rubioides","2268","Benwell 1998","germ1","Soil-persistent",NA,NA,NA,"fire_response, FR-4",NA
"Boronia falcifolia","5739","Benwell 1998","germ1","Soil-persistent",NA,NA,NA,"fire_response, FR-4",NA
"Boronia safrolifera","5758","Benwell 1998","germ1","Soil-persistent",NA,NA,NA,"fire_response, FR-4",NA
"Bossiaea ensata","2778","Benwell 1998","germ1","Soil-persistent",NA,NA,NA,"fire_response, FR-4",NA
"Bossiaea heterophylla","2780","Benwell 1998","germ1","Soil-persistent",NA,NA,NA,"fire_response, FR-4",NA
"Brachyloma daphnoides","2586","Benwell 1998","germ1","Soil-persistent",NA,NA,NA,"fire_response, FR-4",NA
"Calytrix tetragona","4021","Benwell 1998","germ1","Soil-persistent",NA,NA,NA,"fire_response, FR-4",NA
"Coleocarya gracilis","5531","Benwell 1998","germ1","Soil-persistent",NA,NA,NA,"fire_response, FR-7",NA
"Conospermum taxifolium","5352","Benwell 1998","germ1","Soil-persistent",NA,NA,NA,"fire_response, FR-4",NA
"Entolasia stricta","4947","Benwell 1998","germ1","Soil-persistent",NA,NA,NA,"fire_response, FR-7",NA
"Eriostemon australasius","5776","Benwell 1998","germ1","Soil-persistent",NA,NA,NA,"fire_response, FR-4",NA
"Gompholobium pinnatum","2868","Benwell 1998","germ1","Soil-persistent",NA,NA,NA,"fire_response, FR-4",NA
"Hibbertia acicularis","2526","Benwell 1998","germ1","Soil-persistent",NA,NA,NA,"fire_response, FR-4",NA
"Hibbertia vestita","2551","Benwell 1998","germ1","Soil-persistent",NA,NA,NA,"fire_response, FR-4",NA
"Hypolaena fastigiata","5533","Benwell 1998","germ1","Soil-persistent",NA,NA,NA,"fire_response, FR-7",NA
"Leptocarpus tenax","5534","Benwell 1998","germ1","Soil-persistent",NA,NA,NA,"fire_response, FR-7",NA
"Leptospermum juniperinum","4221","Benwell 1998","germ1","Canopy",NA,NA,NA,"fire_response, FR-5",NA
"Leptospermum liversidgei","4224","Benwell 1998","germ1","Canopy",NA,NA,NA,"fire_response, FR-5",NA
"Leptospermum polygalifolium","7245","Benwell 1998","germ1","Canopy",NA,NA,NA,"fire_response, FR-5",NA
"Leptospermum semibaccatum","4236","Benwell 1998","germ1","Soil-persistent",NA,NA,NA,"fire_response, FR-4",NA
"Leptospermum trinervium","8486","Benwell 1998","germ1","Soil-persistent",NA,NA,NA,"fire_response, FR-4",NA
"Leucopogon leptospermoides","2625","Benwell 1998","germ1","Soil-persistent",NA,NA,NA,"fire_response, FR-4",NA
"Leucopogon virgatus","2639","Benwell 1998","germ1","Soil-persistent",NA,NA,NA,"fire_response, FR-4",NA
"Lomandra elongata","6301","Benwell 1998","germ1","Soil-persistent",NA,NA,NA,"fire_response, FR-4",NA
"Melaleuca nodosa","4258","Benwell 1998","germ1","Canopy",NA,NA,NA,"fire_response, FR-8",NA
"Melaleuca sieberi","4261","Benwell 1998","germ1","Soil-persistent",NA,NA,NA,"fire_response, FR-4",NA
"Melaleuca quinquenervia","4260","Benwell 1998","germ1","Canopy",NA,NA,NA,"fire_response, FR-5",NA
"Mitrasacme polymorpha","3595","Benwell 1998","germ1","Soil-persistent",NA,NA,NA,"fire_response, FR-4",NA
"Monotoca scoparia","2649","Benwell 1998","germ1","Soil-persistent",NA,NA,NA,"fire_response, FR-4",NA
"Olax retusa","4307","Benwell 1998","germ1","Soil-persistent",NA,NA,NA,"fire_response, FR-4",NA
"Panicum simile","5066","Benwell 1998","germ1","Soil-persistent",NA,NA,NA,"fire_response, FR-4",NA
"Patersonia fragilis","3300","Benwell 1998","germ1","Soil-persistent",NA,NA,NA,"fire_response, FR-4",NA
"Patersonia glabrata","3301","Benwell 1998","germ1","Soil-persistent",NA,NA,NA,"fire_response, FR-4",NA
"Patersonia sericea","3303","Benwell 1998","germ1","Soil-persistent",NA,NA,NA,"fire_response, FR-4",NA
"Phyllanthus hirtellus","8216","Benwell 1998","germ1","Soil-persistent",NA,NA,NA,"fire_response, FR-7",NA
"Phyllota phylicoides","2958","Benwell 1998","germ1","Soil-persistent",NA,NA,NA,"fire_response, FR-7",NA
"Pimelea linifolia","6182","Benwell 1998","germ1","Soil-persistent",NA,NA,NA,"fire_response, FR-4",NA
"Platysace ericoides","1143","Benwell 1998","germ1","Soil-persistent",NA,NA,NA,"fire_response, FR-7",NA
"Pseudanthus orientalis","2756","Benwell 1998","germ1","Soil-persistent",NA,NA,NA,"fire_response, FR-4",NA
"Schoenus ericetorum","2495","Benwell 1998","germ1","Soil-persistent",NA,NA,NA,"fire_response, FR-4",NA
"Schoenus brevifolius","2492","Benwell 1998","germ1","Soil-persistent",NA,NA,NA,"fire_response, FR-7",NA
"Sowerbaea juncea","3567","Benwell 1998","germ1","Soil-persistent",NA,NA,NA,"fire_response, FR-4",NA
"Stackhousia nuda","6122","Benwell 1998","germ1","Soil-persistent",NA,NA,NA,"fire_response, FR-4",NA
"Stylidium graminifolium","6157","Benwell 1998","germ1","Soil-persistent",NA,NA,NA,"fire_response, FR-4",NA
"Tetratheca thymifolia","6214","Benwell 1998","germ1","Soil-persistent",NA,NA,NA,"fire_response, FR-7",NA
"Zieria laevigata","5841","Benwell 1998","germ1","Soil-persistent",NA,NA,NA,"fire_response, FR-4",NA
"Acacia baueri subsp. baueri","7060","Benwell 1998","germ1","Soil-persistent",NA,NA,NA,"fire_response, OSR-1",NA
"Ochrosperma citriodorum","6949","Benwell 1998","germ1","Soil-persistent",NA,NA,NA,"fire_response, OSR-1",NA
"Banksia ericifolia subsp. macrantha","11050","Benwell 1998","germ1","Canopy",NA,NA,NA,"fire_response, OSR-2",NA
"Homoranthus virgatus","4203","Benwell 1998","germ1","Soil-persistent",NA,NA,NA,"fire_response, OSR-1",NA
"Jacksonia stackhousei","2893","Benwell 1998","germ1","Soil-persistent",NA,NA,NA,"fire_response, OSR-1",NA
"Ochrosperma lineare","6474","Benwell 1998","germ1","Soil-persistent",NA,NA,NA,"fire_response, OSR-1",NA
"Baeckea imbricata","3995","Benwell 1998","germ1","Soil-persistent",NA,NA,NA,"fire_response, FR-4",NA
"Baeckea frutescens","9835","Benwell 1998","germ1","Soil-persistent",NA,NA,NA,"fire_response, FR-7",NA
"Machaerina muelleri","15324","Benwell 1998","germ1","Soil-persistent",NA,NA,NA,"fire_response, FR-4",NA
"Chorizema parviflorum","2797","Benwell 1998","germ1","Soil-persistent",NA,NA,NA,"fire_response, FR-4",NA
"Gahnia sieberiana","2442","Benwell 1998","germ1","Soil-persistent",NA,NA,NA,"fire_response, FR-4",NA
"Sporadanthus interruptus","10604","Benwell 1998","germ1","Soil-persistent",NA,NA,NA,"fire_response, FR-7",NA
"Agiortia pedicellata","12011","Benwell 1998","germ1","Soil-persistent",NA,NA,NA,"fire_response, FR-7",NA
"Petrophile canescens","5477","Benwell 1998","germ1","Canopy",NA,NA,NA,"fire_response, FR-5",NA
"Baloskion pallens","10609","Benwell 1998","germ1","Soil-persistent",NA,NA,NA,"fire_response, FR-7",NA
"Ricinocarpos pinifolius","2759","Benwell 1998","germ1","Soil-persistent",NA,NA,NA,"fire_response, FR-4",NA
"Themeda triandra","7770","Benwell 1998","germ1","Soil-persistent",NA,NA,NA,"fire_response, FR-4",NA
"Drosera spp.","DROS","Benwell 1998","germ1","Soil-persistent",NA,NA,NA,"fire_response, OSR-1",NA
"Lepyrodia spp.","LEPY","Benwell 1998","germ1","Soil-persistent",NA,NA,NA,"fire_response, FR-7",NA
"Platysace spp.","PLAT","Benwell 1998","germ1","Soil-persistent",NA,NA,NA,"fire_response, FR-4",NA
"Utricularia spp.","UTRI","Benwell 1998","germ1","Soil-persistent",NA,NA,NA,"fire_response, OSR-1",NA
"Xanthosia spp.","XANO","Benwell 1998","germ1","Soil-persistent",NA,NA,NA,"fire_response, FR-4",NA
"Acacia latisepala","3807","Clarke Fulloon 1999","surv5",NA,NA,10,NA,"longevity, >10 years",NA
"Acacia latisepala","3807","Clarke Fulloon 1999","repr3",NA,2,NA,NA,"primary_juvenile_period, 2",NA
"Brachyloma saxicola","9295","Clarke Fulloon 1999","surv5",NA,NA,20,NA,"longevity, > 20 years",NA
"Brachyloma saxicola","9295","Clarke Fulloon 1999","repr3",NA,NA,2,3,"primary_juvenile_period, 2-3 years",NA
"Grevillea beadleana","8293","Clarke Fulloon 1999","surv5",NA,20,NA,NA,"longevity, 20",NA
"Grevillea beadleana","8293","Clarke Fulloon 1999","repr3",NA,NA,3,5,"primary_juvenile_period, 3-5 years",NA
"Hakea macrorrhyncha","9602","Clarke Fulloon 1999","surv5",NA,NA,NA,20,"longevity, < 20 years",NA
"Monotaxis macrophylla","2739","Clarke Fulloon 1999","repr3",NA,NA,NA,1,"primary_juvenile_period, < 1 year",NA
"Olearia gravis","1595","Clarke Fulloon 1999","repr3",NA,NA,NA,2,"primary_juvenile_period, < 2 years",NA
"Prostanthera staurophylla","3433","Clarke Fulloon 1999","surv5",NA,NA,NA,10,"longevity, < 10 years",NA
"Rutidosis heterogama","1643","Clarke Fulloon 1999","repr3",NA,NA,NA,1,"primary_juvenile_period, < 1 year",NA
"Kardomia odontocalyx","13291","Clarke Fulloon 1999","surv5",NA,NA,10,NA,"longevity, > 10",NA
"Philotheca epilosa","12004","Clarke Fulloon 1999","repr3",NA,3,NA,NA,"primary_juvenile_period, 3 years",NA
"Pultenaea foliolosa","2994","Clarke Fulloon 1999","repr3",NA,2,NA,NA,"primary_juvenile_period, 2 years",NA
"Acacia brunioides subsp. granitica","9240","Clarke Fulloon 1999","disp1","ant",NA,NA,NA,"dispersal, ? ants",NA
"Acacia brunioides subsp. granitica","9240","Clarke Fulloon 1999","germ1","Soil-persistent",NA,NA,NA,"Fire Response, Propagules remaining after fires passage are held as soil-stored seed?",NA
"Acacia burbidgeae","3725","Clarke Fulloon 1999","disp1","ant",NA,NA,NA,"dispersal, ants",NA
"Acacia burbidgeae","3725","Clarke Fulloon 1999","germ1","Soil-persistent",NA,NA,NA,"Fire Response, Propagules remaining after fires passage are held as soil-stored seed",NA
"Acacia latisepala","3807","Clarke Fulloon 1999","disp1","ant",NA,NA,NA,"dispersal, ? ants",NA
"Acacia latisepala","3807","Clarke Fulloon 1999","germ1","Soil-persistent",NA,NA,NA,"Fire Response, Propagules remaining after fires passage are held as soil-stored seed",NA
"Acacia macnuttiana","3820","Clarke Fulloon 1999","germ1","Soil-persistent",NA,NA,NA,"Fire Response, Propagules remaining after fires passage are held as soil-stored seed?",NA
"Acacia pubifolia","9405","Clarke Fulloon 1999","germ1","Soil-persistent",NA,NA,NA,"Fire Response, Propagules remaining after fires passage are held as soil-stored seed?",NA
"Acacia williamsiana","10796","Clarke Fulloon 1999","germ1","Soil-persistent",NA,NA,NA,"Fire Response, Propagules remaining after fires passage are held as soil-stored seed?",NA
"Almaleea cambagei","8368","Clarke Fulloon 1999","disp1","ant",NA,NA,NA,"dispersal, ? ants, ? water",NA
"Almaleea cambagei","8368","Clarke Fulloon 1999","surv4","Basal",NA,NA,NA,"Fire Response, Resprout from basal stem buds such as those in lignotubers?",NA
"Boronia granitica","5743","Clarke Fulloon 1999","germ1","Soil-persistent",NA,NA,NA,"Fire Response, Propagules remaining after fires passage are held as soil-stored seed",NA
"Brachyloma saxicola","9295","Clarke Fulloon 1999","disp1","ant",NA,NA,NA,"dispersal, ? birds, ? ants",NA
"Brachyloma saxicola","9295","Clarke Fulloon 1999","germ1","Soil-persistent",NA,NA,NA,"Fire Response, Propagules remaining after fires passage are held as soil-stored seed",NA
"Callistemon pungens","9126","Clarke Fulloon 1999","disp1","wind-unspec.",NA,NA,NA,"dispersal, wind",NA
"Callistemon pungens","9126","Clarke Fulloon 1999","surv4","Basal",NA,NA,NA,"Fire Response, Resprout from basal stem buds such as those in lignotubers?",NA
"Dodonaea hirsuta","5897","Clarke Fulloon 1999","disp1","wind-unspec.",NA,NA,NA,"dispersal, wind",NA
"Dodonaea hirsuta","5897","Clarke Fulloon 1999","germ1","Soil-persistent",NA,NA,NA,"Fire Response, Propagules remaining after fires passage are held as soil-stored seed",NA
"Eucalyptus caleyi subsp. ovendenii","9517","Clarke Fulloon 1999","disp1","wind-unspec.",NA,NA,NA,"dispersal, wind",NA
"Eucalyptus caleyi subsp. ovendenii","9517","Clarke Fulloon 1999","surv4","Basal",NA,NA,NA,"Fire Response, Resprout from basal stem buds such as those in lignotubers,Resprout from epicormic shoots",NA
"Eucalyptus mckieana","4123","Clarke Fulloon 1999","disp1","wind-unspec.",NA,NA,NA,"dispersal, wind",NA
"Eucalyptus mckieana","4123","Clarke Fulloon 1999","surv4","Basal",NA,NA,NA,"Fire Response, Resprout from basal stem buds such as those in lignotubers,Resprout from epicormic shoots",NA
"Eucalyptus youmanii","4199","Clarke Fulloon 1999","disp1","wind-unspec.",NA,NA,NA,"dispersal, wind",NA
"Eucalyptus youmanii","4199","Clarke Fulloon 1999","surv4","Basal",NA,NA,NA,"Fire Response, Resprout from basal stem buds such as those in lignotubers,Resprout from epicormic shoots",NA
"Grevillea beadleana","8293","Clarke Fulloon 1999","germ1","Soil-persistent",NA,NA,NA,"Fire Response, Propagules remaining after fires passage are held as soil-stored seed",NA
"Hakea macrorrhyncha","9602","Clarke Fulloon 1999","disp1","wind-unspec.",NA,NA,NA,"dispersal, wind",NA
"Hakea macrorrhyncha","9602","Clarke Fulloon 1999","germ1","Canopy",NA,NA,NA,"Fire Response, Propagules remained after fires passage are held as viable canopy-stored seed",NA
"Homoranthus lunatus","9034","Clarke Fulloon 1999","germ1","Soil-persistent",NA,NA,NA,"Fire Response, Propagules remaining after fires passage are held as soil-stored seed?",NA
"Kunzea bracteolata","4205","Clarke Fulloon 1999","germ1","Soil-persistent",NA,NA,NA,"Fire Response, Propagules remaining after fires passage are held as soil-stored seed",NA
"Leucopogon confertus","2614","Clarke Fulloon 1999","germ1","Soil-persistent",NA,NA,NA,"Fire Response, Propagules remaining after fires passage are held as soil-stored seed?",NA
"Macrozamia plurinervia","10531","Clarke Fulloon 1999","surv4","Epicormic",NA,NA,NA,"Fire Response, Resprout from epicormic shoots?",NA
"Monotaxis macrophylla","2739","Clarke Fulloon 1999","disp1","wind-unspec.",NA,NA,NA,"dispersal, ? wind",NA
"Monotaxis macrophylla","2739","Clarke Fulloon 1999","germ1","Soil-persistent",NA,NA,NA,"Fire Response, Propagules remaining after fires passage are held as soil-stored seed#",NA
"Olearia gravis","1595","Clarke Fulloon 1999","disp1","wind-unspec.",NA,NA,NA,"dispersal, wind",NA
"Olearia gravis","1595","Clarke Fulloon 1999","germ1","Soil-persistent",NA,NA,NA,"Fire Response, Propagules remaining after fires passage are held as soil-stored seed?",NA
"Persoonia terminalis subsp. terminalis","9048","Clarke Fulloon 1999","disp1","animal-ingestion",NA,NA,NA,"dispersal, ? vertebrates",NA
"Persoonia terminalis subsp. terminalis","9048","Clarke Fulloon 1999","germ1","Soil-persistent",NA,NA,NA,"Fire Response, Propagules remaining after fires passage are held as soil-stored seed",NA
"Phebalium glandulosum subsp. eglandulosum","9419","Clarke Fulloon 1999","germ1","Soil-persistent",NA,NA,NA,"Fire Response, Propagules remaining after fires passage are held as soil-stored seed,Resprout from epicormic shoots",NA
"Phebalium glandulosum subsp. eglandulosum","9419","Clarke Fulloon 1999","surv4","Epicormic",NA,NA,NA,"Fire Response, Propagules remaining after fires passage are held as soil-stored seed,Resprout from epicormic shoots",NA
"Prostanthera staurophylla","3433","Clarke Fulloon 1999","germ1","Soil-persistent",NA,NA,NA,"Fire Response, Propagules remaining after fires passage are held as soil-stored seed,Resprout from epicormic shoots",NA
"Prostanthera staurophylla","3433","Clarke Fulloon 1999","surv4","Epicormic",NA,NA,NA,"Fire Response, Propagules remaining after fires passage are held as soil-stored seed,Resprout from epicormic shoots",NA
"Rutidosis heterogama","1643","Clarke Fulloon 1999","disp1","wind-unspec.",NA,NA,NA,"dispersal, wind",NA
"Thelionema grande","8301","Clarke Fulloon 1999","disp1","animal-unspec.",NA,NA,NA,"dispersal, ? animal",NA
"Thelionema grande","8301","Clarke Fulloon 1999","surv4","Epicormic",NA,NA,NA,"Fire Response, Resprout from epicormic shoots?",NA
"Kardomia odontocalyx","13291","Clarke Fulloon 1999","disp1","wind-unspec.",NA,NA,NA,"dispersal, ? wind",NA
"Kardomia odontocalyx","13291","Clarke Fulloon 1999","germ1","Soil-persistent",NA,NA,NA,"Fire Response, Propagules remaining after fires passage are held as soil-stored seed",NA
"Leionema ambiens","10724","Clarke Fulloon 1999","germ1","Soil-persistent",NA,NA,NA,"Fire Response, Propagules remaining after fires passage are held as soil-stored seed?",NA
"Leionema rotundifolium","10736","Clarke Fulloon 1999","germ1","Soil-persistent",NA,NA,NA,"Fire Response, Propagules remaining after fires passage are held as soil-stored seed",NA
"Pultenaea foliolosa","2994","Clarke Fulloon 1999","disp1","ant",NA,NA,NA,"dispersal, ? ants",NA
"Pultenaea foliolosa","2994","Clarke Fulloon 1999","surv4","Epicormic",NA,NA,NA,"Fire Response, Resprout from epicormic shoots",NA
"Hibbertia spp.","HIBB","Clarke Fulloon 1999","disp1","ant",NA,NA,NA,"dispersal, ? ants",NA
"Hibbertia spp.","HIBB","Clarke Fulloon 1999","germ1","Soil-persistent",NA,NA,NA,"Fire Response, Propagules remaining after fires passage are held as soil-stored seed",NA
"Roystonea spp.","ROYS","Clarke Fulloon 1999","disp1","passive",NA,NA,NA,"dispersal, passive",NA
"Roystonea spp.","ROYS","Clarke Fulloon 1999","germ1","Soil-persistent",NA,NA,NA,"Fire Response, Propagules remaining after fires passage are held as soil-stored seed",NA
"Callitris endlicheri","2279","Clarke Fulloon 1999","germ1","Soil-persistent",NA,NA,NA,"Fire Response, Propagules remaining after fires passage are held as soil-stored seed",NA
"Acacia buxifolia","3727","Clarke Fulloon 1999","germ1","Soil-persistent",NA,NA,NA,"Fire Response, Propagules remaining after fires passage are held as soil-stored seed",NA
"Acacia granitica","3784","Clarke Fulloon 1999","germ1","Soil-persistent",NA,NA,NA,"Fire Response, Propagules remaining after fires passage are held as soil-stored seed",NA
"Acacia terminalis","3885","Clarke Fulloon 1999","germ1","Soil-persistent",NA,NA,NA,"Fire Response, Propagules remaining after fires passage are held as soil-stored seed#",NA
"Acacia venulosa","8865","Clarke Fulloon 1999","germ1","Soil-persistent",NA,NA,NA,"Fire Response, Propagules remaining after fires passage are held as soil-stored seed",NA
"Acacia viscidula","3899","Clarke Fulloon 1999","germ1","Soil-persistent",NA,NA,NA,"Fire Response, Propagules remaining after fires passage are held as soil-stored seed",NA
"Banksia cunninghamii","8595","Clarke Fulloon 1999","surv4","Basal",NA,NA,NA,"Fire Response, Resprout from basal stem buds such as those in lignotubers",NA
"Bossiaea obcordata","2784","Clarke Fulloon 1999","germ1","Soil-persistent",NA,NA,NA,"Fire Response, Propagules remaining after fires passage are held as soil-stored seed,Resprout from epicormic shoots",NA
"Bossiaea obcordata","2784","Clarke Fulloon 1999","surv4","Epicormic",NA,NA,NA,"Fire Response, Propagules remaining after fires passage are held as soil-stored seed,Resprout from epicormic shoots",NA
"Brachyloma daphnoides","2586","Clarke Fulloon 1999","surv4","Epicormic",NA,NA,NA,"Fire Response, Resprout from epicormic shoots",NA
"Calytrix tetragona","4021","Clarke Fulloon 1999","germ1","Soil-persistent",NA,NA,NA,"Fire Response, Propagules remaining after fires passage are held as soil-stored seed",NA
"Hakea dactyloides","5409","Clarke Fulloon 1999","surv4","Epicormic",NA,NA,NA,"Fire Response, Resprout from epicormic shoots",NA
"Leptospermum novae-angliae","8478","Clarke Fulloon 1999","surv4","Epicormic",NA,NA,NA,"Fire Response, Resprout from epicormic shoots",NA
"Leptospermum trinervium","8486","Clarke Fulloon 1999","surv4","Basal",NA,NA,NA,"Fire Response, Resprout from basal stem buds such as those in lignotubers",NA
"Persoonia cornifolia","5455","Clarke Fulloon 1999","surv4","Epicormic",NA,NA,NA,"Fire Response, Resprout from epicormic shoots",NA
"Styphelia triflora","2660","Clarke Fulloon 1999","germ1","Soil-persistent",NA,NA,NA,"Fire Response, Propagules remaining after fires passage are held as soil-stored seed",NA
"Correa reflexa","5772","Clarke Fulloon 1999","germ1","Soil-persistent",NA,NA,NA,"Fire Response, Propagules remaining after fires passage are held as soil-stored seed",NA
"Daviesia ulicifolia","2827","Clarke Fulloon 1999","germ1","Soil-persistent",NA,NA,NA,"Fire Response, Propagules remaining after fires passage are held as soil-stored seed",NA
"Grevillea linearifolia","5381","Clarke Fulloon 1999","germ1","Soil-persistent",NA,NA,NA,"Fire Response, Propagules remaining after fires passage are held as soil-stored seed",NA
"Hibbertia obtusifolia","2542","Clarke Fulloon 1999","surv4","Epicormic",NA,NA,NA,"Fire Response, Resprout from epicormic shoots",NA
"Hovea lanceolata","2875","Clarke Fulloon 1999","germ1","Soil-persistent",NA,NA,NA,"Fire Response, Propagules remaining after fires passage are held as soil-stored seed#",NA
"Leucopogon biflorus","2613","Clarke Fulloon 1999","germ1","Soil-persistent",NA,NA,NA,"Fire Response, Propagules remaining after fires passage are held as soil-stored seed",NA
"Leucopogon melaleucoides","2628","Clarke Fulloon 1999","surv4","Epicormic",NA,NA,NA,"Fire Response, Resprout from epicormic shoots",NA
"Melichrus erubescens","2644","Clarke Fulloon 1999","surv4","Epicormic",NA,NA,NA,"Fire Response, Resprout from epicormic shoots",NA
"Mirbelia pungens","2937","Clarke Fulloon 1999","surv4","Epicormic",NA,NA,NA,"Fire Response, Resprout from epicormic shoots",NA
"Mirbelia speciosa","2939","Clarke Fulloon 1999","germ1","Soil-persistent",NA,NA,NA,"Fire Response, Propagules remaining after fires passage are held as soil-stored seed#, Resprout from epicormic shoots?",NA
"Mirbelia speciosa","2939","Clarke Fulloon 1999","surv4","Epicormic",NA,NA,NA,"Fire Response, Propagules remaining after fires passage are held as soil-stored seed#, Resprout from epicormic shoots?",NA
"Persoonia tenuifolia","5475","Clarke Fulloon 1999","surv4","Epicormic",NA,NA,NA,"Fire Response, Resprout from epicormic shoots",NA
"Petrophile canescens","5477","Clarke Fulloon 1999","surv4","Epicormic",NA,NA,NA,"Fire Response, Resprout from epicormic shoots",NA
"Zieria laevigata","5841","Clarke Fulloon 1999","germ1","Soil-persistent",NA,NA,NA,"Fire Response, Propagules remaining after fires passage are held as soil-stored seed#, Resprout from epicormic shoots?",NA
"Zieria laevigata","5841","Clarke Fulloon 1999","surv4","Epicormic",NA,NA,NA,"Fire Response, Propagules remaining after fires passage are held as soil-stored seed#, Resprout from epicormic shoots?",NA
"Gonocarpus tetragynus","3247","Clarke Fulloon 1999","germ1","Soil-persistent",NA,NA,NA,"Fire Response, Propagules remaining after fires passage are held as soil-stored seed",NA
"Stylidium laricifolium","6158","Clarke Fulloon 1999","germ1","Soil-persistent",NA,NA,NA,"Fire Response, Propagules remaining after fires passage are held as soil-stored seed#",NA
"Acacia pruinosa","3858","Clarke Fulloon 1999","surv4","Epicormic",NA,NA,NA,"Fire Response, Resprout from epicormic shoots",NA
"Acacia torringtonensis","3888","Clarke Fulloon 1999","germ1","Soil-persistent",NA,NA,NA,"Fire Response, Propagules remaining after fires passage are held as soil-stored seed",NA
"Harmogia densifolia","13289","Clarke Fulloon 1999","surv4","Epicormic",NA,NA,NA,"Fire Response, Resprout from epicormic shoots",NA
"Hovea purpurea","2880","Clarke Fulloon 1999","germ1","Soil-persistent",NA,NA,NA,"Fire Response, Propagules remaining after fires passage are held as soil-stored seed",NA
"Dillwynia phylicoides","7225","Clarke Fulloon 1999","germ1","Soil-persistent",NA,NA,NA,"Fire Response, Propagules remaining after fires passage are held as soil-stored seed",NA
"Lomatia silaifolia","5445","Clarke Fulloon 1999","surv4","Epicormic",NA,NA,NA,"Fire Response, Resprout from epicormic shoots",NA
"Actinotus helianthi","1094","Clarke Fulloon 1999","germ1","Soil-persistent",NA,NA,NA,"Fire Response, Propagules remaining after fires passage are held as soil-stored seed#",NA
"Boronia spp.","BORO","Clarke Fulloon 1999","germ1","Soil-persistent",NA,NA,NA,"Fire Response, Propagules remaining after fires passage are held as soil-stored seed?",NA
"Callistemon spp.","CALL","Clarke Fulloon 1999","surv4","Basal",NA,NA,NA,"Fire Response, Resprout from basal stem buds such as those in lignotubers",NA
"Indigofera spp.","INDI","Clarke Fulloon 1999","germ1","Soil-persistent",NA,NA,NA,"Fire Response, Propagules remaining after fires passage are held as soil-stored seed",NA
"Leucopogon neoanglicus","2631","Clarke Fulloon 1999","germ1","Soil-persistent",NA,NA,NA,"Fire Response, Propagules remaining after fires passage are held as soil-stored seed#",NA
"Acacia longifolia","3816","Keith 1991","surv5",NA,40.5,21,60,"plant_longevity, 21-60",NA
"Acacia myrtifolia","3834","Keith 1991","repr3",NA,3,NA,NA,"primary_juvenile_period, 3",NA
"Acacia myrtifolia","3834","Keith 1991","surv5",NA,12.5,5,20,"plant_longevity, 5-20",NA
"Acacia rubida","3869","Keith 1991","surv5",NA,40.5,21,60,"plant_longevity, 21-60",NA
"Acacia suaveolens","3881","Keith 1991","repr3",NA,2,NA,NA,"primary_juvenile_period, 2",NA
"Acacia suaveolens","3881","Keith 1991","surv5",NA,12.5,5,20,"plant_longevity, 5-20",NA
"Acacia terminalis","3885","Keith 1991","surv5",NA,12.5,5,20,"plant_longevity, 5-20",NA
"Actinotus minor","1095","Keith 1991","repr3a",NA,1,NA,NA,"secondary_juvenile_period, 1",NA
"Actinotus minor","1095","Keith 1991","surv5",NA,40.5,21,60,"plant_longevity, 21-60",NA
"Allocasuarina paludosa","2015","Keith 1991","surv5",NA,60,60,NA,"plant_longevity, >60",NA
"Almaleea paludosa","8364","Keith 1991","repr3",NA,1,NA,NA,"primary_juvenile_period, 1",NA
"Almaleea paludosa","8364","Keith 1991","surv5",NA,12.5,5,20,"plant_longevity, 5-20",NA
"Aotus ericoides","2770","Keith 1991","repr3a",NA,3,NA,NA,"secondary_juvenile_period, 3",NA
"Aotus ericoides","2770","Keith 1991","surv5",NA,60,60,NA,"plant_longevity, >60",NA
"Baeckea brevifolia","3986","Keith 1991","surv5",NA,40.5,21,60,"plant_longevity, 21-60",NA
"Baeckea imbricata","3995","Keith 1991","repr3a",NA,2,NA,NA,"secondary_juvenile_period, 2",NA
"Baeckea imbricata","3995","Keith 1991","surv5",NA,60,60,NA,"plant_longevity, >60",NA
"Baeckea linifolia","3997","Keith 1991","surv5",NA,60,60,NA,"plant_longevity, >60",NA
"Banksia ericifolia","5342","Keith 1991","repr3",NA,5,NA,NA,"primary_juvenile_period, 5",NA
"Banksia ericifolia","5342","Keith 1991","surv5",NA,40.5,21,60,"plant_longevity, 21-60",NA
"Banksia oblongifolia","5345","Keith 1991","repr3a",NA,2,NA,NA,"secondary_juvenile_period, 2",NA
"Banksia oblongifolia","5345","Keith 1991","surv5",NA,60,60,NA,"plant_longevity, >60",NA
"Banksia paludosa","5346","Keith 1991","repr3a",NA,4,NA,NA,"secondary_juvenile_period, 4",NA
"Banksia paludosa","5346","Keith 1991","surv5",NA,60,60,NA,"plant_longevity, >60",NA
"Banksia robur","5347","Keith 1991","repr3a",NA,2,NA,NA,"secondary_juvenile_period, 2",NA
"Banksia robur","5347","Keith 1991","surv5",NA,60,60,NA,"plant_longevity, >60",NA
"Bauera microphylla","7219","Keith 1991","repr3",NA,3,NA,NA,"primary_juvenile_period, 3",NA
"Bauera microphylla","7219","Keith 1991","surv5",NA,40.5,21,60,"plant_longevity, 21-60",NA
"Blandfordia nobilis","3529","Keith 1991","repr3a",NA,1,NA,NA,"secondary_juvenile_period, 1",NA
"Blandfordia nobilis","3529","Keith 1991","surv5",NA,40.5,21,60,"plant_longevity, 21-60",NA
"Boronia parviflora","5749","Keith 1991","repr3",NA,4,NA,NA,"primary_juvenile_period, 4",NA
"Boronia parviflora","5749","Keith 1991","repr3a",NA,1,NA,NA,"secondary_juvenile_period, 1",NA
"Boronia parviflora","5749","Keith 1991","surv5",NA,40.5,21,60,"plant_longevity, 21-60",NA
"Brunoniella pumilio","1004","Keith 1991","repr3a",NA,1,NA,NA,"secondary_juvenile_period, 1",NA
"Brunoniella pumilio","1004","Keith 1991","surv5",NA,12.5,5,20,"plant_longevity, 5-20",NA
"Burchardia umbellata","3533","Keith 1991","repr3a",NA,1,NA,NA,"secondary_juvenile_period, 1",NA
"Burchardia umbellata","3533","Keith 1991","surv5",NA,40.5,21,60,"plant_longevity, 21-60",NA
"Caesia parviflora","3535","Keith 1991","repr3a",NA,1,NA,NA,"secondary_juvenile_period, 1",NA
"Caesia parviflora","3535","Keith 1991","surv5",NA,40.5,21,60,"plant_longevity, 21-60",NA
"Callistemon citrinus","4004","Keith 1991","surv5",NA,60,60,NA,"plant_longevity, >60",NA
"Chorizandra sphaerocephala","2345","Keith 1991","repr3a",NA,1,NA,NA,"secondary_juvenile_period, 1",NA
"Comesperma defoliatum","5252","Keith 1991","repr3a",NA,1,NA,NA,"secondary_juvenile_period, 1",NA
"Comesperma defoliatum","5252","Keith 1991","surv5",NA,40.5,21,60,"plant_longevity, 21-60",NA
"Comesperma retusum","5255","Keith 1991","repr3a",NA,5,NA,NA,"secondary_juvenile_period, 5",NA
"Comesperma retusum","5255","Keith 1991","surv5",NA,40.5,21,60,"plant_longevity, 21-60",NA
"Conospermum ellipticum","9136","Keith 1991","surv5",NA,40.5,21,60,"plant_longevity, 21-60",NA
"Conospermum taxifolium","5352","Keith 1991","surv5",NA,40.5,21,60,"plant_longevity, 21-60",NA
"Corybas fordhamii","4408","Keith 1991","repr3a",NA,1,NA,NA,"secondary_juvenile_period, 1",NA
"Cryptandra ericoides","5556","Keith 1991","repr3",NA,2,NA,NA,"primary_juvenile_period, 2",NA
"Cryptandra ericoides","5556","Keith 1991","surv5",NA,40.5,21,60,"plant_longevity, 21-60",NA
"Cyathochaeta diandra","2347","Keith 1991","repr3a",NA,1,NA,NA,"secondary_juvenile_period, 1",NA
"Dampiera stricta","3174","Keith 1991","repr3a",NA,1,NA,NA,"secondary_juvenile_period, 1",NA
"Deyeuxia decipiens","4881","Keith 1991","repr3a",NA,1,NA,NA,"secondary_juvenile_period, 1",NA
"Dillwynia floribunda","2843","Keith 1991","repr3",NA,2,NA,NA,"primary_juvenile_period, 2",NA
"Dillwynia floribunda","2843","Keith 1991","surv5",NA,12.5,5,20,"plant_longevity, 5-20",NA
"Drosera binata","2557","Keith 1991","repr3a",NA,1,NA,NA,"secondary_juvenile_period, 1",NA
"Drosera peltata","2559","Keith 1991","repr3a",NA,2,NA,NA,"secondary_juvenile_period, 2",NA
"Drosera peltata","2559","Keith 1991","surv5",NA,40.5,21,60,"plant_longevity, 21-60",NA
"Drosera pygmaea","2560","Keith 1991","repr3a",NA,1,NA,NA,"secondary_juvenile_period, 1",NA
"Drosera pygmaea","2560","Keith 1991","surv5",NA,40.5,21,60,"plant_longevity, 21-60",NA
"Eleocharis sphacelata","6988","Keith 1991","repr3a",NA,1,NA,NA,"secondary_juvenile_period, 1",NA
"Empodisma minus","5532","Keith 1991","repr3a",NA,1,NA,NA,"secondary_juvenile_period, 1",NA
"Entolasia stricta","4947","Keith 1991","repr3a",NA,1,NA,NA,"secondary_juvenile_period, 1",NA
"Epacris microphylla","2599","Keith 1991","repr3",NA,3,NA,NA,"primary_juvenile_period, 3",NA
"Epacris microphylla","2599","Keith 1991","surv5",NA,12.5,5,20,"plant_longevity, 5-20",NA
"Epacris obtusifolia","2602","Keith 1991","repr3",NA,1,NA,NA,"primary_juvenile_period, 1",NA
"Epacris obtusifolia","2602","Keith 1991","surv5",NA,12.5,5,20,"plant_longevity, 5-20",NA
"Epacris paludosa","2603","Keith 1991","repr3",NA,4,NA,NA,"primary_juvenile_period, 4",NA
"Epacris paludosa","2603","Keith 1991","repr3a",NA,1,NA,NA,"secondary_juvenile_period, 1",NA
"Epacris paludosa","2603","Keith 1991","surv5",NA,60,60,NA,"plant_longevity, >60",NA
"Eriachne glabrata","4979","Keith 1991","repr3a",NA,1,NA,NA,"secondary_juvenile_period, 1",NA
"Eucalyptus haemastoma","4104","Keith 1991","surv5",NA,60,60,NA,"plant_longevity, >60",NA
"Gahnia sieberiana","2442","Keith 1991","repr3a",NA,3,NA,NA,"secondary_juvenile_period, 3",NA
"Glossodia minor","4466","Keith 1991","surv5",NA,40.5,21,60,"plant_longevity, 21-60",NA
"Gonocarpus salsoloides","3246","Keith 1991","repr3",NA,1,NA,NA,"primary_juvenile_period, 1",NA
"Gonocarpus salsoloides","3246","Keith 1991","surv5",NA,12.5,5,20,"plant_longevity, 5-20",NA
"Gonocarpus tetragynus","3247","Keith 1991","repr3a",NA,2,NA,NA,"secondary_juvenile_period, 2",NA
"Gonocarpus teucrioides","3248","Keith 1991","repr3",NA,2,NA,NA,"primary_juvenile_period, 2",NA
"Gonocarpus teucrioides","3248","Keith 1991","surv5",NA,12.5,5,20,"plant_longevity, 5-20",NA
"Goodenia bellidifolia","3175","Keith 1991","repr3a",NA,2,NA,NA,"secondary_juvenile_period, 2",NA
"Goodenia bellidifolia","3175","Keith 1991","surv5",NA,40.5,21,60,"plant_longevity, 21-60",NA
"Goodenia dimorpha","3179","Keith 1991","repr3",NA,2,NA,NA,"primary_juvenile_period, 2",NA
"Goodenia dimorpha","3179","Keith 1991","repr3a",NA,1,NA,NA,"secondary_juvenile_period, 1",NA
"Goodenia dimorpha","3179","Keith 1991","surv5",NA,40.5,21,60,"plant_longevity, 21-60",NA
"Grevillea oleoides","5388","Keith 1991","repr3a",NA,4,NA,NA,"secondary_juvenile_period, 4",NA
"Gymnoschoenus sphaerocephalus","2445","Keith 1991","repr3a",NA,1,NA,NA,"secondary_juvenile_period, 1",NA
"Haemodorum corymbosum","6435","Keith 1991","repr3a",NA,2,NA,NA,"secondary_juvenile_period, 2",NA
"Haemodorum corymbosum","6435","Keith 1991","surv5",NA,40.5,21,60,"plant_longevity, 21-60",NA
"Hakea dactyloides","5409","Keith 1991","repr3a",NA,4,NA,NA,"secondary_juvenile_period, 4",NA
"Hakea dactyloides","5409","Keith 1991","surv5",NA,60,60,NA,"plant_longevity, >60",NA
"Hakea teretifolia","5427","Keith 1991","repr3",NA,5,NA,NA,"primary_juvenile_period, 5",NA
"Hakea teretifolia","5427","Keith 1991","repr3a",NA,3,NA,NA,"secondary_juvenile_period, 3",NA
"Hakea teretifolia","5427","Keith 1991","surv5",NA,60,60,NA,"plant_longevity, >60",NA
"Hakea teretifolia","5427","Keith 1991","repr3",NA,2,NA,NA,"primary_juvenile_period, 2",NA
"Hakea teretifolia","5427","Keith 1991","surv5",NA,40.5,21,60,"plant_longevity, 21-60",NA
"Hemarthria uncinata","5001","Keith 1991","repr3a",NA,1,NA,NA,"secondary_juvenile_period, 1",NA
"Hibbertia riparia","2545","Keith 1991","surv5",NA,60,60,NA,"plant_longevity, >60",NA
"Hibbertia serpyllifolia","2550","Keith 1991","repr3a",NA,2,NA,NA,"secondary_juvenile_period, 2",NA
"Hibbertia serpyllifolia","2550","Keith 1991","surv5",NA,60,60,NA,"plant_longevity, >60",NA
"Hypericum gramineum","7240","Keith 1991","repr3a",NA,1,NA,NA,"secondary_juvenile_period, 1",NA
"Hypericum gramineum","7240","Keith 1991","surv5",NA,12.5,5,20,"plant_longevity, 5-20",NA
"Hypoxis hygrometrica","3553","Keith 1991","repr3a",NA,1,NA,NA,"secondary_juvenile_period, 1",NA
"Hypoxis hygrometrica","3553","Keith 1991","surv5",NA,40.5,21,60,"plant_longevity, 21-60",NA
"Isopogon anemonifolius","5433","Keith 1991","repr3a",NA,2,NA,NA,"secondary_juvenile_period, 2",NA
"Isopogon anemonifolius","5433","Keith 1991","surv5",NA,60,60,NA,"plant_longevity, >60",NA
"Kunzea capitata","4207","Keith 1991","repr3a",NA,2,NA,NA,"secondary_juvenile_period, 2",NA
"Kunzea capitata","4207","Keith 1991","surv5",NA,60,60,NA,"plant_longevity, >60",NA
"Lambertia formosa","5440","Keith 1991","repr3a",NA,2,NA,NA,"secondary_juvenile_period, 2",NA
"Lambertia formosa","5440","Keith 1991","surv5",NA,60,60,NA,"plant_longevity, >60",NA
"Lepidosperma forsythii","2467","Keith 1991","repr3a",NA,1,NA,NA,"secondary_juvenile_period, 1",NA
"Lepidosperma limicola","2469","Keith 1991","repr3a",NA,1,NA,NA,"secondary_juvenile_period, 1",NA
"Lepidosperma neesii","2471","Keith 1991","repr3a",NA,2,NA,NA,"secondary_juvenile_period, 2",NA
"Leptomeria acida","5865","Keith 1991","surv5",NA,40.5,21,60,"plant_longevity, 21-60",NA
"Leptospermum arachnoides","4213","Keith 1991","surv5",NA,60,60,NA,"plant_longevity, >60",NA
"Leptospermum continentale","7970","Keith 1991","repr3a",NA,2,NA,NA,"secondary_juvenile_period, 2",NA
"Leptospermum continentale","7970","Keith 1991","surv5",NA,60,60,NA,"plant_longevity, >60",NA
"Leptospermum grandifolium","7766","Keith 1991","repr3a",NA,3,NA,NA,"secondary_juvenile_period, 3",NA
"Leptospermum grandifolium","7766","Keith 1991","surv5",NA,60,60,NA,"plant_longevity, >60",NA
"Leptospermum juniperinum","4221","Keith 1991","repr3a",NA,2,NA,NA,"secondary_juvenile_period, 2",NA
"Leptospermum juniperinum","4221","Keith 1991","surv5",NA,60,60,NA,"plant_longevity, >60",NA
"Leptospermum polygalifolium","7245","Keith 1991","surv5",NA,60,60,NA,"plant_longevity, >60",NA
"Leptospermum trinervium","8486","Keith 1991","repr3a",NA,2,NA,NA,"secondary_juvenile_period, 2",NA
"Leptospermum trinervium","8486","Keith 1991","surv5",NA,60,60,NA,"plant_longevity, >60",NA
"Leptocarpus tenax","5534","Keith 1991","repr3a",NA,1,NA,NA,"secondary_juvenile_period, 1",NA
"Lepyrodia anarthria","5535","Keith 1991","repr3a",NA,1,NA,NA,"secondary_juvenile_period, 1",NA
"Lepyrodia scariosa","5541","Keith 1991","repr3a",NA,1,NA,NA,"secondary_juvenile_period, 1",NA
"Leucopogon esquamatus","2617","Keith 1991","surv5",NA,12.5,5,20,"plant_longevity, 5-20",NA
"Leucopogon microphyllus","2629","Keith 1991","surv5",NA,12.5,5,20,"plant_longevity, 5-20",NA
"Lomandra cylindrica","6298","Keith 1991","repr3a",NA,1,NA,NA,"secondary_juvenile_period, 1",NA
"Lomatia silaifolia","5445","Keith 1991","repr3a",NA,1,NA,NA,"secondary_juvenile_period, 1",NA
"Lomatia silaifolia","5445","Keith 1991","surv5",NA,60,60,NA,"plant_longevity, >60",NA
"Melaleuca linariifolia","4257","Keith 1991","surv5",NA,60,60,NA,"plant_longevity, >60",NA
"Melaleuca squamea","4262","Keith 1991","surv5",NA,40.5,21,60,"plant_longevity, 21-60",NA
"Melaleuca squarrosa","4263","Keith 1991","repr3a",NA,3,NA,NA,"secondary_juvenile_period, 3",NA
"Melaleuca squarrosa","4263","Keith 1991","surv5",NA,60,60,NA,"plant_longevity, >60",NA
"Melaleuca thymifolia","4266","Keith 1991","surv5",NA,60,60,NA,"plant_longevity, >60",NA
"Microlaena stipoides var. stipoides","7707","Keith 1991","repr3a",NA,1,NA,NA,"secondary_juvenile_period, 1",NA
"Mirbelia rubiifolia","2938","Keith 1991","repr3",NA,1,NA,NA,"primary_juvenile_period, 1",NA
"Mirbelia rubiifolia","2938","Keith 1991","surv5",NA,12.5,5,20,"plant_longevity, 5-20",NA
"Mirbelia speciosa","2939","Keith 1991","surv5",NA,12.5,5,20,"plant_longevity, 5-20",NA
"Mitrasacme paludosa","3592","Keith 1991","repr3",NA,2,NA,NA,"primary_juvenile_period, 2",NA
"Mitrasacme paludosa","3592","Keith 1991","surv5",NA,12.5,5,20,"plant_longevity, 5-20",NA
"Mitrasacme polymorpha","3595","Keith 1991","repr3",NA,4,NA,NA,"primary_juvenile_period, 4",NA
"Mitrasacme polymorpha","3595","Keith 1991","repr3a",NA,1,NA,NA,"secondary_juvenile_period, 1",NA
"Mitrasacme polymorpha","3595","Keith 1991","surv5",NA,12.5,5,20,"plant_longevity, 5-20",NA
"Monotaxis linifolia","2738","Keith 1991","repr3a",NA,2,NA,NA,"secondary_juvenile_period, 2",NA
"Monotaxis linifolia","2738","Keith 1991","surv5",NA,12.5,5,20,"plant_longevity, 5-20",NA
"Opercularia varia","5701","Keith 1991","repr3",NA,1,NA,NA,"primary_juvenile_period, 1",NA
"Opercularia varia","5701","Keith 1991","surv5",NA,12.5,5,20,"plant_longevity, 5-20",NA
"Orthoceras strictum","4476","Keith 1991","surv5",NA,40.5,21,60,"plant_longevity, 21-60",NA
"Persoonia lanceolata","5460","Keith 1991","surv5",NA,40.5,21,60,"plant_longevity, 21-60",NA
"Persoonia levis","5462","Keith 1991","surv5",NA,60,60,NA,"plant_longevity, >60",NA
"Persoonia pinifolia","5469","Keith 1991","surv5",NA,40.5,21,60,"plant_longevity, 21-60",NA
"Petrophile pulchella","5479","Keith 1991","repr3",NA,4,NA,NA,"primary_juvenile_period, 4",NA
"Petrophile pulchella","5479","Keith 1991","surv5",NA,40.5,21,60,"plant_longevity, 21-60",NA
"Plinthanthesis paradoxa","5117","Keith 1991","repr3a",NA,1,NA,NA,"secondary_juvenile_period, 1",NA
"Prasophyllum australe","4491","Keith 1991","repr3a",NA,1,NA,NA,"secondary_juvenile_period, 1",NA
"Prasophyllum australe","4491","Keith 1991","surv5",NA,40.5,21,60,"plant_longevity, 21-60",NA
"Prasophyllum brevilabre","4494","Keith 1991","repr3a",NA,1,NA,NA,"secondary_juvenile_period, 1",NA
"Prasophyllum brevilabre","4494","Keith 1991","surv5",NA,40.5,21,60,"plant_longevity, 21-60",NA
"Prostanthera linearis","3417","Keith 1991","surv5",NA,40.5,21,60,"plant_longevity, 21-60",NA
"Pseudanthus orientalis","2756","Keith 1991","surv5",NA,40.5,21,60,"plant_longevity, 21-60",NA
"Pterostylis parviflora","4566","Keith 1991","repr3a",NA,1,NA,NA,"secondary_juvenile_period, 1",NA
"Pterostylis parviflora","4566","Keith 1991","surv5",NA,40.5,21,60,"plant_longevity, 21-60",NA
"Pultenaea aristata","2974","Keith 1991","surv5",NA,12.5,5,20,"plant_longevity, 5-20",NA
"Pultenaea divaricata","2987","Keith 1991","repr3a",NA,3,NA,NA,"secondary_juvenile_period, 3",NA
"Pultenaea divaricata","2987","Keith 1991","surv5",NA,60,60,NA,"plant_longevity, >60",NA
"Schoenus paludosus","2504","Keith 1991","repr3a",NA,1,NA,NA,"secondary_juvenile_period, 1",NA
"Sowerbaea juncea","3567","Keith 1991","repr3a",NA,1,NA,NA,"secondary_juvenile_period, 1",NA
"Sprengelia incarnata","2654","Keith 1991","repr3",NA,2,NA,NA,"primary_juvenile_period, 2",NA
"Sprengelia incarnata","2654","Keith 1991","surv5",NA,12.5,5,20,"plant_longevity, 5-20",NA
"Stackhousia nuda","6122","Keith 1991","surv5",NA,40.5,21,60,"plant_longevity, 21-60",NA
"Stylidium lineare","6159","Keith 1991","repr3a",NA,2,NA,NA,"secondary_juvenile_period, 2",NA
"Stylidium lineare","6159","Keith 1991","surv5",NA,40.5,21,60,"plant_longevity, 21-60",NA
"Symphionema paludosum","5485","Keith 1991","repr3",NA,2,NA,NA,"primary_juvenile_period, 2",NA
"Symphionema paludosum","5485","Keith 1991","surv5",NA,12.5,5,20,"plant_longevity, 5-20",NA
"Tetraria capillaris","2516","Keith 1991","repr3a",NA,1,NA,NA,"secondary_juvenile_period, 1",NA
"Tetrarrhena turfosa","7993","Keith 1991","repr3a",NA,1,NA,NA,"secondary_juvenile_period, 1",NA
"Tricoryne simplex","3577","Keith 1991","repr3a",NA,1,NA,NA,"secondary_juvenile_period, 1",NA
"Tricoryne simplex","3577","Keith 1991","surv5",NA,40.5,21,60,"plant_longevity, 21-60",NA
"Utricularia dichotoma","3507","Keith 1991","repr3a",NA,1,NA,NA,"secondary_juvenile_period, 1",NA
"Viminaria juncea","3105","Keith 1991","surv5",NA,12.5,5,20,"plant_longevity, 5-20",NA
"Viola sieberiana","11190","Keith 1991","surv5",NA,40.5,21,60,"plant_longevity, 21-60",NA
"Xanthorrhoea resinosa","6321","Keith 1991","repr3a",NA,1,NA,NA,"secondary_juvenile_period, 1",NA
"Xanthorrhoea resinosa","6321","Keith 1991","surv5",NA,60,60,NA,"plant_longevity, >60",NA
"Xanthosia dissecta","1161","Keith 1991","repr3",NA,2,NA,NA,"primary_juvenile_period, 2",NA
"Xanthosia dissecta","1161","Keith 1991","repr3a",NA,1,NA,NA,"secondary_juvenile_period, 1",NA
"Xanthosia dissecta","1161","Keith 1991","surv5",NA,12.5,5,20,"plant_longevity, 5-20",NA
"Xanthosia tridentata","1163","Keith 1991","repr3",NA,4,NA,NA,"primary_juvenile_period, 4",NA
"Xanthosia tridentata","1163","Keith 1991","surv5",NA,12.5,5,20,"plant_longevity, 5-20",NA
"Xyris juncea","6323","Keith 1991","repr3a",NA,1,NA,NA,"secondary_juvenile_period, 1",NA
"Xyris operculata","6324","Keith 1991","repr3a",NA,1,NA,NA,"secondary_juvenile_period, 1",NA
"Xyris ustulata","6325","Keith 1991","repr3a",NA,1,NA,NA,"secondary_juvenile_period, 1",NA
"Machaerina acuta","15318","Keith 1991","repr3a",NA,1,NA,NA,"secondary_juvenile_period, 1",NA
"Machaerina rubiginosa","15327","Keith 1991","repr3a",NA,2,NA,NA,"secondary_juvenile_period, 2",NA
"Machaerina teretifolia","15328","Keith 1991","repr3a",NA,1,NA,NA,"secondary_juvenile_period, 1",NA
"Darwinia fascicularis subsp. fascicularis","6508","Keith 1991","surv5",NA,40.5,21,60,"plant_longevity, 21-60",NA
"Drosera spatulata","2561","Keith 1991","repr3a",NA,1,NA,NA,"secondary_juvenile_period, 1",NA
"Drosera spatulata","2561","Keith 1991","surv5",NA,40.5,21,60,"plant_longevity, 21-60",NA
"Corymbia gummifera","9687","Keith 1991","surv5",NA,60,60,NA,"plant_longevity, >60",NA
"Euphrasia collina subsp. speciosa","7739","Keith 1991","surv5",NA,12.5,5,20,"plant_longevity, 5-20",NA
"Gonocarpus micranthus subsp. micranthus","8649","Keith 1991","repr3",NA,1,NA,NA,"primary_juvenile_period, 1",NA
"Gonocarpus micranthus subsp. micranthus","8649","Keith 1991","surv5",NA,3,1,5,"plant_longevity, 1-5",NA
"Grevillea parviflora","5389","Keith 1991","surv5",NA,40.5,21,60,"plant_longevity, 21-60",NA
"Leptospermum squarrosum","4239","Keith 1991","surv5",NA,40.5,21,60,"plant_longevity, 21-60",NA
"Lomandra filiformis subsp. filiformis","7931","Keith 1991","repr3a",NA,1,NA,NA,"secondary_juvenile_period, 1",NA
"Leionema diosmeum","10728","Keith 1991","surv5",NA,40.5,21,60,"plant_longevity, 21-60",NA
"Pimelea linifolia subsp. linifolia","6814","Keith 1991","repr3",NA,2,NA,NA,"primary_juvenile_period, 2",NA
"Pimelea linifolia subsp. linifolia","6814","Keith 1991","surv5",NA,12.5,5,20,"plant_longevity, 5-20",NA
"Ptilothrix deusta","8956","Keith 1991","repr3a",NA,1,NA,NA,"secondary_juvenile_period, 1",NA
"Pultenaea tuberculata","11386","Keith 1991","repr3a",NA,2,NA,NA,"secondary_juvenile_period, 2",NA
"Pultenaea tuberculata","11386","Keith 1991","surv5",NA,60,60,NA,"plant_longevity, >60",NA
"Eurychorda complanata","10615","Keith 1991","repr3a",NA,1,NA,NA,"secondary_juvenile_period, 1",NA
"Schoenus brevifolius","2492","Keith 1991","repr3a",NA,1,NA,NA,"secondary_juvenile_period, 1",NA
"Schoenus lepidosperma subsp. pachylepis","9057","Keith 1991","repr3a",NA,1,NA,NA,"secondary_juvenile_period, 1",NA
"Senecio bathurstianus","11809","Keith 1991","surv5",NA,12.5,5,20,"plant_longevity, 5-20",NA
"Sphaerolobium vimineum","3033","Keith 1991","repr3",NA,1,NA,NA,"primary_juvenile_period, 1",NA
"Sphaerolobium vimineum","3033","Keith 1991","surv5",NA,12.5,5,20,"plant_longevity, 5-20",NA
"Thysanotus juncifolius","3572","Keith 1991","repr3a",NA,1,NA,NA,"secondary_juvenile_period, 1",NA
"Thysanotus juncifolius","3572","Keith 1991","surv5",NA,40.5,21,60,"plant_longevity, 21-60",NA
"Liparophyllum exaltatum","14804","Keith 1991","repr3a",NA,1,NA,NA,"secondary_juvenile_period, 1",NA
"Xyris bracteata","11035","Keith 1991","repr3a",NA,1,NA,NA,"secondary_juvenile_period, 1",NA
"Patersonia spp.","PATE","Keith 1991","repr3a",NA,1,NA,NA,"secondary_juvenile_period, 1",NA
"Acacia longifolia","3816","Keith 1991","surv1","None",NA,NA,NA,"vegetative_recovery, obligate seeder",NA
"Acacia longifolia","3816","Keith 1991","germ1","Soil-persistent",NA,NA,NA,"propagule_storage, soil",NA
"Acacia longifolia","3816","Keith 1991","repr2","Negligible",NA,NA,NA,"fruit_production, no pulse",NA
"Acacia myrtifolia","3834","Keith 1991","surv1","None",NA,NA,NA,"vegetative_recovery, obligate seeder",NA
"Acacia myrtifolia","3834","Keith 1991","germ1","Soil-persistent",NA,NA,NA,"propagule_storage, soil",NA
"Acacia myrtifolia","3834","Keith 1991","repr2","Negligible",NA,NA,NA,"fruit_production, no pulse",NA
"Acacia rubida","3869","Keith 1991","surv1","Few",NA,NA,NA,"vegetative_recovery, obligate seeder",NA
"Acacia rubida","3869","Keith 1991","germ1","Soil-persistent",NA,NA,NA,"propagule_storage, soil",NA
"Acacia rubida","3869","Keith 1991","repr2","Negligible",NA,NA,NA,"fruit_production, no pulse",NA
"Acacia suaveolens","3881","Keith 1991","surv1","None",NA,NA,NA,"vegetative_recovery, obligate seeder",NA
"Acacia suaveolens","3881","Keith 1991","germ1","Soil-persistent",NA,NA,NA,"propagule_storage, soil",NA
"Acacia suaveolens","3881","Keith 1991","repr2","Facultative",NA,NA,NA,"fruit_production, facultative pulse in first 2-3 postfire reproductive seasons",NA
"Acacia terminalis","3885","Keith 1991","surv1","None",NA,NA,NA,"vegetative_recovery, obligate seeder",NA
"Acacia terminalis","3885","Keith 1991","germ1","Soil-persistent",NA,NA,NA,"propagule_storage, soil",NA
"Acacia terminalis","3885","Keith 1991","repr2","Negligible",NA,NA,NA,"fruit_production, no pulse",NA
"Actinotus minor","1095","Keith 1991","surv1","None",NA,NA,NA,"vegetative_recovery, obligate seeder",NA
"Actinotus minor","1095","Keith 1991","germ1","Soil-persistent",NA,NA,NA,"propagule_storage, soil",NA
"Actinotus minor","1095","Keith 1991","repr2","Negligible",NA,NA,NA,"fruit_production, no pulse",NA
"Allocasuarina paludosa","2015","Keith 1991","germ1","Canopy",NA,NA,NA,"propagule_storage, canopy",NA
"Allocasuarina paludosa","2015","Keith 1991","repr2","Negligible",NA,NA,NA,"fruit_production, no pulse",NA
"Almaleea paludosa","8364","Keith 1991","surv1","None",NA,NA,NA,"vegetative_recovery, obligate seeder",NA
"Almaleea paludosa","8364","Keith 1991","germ1","Soil-persistent",NA,NA,NA,"propagule_storage, soil",NA
"Almaleea paludosa","8364","Keith 1991","repr2","Negligible",NA,NA,NA,"fruit_production, no pulse",NA
"Aotus ericoides","2770","Keith 1991","germ1","Soil-persistent",NA,NA,NA,"propagule_storage, soil",NA
"Aotus ericoides","2770","Keith 1991","repr2","Negligible",NA,NA,NA,"fruit_production, no pulse",NA
"Aristida warburgii","4774","Keith 1991","repr2","Negligible",NA,NA,NA,"fruit_production, no pulse",NA
"Baeckea brevifolia","3986","Keith 1991","surv1","None",NA,NA,NA,"vegetative_recovery, obligate seeder",NA
"Baeckea brevifolia","3986","Keith 1991","germ1","Soil-persistent",NA,NA,NA,"propagule_storage, soil",NA
"Baeckea brevifolia","3986","Keith 1991","repr2","Negligible",NA,NA,NA,"fruit_production, no pulse",NA
"Baeckea imbricata","3995","Keith 1991","germ1","Soil-persistent",NA,NA,NA,"propagule_storage, soil",NA
"Baeckea imbricata","3995","Keith 1991","repr2","Negligible",NA,NA,NA,"fruit_production, no pulse",NA
"Baeckea linifolia","3997","Keith 1991","germ1","Soil-persistent",NA,NA,NA,"propagule_storage, soil",NA
"Baeckea linifolia","3997","Keith 1991","repr2","Negligible",NA,NA,NA,"fruit_production, no pulse",NA
"Banksia ericifolia","5342","Keith 1991","surv1","None",NA,NA,NA,"vegetative_recovery, obligate seeder",NA
"Banksia ericifolia","5342","Keith 1991","germ1","Canopy",NA,NA,NA,"propagule_storage, canopy",NA
"Banksia ericifolia","5342","Keith 1991","repr2","Negligible",NA,NA,NA,"fruit_production, no pulse",NA
"Banksia oblongifolia","5345","Keith 1991","germ1","Canopy",NA,NA,NA,"propagule_storage, canopy",NA
"Banksia oblongifolia","5345","Keith 1991","repr2","Negligible",NA,NA,NA,"fruit_production, no pulse",NA
"Banksia paludosa","5346","Keith 1991","germ1","Canopy",NA,NA,NA,"propagule_storage, canopy",NA
"Banksia paludosa","5346","Keith 1991","repr2","Negligible",NA,NA,NA,"fruit_production, no pulse",NA
"Banksia robur","5347","Keith 1991","germ1","Canopy",NA,NA,NA,"propagule_storage, canopy",NA
"Banksia robur","5347","Keith 1991","repr2","Negligible",NA,NA,NA,"fruit_production, no pulse",NA
"Bauera microphylla","7219","Keith 1991","germ1","Soil-persistent",NA,NA,NA,"propagule_storage, soil",NA
"Bauera microphylla","7219","Keith 1991","repr2","Negligible",NA,NA,NA,"fruit_production, no pulse",NA
"Blandfordia nobilis","3529","Keith 1991","germ1","Non-canopy",NA,NA,NA,"propagule_storage, no storage",NA
"Blandfordia nobilis","3529","Keith 1991","repr2","Exclusive",NA,NA,NA,"fruit_production, exclusive pulse in first 2-3 postfire reproductive seasons",NA
"Blechnum nudum","8058","Keith 1991","germ1","Non-canopy",NA,NA,NA,"propagule_storage, no storage",NA
"Blechnum nudum","8058","Keith 1991","repr2","Negligible",NA,NA,NA,"fruit_production, no pulse",NA
"Boronia parviflora","5749","Keith 1991","germ1","Soil-persistent",NA,NA,NA,"propagule_storage, soil",NA
"Boronia parviflora","5749","Keith 1991","repr2","Negligible",NA,NA,NA,"fruit_production, no pulse",NA
"Brunoniella pumilio","1004","Keith 1991","repr2","Facultative",NA,NA,NA,"fruit_production, facultative pulse in first 2-3 postfire reproductive seasons",NA
"Burchardia umbellata","3533","Keith 1991","germ1","Non-canopy",NA,NA,NA,"propagule_storage, no storage",NA
"Burchardia umbellata","3533","Keith 1991","repr2","Facultative",NA,NA,NA,"fruit_production, facultative pulse in first 2-3 postfire reproductive seasons",NA
"Caesia parviflora","3535","Keith 1991","germ1","Non-canopy",NA,NA,NA,"propagule_storage, no storage",NA
"Caesia parviflora","3535","Keith 1991","repr2","Facultative",NA,NA,NA,"fruit_production, facultative pulse in first 2-3 postfire reproductive seasons",NA
"Callistemon citrinus","4004","Keith 1991","germ1","Canopy",NA,NA,NA,"propagule_storage, canopy",NA
"Callistemon citrinus","4004","Keith 1991","repr2","Negligible",NA,NA,NA,"fruit_production, no pulse",NA
"Cassytha glabella","3467","Keith 1991","surv1","None",NA,NA,NA,"vegetative_recovery, obligate seeder",NA
"Cassytha glabella","3467","Keith 1991","germ1","Soil-persistent",NA,NA,NA,"propagule_storage, soil",NA
"Cassytha glabella","3467","Keith 1991","repr2","Negligible",NA,NA,NA,"fruit_production, no pulse",NA
"Chorizandra cymbaria","2344","Keith 1991","repr2","Exclusive",NA,NA,NA,"fruit_production, exclusive pulse in first 2-3 postfire reproductive seasons",NA
"Chorizandra sphaerocephala","2345","Keith 1991","repr2","Exclusive",NA,NA,NA,"fruit_production, exclusive pulse in first 2-3 postfire reproductive seasons",NA
"Comesperma defoliatum","5252","Keith 1991","germ1","Soil-persistent",NA,NA,NA,"propagule_storage, soil",NA
"Comesperma defoliatum","5252","Keith 1991","repr2","Negligible",NA,NA,NA,"fruit_production, no pulse",NA
"Comesperma retusum","5255","Keith 1991","germ1","Soil-persistent",NA,NA,NA,"propagule_storage, soil",NA
"Comesperma retusum","5255","Keith 1991","repr2","Negligible",NA,NA,NA,"fruit_production, no pulse",NA
"Conospermum ellipticum","9136","Keith 1991","germ1","Soil-persistent",NA,NA,NA,"propagule_storage, soil",NA
"Conospermum ellipticum","9136","Keith 1991","repr2","Negligible",NA,NA,NA,"fruit_production, no pulse",NA
"Conospermum taxifolium","5352","Keith 1991","germ1","Soil-persistent",NA,NA,NA,"propagule_storage, soil",NA
"Conospermum taxifolium","5352","Keith 1991","repr2","Negligible",NA,NA,NA,"fruit_production, no pulse",NA
"Corybas fordhamii","4408","Keith 1991","germ1","Non-canopy",NA,NA,NA,"propagule_storage, no storage",NA
"Corybas fordhamii","4408","Keith 1991","repr2","Facultative",NA,NA,NA,"fruit_production, facultative pulse in first 2-3 postfire reproductive seasons",NA
"Cryptandra ericoides","5556","Keith 1991","surv1","None",NA,NA,NA,"vegetative_recovery, obligate seeder",NA
"Cryptandra ericoides","5556","Keith 1991","germ1","Soil-persistent",NA,NA,NA,"propagule_storage, soil",NA
"Cryptandra ericoides","5556","Keith 1991","repr2","Negligible",NA,NA,NA,"fruit_production, no pulse",NA
"Cryptostylis subulata","4417","Keith 1991","germ1","Non-canopy",NA,NA,NA,"propagule_storage, no storage",NA
"Cryptostylis subulata","4417","Keith 1991","repr2","Negligible",NA,NA,NA,"fruit_production, no pulse",NA
"Cyathochaeta diandra","2347","Keith 1991","repr2","Exclusive",NA,NA,NA,"fruit_production, exclusive pulse in first 2-3 postfire reproductive seasons",NA
"Dampiera stricta","3174","Keith 1991","germ1","Soil-persistent",NA,NA,NA,"propagule_storage, soil",NA
"Dampiera stricta","3174","Keith 1991","repr2","Negligible",NA,NA,NA,"fruit_production, no pulse",NA
"Darwinia grandiflora","4029","Keith 1991","germ1","Soil-persistent",NA,NA,NA,"propagule_storage, soil",NA
"Darwinia grandiflora","4029","Keith 1991","repr2","Negligible",NA,NA,NA,"fruit_production, no pulse",NA
"Deyeuxia decipiens","4881","Keith 1991","repr2","Exclusive",NA,NA,NA,"fruit_production, exclusive pulse in first 2-3 postfire reproductive seasons",NA
"Deyeuxia quadriseta","4891","Keith 1991","germ1","Soil-persistent",NA,NA,NA,"propagule_storage, soil",NA
"Deyeuxia quadriseta","4891","Keith 1991","repr2","Facultative",NA,NA,NA,"fruit_production, facultative pulse in first 2-3 postfire reproductive seasons",NA
"Dillwynia floribunda","2843","Keith 1991","surv1","None",NA,NA,NA,"vegetative_recovery, obligate seeder",NA
"Dillwynia floribunda","2843","Keith 1991","germ1","Soil-persistent",NA,NA,NA,"propagule_storage, soil",NA
"Dillwynia floribunda","2843","Keith 1991","repr2","Negligible",NA,NA,NA,"fruit_production, no pulse",NA
"Drosera binata","2557","Keith 1991","germ1","Non-canopy",NA,NA,NA,"propagule_storage, no storage",NA
"Drosera binata","2557","Keith 1991","repr2","Exclusive",NA,NA,NA,"fruit_production, exclusive pulse in first 2-3 postfire reproductive seasons",NA
"Drosera peltata","2559","Keith 1991","germ1","Non-canopy",NA,NA,NA,"propagule_storage, no storage",NA
"Drosera peltata","2559","Keith 1991","repr2","Negligible",NA,NA,NA,"fruit_production, no pulse",NA
"Drosera pygmaea","2560","Keith 1991","germ1","Non-canopy",NA,NA,NA,"propagule_storage, no storage",NA
"Drosera pygmaea","2560","Keith 1991","repr2","Negligible",NA,NA,NA,"fruit_production, no pulse",NA
"Eleocharis sphacelata","6988","Keith 1991","repr2","Facultative",NA,NA,NA,"fruit_production, facultative pulse in first 2-3 postfire reproductive seasons",NA
"Empodisma minus","5532","Keith 1991","repr2","Negligible",NA,NA,NA,"fruit_production, no pulse",NA
"Entolasia stricta","4947","Keith 1991","repr2","Negligible",NA,NA,NA,"fruit_production, no pulse",NA
"Epacris microphylla","2599","Keith 1991","surv1","None",NA,NA,NA,"vegetative_recovery, obligate seeder",NA
"Epacris microphylla","2599","Keith 1991","germ1","Soil-persistent",NA,NA,NA,"propagule_storage, soil",NA
"Epacris microphylla","2599","Keith 1991","repr2","Negligible",NA,NA,NA,"fruit_production, no pulse",NA
"Epacris obtusifolia","2602","Keith 1991","surv1","None",NA,NA,NA,"vegetative_recovery, obligate seeder",NA
"Epacris obtusifolia","2602","Keith 1991","germ1","Soil-persistent",NA,NA,NA,"propagule_storage, soil",NA
"Epacris obtusifolia","2602","Keith 1991","repr2","Negligible",NA,NA,NA,"fruit_production, no pulse",NA
"Epacris paludosa","2603","Keith 1991","germ1","Soil-persistent",NA,NA,NA,"propagule_storage, soil",NA
"Epacris paludosa","2603","Keith 1991","repr2","Negligible",NA,NA,NA,"fruit_production, no pulse",NA
"Eriachne glabrata","4979","Keith 1991","repr2","Negligible",NA,NA,NA,"fruit_production, no pulse",NA
"Eucalyptus haemastoma","4104","Keith 1991","germ1","Canopy",NA,NA,NA,"propagule_storage, canopy",NA
"Eucalyptus haemastoma","4104","Keith 1991","repr2","Negligible",NA,NA,NA,"fruit_production, no pulse",NA
"Gahnia sieberiana","2442","Keith 1991","germ1","Soil-persistent",NA,NA,NA,"propagule_storage, soil",NA
"Gahnia sieberiana","2442","Keith 1991","repr2","Facultative",NA,NA,NA,"fruit_production, facultative pulse in first 2-3 postfire reproductive seasons",NA
"Gleichenia dicarpa","7138","Keith 1991","germ1","Non-canopy",NA,NA,NA,"propagule_storage, no storage",NA
"Gleichenia dicarpa","7138","Keith 1991","repr2","Negligible",NA,NA,NA,"fruit_production, no pulse",NA
"Gleichenia microphylla","6708","Keith 1991","germ1","Non-canopy",NA,NA,NA,"propagule_storage, no storage",NA
"Gleichenia microphylla","6708","Keith 1991","repr2","Negligible",NA,NA,NA,"fruit_production, no pulse",NA
"Glossodia minor","4466","Keith 1991","germ1","Non-canopy",NA,NA,NA,"propagule_storage, no storage",NA
"Glossodia minor","4466","Keith 1991","repr2","Facultative",NA,NA,NA,"fruit_production, facultative pulse in first 2-3 postfire reproductive seasons",NA
"Gonocarpus salsoloides","3246","Keith 1991","surv1","None",NA,NA,NA,"vegetative_recovery, obligate seeder",NA
"Gonocarpus salsoloides","3246","Keith 1991","germ1","Soil-persistent",NA,NA,NA,"propagule_storage, soil",NA
"Gonocarpus salsoloides","3246","Keith 1991","repr2","Facultative",NA,NA,NA,"fruit_production, facultative pulse in first 2-3 postfire reproductive seasons",NA
"Gonocarpus tetragynus","3247","Keith 1991","germ1","Soil-persistent",NA,NA,NA,"propagule_storage, soil",NA
"Gonocarpus tetragynus","3247","Keith 1991","repr2","Negligible",NA,NA,NA,"fruit_production, no pulse",NA
"Gonocarpus teucrioides","3248","Keith 1991","surv1","None",NA,NA,NA,"vegetative_recovery, obligate seeder",NA
"Gonocarpus teucrioides","3248","Keith 1991","germ1","Soil-persistent",NA,NA,NA,"propagule_storage, soil",NA
"Gonocarpus teucrioides","3248","Keith 1991","repr2","Negligible",NA,NA,NA,"fruit_production, no pulse",NA
"Goodenia bellidifolia","3175","Keith 1991","germ1","Soil-persistent",NA,NA,NA,"propagule_storage, soil",NA
"Goodenia bellidifolia","3175","Keith 1991","repr2","Facultative",NA,NA,NA,"fruit_production, facultative pulse in first 2-3 postfire reproductive seasons",NA
"Goodenia dimorpha","3179","Keith 1991","germ1","Soil-persistent",NA,NA,NA,"propagule_storage, soil",NA
"Goodenia dimorpha","3179","Keith 1991","repr2","Facultative",NA,NA,NA,"fruit_production, facultative pulse in first 2-3 postfire reproductive seasons",NA
"Grevillea oleoides","5388","Keith 1991","germ1","Soil-persistent",NA,NA,NA,"propagule_storage, soil",NA
"Grevillea oleoides","5388","Keith 1991","repr2","Negligible",NA,NA,NA,"fruit_production, no pulse",NA
"Gymnoschoenus sphaerocephalus","2445","Keith 1991","repr2","Negligible",NA,NA,NA,"fruit_production, no pulse",NA
"Haemodorum corymbosum","6435","Keith 1991","germ1","Non-canopy",NA,NA,NA,"propagule_storage, no storage",NA
"Haemodorum corymbosum","6435","Keith 1991","repr2","Facultative",NA,NA,NA,"fruit_production, facultative pulse in first 2-3 postfire reproductive seasons",NA
"Hakea dactyloides","5409","Keith 1991","germ1","Canopy",NA,NA,NA,"propagule_storage, canopy",NA
"Hakea dactyloides","5409","Keith 1991","repr2","Negligible",NA,NA,NA,"fruit_production, no pulse",NA
"Hakea teretifolia","5427","Keith 1991","germ1","Canopy",NA,NA,NA,"propagule_storage, canopy",NA
"Hakea teretifolia","5427","Keith 1991","repr2","Negligible",NA,NA,NA,"fruit_production, no pulse",NA
"Hakea teretifolia","5427","Keith 1991","surv1","None",NA,NA,NA,"vegetative_recovery, obligate seeder",NA
"Hemarthria uncinata","5001","Keith 1991","repr2","Facultative",NA,NA,NA,"fruit_production, facultative pulse in first 2-3 postfire reproductive seasons",NA
"Hibbertia riparia","2545","Keith 1991","germ1","Soil-persistent",NA,NA,NA,"propagule_storage, soil",NA
"Hibbertia riparia","2545","Keith 1991","repr2","Negligible",NA,NA,NA,"fruit_production, no pulse",NA
"Hibbertia serpyllifolia","2550","Keith 1991","germ1","Soil-persistent",NA,NA,NA,"propagule_storage, soil",NA
"Hibbertia serpyllifolia","2550","Keith 1991","repr2","Negligible",NA,NA,NA,"fruit_production, no pulse",NA
"Hypericum gramineum","7240","Keith 1991","repr2","Facultative",NA,NA,NA,"fruit_production, facultative pulse in first 2-3 postfire reproductive seasons",NA
"Hypoxis hygrometrica","3553","Keith 1991","repr2","Facultative",NA,NA,NA,"fruit_production, facultative pulse in first 2-3 postfire reproductive seasons",NA
"Hypolaena fastigiata","5533","Keith 1991","repr2","Negligible",NA,NA,NA,"fruit_production, no pulse",NA
"Isopogon anemonifolius","5433","Keith 1991","germ1","Canopy",NA,NA,NA,"propagule_storage, canopy",NA
"Isopogon anemonifolius","5433","Keith 1991","repr2","Negligible",NA,NA,NA,"fruit_production, no pulse",NA
"Juncus planifolius","3340","Keith 1991","germ1","Non-canopy",NA,NA,NA,"propagule_storage, no storage",NA
"Juncus planifolius","3340","Keith 1991","repr2","Negligible",NA,NA,NA,"fruit_production, no pulse",NA
"Kunzea capitata","4207","Keith 1991","germ1","Soil-persistent",NA,NA,NA,"propagule_storage, soil",NA
"Kunzea capitata","4207","Keith 1991","repr2","Negligible",NA,NA,NA,"fruit_production, no pulse",NA
"Lambertia formosa","5440","Keith 1991","germ1","Canopy",NA,NA,NA,"propagule_storage, canopy",NA
"Lambertia formosa","5440","Keith 1991","repr2","Facultative",NA,NA,NA,"fruit_production, facultative pulse in first 2-3 postfire reproductive seasons",NA
"Lepidosperma filiforme","2465","Keith 1991","repr2","Negligible",NA,NA,NA,"fruit_production, no pulse",NA
"Lepidosperma forsythii","2467","Keith 1991","repr2","Facultative",NA,NA,NA,"fruit_production, facultative pulse in first 2-3 postfire reproductive seasons",NA
"Lepidosperma limicola","2469","Keith 1991","repr2","Facultative",NA,NA,NA,"fruit_production, facultative pulse in first 2-3 postfire reproductive seasons",NA
"Lepidosperma neesii","2471","Keith 1991","repr2","Facultative",NA,NA,NA,"fruit_production, facultative pulse in first 2-3 postfire reproductive seasons",NA
"Leptomeria acida","5865","Keith 1991","surv1","None",NA,NA,NA,"vegetative_recovery, obligate seeder",NA
"Leptomeria acida","5865","Keith 1991","repr2","Negligible",NA,NA,NA,"fruit_production, no pulse",NA
"Leptospermum arachnoides","4213","Keith 1991","germ1","Canopy",NA,NA,NA,"propagule_storage, canopy",NA
"Leptospermum arachnoides","4213","Keith 1991","repr2","Negligible",NA,NA,NA,"fruit_production, no pulse",NA
"Leptospermum continentale","7970","Keith 1991","germ1","Canopy",NA,NA,NA,"propagule_storage, canopy",NA
"Leptospermum continentale","7970","Keith 1991","repr2","Negligible",NA,NA,NA,"fruit_production, no pulse",NA
"Leptospermum grandifolium","7766","Keith 1991","germ1","Canopy",NA,NA,NA,"propagule_storage, canopy",NA
"Leptospermum grandifolium","7766","Keith 1991","repr2","Negligible",NA,NA,NA,"fruit_production, no pulse",NA
"Leptospermum juniperinum","4221","Keith 1991","germ1","Canopy",NA,NA,NA,"propagule_storage, canopy",NA
"Leptospermum juniperinum","4221","Keith 1991","repr2","Negligible",NA,NA,NA,"fruit_production, no pulse",NA
"Leptospermum polygalifolium","7245","Keith 1991","germ1","Canopy",NA,NA,NA,"propagule_storage, canopy",NA
"Leptospermum polygalifolium","7245","Keith 1991","repr2","Negligible",NA,NA,NA,"fruit_production, no pulse",NA
"Leptospermum trinervium","8486","Keith 1991","germ1","Non-canopy",NA,NA,NA,"propagule_storage, no storage",NA
"Leptospermum trinervium","8486","Keith 1991","repr2","Facultative",NA,NA,NA,"fruit_production, facultative pulse in first 2-3 postfire reproductive seasons",NA
"Leptocarpus tenax","5534","Keith 1991","germ1","Soil-persistent",NA,NA,NA,"propagule_storage, soil",NA
"Leptocarpus tenax","5534","Keith 1991","repr2","Negligible",NA,NA,NA,"fruit_production, no pulse",NA
"Lepyrodia anarthria","5535","Keith 1991","germ1","Soil-persistent",NA,NA,NA,"propagule_storage, soil",NA
"Lepyrodia anarthria","5535","Keith 1991","repr2","Facultative",NA,NA,NA,"fruit_production, facultative pulse in first 2-3 postfire reproductive seasons",NA
"Lepyrodia scariosa","5541","Keith 1991","germ1","Soil-persistent",NA,NA,NA,"propagule_storage, soil",NA
"Lepyrodia scariosa","5541","Keith 1991","repr2","Facultative",NA,NA,NA,"fruit_production, facultative pulse in first 2-3 postfire reproductive seasons",NA
"Leucopogon esquamatus","2617","Keith 1991","surv1","None",NA,NA,NA,"vegetative_recovery, obligate seeder",NA
"Leucopogon esquamatus","2617","Keith 1991","germ1","Soil-persistent",NA,NA,NA,"propagule_storage, soil",NA
"Leucopogon esquamatus","2617","Keith 1991","repr2","Negligible",NA,NA,NA,"fruit_production, no pulse",NA
"Leucopogon microphyllus","2629","Keith 1991","surv1","None",NA,NA,NA,"vegetative_recovery, obligate seeder",NA
"Leucopogon microphyllus","2629","Keith 1991","germ1","Soil-persistent",NA,NA,NA,"propagule_storage, soil",NA
"Leucopogon microphyllus","2629","Keith 1991","repr2","Negligible",NA,NA,NA,"fruit_production, no pulse",NA
"Lindsaea linearis","6406","Keith 1991","germ1","Non-canopy",NA,NA,NA,"propagule_storage, no storage",NA
"Lindsaea linearis","6406","Keith 1991","repr2","Negligible",NA,NA,NA,"fruit_production, no pulse",NA
"Lomandra cylindrica","6298","Keith 1991","germ1","Soil-persistent",NA,NA,NA,"propagule_storage, soil",NA
"Lomandra cylindrica","6298","Keith 1991","repr2","Facultative",NA,NA,NA,"fruit_production, facultative pulse in first 2-3 postfire reproductive seasons",NA
"Lomandra obliqua","6312","Keith 1991","germ1","Soil-persistent",NA,NA,NA,"propagule_storage, soil",NA
"Lomandra obliqua","6312","Keith 1991","repr2","Facultative",NA,NA,NA,"fruit_production, facultative pulse in first 2-3 postfire reproductive seasons",NA
"Lomatia silaifolia","5445","Keith 1991","germ1","Non-canopy",NA,NA,NA,"propagule_storage, no storage",NA
"Lomatia silaifolia","5445","Keith 1991","repr2","Exclusive",NA,NA,NA,"fruit_production, exclusive pulse in first 2-3 postfire reproductive seasons",NA
"Melaleuca linariifolia","4257","Keith 1991","germ1","Canopy",NA,NA,NA,"propagule_storage, canopy",NA
"Melaleuca linariifolia","4257","Keith 1991","repr2","Negligible",NA,NA,NA,"fruit_production, no pulse",NA
"Melaleuca squamea","4262","Keith 1991","surv1","None",NA,NA,NA,"vegetative_recovery, obligate seeder",NA
"Melaleuca squamea","4262","Keith 1991","germ1","Canopy",NA,NA,NA,"propagule_storage, canopy",NA
"Melaleuca squamea","4262","Keith 1991","repr2","Negligible",NA,NA,NA,"fruit_production, no pulse",NA
"Melaleuca squarrosa","4263","Keith 1991","germ1","Canopy",NA,NA,NA,"propagule_storage, canopy",NA
"Melaleuca squarrosa","4263","Keith 1991","repr2","Negligible",NA,NA,NA,"fruit_production, no pulse",NA
"Melaleuca thymifolia","4266","Keith 1991","germ1","Canopy",NA,NA,NA,"propagule_storage, canopy",NA
"Melaleuca thymifolia","4266","Keith 1991","repr2","Negligible",NA,NA,NA,"fruit_production, no pulse",NA
"Microlaena stipoides var. stipoides","7707","Keith 1991","repr2","Facultative",NA,NA,NA,"fruit_production, facultative pulse in first 2-3 postfire reproductive seasons",NA
"Mirbelia rubiifolia","2938","Keith 1991","surv1","None",NA,NA,NA,"vegetative_recovery, obligate seeder",NA
"Mirbelia rubiifolia","2938","Keith 1991","germ1","Soil-persistent",NA,NA,NA,"propagule_storage, soil",NA
"Mirbelia rubiifolia","2938","Keith 1991","repr2","Negligible",NA,NA,NA,"fruit_production, no pulse",NA
"Mirbelia speciosa","2939","Keith 1991","surv1","None",NA,NA,NA,"vegetative_recovery, obligate seeder",NA
"Mirbelia speciosa","2939","Keith 1991","germ1","Soil-persistent",NA,NA,NA,"propagule_storage, soil",NA
"Mirbelia speciosa","2939","Keith 1991","repr2","Negligible",NA,NA,NA,"fruit_production, no pulse",NA
"Mitrasacme paludosa","3592","Keith 1991","surv1","None",NA,NA,NA,"vegetative_recovery, obligate seeder",NA
"Mitrasacme paludosa","3592","Keith 1991","germ1","Soil-persistent",NA,NA,NA,"propagule_storage, soil",NA
"Mitrasacme paludosa","3592","Keith 1991","repr2","Negligible",NA,NA,NA,"fruit_production, no pulse",NA
"Mitrasacme polymorpha","3595","Keith 1991","germ1","Soil-persistent",NA,NA,NA,"propagule_storage, soil",NA
"Mitrasacme polymorpha","3595","Keith 1991","repr2","Negligible",NA,NA,NA,"fruit_production, no pulse",NA
"Monotaxis linifolia","2738","Keith 1991","repr2","Negligible",NA,NA,NA,"fruit_production, no pulse",NA
"Opercularia varia","5701","Keith 1991","surv1","None",NA,NA,NA,"vegetative_recovery, obligate seeder",NA
"Opercularia varia","5701","Keith 1991","germ1","Soil-persistent",NA,NA,NA,"propagule_storage, soil",NA
"Opercularia varia","5701","Keith 1991","repr2","Negligible",NA,NA,NA,"fruit_production, no pulse",NA
"Orthoceras strictum","4476","Keith 1991","germ1","Non-canopy",NA,NA,NA,"propagule_storage, no storage",NA
"Orthoceras strictum","4476","Keith 1991","repr2","Facultative",NA,NA,NA,"fruit_production, facultative pulse in first 2-3 postfire reproductive seasons",NA
"Persoonia lanceolata","5460","Keith 1991","surv1","None",NA,NA,NA,"vegetative_recovery, obligate seeder",NA
"Persoonia lanceolata","5460","Keith 1991","germ1","Soil-persistent",NA,NA,NA,"propagule_storage, soil",NA
"Persoonia lanceolata","5460","Keith 1991","repr2","Negligible",NA,NA,NA,"fruit_production, no pulse",NA
"Persoonia levis","5462","Keith 1991","germ1","Soil-persistent",NA,NA,NA,"propagule_storage, soil",NA
"Persoonia levis","5462","Keith 1991","repr2","Negligible",NA,NA,NA,"fruit_production, no pulse",NA
"Persoonia pinifolia","5469","Keith 1991","surv1","None",NA,NA,NA,"vegetative_recovery, obligate seeder",NA
"Persoonia pinifolia","5469","Keith 1991","germ1","Soil-persistent",NA,NA,NA,"propagule_storage, soil",NA
"Persoonia pinifolia","5469","Keith 1991","repr2","Negligible",NA,NA,NA,"fruit_production, no pulse",NA
"Petrophile pulchella","5479","Keith 1991","surv1","None",NA,NA,NA,"vegetative_recovery, obligate seeder",NA
"Petrophile pulchella","5479","Keith 1991","germ1","Canopy",NA,NA,NA,"propagule_storage, canopy",NA
"Petrophile pulchella","5479","Keith 1991","repr2","Negligible",NA,NA,NA,"fruit_production, no pulse",NA
"Phragmites australis","5113","Keith 1991","repr2","Negligible",NA,NA,NA,"fruit_production, no pulse",NA
"Plinthanthesis paradoxa","5117","Keith 1991","repr2","Negligible",NA,NA,NA,"fruit_production, no pulse",NA
"Prasophyllum australe","4491","Keith 1991","germ1","Non-canopy",NA,NA,NA,"propagule_storage, no storage",NA
"Prasophyllum australe","4491","Keith 1991","repr2","Exclusive",NA,NA,NA,"fruit_production, exclusive pulse in first 2-3 postfire reproductive seasons",NA
"Prasophyllum brevilabre","4494","Keith 1991","germ1","Non-canopy",NA,NA,NA,"propagule_storage, no storage",NA
"Prasophyllum brevilabre","4494","Keith 1991","repr2","Exclusive",NA,NA,NA,"fruit_production, exclusive pulse in first 2-3 postfire reproductive seasons",NA
"Prostanthera linearis","3417","Keith 1991","surv1","None",NA,NA,NA,"vegetative_recovery, obligate seeder",NA
"Prostanthera linearis","3417","Keith 1991","repr2","Negligible",NA,NA,NA,"fruit_production, no pulse",NA
"Pseudanthus orientalis","2756","Keith 1991","surv1","None",NA,NA,NA,"vegetative_recovery, obligate seeder",NA
"Pseudanthus orientalis","2756","Keith 1991","repr2","Negligible",NA,NA,NA,"fruit_production, no pulse",NA
"Pteridium esculentum","6403","Keith 1991","germ1","Non-canopy",NA,NA,NA,"propagule_storage, no storage",NA
"Pteridium esculentum","6403","Keith 1991","repr2","Negligible",NA,NA,NA,"fruit_production, no pulse",NA
"Pterostylis parviflora","4566","Keith 1991","germ1","Non-canopy",NA,NA,NA,"propagule_storage, no storage",NA
"Pterostylis parviflora","4566","Keith 1991","repr2","Facultative",NA,NA,NA,"fruit_production, facultative pulse in first 2-3 postfire reproductive seasons",NA
"Pultenaea aristata","2974","Keith 1991","surv1","None",NA,NA,NA,"vegetative_recovery, obligate seeder",NA
"Pultenaea aristata","2974","Keith 1991","germ1","Soil-persistent",NA,NA,NA,"propagule_storage, soil",NA
"Pultenaea aristata","2974","Keith 1991","repr2","Negligible",NA,NA,NA,"fruit_production, no pulse",NA
"Pultenaea divaricata","2987","Keith 1991","germ1","Soil-persistent",NA,NA,NA,"propagule_storage, soil",NA
"Pultenaea divaricata","2987","Keith 1991","repr2","Negligible",NA,NA,NA,"fruit_production, no pulse",NA
"Schizaea bifida","8181","Keith 1991","germ1","Non-canopy",NA,NA,NA,"propagule_storage, no storage",NA
"Schizaea bifida","8181","Keith 1991","repr2","Negligible",NA,NA,NA,"fruit_production, no pulse",NA
"Schoenus ericetorum","2495","Keith 1991","repr2","Negligible",NA,NA,NA,"fruit_production, no pulse",NA
"Schoenus maschalinus","2499","Keith 1991","repr2","Negligible",NA,NA,NA,"fruit_production, no pulse",NA
"Schoenus paludosus","2504","Keith 1991","repr2","Facultative",NA,NA,NA,"fruit_production, facultative pulse in first 2-3 postfire reproductive seasons",NA
"Selaginella uliginosa","8187","Keith 1991","germ1","Non-canopy",NA,NA,NA,"propagule_storage, no storage",NA
"Selaginella uliginosa","8187","Keith 1991","repr2","Negligible",NA,NA,NA,"fruit_production, no pulse",NA
"Sowerbaea juncea","3567","Keith 1991","germ1","Non-canopy",NA,NA,NA,"propagule_storage, no storage",NA
"Sowerbaea juncea","3567","Keith 1991","repr2","Facultative",NA,NA,NA,"fruit_production, facultative pulse in first 2-3 postfire reproductive seasons",NA
"Sprengelia incarnata","2654","Keith 1991","surv1","None",NA,NA,NA,"vegetative_recovery, obligate seeder",NA
"Sprengelia incarnata","2654","Keith 1991","germ1","Soil-persistent",NA,NA,NA,"propagule_storage, soil",NA
"Sprengelia incarnata","2654","Keith 1991","repr2","Negligible",NA,NA,NA,"fruit_production, no pulse",NA
"Stackhousia nuda","6122","Keith 1991","germ1","Soil-persistent",NA,NA,NA,"propagule_storage, soil",NA
"Stackhousia nuda","6122","Keith 1991","repr2","Negligible",NA,NA,NA,"fruit_production, no pulse",NA
"Stylidium lineare","6159","Keith 1991","germ1","Soil-persistent",NA,NA,NA,"propagule_storage, soil",NA
"Stylidium lineare","6159","Keith 1991","repr2","Facultative",NA,NA,NA,"fruit_production, facultative pulse in first 2-3 postfire reproductive seasons",NA
"Symphionema paludosum","5485","Keith 1991","surv1","None",NA,NA,NA,"vegetative_recovery, obligate seeder",NA
"Symphionema paludosum","5485","Keith 1991","germ1","Soil-persistent",NA,NA,NA,"propagule_storage, soil",NA
"Symphionema paludosum","5485","Keith 1991","repr2","Negligible",NA,NA,NA,"fruit_production, no pulse",NA
"Tetraria capillaris","2516","Keith 1991","repr2","Facultative",NA,NA,NA,"fruit_production, facultative pulse in first 2-3 postfire reproductive seasons",NA
"Tetrarrhena turfosa","7993","Keith 1991","repr2","Negligible",NA,NA,NA,"fruit_production, no pulse",NA
"Thelionema caespitosum","7664","Keith 1991","repr2","Negligible",NA,NA,NA,"fruit_production, no pulse",NA
"Thelionema umbellatum","6461","Keith 1991","repr2","Negligible",NA,NA,NA,"fruit_production, no pulse",NA
"Tricostularia pauciflora","2518","Keith 1991","repr2","Negligible",NA,NA,NA,"fruit_production, no pulse",NA
"Tricoryne simplex","3577","Keith 1991","germ1","Non-canopy",NA,NA,NA,"propagule_storage, no storage",NA
"Tricoryne simplex","3577","Keith 1991","repr2","Facultative",NA,NA,NA,"fruit_production, facultative pulse in first 2-3 postfire reproductive seasons",NA
"Utricularia dichotoma","3507","Keith 1991","repr2","Facultative",NA,NA,NA,"fruit_production, facultative pulse in first 2-3 postfire reproductive seasons",NA
"Utricularia lateriflora","3508","Keith 1991","repr2","Facultative",NA,NA,NA,"fruit_production, facultative pulse in first 2-3 postfire reproductive seasons",NA
"Viminaria juncea","3105","Keith 1991","surv1","Few",NA,NA,NA,"vegetative_recovery, obligate seeder",NA
"Viminaria juncea","3105","Keith 1991","germ1","Soil-persistent",NA,NA,NA,"propagule_storage, soil",NA
"Viminaria juncea","3105","Keith 1991","repr2","Negligible",NA,NA,NA,"fruit_production, no pulse",NA
"Viola sieberiana","11190","Keith 1991","germ1","Soil-persistent",NA,NA,NA,"propagule_storage, soil",NA
"Viola sieberiana","11190","Keith 1991","repr2","Negligible",NA,NA,NA,"fruit_production, no pulse",NA
"Xanthorrhoea resinosa","6321","Keith 1991","germ1","Non-canopy",NA,NA,NA,"propagule_storage, no storage",NA
"Xanthorrhoea resinosa","6321","Keith 1991","repr2","Exclusive",NA,NA,NA,"fruit_production, exclusive pulse in first 2-3 postfire reproductive seasons",NA
"Xanthosia dissecta","1161","Keith 1991","germ1","Soil-persistent",NA,NA,NA,"propagule_storage, soil",NA
"Xanthosia dissecta","1161","Keith 1991","repr2","Negligible",NA,NA,NA,"fruit_production, no pulse",NA
"Xanthosia tridentata","1163","Keith 1991","surv1","None",NA,NA,NA,"vegetative_recovery, obligate seeder",NA
"Xanthosia tridentata","1163","Keith 1991","germ1","Soil-persistent",NA,NA,NA,"propagule_storage, soil",NA
"Xanthosia tridentata","1163","Keith 1991","repr2","Negligible",NA,NA,NA,"fruit_production, no pulse",NA
"Xyris juncea","6323","Keith 1991","germ1","Soil-persistent",NA,NA,NA,"propagule_storage, soil",NA
"Xyris juncea","6323","Keith 1991","repr2","Facultative",NA,NA,NA,"fruit_production, facultative pulse in first 2-3 postfire reproductive seasons",NA
"Xyris operculata","6324","Keith 1991","germ1","Soil-persistent",NA,NA,NA,"propagule_storage, soil",NA
"Xyris operculata","6324","Keith 1991","repr2","Facultative",NA,NA,NA,"fruit_production, facultative pulse in first 2-3 postfire reproductive seasons",NA
"Xyris ustulata","6325","Keith 1991","germ1","Soil-persistent",NA,NA,NA,"propagule_storage, soil",NA
"Xyris ustulata","6325","Keith 1991","repr2","Facultative",NA,NA,NA,"fruit_production, facultative pulse in first 2-3 postfire reproductive seasons",NA
"Machaerina acuta","15318","Keith 1991","repr2","Facultative",NA,NA,NA,"fruit_production, facultative pulse in first 2-3 postfire reproductive seasons",NA
"Machaerina rubiginosa","15327","Keith 1991","repr2","Exclusive",NA,NA,NA,"fruit_production, exclusive pulse in first 2-3 postfire reproductive seasons",NA
"Machaerina teretifolia","15328","Keith 1991","repr2","Exclusive",NA,NA,NA,"fruit_production, exclusive pulse in first 2-3 postfire reproductive seasons",NA
"Calochlaena dubia","8341","Keith 1991","germ1","Non-canopy",NA,NA,NA,"propagule_storage, no storage",NA
"Calochlaena dubia","8341","Keith 1991","repr2","Negligible",NA,NA,NA,"fruit_production, no pulse",NA
"Darwinia fascicularis subsp. fascicularis","6508","Keith 1991","surv1","None",NA,NA,NA,"vegetative_recovery, obligate seeder",NA
"Darwinia fascicularis subsp. fascicularis","6508","Keith 1991","germ1","Soil-persistent",NA,NA,NA,"propagule_storage, soil",NA
"Darwinia fascicularis subsp. fascicularis","6508","Keith 1991","repr2","Negligible",NA,NA,NA,"fruit_production, no pulse",NA
"Drosera spatulata","2561","Keith 1991","germ1","Non-canopy",NA,NA,NA,"propagule_storage, no storage",NA
"Drosera spatulata","2561","Keith 1991","repr2","Negligible",NA,NA,NA,"fruit_production, no pulse",NA
"Corymbia gummifera","9687","Keith 1991","germ1","Canopy",NA,NA,NA,"propagule_storage, canopy",NA
"Corymbia gummifera","9687","Keith 1991","repr2","Negligible",NA,NA,NA,"fruit_production, no pulse",NA
"Euphrasia collina subsp. speciosa","7739","Keith 1991","surv1","None",NA,NA,NA,"vegetative_recovery, obligate seeder",NA
"Euphrasia collina subsp. speciosa","7739","Keith 1991","repr2","Negligible",NA,NA,NA,"fruit_production, no pulse",NA
"Gonocarpus micranthus subsp. micranthus","8649","Keith 1991","surv1","None",NA,NA,NA,"vegetative_recovery, obligate seeder",NA
"Gonocarpus micranthus subsp. micranthus","8649","Keith 1991","germ1","Soil-persistent",NA,NA,NA,"propagule_storage, soil",NA
"Gonocarpus micranthus subsp. micranthus","8649","Keith 1991","repr2","Exclusive",NA,NA,NA,"fruit_production, exclusive pulse in first 2-3 postfire reproductive seasons",NA
"Grevillea parviflora","5389","Keith 1991","surv1","None",NA,NA,NA,"vegetative_recovery, obligate seeder",NA
"Grevillea parviflora","5389","Keith 1991","germ1","Soil-persistent",NA,NA,NA,"propagule_storage, soil",NA
"Grevillea parviflora","5389","Keith 1991","repr2","Negligible",NA,NA,NA,"fruit_production, no pulse",NA
"Leptospermum squarrosum","4239","Keith 1991","surv1","None",NA,NA,NA,"vegetative_recovery, obligate seeder",NA
"Leptospermum squarrosum","4239","Keith 1991","germ1","Canopy",NA,NA,NA,"propagule_storage, canopy",NA
"Leptospermum squarrosum","4239","Keith 1991","repr2","Negligible",NA,NA,NA,"fruit_production, no pulse",NA
"Sporadanthus gracilis","10603","Keith 1991","germ1","Soil-persistent",NA,NA,NA,"propagule_storage, soil",NA
"Sporadanthus gracilis","10603","Keith 1991","repr2","Facultative",NA,NA,NA,"fruit_production, facultative pulse in first 2-3 postfire reproductive seasons",NA
"Lomandra filiformis subsp. coriacea","6511","Keith 1991","germ1","Soil-persistent",NA,NA,NA,"propagule_storage, soil",NA
"Lomandra filiformis subsp. coriacea","6511","Keith 1991","repr2","Facultative",NA,NA,NA,"fruit_production, facultative pulse in first 2-3 postfire reproductive seasons",NA
"Lomandra filiformis subsp. filiformis","7931","Keith 1991","germ1","Soil-persistent",NA,NA,NA,"propagule_storage, soil",NA
"Lomandra filiformis subsp. filiformis","7931","Keith 1991","repr2","Facultative",NA,NA,NA,"fruit_production, facultative pulse in first 2-3 postfire reproductive seasons",NA
"Patersonia sericea","3303","Keith 1991","germ1","Non-canopy",NA,NA,NA,"propagule_storage, no storage",NA
"Patersonia sericea","3303","Keith 1991","repr2","Facultative",NA,NA,NA,"fruit_production, facultative pulse in first 2-3 postfire reproductive seasons",NA
"Leionema diosmeum","10728","Keith 1991","surv1","None",NA,NA,NA,"vegetative_recovery, obligate seeder",NA
"Leionema diosmeum","10728","Keith 1991","germ1","Soil-persistent",NA,NA,NA,"propagule_storage, soil",NA
"Leionema diosmeum","10728","Keith 1991","repr2","Negligible",NA,NA,NA,"fruit_production, no pulse",NA
"Pimelea linifolia subsp. linifolia","6814","Keith 1991","surv1","Few",NA,NA,NA,"vegetative_recovery, obligate seeder",NA
"Pimelea linifolia subsp. linifolia","6814","Keith 1991","germ1","Soil-persistent",NA,NA,NA,"propagule_storage, soil",NA
"Pimelea linifolia subsp. linifolia","6814","Keith 1991","repr2","Negligible",NA,NA,NA,"fruit_production, no pulse",NA
"Ptilothrix deusta","8956","Keith 1991","repr2","Exclusive",NA,NA,NA,"fruit_production, exclusive pulse in first 2-3 postfire reproductive seasons",NA
"Pultenaea tuberculata","11386","Keith 1991","germ1","Soil-persistent",NA,NA,NA,"propagule_storage, soil",NA
"Pultenaea tuberculata","11386","Keith 1991","repr2","Negligible",NA,NA,NA,"fruit_production, no pulse",NA
"Eurychorda complanata","10615","Keith 1991","germ1","Soil-persistent",NA,NA,NA,"propagule_storage, soil",NA
"Eurychorda complanata","10615","Keith 1991","repr2","Negligible",NA,NA,NA,"fruit_production, no pulse",NA
"Chordifex fastigiatus","13528","Keith 1991","repr2","Negligible",NA,NA,NA,"fruit_production, no pulse",NA
"Baloskion gracile","10607","Keith 1991","repr2","Negligible",NA,NA,NA,"fruit_production, no pulse",NA
"Schoenus brevifolius","2492","Keith 1991","repr2","Facultative",NA,NA,NA,"fruit_production, facultative pulse in first 2-3 postfire reproductive seasons",NA
"Schoenus lepidosperma subsp. pachylepis","9057","Keith 1991","repr2","Facultative",NA,NA,NA,"fruit_production, facultative pulse in first 2-3 postfire reproductive seasons",NA
"Senecio bathurstianus","11809","Keith 1991","surv1","None",NA,NA,NA,"vegetative_recovery, obligate seeder",NA
"Senecio bathurstianus","11809","Keith 1991","repr2","Negligible",NA,NA,NA,"fruit_production, no pulse",NA
"Sphaerolobium vimineum","3033","Keith 1991","surv1","None",NA,NA,NA,"vegetative_recovery, obligate seeder",NA
"Sphaerolobium vimineum","3033","Keith 1991","germ1","Soil-persistent",NA,NA,NA,"propagule_storage, soil",NA
"Sphaerolobium vimineum","3033","Keith 1991","repr2","Negligible",NA,NA,NA,"fruit_production, no pulse",NA
"Thysanotus juncifolius","3572","Keith 1991","germ1","Non-canopy",NA,NA,NA,"propagule_storage, no storage",NA
"Thysanotus juncifolius","3572","Keith 1991","repr2","Facultative",NA,NA,NA,"fruit_production, facultative pulse in first 2-3 postfire reproductive seasons",NA
"Liparophyllum exaltatum","14804","Keith 1991","germ1","Non-canopy",NA,NA,NA,"propagule_storage, no storage",NA
"Liparophyllum exaltatum","14804","Keith 1991","repr2","Exclusive",NA,NA,NA,"fruit_production, exclusive pulse in first 2-3 postfire reproductive seasons",NA
"Xyris bracteata","11035","Keith 1991","germ1","Soil-persistent",NA,NA,NA,"propagule_storage, soil",NA
"Xyris bracteata","11035","Keith 1991","repr2","Facultative",NA,NA,NA,"fruit_production, facultative pulse in first 2-3 postfire reproductive seasons",NA
"Lycopodiella lateralis","9293","Keith 1991","germ1","Non-canopy",NA,NA,NA,"propagule_storage, no storage",NA
"Lycopodiella lateralis","9293","Keith 1991","repr2","Negligible",NA,NA,NA,"fruit_production, no pulse",NA
"Patersonia spp.","PATE","Keith 1991","germ1","Non-canopy",NA,NA,NA,"propagule_storage, no storage",NA
"Patersonia spp.","PATE","Keith 1991","repr2","Facultative",NA,NA,NA,"fruit_production, facultative pulse in first 2-3 postfire reproductive seasons",NA
"Aristida warburgii","4774","Keith 1991","surv4","Short rhizome",NA,NA,NA,"{vegetative_spread,clonal decreaser}",NA
"Aristida warburgii","4774","Keith 1991","surv4","Apical",NA,NA,NA,"{bud_type,active}",NA
"Blandfordia nobilis","3529","Keith 1991","surv4","Apical",NA,NA,NA,"{bud_type,active}",NA
"Blechnum nudum","8058","Keith 1991","surv4","Long rhizome or root sucker",NA,NA,NA,"{vegetative_spread,increaser}",NA
"Burchardia umbellata","3533","Keith 1991","surv4","Apical",NA,NA,NA,"{bud_type,active}",NA
"Caesia parviflora","3535","Keith 1991","surv4","Apical",NA,NA,NA,"{bud_type,active}",NA
"Chorizandra cymbaria","2344","Keith 1991","surv4","Long rhizome or root sucker",NA,NA,NA,"{vegetative_spread,increaser}",NA
"Chorizandra cymbaria","2344","Keith 1991","surv4","Apical",NA,NA,NA,"{bud_type,active}",NA
"Chorizandra sphaerocephala","2345","Keith 1991","surv4","Long rhizome or root sucker",NA,NA,NA,"{vegetative_spread,increaser}",NA
"Chorizandra sphaerocephala","2345","Keith 1991","surv4","Apical",NA,NA,NA,"{bud_type,active}",NA
"Corybas fordhamii","4408","Keith 1991","surv4","Short rhizome",NA,NA,NA,"{vegetative_spread,clonal decreaser}",NA
"Cryptostylis subulata","4417","Keith 1991","surv4","Short rhizome",NA,NA,NA,"{vegetative_spread,clonal decreaser}",NA
"Cyathochaeta diandra","2347","Keith 1991","surv4","Short rhizome",NA,NA,NA,"{vegetative_spread,clonal decreaser}",NA
"Cyathochaeta diandra","2347","Keith 1991","surv4","Apical",NA,NA,NA,"{bud_type,active}",NA
"Dampiera stricta","3174","Keith 1991","surv4","Long rhizome or root sucker",NA,NA,NA,"{vegetative_spread,increaser}",NA
"Darwinia grandiflora","4029","Keith 1991","surv4","Short rhizome",NA,NA,NA,"{vegetative_spread,clonal decreaser}",NA
"Deyeuxia decipiens","4881","Keith 1991","surv4","Short rhizome",NA,NA,NA,"{vegetative_spread,clonal decreaser}",NA
"Deyeuxia decipiens","4881","Keith 1991","surv4","Apical",NA,NA,NA,"{bud_type,active}",NA
"Deyeuxia quadriseta","4891","Keith 1991","surv4","Short rhizome",NA,NA,NA,"{vegetative_spread,clonal decreaser}",NA
"Deyeuxia quadriseta","4891","Keith 1991","surv4","Apical",NA,NA,NA,"{bud_type,active}",NA
"Drosera binata","2557","Keith 1991","surv4","Long rhizome or root sucker",NA,NA,NA,"{vegetative_spread,increaser}",NA
"Eleocharis sphacelata","6988","Keith 1991","surv4","Long rhizome or root sucker",NA,NA,NA,"{vegetative_spread,increaser}",NA
"Eleocharis sphacelata","6988","Keith 1991","surv4","Apical",NA,NA,NA,"{bud_type,active}",NA
"Empodisma minus","5532","Keith 1991","surv4","Long rhizome or root sucker",NA,NA,NA,"{vegetative_spread,increaser}",NA
"Empodisma minus","5532","Keith 1991","surv4","Apical",NA,NA,NA,"{bud_type,active}",NA
"Entolasia stricta","4947","Keith 1991","surv4","Short rhizome",NA,NA,NA,"{vegetative_spread,clonal decreaser}",NA
"Entolasia stricta","4947","Keith 1991","surv4","Apical",NA,NA,NA,"{bud_type,active}",NA
"Eriachne glabrata","4979","Keith 1991","surv4","Short rhizome",NA,NA,NA,"{vegetative_spread,clonal decreaser}",NA
"Eriachne glabrata","4979","Keith 1991","surv4","Apical",NA,NA,NA,"{bud_type,active}",NA
"Eucalyptus haemastoma","4104","Keith 1991","surv4","Epicormic",NA,NA,NA,"{bud_location,epicormic}",NA
"Gahnia sieberiana","2442","Keith 1991","surv4","Short rhizome",NA,NA,NA,"{vegetative_spread,clonal decreaser}",NA
"Gahnia sieberiana","2442","Keith 1991","surv4","Apical",NA,NA,NA,"{bud_type,active}",NA
"Gleichenia dicarpa","7138","Keith 1991","surv4","Long rhizome or root sucker",NA,NA,NA,"{vegetative_spread,increaser}",NA
"Gleichenia microphylla","6708","Keith 1991","surv4","Long rhizome or root sucker",NA,NA,NA,"{vegetative_spread,increaser}",NA
"Gonocarpus tetragynus","3247","Keith 1991","surv4","Long rhizome or root sucker",NA,NA,NA,"{vegetative_spread,increaser}",NA
"Grevillea oleoides","5388","Keith 1991","surv4","Long rhizome or root sucker",NA,NA,NA,"{vegetative_spread,increaser}",NA
"Gymnoschoenus sphaerocephalus","2445","Keith 1991","surv4","Short rhizome",NA,NA,NA,"{vegetative_spread,clonal decreaser}",NA
"Gymnoschoenus sphaerocephalus","2445","Keith 1991","surv4","Apical",NA,NA,NA,"{bud_type,active}",NA
"Haemodorum corymbosum","6435","Keith 1991","surv4","Apical",NA,NA,NA,"{bud_type,active}",NA
"Hemarthria uncinata","5001","Keith 1991","surv4","Short rhizome",NA,NA,NA,"{vegetative_spread,clonal decreaser}",NA
"Hemarthria uncinata","5001","Keith 1991","surv4","Apical",NA,NA,NA,"{bud_type,active}",NA
"Hypoxis hygrometrica","3553","Keith 1991","surv4","Apical",NA,NA,NA,"{bud_type,active}",NA
"Hypolaena fastigiata","5533","Keith 1991","surv4","Long rhizome or root sucker",NA,NA,NA,"{vegetative_spread,increaser}",NA
"Hypolaena fastigiata","5533","Keith 1991","surv4","Apical",NA,NA,NA,"{bud_type,active}",NA
"Juncus planifolius","3340","Keith 1991","surv4","Short rhizome",NA,NA,NA,"{vegetative_spread,clonal decreaser}",NA
"Juncus planifolius","3340","Keith 1991","surv4","Apical",NA,NA,NA,"{bud_type,active}",NA
"Lepidosperma filiforme","2465","Keith 1991","surv4","Short rhizome",NA,NA,NA,"{vegetative_spread,clonal decreaser}",NA
"Lepidosperma filiforme","2465","Keith 1991","surv4","Apical",NA,NA,NA,"{bud_type,active}",NA
"Lepidosperma forsythii","2467","Keith 1991","surv4","Short rhizome",NA,NA,NA,"{vegetative_spread,clonal decreaser}",NA
"Lepidosperma forsythii","2467","Keith 1991","surv4","Apical",NA,NA,NA,"{bud_type,active}",NA
"Lepidosperma limicola","2469","Keith 1991","surv4","Long rhizome or root sucker",NA,NA,NA,"{vegetative_spread,increaser}",NA
"Lepidosperma limicola","2469","Keith 1991","surv4","Apical",NA,NA,NA,"{bud_type,active}",NA
"Lepidosperma neesii","2471","Keith 1991","surv4","Long rhizome or root sucker",NA,NA,NA,"{vegetative_spread,increaser}",NA
"Lepidosperma neesii","2471","Keith 1991","surv4","Apical",NA,NA,NA,"{bud_type,active}",NA
"Leptospermum trinervium","8486","Keith 1991","surv4","Epicormic",NA,NA,NA,"{bud_location,epicormic}",NA
"Leptocarpus tenax","5534","Keith 1991","surv4","Long rhizome or root sucker",NA,NA,NA,"{vegetative_spread,increaser}",NA
"Leptocarpus tenax","5534","Keith 1991","surv4","Apical",NA,NA,NA,"{bud_type,active}",NA
"Lepyrodia anarthria","5535","Keith 1991","surv4","Long rhizome or root sucker",NA,NA,NA,"{vegetative_spread,increaser}",NA
"Lepyrodia anarthria","5535","Keith 1991","surv4","Apical",NA,NA,NA,"{bud_type,active}",NA
"Lepyrodia scariosa","5541","Keith 1991","surv4","Long rhizome or root sucker",NA,NA,NA,"{vegetative_spread,increaser}",NA
"Lepyrodia scariosa","5541","Keith 1991","surv4","Apical",NA,NA,NA,"{bud_type,active}",NA
"Lindsaea linearis","6406","Keith 1991","surv4","Short rhizome",NA,NA,NA,"{vegetative_spread,clonal decreaser}",NA
"Lomandra cylindrica","6298","Keith 1991","surv4","Short rhizome",NA,NA,NA,"{vegetative_spread,clonal decreaser}",NA
"Lomandra cylindrica","6298","Keith 1991","surv4","Apical",NA,NA,NA,"{bud_type,active}",NA
"Lomandra obliqua","6312","Keith 1991","surv4","Short rhizome",NA,NA,NA,"{vegetative_spread,clonal decreaser}",NA
"Melaleuca linariifolia","4257","Keith 1991","surv4","Epicormic",NA,NA,NA,"{bud_location,epicormic}",NA
"Melaleuca squarrosa","4263","Keith 1991","surv4","Epicormic",NA,NA,NA,"{bud_location,epicormic}",NA
"Microlaena stipoides var. stipoides","7707","Keith 1991","surv4","Short rhizome",NA,NA,NA,"{vegetative_spread,clonal decreaser}",NA
"Microlaena stipoides var. stipoides","7707","Keith 1991","surv4","Apical",NA,NA,NA,"{bud_type,active}",NA
"Persoonia levis","5462","Keith 1991","surv4","Epicormic",NA,NA,NA,"{bud_location,epicormic}",NA
"Phragmites australis","5113","Keith 1991","surv4","Long rhizome or root sucker",NA,NA,NA,"{vegetative_spread,increaser}",NA
"Phragmites australis","5113","Keith 1991","surv4","Apical",NA,NA,NA,"{bud_type,active}",NA
"Plinthanthesis paradoxa","5117","Keith 1991","surv4","Short rhizome",NA,NA,NA,"{vegetative_spread,clonal decreaser}",NA
"Plinthanthesis paradoxa","5117","Keith 1991","surv4","Apical",NA,NA,NA,"{bud_type,active}",NA
"Pteridium esculentum","6403","Keith 1991","surv4","Long rhizome or root sucker",NA,NA,NA,"{vegetative_spread,increaser}",NA
"Schizaea bifida","8181","Keith 1991","surv4","Short rhizome",NA,NA,NA,"{vegetative_spread,clonal decreaser}",NA
"Schoenus ericetorum","2495","Keith 1991","surv4","Short rhizome",NA,NA,NA,"{vegetative_spread,clonal decreaser}",NA
"Schoenus ericetorum","2495","Keith 1991","surv4","Apical",NA,NA,NA,"{bud_type,active}",NA
"Schoenus maschalinus","2499","Keith 1991","surv4","Short rhizome",NA,NA,NA,"{vegetative_spread,clonal decreaser}",NA
"Schoenus maschalinus","2499","Keith 1991","surv4","Apical",NA,NA,NA,"{bud_type,active}",NA
"Schoenus paludosus","2504","Keith 1991","surv4","Short rhizome",NA,NA,NA,"{vegetative_spread,clonal decreaser}",NA
"Schoenus paludosus","2504","Keith 1991","surv4","Apical",NA,NA,NA,"{bud_type,active}",NA
"Selaginella uliginosa","8187","Keith 1991","surv4","Short rhizome",NA,NA,NA,"{vegetative_spread,clonal decreaser}",NA
"Sowerbaea juncea","3567","Keith 1991","surv4","Short rhizome",NA,NA,NA,"{vegetative_spread,clonal decreaser}",NA
"Sowerbaea juncea","3567","Keith 1991","surv4","Apical",NA,NA,NA,"{bud_type,active}",NA
"Tetraria capillaris","2516","Keith 1991","surv4","Short rhizome",NA,NA,NA,"{vegetative_spread,clonal decreaser}",NA
"Tetraria capillaris","2516","Keith 1991","surv4","Apical",NA,NA,NA,"{bud_type,active}",NA
"Tetrarrhena turfosa","7993","Keith 1991","surv4","Short rhizome",NA,NA,NA,"{vegetative_spread,clonal decreaser}",NA
"Tetrarrhena turfosa","7993","Keith 1991","surv4","Apical",NA,NA,NA,"{bud_type,active}",NA
"Thelionema caespitosum","7664","Keith 1991","surv4","Short rhizome",NA,NA,NA,"{vegetative_spread,clonal decreaser}",NA
"Thelionema caespitosum","7664","Keith 1991","surv4","Apical",NA,NA,NA,"{bud_type,active}",NA
"Thelionema umbellatum","6461","Keith 1991","surv4","Short rhizome",NA,NA,NA,"{vegetative_spread,clonal decreaser}",NA
"Thelionema umbellatum","6461","Keith 1991","surv4","Apical",NA,NA,NA,"{bud_type,active}",NA
"Tricostularia pauciflora","2518","Keith 1991","surv4","Short rhizome",NA,NA,NA,"{vegetative_spread,clonal decreaser}",NA
"Tricostularia pauciflora","2518","Keith 1991","surv4","Apical",NA,NA,NA,"{bud_type,active}",NA
"Tricoryne simplex","3577","Keith 1991","surv4","Apical",NA,NA,NA,"{bud_type,active}",NA
"Utricularia dichotoma","3507","Keith 1991","surv4","Short rhizome",NA,NA,NA,"{vegetative_spread,clonal decreaser}",NA
"Utricularia lateriflora","3508","Keith 1991","surv4","Short rhizome",NA,NA,NA,"{vegetative_spread,clonal decreaser}",NA
"Viola sieberiana","11190","Keith 1991","surv4","Short rhizome",NA,NA,NA,"{vegetative_spread,clonal decreaser}",NA
"Xanthorrhoea resinosa","6321","Keith 1991","surv4","Apical",NA,NA,NA,"{bud_type,active}",NA
"Xyris juncea","6323","Keith 1991","surv4","Short rhizome",NA,NA,NA,"{vegetative_spread,clonal decreaser}",NA
"Xyris juncea","6323","Keith 1991","surv4","Apical",NA,NA,NA,"{bud_type,active}",NA
"Xyris operculata","6324","Keith 1991","surv4","Short rhizome",NA,NA,NA,"{vegetative_spread,clonal decreaser}",NA
"Xyris operculata","6324","Keith 1991","surv4","Apical",NA,NA,NA,"{bud_type,active}",NA
"Xyris ustulata","6325","Keith 1991","surv4","Short rhizome",NA,NA,NA,"{vegetative_spread,clonal decreaser}",NA
"Xyris ustulata","6325","Keith 1991","surv4","Apical",NA,NA,NA,"{bud_type,active}",NA
"Machaerina acuta","15318","Keith 1991","surv4","Long rhizome or root sucker",NA,NA,NA,"{vegetative_spread,increaser}",NA
"Machaerina acuta","15318","Keith 1991","surv4","Apical",NA,NA,NA,"{bud_type,active}",NA
"Machaerina rubiginosa","15327","Keith 1991","surv4","Long rhizome or root sucker",NA,NA,NA,"{vegetative_spread,increaser}",NA
"Machaerina rubiginosa","15327","Keith 1991","surv4","Apical",NA,NA,NA,"{bud_type,active}",NA
"Machaerina teretifolia","15328","Keith 1991","surv4","Long rhizome or root sucker",NA,NA,NA,"{vegetative_spread,increaser}",NA
"Machaerina teretifolia","15328","Keith 1991","surv4","Apical",NA,NA,NA,"{bud_type,active}",NA
"Calochlaena dubia","8341","Keith 1991","surv4","Long rhizome or root sucker",NA,NA,NA,"{vegetative_spread,increaser}",NA
"Corymbia gummifera","9687","Keith 1991","surv4","Epicormic",NA,NA,NA,"{bud_location,epicormic}",NA
"Sporadanthus gracilis","10603","Keith 1991","surv4","Long rhizome or root sucker",NA,NA,NA,"{vegetative_spread,increaser}",NA
"Sporadanthus gracilis","10603","Keith 1991","surv4","Apical",NA,NA,NA,"{bud_type,active}",NA
"Lomandra filiformis subsp. coriacea","6511","Keith 1991","surv4","Short rhizome",NA,NA,NA,"{vegetative_spread,clonal decreaser}",NA
"Lomandra filiformis subsp. coriacea","6511","Keith 1991","surv4","Apical",NA,NA,NA,"{bud_type,active}",NA
"Lomandra filiformis subsp. filiformis","7931","Keith 1991","surv4","Short rhizome",NA,NA,NA,"{vegetative_spread,clonal decreaser}",NA
"Lomandra filiformis subsp. filiformis","7931","Keith 1991","surv4","Apical",NA,NA,NA,"{bud_type,active}",NA
"Patersonia sericea","3303","Keith 1991","surv4","Short rhizome",NA,NA,NA,"{vegetative_spread,clonal decreaser}",NA
"Patersonia sericea","3303","Keith 1991","surv4","Apical",NA,NA,NA,"{bud_type,active}",NA
"Ptilothrix deusta","8956","Keith 1991","surv4","Short rhizome",NA,NA,NA,"{vegetative_spread,clonal decreaser}",NA
"Ptilothrix deusta","8956","Keith 1991","surv4","Apical",NA,NA,NA,"{bud_type,active}",NA
"Eurychorda complanata","10615","Keith 1991","surv4","Long rhizome or root sucker",NA,NA,NA,"{vegetative_spread,increaser}",NA
"Eurychorda complanata","10615","Keith 1991","surv4","Apical",NA,NA,NA,"{bud_type,active}",NA
"Chordifex fastigiatus","13528","Keith 1991","surv4","Long rhizome or root sucker",NA,NA,NA,"{vegetative_spread,increaser}",NA
"Chordifex fastigiatus","13528","Keith 1991","surv4","Apical",NA,NA,NA,"{bud_type,active}",NA
"Baloskion gracile","10607","Keith 1991","surv4","Long rhizome or root sucker",NA,NA,NA,"{vegetative_spread,increaser}",NA
"Baloskion gracile","10607","Keith 1991","surv4","Apical",NA,NA,NA,"{bud_type,active}",NA
"Schoenus brevifolius","2492","Keith 1991","surv4","Long rhizome or root sucker",NA,NA,NA,"{vegetative_spread,increaser}",NA
"Schoenus brevifolius","2492","Keith 1991","surv4","Apical",NA,NA,NA,"{bud_type,active}",NA
"Schoenus lepidosperma subsp. pachylepis","9057","Keith 1991","surv4","Short rhizome",NA,NA,NA,"{vegetative_spread,clonal decreaser}",NA
"Schoenus lepidosperma subsp. pachylepis","9057","Keith 1991","surv4","Apical",NA,NA,NA,"{bud_type,active}",NA
"Liparophyllum exaltatum","14804","Keith 1991","surv4","Long rhizome or root sucker",NA,NA,NA,"{vegetative_spread,increaser}",NA
"Xyris bracteata","11035","Keith 1991","surv4","Short rhizome",NA,NA,NA,"{vegetative_spread,clonal decreaser}",NA
"Xyris bracteata","11035","Keith 1991","surv4","Apical",NA,NA,NA,"{bud_type,active}",NA
"Lycopodiella lateralis","9293","Keith 1991","surv4","Short rhizome",NA,NA,NA,"{vegetative_spread,clonal decreaser}",NA
"Patersonia spp.","PATE","Keith 1991","surv4","Short rhizome",NA,NA,NA,"{vegetative_spread,clonal decreaser}",NA
"Patersonia spp.","PATE","Keith 1991","surv4","Apical",NA,NA,NA,"{bud_type,active}",NA
"Pentachondra pumila","2650","Kirkpatrick 1984","surv1","None",NA,NA,NA,"RC2 (Epacridaceae)",NA
"Sprengelia incarnata","2654","Kirkpatrick 1984","surv1","None",NA,NA,NA,"RC2 (Epacridaceae)",NA
"Olearia algida","1578","Kirkpatrick 1984","surv1","None",NA,NA,NA,"RC4 (Asteraceae)",NA
"Bauera rubioides","2268","Kirkpatrick 1984","surv1","None",NA,NA,NA,"RC4 (Cunoniaceae)",NA
"Coprosma nitida","8677","Kirkpatrick 1984","surv1","None",NA,NA,NA,"RC2 (Rubiaceae)",NA
"Hierochloe redolens","5003","Kirkpatrick 1984","surv1","None",NA,NA,NA,"RC4 (Poaceae)",NA
"Oreobolus pumilio","2480","Kirkpatrick 1984","surv1","Half",NA,NA,NA,"RC3 (Cyperaceae)",NA
"Carpha alpina","2338","Kirkpatrick 1984","surv1","None",NA,NA,NA,"RC4 (Cyperaceae)",NA
"Oreobolus distichus","2478","Kirkpatrick 1984","surv1","All",NA,NA,NA,"RC5 (Cyperaceae)",NA
"Schoenus calyptratus","2494","Kirkpatrick 1984","surv1","None",NA,NA,NA,"RC4 (Cyperaceae)",NA
"Empodisma minus","5532","Kirkpatrick 1984","surv1","Half",NA,NA,NA,"RC3 (Restionaceae)",NA
"Celmisia longifolia","1377","Kirkpatrick 1984","surv1","None",NA,NA,NA,"RC2 (Asteraceae)",NA
"Senecio leptocarpus","10172","Kirkpatrick 1984","surv1","None",NA,NA,NA,"RC4 (Asteraceae)",NA
"Senecio gunnii","1663","Kirkpatrick 1984","surv1","None",NA,NA,NA,"RC4 (Asteraceae)",NA
"Drosera arcturi","2555","Kirkpatrick 1984","surv1","Half",NA,NA,NA,"RC3 (Droseraceae)",NA
"Lycopodium fastigiatum","8133","Kirkpatrick 1984","surv1","All",NA,NA,NA,"RC5 (Lycopodiaceae)",NA
"Gonocarpus montanus","3244","Kirkpatrick 1984","surv1","None",NA,NA,NA,"RC4 (Haloragaceae)",NA
"Gentianella diemensis","3136","Kirkpatrick 1984","surv1","None",NA,NA,NA,"RC4 (Gentianaceae)",NA
"Acaena novae-zelandiae","5604","Kirkpatrick 1984","surv1","None",NA,NA,NA,"RC4 (Rosaceae)",NA
"Histiopteris incisa","7271","Kirkpatrick 1984","surv1","None",NA,NA,NA,"RC4 (Pteridaceae)",NA
"Podocarpus lawrencei","5247","Kirkpatrick 1984","surv1","None",NA,NA,NA,"RC1 (Podocarpaceae)",NA
"Acrothamnus montanus","12059","Kirkpatrick 1984","surv1","None",NA,NA,NA,"RC2 (Epacridaceae)",NA
"Ozothamnus hookeri","10156","Kirkpatrick 1984","surv1","None",NA,NA,NA,"RC4 (Asteraceae)",NA
"Tasmannia lanceolata","6291","Kirkpatrick 1984","surv1","None",NA,NA,NA,"RC2 (Winteraceae)",NA
"Agrostis spp.","AGRO","Kirkpatrick 1984","surv1","None",NA,NA,NA,"RC4 (Poaceae)",NA
"Deyeuxia spp.","DEYE","Kirkpatrick 1984","surv1","None",NA,NA,NA,"RC4 (Poaceae)",NA
"Epilobium spp.","EPIL","Kirkpatrick 1984","surv1","None",NA,NA,NA,"RC4 (Onagraceae)",NA
"Leucopogon ericoides","2616","Kirkpatrick 1984","surv1","None",NA,NA,NA,"RC2 (Epacridaceae)",NA
"Luzula spp.","LUZU","Kirkpatrick 1984","surv1","None",NA,NA,NA,"RC4 (Juncaceae)",NA
"Astelia alpina var. novae-hollandiae","7534","Kirkpatrick 1984","surv1","All",NA,NA,NA,"RC5 (Asteliaceae)","original name: Astelia alpina"
"Senecio pectinatus var. major","11033","Kirkpatrick 1984","surv1","All",NA,NA,NA,"RC5 (Asteraceae)","original name: Senecio pectinatus"
"Olearia algida","1578","Kirkpatrick 1984","rect2","Intolerant",NA,NA,NA,"RC4 (Asteraceae)",NA
"Bauera rubioides","2268","Kirkpatrick 1984","rect2","Intolerant",NA,NA,NA,"RC4 (Cunoniaceae)",NA
"Hierochloe redolens","5003","Kirkpatrick 1984","rect2","Intolerant",NA,NA,NA,"RC4 (Poaceae)",NA
"Carpha alpina","2338","Kirkpatrick 1984","rect2","Intolerant",NA,NA,NA,"RC4 (Cyperaceae)",NA
"Oreobolus distichus","2478","Kirkpatrick 1984","rect2","Tolerant",NA,NA,NA,"RC5 (Cyperaceae)",NA
"Schoenus calyptratus","2494","Kirkpatrick 1984","rect2","Intolerant",NA,NA,NA,"RC4 (Cyperaceae)",NA
"Senecio leptocarpus","10172","Kirkpatrick 1984","rect2","Intolerant",NA,NA,NA,"RC4 (Asteraceae)",NA
"Senecio gunnii","1663","Kirkpatrick 1984","rect2","Intolerant",NA,NA,NA,"RC4 (Asteraceae)",NA
"Lycopodium fastigiatum","8133","Kirkpatrick 1984","rect2","Tolerant",NA,NA,NA,"RC5 (Lycopodiaceae)",NA
"Gonocarpus montanus","3244","Kirkpatrick 1984","rect2","Intolerant",NA,NA,NA,"RC4 (Haloragaceae)",NA
"Gentianella diemensis","3136","Kirkpatrick 1984","rect2","Intolerant",NA,NA,NA,"RC4 (Gentianaceae)",NA
"Acaena novae-zelandiae","5604","Kirkpatrick 1984","rect2","Intolerant",NA,NA,NA,"RC4 (Rosaceae)",NA
"Histiopteris incisa","7271","Kirkpatrick 1984","rect2","Intolerant",NA,NA,NA,"RC4 (Pteridaceae)",NA
"Ozothamnus hookeri","10156","Kirkpatrick 1984","rect2","Intolerant",NA,NA,NA,"RC4 (Asteraceae)",NA
"Agrostis spp.","AGRO","Kirkpatrick 1984","rect2","Intolerant",NA,NA,NA,"RC4 (Poaceae)",NA
"Deyeuxia spp.","DEYE","Kirkpatrick 1984","rect2","Intolerant",NA,NA,NA,"RC4 (Poaceae)",NA
"Epilobium spp.","EPIL","Kirkpatrick 1984","rect2","Intolerant",NA,NA,NA,"RC4 (Onagraceae)",NA
"Luzula spp.","LUZU","Kirkpatrick 1984","rect2","Intolerant",NA,NA,NA,"RC4 (Juncaceae)",NA
"Astelia alpina var. novae-hollandiae","7534","Kirkpatrick 1984","rect2","Tolerant",NA,NA,NA,"RC5 (Asteliaceae)","original name: Astelia alpina"
"Senecio pectinatus var. major","11033","Kirkpatrick 1984","rect2","Tolerant",NA,NA,NA,"RC5 (Asteraceae)","original name: Senecio pectinatus"
"Chrysocephalum apiculatum","8559","Lunt 1995","germ1","Soil-persistent",NA,NA,NA,"inference from viability data (Table 2) and Discussion, Soil-persistent",NA
"Arthropodium strictum","15291","Lunt 1995","germ1","Transient",NA,NA,NA,"inference from viability data (Table 2) and Discussion, Transient",NA
"Bulbine bulbosa","3531","Lunt 1995","germ1","Transient",NA,NA,NA,"inference from viability data (Table 2) and Discussion, Transient",NA
"Burchardia umbellata","3533","Lunt 1995","germ1","Transient",NA,NA,NA,"inference from viability data (Table 2) and Discussion, Transient",NA
"Craspedia variabilis","8634","Lunt 1995","germ1","Transient",NA,NA,NA,"inference from viability data (Table 2) and Discussion, Transient",NA
"Leptorhynchos squamatus","1557","Lunt 1995","germ1","Transient",NA,NA,NA,"inference from viability data (Table 2) and Discussion, Transient",NA
"Acacia binervia","3717","Morrison Renwick 2000","surv1","None",NA,NA,NA,"Stem survival (%) — High-intensity, 0",NA
"Acacia implexa","3792","Morrison Renwick 2000","surv1","None",NA,NA,NA,"Stem survival (%) — High-intensity, 0",NA
"Acacia parramattensis","3846","Morrison Renwick 2000","surv1","None",NA,NA,NA,"Stem survival (%) — High-intensity, 0",NA
"Hakea sericea","5425","Morrison Renwick 2000","surv1","None",NA,NA,NA,"Stem survival (%) — High-intensity, 0",NA
"Jacksonia scoparia","2892","Morrison Renwick 2000","surv1","None",NA,NA,NA,"Stem survival (%) — High-intensity, 0",NA
"Leptospermum trinervium","8486","Morrison Renwick 2000","surv1","Few",NA,NA,NA,"Stem survival (%) — High-intensity, 19.7",NA
"Persoonia linearis","5463","Morrison Renwick 2000","surv1","Few",NA,NA,NA,"Stem survival (%) — High-intensity, 27.3",NA
"Allocasuarina littoralis","2012","Morrison Renwick 2000","surv1","None",NA,NA,NA,"Stem survival (%) — High-intensity, 0",NA
"Allocasuarina torulosa","2017","Morrison Renwick 2000","surv1","Few",NA,NA,NA,"Stem survival (%) — High-intensity, 26.4",NA
"Acacia implexa","3792","Morrison Renwick 2000","surv4","Long rhizome or root sucker",NA,NA,NA,"Stem aerial buds, —; Stem basal buds, —; Root buds, suckers",NA
"Jacksonia scoparia","2892","Morrison Renwick 2000","surv4","Basal",NA,NA,NA,"Stem aerial buds, —; Stem basal buds, stem base; Root buds, suckers",NA
"Jacksonia scoparia","2892","Morrison Renwick 2000","surv4","Long rhizome or root sucker",NA,NA,NA,"Stem aerial buds, —; Stem basal buds, stem base; Root buds, suckers",NA
"Leptospermum trinervium","8486","Morrison Renwick 2000","surv4","Epicormic",NA,NA,NA,"Stem aerial buds, epicormic; Stem basal buds, lignotuber; Root buds, —",NA
"Leptospermum trinervium","8486","Morrison Renwick 2000","surv4","Lignotuber",NA,NA,NA,"Stem aerial buds, epicormic; Stem basal buds, lignotuber; Root buds, —",NA
"Persoonia linearis","5463","Morrison Renwick 2000","surv4","Epicormic",NA,NA,NA,"Stem aerial buds, epicormic; Stem basal buds, lignotuber; Root buds, —",NA
"Persoonia linearis","5463","Morrison Renwick 2000","surv4","Lignotuber",NA,NA,NA,"Stem aerial buds, epicormic; Stem basal buds, lignotuber; Root buds, —",NA
"Allocasuarina torulosa","2017","Morrison Renwick 2000","surv4","Epicormic",NA,NA,NA,"Stem aerial buds, epicormic; Stem basal buds, stem base; Root buds, —",NA
"Allocasuarina torulosa","2017","Morrison Renwick 2000","surv4","Basal",NA,NA,NA,"Stem aerial buds, epicormic; Stem basal buds, stem base; Root buds, —",NA
"Hakea sericea","5425","Morrison Renwick 2000","germ1","Canopy",NA,NA,NA,"qualitative description in text: serotinous canopy-stored seedbank",NA
"Banksia aemula","5339","Myerscough Clarke Skelton 1995","surv1","All",NA,NA,NA,"Fire regeneration syndrome, 6",NA
"Banksia aemula","5339","Myerscough Clarke Skelton 1995","surv4","Epicormic",NA,NA,NA,"Fire regeneration syndrome, 6",NA
"Xanthorrhoea fulva","8771","Myerscough Clarke Skelton 1995","surv1","All",NA,NA,NA,"Fire regeneration syndrome, 7",NA
"Xanthorrhoea fulva","8771","Myerscough Clarke Skelton 1995","surv4","Apical",NA,NA,NA,"Fire regeneration syndrome, 7",NA
"Melaleuca nodosa","4258","Myerscough Clarke Skelton 1995","surv1","All",NA,NA,NA,"Fire regeneration syndrome, 6",NA
"Melaleuca nodosa","4258","Myerscough Clarke Skelton 1995","surv4","Epicormic",NA,NA,NA,"Fire regeneration syndrome, 6",NA
"Epacris obtusifolia","2602","Myerscough Clarke Skelton 1995","surv1","None",NA,NA,NA,"Fire regeneration syndrome, 2",NA
"Epacris obtusifolia","2602","Myerscough Clarke Skelton 1995","surv4","None",NA,NA,NA,"Fire regeneration syndrome, 2",NA
"Epacris obtusifolia","2602","Myerscough Clarke Skelton 1995","germ1","Soil-persistent",NA,NA,NA,"Fire regeneration syndrome, 2",NA
"Banksia oblongifolia","5345","Myerscough Clarke Skelton 1995","surv1","All",NA,NA,NA,"Fire regeneration syndrome, 5",NA
"Banksia oblongifolia","5345","Myerscough Clarke Skelton 1995","surv4","Basal",NA,NA,NA,"Fire regeneration syndrome, 5",NA
"Dillwynia floribunda","2843","Myerscough Clarke Skelton 1995","surv1","None",NA,NA,NA,"Fire regeneration syndrome, 2",NA
"Dillwynia floribunda","2843","Myerscough Clarke Skelton 1995","surv4","None",NA,NA,NA,"Fire regeneration syndrome, 2",NA
"Dillwynia floribunda","2843","Myerscough Clarke Skelton 1995","germ1","Soil-persistent",NA,NA,NA,"Fire regeneration syndrome, 2",NA
"Dillwynia retorta","2850","Myerscough Clarke Skelton 1995","surv1","None",NA,NA,NA,"Fire regeneration syndrome, 2",NA
"Dillwynia retorta","2850","Myerscough Clarke Skelton 1995","surv4","None",NA,NA,NA,"Fire regeneration syndrome, 2",NA
"Dillwynia retorta","2850","Myerscough Clarke Skelton 1995","germ1","Soil-persistent",NA,NA,NA,"Fire regeneration syndrome, 2",NA
"Hypolaena fastigiata","5533","Myerscough Clarke Skelton 1995","surv1","All",NA,NA,NA,"Fire regeneration syndrome, 4",NA
"Hypolaena fastigiata","5533","Myerscough Clarke Skelton 1995","surv4","Long rhizome or root sucker",NA,NA,NA,"Fire regeneration syndrome, 4",NA
"Leptospermum liversidgei","4224","Myerscough Clarke Skelton 1995","surv1","All",NA,NA,NA,"Fire regeneration syndrome, 5",NA
"Leptospermum liversidgei","4224","Myerscough Clarke Skelton 1995","surv4","Basal",NA,NA,NA,"Fire regeneration syndrome, 5",NA
"Pseudanthus orientalis","2756","Myerscough Clarke Skelton 1995","surv1","All",NA,NA,NA,"Fire regeneration syndrome, 5",NA
"Pseudanthus orientalis","2756","Myerscough Clarke Skelton 1995","surv4","Basal",NA,NA,NA,"Fire regeneration syndrome, 5",NA
"Kunzea capitata","4207","Myerscough Clarke Skelton 1995","surv1","None",NA,NA,NA,"Fire regeneration syndrome, 2",NA
"Kunzea capitata","4207","Myerscough Clarke Skelton 1995","surv4","None",NA,NA,NA,"Fire regeneration syndrome, 2",NA
"Kunzea capitata","4207","Myerscough Clarke Skelton 1995","germ1","Soil-persistent",NA,NA,NA,"Fire regeneration syndrome, 2",NA
"Darwinia leptantha","4030","Myerscough Clarke Skelton 1995","surv1","None",NA,NA,NA,"Fire regeneration syndrome, 2",NA
"Darwinia leptantha","4030","Myerscough Clarke Skelton 1995","surv4","None",NA,NA,NA,"Fire regeneration syndrome, 2",NA
"Darwinia leptantha","4030","Myerscough Clarke Skelton 1995","germ1","Soil-persistent",NA,NA,NA,"Fire regeneration syndrome, 2",NA
"Leptospermum polygalifolium","7245","Myerscough Clarke Skelton 1995","surv1","All",NA,NA,NA,"Fire regeneration syndrome, 5",NA
"Leptospermum polygalifolium","7245","Myerscough Clarke Skelton 1995","surv4","Basal",NA,NA,NA,"Fire regeneration syndrome, 5",NA
"Epacris pulchella","2605","Myerscough Clarke Skelton 1995","surv1","None",NA,NA,NA,"Fire regeneration syndrome, 2",NA
"Epacris pulchella","2605","Myerscough Clarke Skelton 1995","surv4","None",NA,NA,NA,"Fire regeneration syndrome, 2",NA
"Epacris pulchella","2605","Myerscough Clarke Skelton 1995","germ1","Soil-persistent",NA,NA,NA,"Fire regeneration syndrome, 2",NA
"Leptospermum trinervium","8486","Myerscough Clarke Skelton 1995","surv1","All",NA,NA,NA,"Fire regeneration syndrome, 6",NA
"Leptospermum trinervium","8486","Myerscough Clarke Skelton 1995","surv4","Epicormic",NA,NA,NA,"Fire regeneration syndrome, 6",NA
"Persoonia lanceolata","5460","Myerscough Clarke Skelton 1995","surv1","None",NA,NA,NA,"Fire regeneration syndrome, 2",NA
"Persoonia lanceolata","5460","Myerscough Clarke Skelton 1995","surv4","None",NA,NA,NA,"Fire regeneration syndrome, 2",NA
"Persoonia lanceolata","5460","Myerscough Clarke Skelton 1995","germ1","Soil-persistent",NA,NA,NA,"Fire regeneration syndrome, 2",NA
"Empodisma minus","5532","Myerscough Clarke Skelton 1995","surv1","All",NA,NA,NA,"Fire regeneration syndrome, 4",NA
"Empodisma minus","5532","Myerscough Clarke Skelton 1995","surv4","Long rhizome or root sucker",NA,NA,NA,"Fire regeneration syndrome, 4",NA
"Gymnoschoenus sphaerocephalus","2445","Myerscough Clarke Skelton 1995","surv1","All",NA,NA,NA,"Fire regeneration syndrome, 5",NA
"Gymnoschoenus sphaerocephalus","2445","Myerscough Clarke Skelton 1995","surv4","Basal",NA,NA,NA,"Fire regeneration syndrome, 5",NA
"Bauera rubioides","2268","Myerscough Clarke Skelton 1995","surv1","All",NA,NA,NA,"Fire regeneration syndrome, 5",NA
"Bauera rubioides","2268","Myerscough Clarke Skelton 1995","surv4","Basal",NA,NA,NA,"Fire regeneration syndrome, 5",NA
"Boronia pinnata","5750","Myerscough Clarke Skelton 1995","surv1","All",NA,NA,NA,"Fire regeneration syndrome, 5",NA
"Boronia pinnata","5750","Myerscough Clarke Skelton 1995","surv4","Basal",NA,NA,NA,"Fire regeneration syndrome, 5",NA
"Cassytha pubescens","3469","Myerscough Clarke Skelton 1995","surv1","None",NA,NA,NA,"Fire regeneration syndrome, 2",NA
"Cassytha pubescens","3469","Myerscough Clarke Skelton 1995","surv4","None",NA,NA,NA,"Fire regeneration syndrome, 2",NA
"Cassytha pubescens","3469","Myerscough Clarke Skelton 1995","germ1","Soil-persistent",NA,NA,NA,"Fire regeneration syndrome, 2",NA
"Woollsia pungens","2664","Myerscough Clarke Skelton 1995","surv1","None",NA,NA,NA,"Fire regeneration syndrome, 2",NA
"Woollsia pungens","2664","Myerscough Clarke Skelton 1995","surv4","None",NA,NA,NA,"Fire regeneration syndrome, 2",NA
"Woollsia pungens","2664","Myerscough Clarke Skelton 1995","germ1","Soil-persistent",NA,NA,NA,"Fire regeneration syndrome, 2",NA
"Bauera capitata","2267","Myerscough Clarke Skelton 1995","surv1","All",NA,NA,NA,"Fire regeneration syndrome, 5",NA
"Bauera capitata","2267","Myerscough Clarke Skelton 1995","surv4","Basal",NA,NA,NA,"Fire regeneration syndrome, 5",NA
"Cassytha glabella","3467","Myerscough Clarke Skelton 1995","surv1","None",NA,NA,NA,"Fire regeneration syndrome, 2",NA
"Cassytha glabella","3467","Myerscough Clarke Skelton 1995","surv4","None",NA,NA,NA,"Fire regeneration syndrome, 2",NA
"Cassytha glabella","3467","Myerscough Clarke Skelton 1995","germ1","Soil-persistent",NA,NA,NA,"Fire regeneration syndrome, 2",NA
"Baeckea diosmifolia","3993","Myerscough Clarke Skelton 1995","surv1","All",NA,NA,NA,"Fire regeneration syndrome, 5",NA
"Baeckea diosmifolia","3993","Myerscough Clarke Skelton 1995","surv4","Basal",NA,NA,NA,"Fire regeneration syndrome, 5",NA
"Lepidosperma filiforme","2465","Myerscough Clarke Skelton 1995","surv1","All",NA,NA,NA,"Fire regeneration syndrome, 5",NA
"Lepidosperma filiforme","2465","Myerscough Clarke Skelton 1995","surv4","Basal",NA,NA,NA,"Fire regeneration syndrome, 5",NA
"Phyllota phylicoides","2958","Myerscough Clarke Skelton 1995","surv1","None",NA,NA,NA,"Fire regeneration syndrome, 2",NA
"Phyllota phylicoides","2958","Myerscough Clarke Skelton 1995","surv4","None",NA,NA,NA,"Fire regeneration syndrome, 2",NA
"Phyllota phylicoides","2958","Myerscough Clarke Skelton 1995","germ1","Soil-persistent",NA,NA,NA,"Fire regeneration syndrome, 2",NA
"Leptocarpus tenax","5534","Myerscough Clarke Skelton 1995","surv1","All",NA,NA,NA,"Fire regeneration syndrome, 4",NA
"Leptocarpus tenax","5534","Myerscough Clarke Skelton 1995","surv4","Long rhizome or root sucker",NA,NA,NA,"Fire regeneration syndrome, 4",NA
"Epacris microphylla","2599","Myerscough Clarke Skelton 1995","surv1","None",NA,NA,NA,"Fire regeneration syndrome, 2",NA
"Epacris microphylla","2599","Myerscough Clarke Skelton 1995","surv4","None",NA,NA,NA,"Fire regeneration syndrome, 2",NA
"Epacris microphylla","2599","Myerscough Clarke Skelton 1995","germ1","Soil-persistent",NA,NA,NA,"Fire regeneration syndrome, 2",NA
"Bossiaea heterophylla","2780","Myerscough Clarke Skelton 1995","surv1","All",NA,NA,NA,"Fire regeneration syndrome, 5",NA
"Bossiaea heterophylla","2780","Myerscough Clarke Skelton 1995","surv4","Basal",NA,NA,NA,"Fire regeneration syndrome, 5",NA
"Boronia falcifolia","5739","Myerscough Clarke Skelton 1995","surv1","All",NA,NA,NA,"Fire regeneration syndrome, 5",NA
"Boronia falcifolia","5739","Myerscough Clarke Skelton 1995","surv4","Basal",NA,NA,NA,"Fire regeneration syndrome, 5",NA
"Xanthorrhoea glauca","8750","Myerscough Clarke Skelton 1995","surv1","All",NA,NA,NA,"Fire regeneration syndrome, 7",NA
"Xanthorrhoea glauca","8750","Myerscough Clarke Skelton 1995","surv4","Apical",NA,NA,NA,"Fire regeneration syndrome, 7",NA
"Melaleuca sieberi","4261","Myerscough Clarke Skelton 1995","surv1","All",NA,NA,NA,"Fire regeneration syndrome, 6",NA
"Melaleuca sieberi","4261","Myerscough Clarke Skelton 1995","surv4","Epicormic",NA,NA,NA,"Fire regeneration syndrome, 6",NA
"Monotoca scoparia","2649","Myerscough Clarke Skelton 1995","surv1","All",NA,NA,NA,"Fire regeneration syndrome, 5",NA
"Monotoca scoparia","2649","Myerscough Clarke Skelton 1995","surv4","Basal",NA,NA,NA,"Fire regeneration syndrome, 5",NA
"Platysace linearifolia","1145","Myerscough Clarke Skelton 1995","surv1","All",NA,NA,NA,"Fire regeneration syndrome, 5",NA
"Platysace linearifolia","1145","Myerscough Clarke Skelton 1995","surv4","Basal",NA,NA,NA,"Fire regeneration syndrome, 5",NA
"Ricinocarpos pinifolius","2759","Myerscough Clarke Skelton 1995","surv1","All",NA,NA,NA,"Fire regeneration syndrome, 5",NA
"Ricinocarpos pinifolius","2759","Myerscough Clarke Skelton 1995","surv4","Basal",NA,NA,NA,"Fire regeneration syndrome, 5",NA
"Leptospermum juniperinum","4221","Myerscough Clarke Skelton 1995","surv1","All",NA,NA,NA,"Fire regeneration syndrome, 5",NA
"Leptospermum juniperinum","4221","Myerscough Clarke Skelton 1995","surv4","Basal",NA,NA,NA,"Fire regeneration syndrome, 5",NA
"Dillwynia glaberrima","2844","Myerscough Clarke Skelton 1995","surv1","All",NA,NA,NA,"Fire regeneration syndrome, 5",NA
"Dillwynia glaberrima","2844","Myerscough Clarke Skelton 1995","surv4","Basal",NA,NA,NA,"Fire regeneration syndrome, 5",NA
"Sprengelia incarnata","2654","Myerscough Clarke Skelton 1995","surv1","None",NA,NA,NA,"Fire regeneration syndrome, 2",NA
"Sprengelia incarnata","2654","Myerscough Clarke Skelton 1995","surv4","None",NA,NA,NA,"Fire regeneration syndrome, 2",NA
"Sprengelia incarnata","2654","Myerscough Clarke Skelton 1995","germ1","Soil-persistent",NA,NA,NA,"Fire regeneration syndrome, 2",NA
"Tetratheca ericifolia","6204","Myerscough Clarke Skelton 1995","surv1","All",NA,NA,NA,"Fire regeneration syndrome, 5",NA
"Tetratheca ericifolia","6204","Myerscough Clarke Skelton 1995","surv4","Basal",NA,NA,NA,"Fire regeneration syndrome, 5",NA
"Ochrosperma lineare","6474","Myerscough Clarke Skelton 1995","surv1","All",NA,NA,NA,"Fire regeneration syndrome, 5",NA
"Ochrosperma lineare","6474","Myerscough Clarke Skelton 1995","surv4","Basal",NA,NA,NA,"Fire regeneration syndrome, 5",NA
"Leucopogon ericoides","2616","Myerscough Clarke Skelton 1995","surv1","None",NA,NA,NA,"Fire regeneration syndrome, 2",NA
"Leucopogon ericoides","2616","Myerscough Clarke Skelton 1995","surv4","None",NA,NA,NA,"Fire regeneration syndrome, 2",NA
"Leucopogon ericoides","2616","Myerscough Clarke Skelton 1995","germ1","Soil-persistent",NA,NA,NA,"Fire regeneration syndrome, 2",NA
"Lepyrodia scariosa","5541","Myerscough Clarke Skelton 1995","surv1","All",NA,NA,NA,"Fire regeneration syndrome, 4",NA
"Lepyrodia scariosa","5541","Myerscough Clarke Skelton 1995","surv4","Long rhizome or root sucker",NA,NA,NA,"Fire regeneration syndrome, 4",NA
"Brachyloma daphnoides","2586","Myerscough Clarke Skelton 1995","surv1","All",NA,NA,NA,"Fire regeneration syndrome, 5",NA
"Brachyloma daphnoides","2586","Myerscough Clarke Skelton 1995","surv4","Basal",NA,NA,NA,"Fire regeneration syndrome, 5",NA
"Acacia ulicifolia","3893","Myerscough Clarke Skelton 1995","surv1","None",NA,NA,NA,"Fire regeneration syndrome, 2",NA
"Acacia ulicifolia","3893","Myerscough Clarke Skelton 1995","surv4","None",NA,NA,NA,"Fire regeneration syndrome, 2",NA
"Acacia ulicifolia","3893","Myerscough Clarke Skelton 1995","germ1","Soil-persistent",NA,NA,NA,"Fire regeneration syndrome, 2",NA
"Leucopogon rodwayi","2636","Myerscough Clarke Skelton 1995","surv1","All",NA,NA,NA,"Fire regeneration syndrome, 5",NA
"Leucopogon rodwayi","2636","Myerscough Clarke Skelton 1995","surv4","Basal",NA,NA,NA,"Fire regeneration syndrome, 5",NA
"Hakea teretifolia","5427","Myerscough Clarke Skelton 1995","surv1","All",NA,NA,NA,"Fire regeneration syndrome, 5",NA
"Hakea teretifolia","5427","Myerscough Clarke Skelton 1995","surv4","Basal",NA,NA,NA,"Fire regeneration syndrome, 5",NA
"Leucopogon virgatus","2639","Myerscough Clarke Skelton 1995","surv1","All",NA,NA,NA,"Fire regeneration syndrome, 5",NA
"Leucopogon virgatus","2639","Myerscough Clarke Skelton 1995","surv4","Basal",NA,NA,NA,"Fire regeneration syndrome, 5",NA
"Mirbelia rubiifolia","2938","Myerscough Clarke Skelton 1995","surv1","None",NA,NA,NA,"Fire regeneration syndrome, 2",NA
"Mirbelia rubiifolia","2938","Myerscough Clarke Skelton 1995","surv4","None",NA,NA,NA,"Fire regeneration syndrome, 2",NA
"Mirbelia rubiifolia","2938","Myerscough Clarke Skelton 1995","germ1","Soil-persistent",NA,NA,NA,"Fire regeneration syndrome, 2",NA
"Leucopogon parviflorus","2632","Myerscough Clarke Skelton 1995","surv1","All",NA,NA,NA,"Fire regeneration syndrome, 5",NA
"Leucopogon parviflorus","2632","Myerscough Clarke Skelton 1995","surv4","Basal",NA,NA,NA,"Fire regeneration syndrome, 5",NA
"Pteridium esculentum","6403","Myerscough Clarke Skelton 1995","surv1","All",NA,NA,NA,"Fire regeneration syndrome, 4",NA
"Pteridium esculentum","6403","Myerscough Clarke Skelton 1995","surv4","Long rhizome or root sucker",NA,NA,NA,"Fire regeneration syndrome, 4",NA
"Bossiaea ensata","2778","Myerscough Clarke Skelton 1995","surv1","All",NA,NA,NA,"Fire regeneration syndrome, 5",NA
"Bossiaea ensata","2778","Myerscough Clarke Skelton 1995","surv4","Basal",NA,NA,NA,"Fire regeneration syndrome, 5",NA
"Philotheca salsolifolia","5831","Myerscough Clarke Skelton 1995","surv1","All",NA,NA,NA,"Fire regeneration syndrome, 5",NA
"Philotheca salsolifolia","5831","Myerscough Clarke Skelton 1995","surv4","Basal",NA,NA,NA,"Fire regeneration syndrome, 5",NA
"Schoenus brevifolius","2492","Myerscough Clarke Skelton 1995","surv1","All",NA,NA,NA,"Fire regeneration syndrome, 4",NA
"Schoenus brevifolius","2492","Myerscough Clarke Skelton 1995","surv4","Long rhizome or root sucker",NA,NA,NA,"Fire regeneration syndrome, 4",NA
"Xyris juncea","6323","Myerscough Clarke Skelton 1995","surv1","All",NA,NA,NA,"Fire regeneration syndrome, 5",NA
"Xyris juncea","6323","Myerscough Clarke Skelton 1995","surv4","Basal",NA,NA,NA,"Fire regeneration syndrome, 5",NA
"Pimelea linifolia","6182","Myerscough Clarke Skelton 1995","surv1","All",NA,NA,NA,"Fire regeneration syndrome, 5",NA
"Pimelea linifolia","6182","Myerscough Clarke Skelton 1995","surv4","Basal",NA,NA,NA,"Fire regeneration syndrome, 5",NA
"Hibbertia obtusifolia","2542","Myerscough Clarke Skelton 1995","surv1","None",NA,NA,NA,"Fire regeneration syndrome, 2",NA
"Hibbertia obtusifolia","2542","Myerscough Clarke Skelton 1995","surv4","None",NA,NA,NA,"Fire regeneration syndrome, 2",NA
"Hibbertia obtusifolia","2542","Myerscough Clarke Skelton 1995","germ1","Soil-persistent",NA,NA,NA,"Fire regeneration syndrome, 2",NA
"Platysace lanceolata","1144","Myerscough Clarke Skelton 1995","surv1","All",NA,NA,NA,"Fire regeneration syndrome, 5",NA
"Platysace lanceolata","1144","Myerscough Clarke Skelton 1995","surv4","Basal",NA,NA,NA,"Fire regeneration syndrome, 5",NA
"Selaginella uliginosa","8187","Myerscough Clarke Skelton 1995","surv1","All",NA,NA,NA,"Fire regeneration syndrome, 4",NA
"Selaginella uliginosa","8187","Myerscough Clarke Skelton 1995","surv4","Long rhizome or root sucker",NA,NA,NA,"Fire regeneration syndrome, 4",NA
"Calytrix tetragona","4021","Myerscough Clarke Skelton 1995","surv1","All",NA,NA,NA,"Fire regeneration syndrome, 5",NA
"Calytrix tetragona","4021","Myerscough Clarke Skelton 1995","surv4","Basal",NA,NA,NA,"Fire regeneration syndrome, 5",NA
"Plinthanthesis paradoxa","5117","Myerscough Clarke Skelton 1995","surv1","All",NA,NA,NA,"Fire regeneration syndrome, 5",NA
"Plinthanthesis paradoxa","5117","Myerscough Clarke Skelton 1995","surv4","Basal",NA,NA,NA,"Fire regeneration syndrome, 5",NA
"Stylidium graminifolium","6157","Myerscough Clarke Skelton 1995","surv1","All",NA,NA,NA,"Fire regeneration syndrome, 4",NA
"Stylidium graminifolium","6157","Myerscough Clarke Skelton 1995","surv4","Long rhizome or root sucker",NA,NA,NA,"Fire regeneration syndrome, 4",NA
"Drosera peltata","2559","Myerscough Clarke Skelton 1995","surv1","All",NA,NA,NA,"Fire regeneration syndrome, 4",NA
"Drosera peltata","2559","Myerscough Clarke Skelton 1995","surv4","Long rhizome or root sucker",NA,NA,NA,"Fire regeneration syndrome, 4",NA
"Eucalyptus resinifera","4170","Myerscough Clarke Skelton 1995","surv1","All",NA,NA,NA,"Fire regeneration syndrome, 6",NA
"Eucalyptus resinifera","4170","Myerscough Clarke Skelton 1995","surv4","Epicormic",NA,NA,NA,"Fire regeneration syndrome, 6",NA
"Burchardia umbellata","3533","Myerscough Clarke Skelton 1995","surv1","All",NA,NA,NA,"Fire regeneration syndrome, 5",NA
"Burchardia umbellata","3533","Myerscough Clarke Skelton 1995","surv4","Basal",NA,NA,NA,"Fire regeneration syndrome, 5",NA
"Entolasia stricta","4947","Myerscough Clarke Skelton 1995","surv1","All",NA,NA,NA,"Fire regeneration syndrome, 4",NA
"Entolasia stricta","4947","Myerscough Clarke Skelton 1995","surv4","Long rhizome or root sucker",NA,NA,NA,"Fire regeneration syndrome, 4",NA
"Melaleuca thymifolia","4266","Myerscough Clarke Skelton 1995","surv1","All",NA,NA,NA,"Fire regeneration syndrome, 5",NA
"Melaleuca thymifolia","4266","Myerscough Clarke Skelton 1995","surv4","Basal",NA,NA,NA,"Fire regeneration syndrome, 5",NA
"Hibbertia acicularis","2526","Myerscough Clarke Skelton 1995","surv1","None",NA,NA,NA,"Fire regeneration syndrome, 2",NA
"Hibbertia acicularis","2526","Myerscough Clarke Skelton 1995","surv4","None",NA,NA,NA,"Fire regeneration syndrome, 2",NA
"Hibbertia acicularis","2526","Myerscough Clarke Skelton 1995","germ1","Soil-persistent",NA,NA,NA,"Fire regeneration syndrome, 2",NA
"Acacia longifolia","3816","Myerscough Clarke Skelton 1995","surv1","None",NA,NA,NA,"Fire regeneration syndrome, 2",NA
"Acacia longifolia","3816","Myerscough Clarke Skelton 1995","surv4","None",NA,NA,NA,"Fire regeneration syndrome, 2",NA
"Acacia longifolia","3816","Myerscough Clarke Skelton 1995","germ1","Soil-persistent",NA,NA,NA,"Fire regeneration syndrome, 2",NA
"Aotus ericoides","2770","Myerscough Clarke Skelton 1995","surv1","All",NA,NA,NA,"Fire regeneration syndrome, 5",NA
"Aotus ericoides","2770","Myerscough Clarke Skelton 1995","surv4","Basal",NA,NA,NA,"Fire regeneration syndrome, 5",NA
"Schoenus ericetorum","2495","Myerscough Clarke Skelton 1995","surv1","All",NA,NA,NA,"Fire regeneration syndrome, 5",NA
"Schoenus ericetorum","2495","Myerscough Clarke Skelton 1995","surv4","Basal",NA,NA,NA,"Fire regeneration syndrome, 5",NA
"Callistemon citrinus","4004","Myerscough Clarke Skelton 1995","surv1","All",NA,NA,NA,"Fire regeneration syndrome, 5",NA
"Callistemon citrinus","4004","Myerscough Clarke Skelton 1995","surv4","Basal",NA,NA,NA,"Fire regeneration syndrome, 5",NA
"Gompholobium virgatum","2870","Myerscough Clarke Skelton 1995","surv1","None",NA,NA,NA,"Fire regeneration syndrome, 2",NA
"Gompholobium virgatum","2870","Myerscough Clarke Skelton 1995","surv4","None",NA,NA,NA,"Fire regeneration syndrome, 2",NA
"Gompholobium virgatum","2870","Myerscough Clarke Skelton 1995","germ1","Soil-persistent",NA,NA,NA,"Fire regeneration syndrome, 2",NA
"Lomandra longifolia","6308","Myerscough Clarke Skelton 1995","surv1","All",NA,NA,NA,"Fire regeneration syndrome, 5",NA
"Lomandra longifolia","6308","Myerscough Clarke Skelton 1995","surv4","Basal",NA,NA,NA,"Fire regeneration syndrome, 5",NA
"Acacia quadrilateralis","3863","Myerscough Clarke Skelton 1995","surv1","All",NA,NA,NA,"Fire regeneration syndrome, 5",NA
"Acacia quadrilateralis","3863","Myerscough Clarke Skelton 1995","surv4","Basal",NA,NA,NA,"Fire regeneration syndrome, 5",NA
"Goodenia stelligera","3197","Myerscough Clarke Skelton 1995","surv1","All",NA,NA,NA,"Fire regeneration syndrome, 5",NA
"Goodenia stelligera","3197","Myerscough Clarke Skelton 1995","surv4","Basal",NA,NA,NA,"Fire regeneration syndrome, 5",NA
"Acacia terminalis","3885","Myerscough Clarke Skelton 1995","surv1","None",NA,NA,NA,"Fire regeneration syndrome, 2",NA
"Acacia terminalis","3885","Myerscough Clarke Skelton 1995","surv4","None",NA,NA,NA,"Fire regeneration syndrome, 2",NA
"Acacia terminalis","3885","Myerscough Clarke Skelton 1995","germ1","Soil-persistent",NA,NA,NA,"Fire regeneration syndrome, 2",NA
"Zieria laevigata","5841","Myerscough Clarke Skelton 1995","surv1","None",NA,NA,NA,"Fire regeneration syndrome, 2",NA
"Zieria laevigata","5841","Myerscough Clarke Skelton 1995","surv4","None",NA,NA,NA,"Fire regeneration syndrome, 2",NA
"Zieria laevigata","5841","Myerscough Clarke Skelton 1995","germ1","Soil-persistent",NA,NA,NA,"Fire regeneration syndrome, 2",NA
"Boronia parviflora","5749","Myerscough Clarke Skelton 1995","surv1","All",NA,NA,NA,"Fire regeneration syndrome, 5",NA
"Boronia parviflora","5749","Myerscough Clarke Skelton 1995","surv4","Basal",NA,NA,NA,"Fire regeneration syndrome, 5",NA
"Leptomeria acida","5865","Myerscough Clarke Skelton 1995","surv1","None",NA,NA,NA,"Fire regeneration syndrome, 2",NA
"Leptomeria acida","5865","Myerscough Clarke Skelton 1995","surv4","None",NA,NA,NA,"Fire regeneration syndrome, 2",NA
"Leptomeria acida","5865","Myerscough Clarke Skelton 1995","germ1","Soil-persistent",NA,NA,NA,"Fire regeneration syndrome, 2",NA
"Leucopogon lanceolatus","2624","Myerscough Clarke Skelton 1995","surv1","All",NA,NA,NA,"Fire regeneration syndrome, 5",NA
"Leucopogon lanceolatus","2624","Myerscough Clarke Skelton 1995","surv4","Basal",NA,NA,NA,"Fire regeneration syndrome, 5",NA
"Trachymene incisa","1154","Myerscough Clarke Skelton 1995","surv1","All",NA,NA,NA,"Fire regeneration syndrome, 5",NA
"Trachymene incisa","1154","Myerscough Clarke Skelton 1995","surv4","Basal",NA,NA,NA,"Fire regeneration syndrome, 5",NA
"Olax stricta","6407","Myerscough Clarke Skelton 1995","surv1","All",NA,NA,NA,"Fire regeneration syndrome, 5",NA
"Olax stricta","6407","Myerscough Clarke Skelton 1995","surv4","Basal",NA,NA,NA,"Fire regeneration syndrome, 5",NA
"Panicum simile","5066","Myerscough Clarke Skelton 1995","surv1","All",NA,NA,NA,"Fire regeneration syndrome, 5",NA
"Panicum simile","5066","Myerscough Clarke Skelton 1995","surv4","Basal",NA,NA,NA,"Fire regeneration syndrome, 5",NA
"Xyris operculata","6324","Myerscough Clarke Skelton 1995","surv1","All",NA,NA,NA,"Fire regeneration syndrome, 5",NA
"Xyris operculata","6324","Myerscough Clarke Skelton 1995","surv4","Basal",NA,NA,NA,"Fire regeneration syndrome, 5",NA
"Acacia suaveolens","3881","Myerscough Clarke Skelton 1995","surv1","None",NA,NA,NA,"Fire regeneration syndrome, 2",NA
"Acacia suaveolens","3881","Myerscough Clarke Skelton 1995","surv4","None",NA,NA,NA,"Fire regeneration syndrome, 2",NA
"Acacia suaveolens","3881","Myerscough Clarke Skelton 1995","germ1","Soil-persistent",NA,NA,NA,"Fire regeneration syndrome, 2",NA
"Hibbertia fasciculata","2536","Myerscough Clarke Skelton 1995","surv1","None",NA,NA,NA,"Fire regeneration syndrome, 2",NA
"Hibbertia fasciculata","2536","Myerscough Clarke Skelton 1995","surv4","None",NA,NA,NA,"Fire regeneration syndrome, 2",NA
"Hibbertia fasciculata","2536","Myerscough Clarke Skelton 1995","germ1","Soil-persistent",NA,NA,NA,"Fire regeneration syndrome, 2",NA
"Isopogon anemonifolius","5433","Myerscough Clarke Skelton 1995","surv1","All",NA,NA,NA,"Fire regeneration syndrome, 5",NA
"Isopogon anemonifolius","5433","Myerscough Clarke Skelton 1995","surv4","Basal",NA,NA,NA,"Fire regeneration syndrome, 5",NA
"Pultenaea daphnoides","2985","Myerscough Clarke Skelton 1995","surv1","None",NA,NA,NA,"Fire regeneration syndrome, 2",NA
"Pultenaea daphnoides","2985","Myerscough Clarke Skelton 1995","surv4","None",NA,NA,NA,"Fire regeneration syndrome, 2",NA
"Pultenaea daphnoides","2985","Myerscough Clarke Skelton 1995","germ1","Soil-persistent",NA,NA,NA,"Fire regeneration syndrome, 2",NA
"Chloanthes stoechadis","6243","Myerscough Clarke Skelton 1995","surv1","All",NA,NA,NA,"Fire regeneration syndrome, 5",NA
"Chloanthes stoechadis","6243","Myerscough Clarke Skelton 1995","surv4","Basal",NA,NA,NA,"Fire regeneration syndrome, 5",NA
"Chorizandra sphaerocephala","2345","Myerscough Clarke Skelton 1995","surv1","All",NA,NA,NA,"Fire regeneration syndrome, 4",NA
"Chorizandra sphaerocephala","2345","Myerscough Clarke Skelton 1995","surv4","Long rhizome or root sucker",NA,NA,NA,"Fire regeneration syndrome, 4",NA
"Coleocarya gracilis","5531","Myerscough Clarke Skelton 1995","surv1","All",NA,NA,NA,"Fire regeneration syndrome, 4",NA
"Coleocarya gracilis","5531","Myerscough Clarke Skelton 1995","surv4","Long rhizome or root sucker",NA,NA,NA,"Fire regeneration syndrome, 4",NA
"Cyathochaeta diandra","2347","Myerscough Clarke Skelton 1995","surv1","All",NA,NA,NA,"Fire regeneration syndrome, 4",NA
"Cyathochaeta diandra","2347","Myerscough Clarke Skelton 1995","surv4","Long rhizome or root sucker",NA,NA,NA,"Fire regeneration syndrome, 4",NA
"Dianella caerulea","3540","Myerscough Clarke Skelton 1995","surv1","All",NA,NA,NA,"Fire regeneration syndrome, 4",NA
"Dianella caerulea","3540","Myerscough Clarke Skelton 1995","surv4","Long rhizome or root sucker",NA,NA,NA,"Fire regeneration syndrome, 4",NA
"Gompholobium pinnatum","2868","Myerscough Clarke Skelton 1995","surv1","None",NA,NA,NA,"Fire regeneration syndrome, 2",NA
"Gompholobium pinnatum","2868","Myerscough Clarke Skelton 1995","surv4","None",NA,NA,NA,"Fire regeneration syndrome, 2",NA
"Gompholobium pinnatum","2868","Myerscough Clarke Skelton 1995","germ1","Soil-persistent",NA,NA,NA,"Fire regeneration syndrome, 2",NA
"Mitrasacme polymorpha","3595","Myerscough Clarke Skelton 1995","surv1","None",NA,NA,NA,"Fire regeneration syndrome, 2",NA
"Mitrasacme polymorpha","3595","Myerscough Clarke Skelton 1995","surv4","None",NA,NA,NA,"Fire regeneration syndrome, 2",NA
"Mitrasacme polymorpha","3595","Myerscough Clarke Skelton 1995","germ1","Soil-persistent",NA,NA,NA,"Fire regeneration syndrome, 2",NA
"Patersonia longifolia","3302","Myerscough Clarke Skelton 1995","surv1","All",NA,NA,NA,"Fire regeneration syndrome, 5",NA
"Patersonia longifolia","3302","Myerscough Clarke Skelton 1995","surv4","Basal",NA,NA,NA,"Fire regeneration syndrome, 5",NA
"Schoenus paludosus","2504","Myerscough Clarke Skelton 1995","surv1","All",NA,NA,NA,"Fire regeneration syndrome, 4",NA
"Schoenus paludosus","2504","Myerscough Clarke Skelton 1995","surv4","Long rhizome or root sucker",NA,NA,NA,"Fire regeneration syndrome, 4",NA
"Sowerbaea juncea","3567","Myerscough Clarke Skelton 1995","surv1","All",NA,NA,NA,"Fire regeneration syndrome, 4",NA
"Sowerbaea juncea","3567","Myerscough Clarke Skelton 1995","surv4","Long rhizome or root sucker",NA,NA,NA,"Fire regeneration syndrome, 4",NA
"Stylidium debile","6154","Myerscough Clarke Skelton 1995","surv1","All",NA,NA,NA,"Fire regeneration syndrome, 5",NA
"Stylidium debile","6154","Myerscough Clarke Skelton 1995","surv4","Basal",NA,NA,NA,"Fire regeneration syndrome, 5",NA
"Sporadanthus interruptus","10604","Myerscough Clarke Skelton 1995","surv1","All",NA,NA,NA,"Fire regeneration syndrome, 4",NA
"Sporadanthus interruptus","10604","Myerscough Clarke Skelton 1995","surv4","Long rhizome or root sucker",NA,NA,NA,"Fire regeneration syndrome, 4",NA
"Xanthosia pilosa","1162","Myerscough Clarke Skelton 1995","surv1","All",NA,NA,NA,"Fire regeneration syndrome, 5",NA
"Xanthosia pilosa","1162","Myerscough Clarke Skelton 1995","surv4","Basal",NA,NA,NA,"Fire regeneration syndrome, 5",NA
"Machaerina muelleri","15324","Myerscough Clarke Skelton 1995","surv1","All",NA,NA,NA,"Fire regeneration syndrome, 4",NA
"Machaerina muelleri","15324","Myerscough Clarke Skelton 1995","surv4","Long rhizome or root sucker",NA,NA,NA,"Fire regeneration syndrome, 4",NA
"Eriostemon australasius","5776","Myerscough Clarke Skelton 1995","surv1","None",NA,NA,NA,"Fire regeneration syndrome, 2",NA
"Eriostemon australasius","5776","Myerscough Clarke Skelton 1995","surv4","None",NA,NA,NA,"Fire regeneration syndrome, 2",NA
"Eriostemon australasius","5776","Myerscough Clarke Skelton 1995","germ1","Soil-persistent",NA,NA,NA,"Fire regeneration syndrome, 2",NA
"Sprengelia sprengelioides","2655","Myerscough Clarke Skelton 1995","surv1","None",NA,NA,NA,"Fire regeneration syndrome, 2",NA
"Sprengelia sprengelioides","2655","Myerscough Clarke Skelton 1995","surv4","None",NA,NA,NA,"Fire regeneration syndrome, 2",NA
"Sprengelia sprengelioides","2655","Myerscough Clarke Skelton 1995","germ1","Soil-persistent",NA,NA,NA,"Fire regeneration syndrome, 2",NA
"Eurychorda complanata","10615","Myerscough Clarke Skelton 1995","surv1","All",NA,NA,NA,"Fire regeneration syndrome, 5",NA
"Eurychorda complanata","10615","Myerscough Clarke Skelton 1995","surv4","Basal",NA,NA,NA,"Fire regeneration syndrome, 5",NA
"Ptilothrix deusta","8956","Myerscough Clarke Skelton 1995","surv1","All",NA,NA,NA,"Fire regeneration syndrome, 5",NA
"Ptilothrix deusta","8956","Myerscough Clarke Skelton 1995","surv4","Basal",NA,NA,NA,"Fire regeneration syndrome, 5",NA
"Schoenus lepidosperma subsp. pachylepis","9057","Myerscough Clarke Skelton 1995","surv1","All",NA,NA,NA,"Fire regeneration syndrome, 5",NA
"Schoenus lepidosperma subsp. pachylepis","9057","Myerscough Clarke Skelton 1995","surv4","Basal",NA,NA,NA,"Fire regeneration syndrome, 5",NA
"Euryomyrtus ramosissima","11217","Myerscough Clarke Skelton 1995","surv1","None",NA,NA,NA,"Fire regeneration syndrome, 2",NA
"Euryomyrtus ramosissima","11217","Myerscough Clarke Skelton 1995","surv4","None",NA,NA,NA,"Fire regeneration syndrome, 2",NA
"Euryomyrtus ramosissima","11217","Myerscough Clarke Skelton 1995","germ1","Soil-persistent",NA,NA,NA,"Fire regeneration syndrome, 2",NA
"Petrophile pulchella","5479","Myerscough Clarke Skelton 1995","surv1","None",NA,NA,NA,"Fire regeneration syndrome, 2",NA
"Petrophile pulchella","5479","Myerscough Clarke Skelton 1995","surv4","None",NA,NA,NA,"Fire regeneration syndrome, 2",NA
"Petrophile pulchella","5479","Myerscough Clarke Skelton 1995","germ1","Soil-persistent",NA,NA,NA,"Fire regeneration syndrome, 2",NA
"Schoenus scabripes","2505","Myerscough Clarke Skelton 1995","surv1","All",NA,NA,NA,"Fire regeneration syndrome, 4",NA
"Schoenus scabripes","2505","Myerscough Clarke Skelton 1995","surv4","Long rhizome or root sucker",NA,NA,NA,"Fire regeneration syndrome, 4",NA
"Drosera spatulata","2561","Myerscough Clarke Skelton 1995","surv1","All",NA,NA,NA,"Fire regeneration syndrome, 4",NA
"Drosera spatulata","2561","Myerscough Clarke Skelton 1995","surv4","Long rhizome or root sucker",NA,NA,NA,"Fire regeneration syndrome, 4",NA
"Corymbia gummifera","9687","Myerscough Clarke Skelton 1995","surv1","All",NA,NA,NA,"Fire regeneration syndrome, 5",NA
"Corymbia gummifera","9687","Myerscough Clarke Skelton 1995","surv4","Basal",NA,NA,NA,"Fire regeneration syndrome, 5",NA
"Lomandra filiformis","6302","Myerscough Clarke Skelton 1995","surv1","All",NA,NA,NA,"Fire regeneration syndrome, 5",NA
"Lomandra filiformis","6302","Myerscough Clarke Skelton 1995","surv4","Basal",NA,NA,NA,"Fire regeneration syndrome, 5",NA
"Hibbertia salicifolia","7436","Myerscough Clarke Skelton 1995","surv1","All",NA,NA,NA,"Fire regeneration syndrome, 5",NA
"Hibbertia salicifolia","7436","Myerscough Clarke Skelton 1995","surv4","Basal",NA,NA,NA,"Fire regeneration syndrome, 5",NA
"Amperea xiphoclada","2677","Myerscough Clarke Skelton 1995","surv1","All",NA,NA,NA,"Fire regeneration syndrome, 5",NA
"Amperea xiphoclada","2677","Myerscough Clarke Skelton 1995","surv4","Basal",NA,NA,NA,"Fire regeneration syndrome, 5",NA
"Machaerina spp.","MACH","Myerscough Clarke Skelton 1995","surv1","All",NA,NA,NA,"Fire regeneration syndrome, 4",NA
"Machaerina spp.","MACH","Myerscough Clarke Skelton 1995","surv4","Long rhizome or root sucker",NA,NA,NA,"Fire regeneration syndrome, 4",NA
"Gahnia spp.","GAHN","Myerscough Clarke Skelton 1995","surv1","All",NA,NA,NA,"Fire regeneration syndrome, 4",NA
"Gahnia spp.","GAHN","Myerscough Clarke Skelton 1995","surv4","Long rhizome or root sucker",NA,NA,NA,"Fire regeneration syndrome, 4",NA
"Eucalyptus macrorhyncha","4120","Purdie 1977","surv1","Most",NA,NA,NA,"Regrowth class, NGD",NA
"Eucalyptus macrorhyncha","4120","Purdie 1977","surv4","Basal",NA,NA,NA,"Regrowth class, NGD",NA
"Eucalyptus macrorhyncha","4120","Purdie 1977","rect2","Tolerant",NA,NA,NA,"Regrowth class, NGD",NA
"Eucalyptus mannifera","4122","Purdie 1977","surv1","Most",NA,NA,NA,"Regrowth class, NGD",NA
"Eucalyptus mannifera","4122","Purdie 1977","surv4","Basal",NA,NA,NA,"Regrowth class, NGD",NA
"Eucalyptus mannifera","4122","Purdie 1977","rect2","Tolerant",NA,NA,NA,"Regrowth class, NGD",NA
"Eucalyptus rossii","4172","Purdie 1977","surv1","Most",NA,NA,NA,"Regrowth class, NGD",NA
"Eucalyptus rossii","4172","Purdie 1977","surv4","Basal",NA,NA,NA,"Regrowth class, NGD",NA
"Eucalyptus rossii","4172","Purdie 1977","rect2","Tolerant",NA,NA,NA,"Regrowth class, NGD",NA
"Exocarpos cupressiformis","5860","Purdie 1977","surv1","Most",NA,NA,NA,"Regrowth class, NGI",NA
"Exocarpos cupressiformis","5860","Purdie 1977","surv4","Long rhizome or root sucker",NA,NA,NA,"Regrowth class, NGI",NA
"Exocarpos cupressiformis","5860","Purdie 1977","rect2","Tolerant",NA,NA,NA,"Regrowth class, NGI",NA
"Acacia genistifolia","3781","Purdie 1977","surv1","None",NA,NA,NA,"Regrowth class, FSD",NA
"Acacia genistifolia","3781","Purdie 1977","rect2","Intolerant",NA,NA,NA,"Regrowth class, FSD",NA
"Cassytha pubescens","3469","Purdie 1977","surv1","None",NA,NA,NA,"Regrowth class, FSD",NA
"Cassytha pubescens","3469","Purdie 1977","rect2","Intolerant",NA,NA,NA,"Regrowth class, FSD",NA
"Dillwynia retorta","2850","Purdie 1977","surv1","None",NA,NA,NA,"Regrowth class, FSD",NA
"Dillwynia retorta","2850","Purdie 1977","rect2","Intolerant",NA,NA,NA,"Regrowth class, FSD",NA
"Pimelea linifolia","6182","Purdie 1977","surv1","None",NA,NA,NA,"Regrowth class, FSD",NA
"Pimelea linifolia","6182","Purdie 1977","rect2","Intolerant",NA,NA,NA,"Regrowth class, FSD",NA
"Astrotricha ledifolia","1203","Purdie 1977","surv1","Most",NA,NA,NA,"Regrowth class, NGD",NA
"Astrotricha ledifolia","1203","Purdie 1977","surv4","Basal",NA,NA,NA,"Regrowth class, NGD",NA
"Astrotricha ledifolia","1203","Purdie 1977","rect2","Tolerant",NA,NA,NA,"Regrowth class, NGD",NA
"Billardiera scandens","4671","Purdie 1977","surv1","Most",NA,NA,NA,"Regrowth class, NGD",NA
"Billardiera scandens","4671","Purdie 1977","surv4","Basal",NA,NA,NA,"Regrowth class, NGD",NA
"Billardiera scandens","4671","Purdie 1977","rect2","Tolerant",NA,NA,NA,"Regrowth class, NGD",NA
"Brachyloma daphnoides","2586","Purdie 1977","surv1","Most",NA,NA,NA,"Regrowth class, NGD",NA
"Brachyloma daphnoides","2586","Purdie 1977","surv4","Basal",NA,NA,NA,"Regrowth class, NGD",NA
"Brachyloma daphnoides","2586","Purdie 1977","rect2","Tolerant",NA,NA,NA,"Regrowth class, NGD",NA
"Hardenbergia violacea","2873","Purdie 1977","surv1","Most",NA,NA,NA,"Regrowth class, NGD",NA
"Hardenbergia violacea","2873","Purdie 1977","surv4","Basal",NA,NA,NA,"Regrowth class, NGD",NA
"Hardenbergia violacea","2873","Purdie 1977","rect2","Tolerant",NA,NA,NA,"Regrowth class, NGD",NA
"Hovea heterophylla","11015","Purdie 1977","surv1","Most",NA,NA,NA,"Regrowth class, NGD",NA
"Hovea heterophylla","11015","Purdie 1977","surv4","Basal",NA,NA,NA,"Regrowth class, NGD",NA
"Hovea heterophylla","11015","Purdie 1977","rect2","Tolerant",NA,NA,NA,"Regrowth class, NGD",NA
"Leptospermum multicaule","4228","Purdie 1977","surv1","Most",NA,NA,NA,"Regrowth class, NGD",NA
"Leptospermum multicaule","4228","Purdie 1977","surv4","Basal",NA,NA,NA,"Regrowth class, NGD",NA
"Leptospermum multicaule","4228","Purdie 1977","rect2","Tolerant",NA,NA,NA,"Regrowth class, NGD",NA
"Leucopogon virgatus","2639","Purdie 1977","surv1","Most",NA,NA,NA,"Regrowth class, NGD",NA
"Leucopogon virgatus","2639","Purdie 1977","surv4","Basal",NA,NA,NA,"Regrowth class, NGD",NA
"Leucopogon virgatus","2639","Purdie 1977","rect2","Tolerant",NA,NA,NA,"Regrowth class, NGD",NA
"Melichrus urceolatus","2646","Purdie 1977","surv1","Most",NA,NA,NA,"Regrowth class, NGD",NA
"Melichrus urceolatus","2646","Purdie 1977","surv4","Basal",NA,NA,NA,"Regrowth class, NGD",NA
"Melichrus urceolatus","2646","Purdie 1977","rect2","Tolerant",NA,NA,NA,"Regrowth class, NGD",NA
"Monotoca scoparia","2649","Purdie 1977","surv1","Most",NA,NA,NA,"Regrowth class, NGD",NA
"Monotoca scoparia","2649","Purdie 1977","surv4","Basal",NA,NA,NA,"Regrowth class, NGD",NA
"Monotoca scoparia","2649","Purdie 1977","rect2","Tolerant",NA,NA,NA,"Regrowth class, NGD",NA
"Pultenaea procumbens","3012","Purdie 1977","surv1","Most",NA,NA,NA,"Regrowth class, NGD",NA
"Pultenaea procumbens","3012","Purdie 1977","surv4","Basal",NA,NA,NA,"Regrowth class, NGD",NA
"Pultenaea procumbens","3012","Purdie 1977","rect2","Tolerant",NA,NA,NA,"Regrowth class, NGD",NA
"Stylidium graminifolium","6157","Purdie 1977","surv1","Most",NA,NA,NA,"Regrowth class, NGD",NA
"Stylidium graminifolium","6157","Purdie 1977","surv4","Basal",NA,NA,NA,"Regrowth class, NGD",NA
"Stylidium graminifolium","6157","Purdie 1977","rect2","Tolerant",NA,NA,NA,"Regrowth class, NGD",NA
"Caladenia carnea","4373","Purdie 1977","surv1","All",NA,NA,NA,"Regrowth class, GD",NA
"Caladenia carnea","4373","Purdie 1977","surv4","Tuber",NA,NA,NA,"Regrowth class, GD",NA
"Caladenia cucullata","4376","Purdie 1977","surv1","All",NA,NA,NA,"Regrowth class, GD",NA
"Caladenia cucullata","4376","Purdie 1977","surv4","Tuber",NA,NA,NA,"Regrowth class, GD",NA
"Caladenia praecox","12068","Purdie 1977","surv1","All",NA,NA,NA,"Regrowth class, GD",NA
"Caladenia praecox","12068","Purdie 1977","surv4","Tuber",NA,NA,NA,"Regrowth class, GD",NA
"Diuris maculata","4447","Purdie 1977","surv1","All",NA,NA,NA,"Regrowth class, GD",NA
"Diuris maculata","4447","Purdie 1977","surv4","Tuber",NA,NA,NA,"Regrowth class, GD",NA
"Pterostylis parviflora","4566","Purdie 1977","surv1","All",NA,NA,NA,"Regrowth class, GD",NA
"Pterostylis parviflora","4566","Purdie 1977","surv4","Tuber",NA,NA,NA,"Regrowth class, GD",NA
"Thelymitra pauciflora","4602","Purdie 1977","surv1","All",NA,NA,NA,"Regrowth class, GD",NA
"Thelymitra pauciflora","4602","Purdie 1977","surv4","Tuber",NA,NA,NA,"Regrowth class, GD",NA
"Thysanotus patersonii","3573","Purdie 1977","surv1","All",NA,NA,NA,"Regrowth class, GD",NA
"Thysanotus patersonii","3573","Purdie 1977","surv4","Tuber",NA,NA,NA,"Regrowth class, GD",NA
"Acacia buxifolia","3727","Purdie 1977","surv1","Most",NA,NA,NA,"Regrowth class, NGI",NA
"Acacia buxifolia","3727","Purdie 1977","surv4","Long rhizome or root sucker",NA,NA,NA,"Regrowth class, NGI",NA
"Acacia buxifolia","3727","Purdie 1977","rect2","Tolerant",NA,NA,NA,"Regrowth class, NGI",NA
"Acacia mearnsii","3823","Purdie 1977","surv1","Most",NA,NA,NA,"Regrowth class, NGI",NA
"Acacia mearnsii","3823","Purdie 1977","surv4","Long rhizome or root sucker",NA,NA,NA,"Regrowth class, NGI",NA
"Acacia mearnsii","3823","Purdie 1977","rect2","Tolerant",NA,NA,NA,"Regrowth class, NGI",NA
"Daviesia mimosoides","2824","Purdie 1977","surv1","Most",NA,NA,NA,"Regrowth class, NGI",NA
"Daviesia mimosoides","2824","Purdie 1977","surv4","Long rhizome or root sucker",NA,NA,NA,"Regrowth class, NGI",NA
"Daviesia mimosoides","2824","Purdie 1977","rect2","Tolerant",NA,NA,NA,"Regrowth class, NGI",NA
"Goodenia hederacea","3188","Purdie 1977","surv1","Most",NA,NA,NA,"Regrowth class, NGI",NA
"Goodenia hederacea","3188","Purdie 1977","surv4","Long rhizome or root sucker",NA,NA,NA,"Regrowth class, NGI",NA
"Goodenia hederacea","3188","Purdie 1977","rect2","Tolerant",NA,NA,NA,"Regrowth class, NGI",NA
"Hibbertia calycina","2529","Purdie 1977","surv1","Most",NA,NA,NA,"Regrowth class, NGI",NA
"Hibbertia calycina","2529","Purdie 1977","surv4","Long rhizome or root sucker",NA,NA,NA,"Regrowth class, NGI",NA
"Hibbertia calycina","2529","Purdie 1977","rect2","Tolerant",NA,NA,NA,"Regrowth class, NGI",NA
"Hibbertia obtusifolia","2542","Purdie 1977","surv1","Most",NA,NA,NA,"Regrowth class, NGI",NA
"Hibbertia obtusifolia","2542","Purdie 1977","surv4","Long rhizome or root sucker",NA,NA,NA,"Regrowth class, NGI",NA
"Hibbertia obtusifolia","2542","Purdie 1977","rect2","Tolerant",NA,NA,NA,"Regrowth class, NGI",NA
"Indigofera australis","2882","Purdie 1977","surv1","Most",NA,NA,NA,"Regrowth class, NGI",NA
"Indigofera australis","2882","Purdie 1977","surv4","Long rhizome or root sucker",NA,NA,NA,"Regrowth class, NGI",NA
"Indigofera australis","2882","Purdie 1977","rect2","Tolerant",NA,NA,NA,"Regrowth class, NGI",NA
"Microlaena stipoides","5037","Purdie 1977","surv1","Most",NA,NA,NA,"Regrowth class, NGI",NA
"Microlaena stipoides","5037","Purdie 1977","surv4","Long rhizome or root sucker",NA,NA,NA,"Regrowth class, NGI",NA
"Microlaena stipoides","5037","Purdie 1977","rect2","Tolerant",NA,NA,NA,"Regrowth class, NGI",NA
"Oxalis corniculata","4613","Purdie 1977","surv1","Most",NA,NA,NA,"Regrowth class, NGI",NA
"Oxalis corniculata","4613","Purdie 1977","surv4","Long rhizome or root sucker",NA,NA,NA,"Regrowth class, NGI",NA
"Oxalis corniculata","4613","Purdie 1977","rect2","Tolerant",NA,NA,NA,"Regrowth class, NGI",NA
"Dianella revoluta","3542","Purdie 1977","surv1","All",NA,NA,NA,"Regrowth class, GI",NA
"Dianella revoluta","3542","Purdie 1977","surv4","Long rhizome or root sucker",NA,NA,NA,"Regrowth class, GI",NA
"Lomandra filiformis","6302","Purdie 1977","surv1","All",NA,NA,NA,"Regrowth class, GI",NA
"Lomandra filiformis","6302","Purdie 1977","surv4","Long rhizome or root sucker",NA,NA,NA,"Regrowth class, GI",NA
"Lomandra longifolia","6308","Purdie 1977","surv1","All",NA,NA,NA,"Regrowth class, GI",NA
"Lomandra longifolia","6308","Purdie 1977","surv4","Long rhizome or root sucker",NA,NA,NA,"Regrowth class, GI",NA
"Cirsium vulgare","1400","Purdie 1977","surv1","None",NA,NA,NA,"Regrowth class, T",NA
"Daucus glochidiatus","1109","Purdie 1977","surv1","None",NA,NA,NA,"Regrowth class, T",NA
"Poranthera microphylla","7395","Purdie 1977","surv1","None",NA,NA,NA,"Regrowth class, T",NA
"Senecio quadridentatus","1675","Purdie 1977","surv1","None",NA,NA,NA,"Regrowth class, T",NA
"Sonchus asper","1689","Purdie 1977","surv1","None",NA,NA,NA,"Regrowth class, T",NA
"Vulpia bromoides","5239","Purdie 1977","surv1","None",NA,NA,NA,"Regrowth class, T",NA
"Acacia gunnii","3785","Purdie 1977","surv1","Most",NA,NA,NA,"Regrowth class, NGD",NA
"Acacia gunnii","3785","Purdie 1977","surv4","Basal",NA,NA,NA,"Regrowth class, NGD",NA
"Acacia gunnii","3785","Purdie 1977","rect2","Tolerant",NA,NA,NA,"Regrowth class, NGD",NA
"Rytidosperma pallidum","14314","Purdie 1977","surv1","Most",NA,NA,NA,"Regrowth class, NGD",NA
"Rytidosperma pallidum","14314","Purdie 1977","surv4","Basal",NA,NA,NA,"Regrowth class, NGD",NA
"Rytidosperma pallidum","14314","Purdie 1977","rect2","Tolerant",NA,NA,NA,"Regrowth class, NGD",NA
"Dichelachne micrantha","4898","Purdie 1977","surv1","Most",NA,NA,NA,"Regrowth class, NGD",NA
"Dichelachne micrantha","4898","Purdie 1977","surv4","Basal",NA,NA,NA,"Regrowth class, NGD",NA
"Dichelachne micrantha","4898","Purdie 1977","rect2","Tolerant",NA,NA,NA,"Regrowth class, NGD",NA
"Hypochaeris radicata","8788","Purdie 1977","surv1","Most",NA,NA,NA,"Regrowth class, NGD",NA
"Hypochaeris radicata","8788","Purdie 1977","surv4","Basal",NA,NA,NA,"Regrowth class, NGD",NA
"Hypochaeris radicata","8788","Purdie 1977","rect2","Tolerant",NA,NA,NA,"Regrowth class, NGD",NA
"Cyanicula caerulea","11228","Purdie 1977","surv1","All",NA,NA,NA,"Regrowth class, GD",NA
"Cyanicula caerulea","11228","Purdie 1977","surv4","Tuber",NA,NA,NA,"Regrowth class, GD",NA
"Gonocarpus tetragynus","3247","Purdie 1977","surv1","Most",NA,NA,NA,"Regrowth class, NGI",NA
"Gonocarpus tetragynus","3247","Purdie 1977","surv4","Long rhizome or root sucker",NA,NA,NA,"Regrowth class, NGI",NA
"Gonocarpus tetragynus","3247","Purdie 1977","rect2","Tolerant",NA,NA,NA,"Regrowth class, NGI",NA
"Chrysocephalum semipapposum","8562","Purdie 1977","surv1","Most",NA,NA,NA,"Regrowth class, NGI",NA
"Chrysocephalum semipapposum","8562","Purdie 1977","surv4","Long rhizome or root sucker",NA,NA,NA,"Regrowth class, NGI",NA
"Chrysocephalum semipapposum","8562","Purdie 1977","rect2","Tolerant",NA,NA,NA,"Regrowth class, NGI",NA
"Crassula sieberiana","2242","Purdie 1977","surv1","None",NA,NA,NA,"Regrowth class, T",NA
"Euchiton involucratus","9904","Purdie 1977","surv1","None",NA,NA,NA,"Regrowth class, T",NA
"Hypochaeris glabra","1540","Purdie 1977","surv1","None",NA,NA,NA,"Regrowth class, T",NA
"Aira spp.","AIRA","Purdie 1977","surv1","None",NA,NA,NA,"Regrowth class, T",NA
"Grevillea spp.","GREV","Purdie 1977","surv1","Most",NA,NA,NA,"Regrowth class, NGD",NA
"Grevillea spp.","GREV","Purdie 1977","surv4","Basal",NA,NA,NA,"Regrowth class, NGD",NA
"Grevillea spp.","GREV","Purdie 1977","rect2","Tolerant",NA,NA,NA,"Regrowth class, NGD",NA
"Leucopogon spp.","LEUC","Purdie 1977","surv1","Most",NA,NA,NA,"Regrowth class, NGD",NA
"Leucopogon spp.","LEUC","Purdie 1977","surv4","Basal",NA,NA,NA,"Regrowth class, NGD",NA
"Leucopogon spp.","LEUC","Purdie 1977","rect2","Tolerant",NA,NA,NA,"Regrowth class, NGD",NA
"Poa spp.","POA","Purdie 1977","surv1","Most",NA,NA,NA,"Regrowth class, NGD",NA
"Poa spp.","POA","Purdie 1977","surv4","Basal",NA,NA,NA,"Regrowth class, NGD",NA
"Poa spp.","POA","Purdie 1977","rect2","Tolerant",NA,NA,NA,"Regrowth class, NGD",NA
"Genoplesium rufum","9201","Purdie 1977","surv1","All",NA,NA,NA,"Regrowth class, GD",NA
"Genoplesium rufum","9201","Purdie 1977","surv4","Tuber",NA,NA,NA,"Regrowth class, GD",NA
"Wahlenbergia spp.","WAHL","Purdie 1977","surv1","Most",NA,NA,NA,"Regrowth class, NGI",NA
"Wahlenbergia spp.","WAHL","Purdie 1977","surv4","Long rhizome or root sucker",NA,NA,NA,"Regrowth class, NGI",NA
"Wahlenbergia spp.","WAHL","Purdie 1977","rect2","Tolerant",NA,NA,NA,"Regrowth class, NGI",NA
"Lomandra multiflora subsp. multiflora","8802","Purdie 1977","surv1","All",NA,NA,NA,"Regrowth class, GI","original name: Lomandra multiflora"
"Lomandra multiflora subsp. multiflora","8802","Purdie 1977","surv4","Long rhizome or root sucker",NA,NA,NA,"Regrowth class, GI","original name: Lomandra multiflora"
"Acacia genistifolia","3781","Purdie 1977","germ8","PY",NA,NA,NA,"Part II text — heat-stimulated germination",NA
"Dillwynia retorta","2850","Purdie 1977","germ8","PY",NA,NA,NA,"Part II text — heat-stimulated germination",NA
"Daviesia mimosoides","2824","Purdie 1977","germ8","PY",NA,NA,NA,"Part II text — heat-stimulated germination",NA
"Pultenaea procumbens","3012","Purdie 1977","germ8","PY",NA,NA,NA,"Part II text — heat-stimulated germination",NA
"Acacia genistifolia","3781","Purdie Slatyer 1976","surv1","None",NA,NA,NA,"Class, Obligate seed regenerators — Fire-sensitive decreasers",NA
"Dillwynia retorta","2850","Purdie Slatyer 1976","surv1","None",NA,NA,NA,"Class, Obligate seed regenerators — Fire-sensitive decreasers",NA
"Cassytha pubescens","3469","Purdie Slatyer 1976","surv1","None",NA,NA,NA,"Class, Obligate seed regenerators — Fire-sensitive decreasers",NA
"Pimelea linifolia","6182","Purdie Slatyer 1976","surv1","None",NA,NA,NA,"Class, Obligate seed regenerators — Fire-sensitive decreasers",NA
"Daucus glochidiatus","1109","Purdie Slatyer 1976","surv1","None",NA,NA,NA,"Class, Therophytes",NA
"Daucus glochidiatus","1109","Purdie Slatyer 1976","surv4","None",NA,NA,NA,"Class, Therophytes",NA
"Lactuca serriola","1550","Purdie Slatyer 1976","surv1","None",NA,NA,NA,"Class, Therophytes",NA
"Lactuca serriola","1550","Purdie Slatyer 1976","surv4","None",NA,NA,NA,"Class, Therophytes",NA
"Parentucellia latifolia","5992","Purdie Slatyer 1976","surv1","None",NA,NA,NA,"Class, Therophytes",NA
"Parentucellia latifolia","5992","Purdie Slatyer 1976","surv4","None",NA,NA,NA,"Class, Therophytes",NA
"Poranthera microphylla","7395","Purdie Slatyer 1976","surv1","None",NA,NA,NA,"Class, Therophytes",NA
"Poranthera microphylla","7395","Purdie Slatyer 1976","surv4","None",NA,NA,NA,"Class, Therophytes",NA
"Senecio quadridentatus","1675","Purdie Slatyer 1976","surv1","None",NA,NA,NA,"Class, Therophytes",NA
"Senecio quadridentatus","1675","Purdie Slatyer 1976","surv4","None",NA,NA,NA,"Class, Therophytes",NA
"Solanum nigrum","6091","Purdie Slatyer 1976","surv1","None",NA,NA,NA,"Class, Therophytes",NA
"Solanum nigrum","6091","Purdie Slatyer 1976","surv4","None",NA,NA,NA,"Class, Therophytes",NA
"Sonchus asper","1689","Purdie Slatyer 1976","surv1","None",NA,NA,NA,"Class, Therophytes",NA
"Sonchus asper","1689","Purdie Slatyer 1976","surv4","None",NA,NA,NA,"Class, Therophytes",NA
"Aira cupaniana","4731","Purdie Slatyer 1976","surv1","None",NA,NA,NA,"Class, Therophytes",NA
"Aira cupaniana","4731","Purdie Slatyer 1976","surv4","None",NA,NA,NA,"Class, Therophytes",NA
"Briza minor","4801","Purdie Slatyer 1976","surv1","None",NA,NA,NA,"Class, Therophytes",NA
"Briza minor","4801","Purdie Slatyer 1976","surv4","None",NA,NA,NA,"Class, Therophytes",NA
"Cyperus sanguinolentus","2395","Purdie Slatyer 1976","surv1","None",NA,NA,NA,"Class, Therophytes",NA
"Cyperus sanguinolentus","2395","Purdie Slatyer 1976","surv4","None",NA,NA,NA,"Class, Therophytes",NA
"Juncus capitatus","3324","Purdie Slatyer 1976","surv1","None",NA,NA,NA,"Class, Therophytes",NA
"Juncus capitatus","3324","Purdie Slatyer 1976","surv4","None",NA,NA,NA,"Class, Therophytes",NA
"Lolium rigidum","5033","Purdie Slatyer 1976","surv1","None",NA,NA,NA,"Class, Therophytes",NA
"Lolium rigidum","5033","Purdie Slatyer 1976","surv4","None",NA,NA,NA,"Class, Therophytes",NA
"Vulpia bromoides","5239","Purdie Slatyer 1976","surv1","None",NA,NA,NA,"Class, Therophytes",NA
"Vulpia bromoides","5239","Purdie Slatyer 1976","surv4","None",NA,NA,NA,"Class, Therophytes",NA
"Eucalyptus dives","4082","Purdie Slatyer 1976","surv1","All",NA,NA,NA,"Class, Facultative root resprouters — Fire-resistant decreasers",NA
"Eucalyptus macrorhyncha","4120","Purdie Slatyer 1976","surv1","All",NA,NA,NA,"Class, Facultative root resprouters — Fire-resistant decreasers",NA
"Eucalyptus rossii","4172","Purdie Slatyer 1976","surv1","All",NA,NA,NA,"Class, Facultative root resprouters — Fire-resistant decreasers",NA
"Astroloma humifusum","2584","Purdie Slatyer 1976","surv1","All",NA,NA,NA,"Class, Facultative root resprouters — Fire-resistant decreasers",NA
"Astroloma humifusum","2584","Purdie Slatyer 1976","surv4","Long rhizome or root sucker",NA,NA,NA,"Class, Facultative root resprouters — Fire-resistant decreasers",NA
"Astrotricha ledifolia","1203","Purdie Slatyer 1976","surv1","All",NA,NA,NA,"Class, Facultative root resprouters — Fire-resistant decreasers",NA
"Astrotricha ledifolia","1203","Purdie Slatyer 1976","surv4","Long rhizome or root sucker",NA,NA,NA,"Class, Facultative root resprouters — Fire-resistant decreasers",NA
"Billardiera scandens","4671","Purdie Slatyer 1976","surv1","All",NA,NA,NA,"Class, Facultative root resprouters — Fire-resistant decreasers",NA
"Billardiera scandens","4671","Purdie Slatyer 1976","surv4","Long rhizome or root sucker",NA,NA,NA,"Class, Facultative root resprouters — Fire-resistant decreasers",NA
"Brachyloma daphnoides","2586","Purdie Slatyer 1976","surv1","All",NA,NA,NA,"Class, Facultative root resprouters — Fire-resistant decreasers",NA
"Brachyloma daphnoides","2586","Purdie Slatyer 1976","surv4","Long rhizome or root sucker",NA,NA,NA,"Class, Facultative root resprouters — Fire-resistant decreasers",NA
"Chondrilla juncea","1391","Purdie Slatyer 1976","surv1","All",NA,NA,NA,"Class, Facultative root resprouters — Fire-resistant decreasers",NA
"Chondrilla juncea","1391","Purdie Slatyer 1976","surv4","Long rhizome or root sucker",NA,NA,NA,"Class, Facultative root resprouters — Fire-resistant decreasers",NA
"Grevillea alpina","5357","Purdie Slatyer 1976","surv1","All",NA,NA,NA,"Class, Facultative root resprouters — Fire-resistant decreasers",NA
"Grevillea alpina","5357","Purdie Slatyer 1976","surv4","Long rhizome or root sucker",NA,NA,NA,"Class, Facultative root resprouters — Fire-resistant decreasers",NA
"Hardenbergia violacea","2873","Purdie Slatyer 1976","surv1","All",NA,NA,NA,"Class, Facultative root resprouters — Fire-resistant decreasers",NA
"Hardenbergia violacea","2873","Purdie Slatyer 1976","surv4","Long rhizome or root sucker",NA,NA,NA,"Class, Facultative root resprouters — Fire-resistant decreasers",NA
"Hovea heterophylla","11015","Purdie Slatyer 1976","surv1","All",NA,NA,NA,"Class, Facultative root resprouters — Fire-resistant decreasers",NA
"Hovea heterophylla","11015","Purdie Slatyer 1976","surv4","Long rhizome or root sucker",NA,NA,NA,"Class, Facultative root resprouters — Fire-resistant decreasers",NA
"Hypericum gramineum","7240","Purdie Slatyer 1976","surv1","All",NA,NA,NA,"Class, Facultative root resprouters — Fire-resistant decreasers",NA
"Hypericum gramineum","7240","Purdie Slatyer 1976","surv4","Long rhizome or root sucker",NA,NA,NA,"Class, Facultative root resprouters — Fire-resistant decreasers",NA
"Leptospermum multicaule","4228","Purdie Slatyer 1976","surv1","All",NA,NA,NA,"Class, Facultative root resprouters — Fire-resistant decreasers",NA
"Leptospermum multicaule","4228","Purdie Slatyer 1976","surv4","Long rhizome or root sucker",NA,NA,NA,"Class, Facultative root resprouters — Fire-resistant decreasers",NA
"Melichrus urceolatus","2646","Purdie Slatyer 1976","surv1","All",NA,NA,NA,"Class, Facultative root resprouters — Fire-resistant decreasers",NA
"Melichrus urceolatus","2646","Purdie Slatyer 1976","surv4","Long rhizome or root sucker",NA,NA,NA,"Class, Facultative root resprouters — Fire-resistant decreasers",NA
"Monotoca scoparia","2649","Purdie Slatyer 1976","surv1","All",NA,NA,NA,"Class, Facultative root resprouters — Fire-resistant decreasers",NA
"Monotoca scoparia","2649","Purdie Slatyer 1976","surv4","Long rhizome or root sucker",NA,NA,NA,"Class, Facultative root resprouters — Fire-resistant decreasers",NA
"Persoonia rigida","5471","Purdie Slatyer 1976","surv1","All",NA,NA,NA,"Class, Facultative root resprouters — Fire-resistant decreasers",NA
"Persoonia rigida","5471","Purdie Slatyer 1976","surv4","Long rhizome or root sucker",NA,NA,NA,"Class, Facultative root resprouters — Fire-resistant decreasers",NA
"Pultenaea procumbens","3012","Purdie Slatyer 1976","surv1","All",NA,NA,NA,"Class, Facultative root resprouters — Fire-resistant decreasers",NA
"Pultenaea procumbens","3012","Purdie Slatyer 1976","surv4","Long rhizome or root sucker",NA,NA,NA,"Class, Facultative root resprouters — Fire-resistant decreasers",NA
"Aristida ramosa","4770","Purdie Slatyer 1976","surv1","All",NA,NA,NA,"Class, Facultative root resprouters — Fire-resistant decreasers",NA
"Aristida ramosa","4770","Purdie Slatyer 1976","surv4","Long rhizome or root sucker",NA,NA,NA,"Class, Facultative root resprouters — Fire-resistant decreasers",NA
"Deyeuxia quadriseta","4891","Purdie Slatyer 1976","surv1","All",NA,NA,NA,"Class, Facultative root resprouters — Fire-resistant decreasers",NA
"Deyeuxia quadriseta","4891","Purdie Slatyer 1976","surv4","Long rhizome or root sucker",NA,NA,NA,"Class, Facultative root resprouters — Fire-resistant decreasers",NA
"Exocarpos cupressiformis","5860","Purdie Slatyer 1976","surv1","All",NA,NA,NA,"Class, Facultative root resprouters — Fire-resistant increasers",NA
"Exocarpos cupressiformis","5860","Purdie Slatyer 1976","surv4","Long rhizome or root sucker",NA,NA,NA,"Class, Facultative root resprouters — Fire-resistant increasers",NA
"Acacia mearnsii","3823","Purdie Slatyer 1976","surv1","All",NA,NA,NA,"Class, Facultative root resprouters — Fire-resistant increasers",NA
"Acacia mearnsii","3823","Purdie Slatyer 1976","surv4","Long rhizome or root sucker",NA,NA,NA,"Class, Facultative root resprouters — Fire-resistant increasers",NA
"Daviesia mimosoides","2824","Purdie Slatyer 1976","surv1","All",NA,NA,NA,"Class, Facultative root resprouters — Fire-resistant increasers",NA
"Daviesia mimosoides","2824","Purdie Slatyer 1976","surv4","Long rhizome or root sucker",NA,NA,NA,"Class, Facultative root resprouters — Fire-resistant increasers",NA
"Indigofera australis","2882","Purdie Slatyer 1976","surv1","All",NA,NA,NA,"Class, Facultative root resprouters — Fire-resistant increasers",NA
"Indigofera australis","2882","Purdie Slatyer 1976","surv4","Long rhizome or root sucker",NA,NA,NA,"Class, Facultative root resprouters — Fire-resistant increasers",NA
"Acacia buxifolia","3727","Purdie Slatyer 1976","surv1","All",NA,NA,NA,"Class, Facultative root resprouters — Fire-resistant increasers",NA
"Acacia buxifolia","3727","Purdie Slatyer 1976","surv4","Long rhizome or root sucker",NA,NA,NA,"Class, Facultative root resprouters — Fire-resistant increasers",NA
"Goodenia hederacea","3188","Purdie Slatyer 1976","surv1","All",NA,NA,NA,"Class, Facultative root resprouters — Fire-resistant increasers",NA
"Goodenia hederacea","3188","Purdie Slatyer 1976","surv4","Long rhizome or root sucker",NA,NA,NA,"Class, Facultative root resprouters — Fire-resistant increasers",NA
"Hibbertia obtusifolia","2542","Purdie Slatyer 1976","surv1","All",NA,NA,NA,"Class, Facultative root resprouters — Fire-resistant increasers",NA
"Hibbertia obtusifolia","2542","Purdie Slatyer 1976","surv4","Long rhizome or root sucker",NA,NA,NA,"Class, Facultative root resprouters — Fire-resistant increasers",NA
"Oxalis corniculata","4613","Purdie Slatyer 1976","surv1","All",NA,NA,NA,"Class, Facultative root resprouters — Fire-resistant increasers",NA
"Oxalis corniculata","4613","Purdie Slatyer 1976","surv4","Long rhizome or root sucker",NA,NA,NA,"Class, Facultative root resprouters — Fire-resistant increasers",NA
"Microlaena stipoides","5037","Purdie Slatyer 1976","surv1","All",NA,NA,NA,"Class, Facultative root resprouters — Fire-resistant increasers",NA
"Microlaena stipoides","5037","Purdie Slatyer 1976","surv4","Long rhizome or root sucker",NA,NA,NA,"Class, Facultative root resprouters — Fire-resistant increasers",NA
"Caladenia carnea","4373","Purdie Slatyer 1976","surv1","All",NA,NA,NA,"Class, Obligate root resprouters — Fire-resistant decreasers",NA
"Caladenia carnea","4373","Purdie Slatyer 1976","surv4","Tuber",NA,NA,NA,"Class, Obligate root resprouters — Fire-resistant decreasers",NA
"Caladenia cucullata","4376","Purdie Slatyer 1976","surv1","All",NA,NA,NA,"Class, Obligate root resprouters — Fire-resistant decreasers",NA
"Caladenia cucullata","4376","Purdie Slatyer 1976","surv4","Tuber",NA,NA,NA,"Class, Obligate root resprouters — Fire-resistant decreasers",NA
"Caladenia praecox","12068","Purdie Slatyer 1976","surv1","All",NA,NA,NA,"Class, Obligate root resprouters — Fire-resistant decreasers",NA
"Caladenia praecox","12068","Purdie Slatyer 1976","surv4","Tuber",NA,NA,NA,"Class, Obligate root resprouters — Fire-resistant decreasers",NA
"Diuris maculata","4447","Purdie Slatyer 1976","surv1","All",NA,NA,NA,"Class, Obligate root resprouters — Fire-resistant decreasers",NA
"Diuris maculata","4447","Purdie Slatyer 1976","surv4","Tuber",NA,NA,NA,"Class, Obligate root resprouters — Fire-resistant decreasers",NA
"Glossodia major","4465","Purdie Slatyer 1976","surv1","All",NA,NA,NA,"Class, Obligate root resprouters — Fire-resistant decreasers",NA
"Glossodia major","4465","Purdie Slatyer 1976","surv4","Tuber",NA,NA,NA,"Class, Obligate root resprouters — Fire-resistant decreasers",NA
"Microtis parviflora","7622","Purdie Slatyer 1976","surv1","All",NA,NA,NA,"Class, Obligate root resprouters — Fire-resistant decreasers",NA
"Microtis parviflora","7622","Purdie Slatyer 1976","surv4","Tuber",NA,NA,NA,"Class, Obligate root resprouters — Fire-resistant decreasers",NA
"Prasophyllum brevilabre","4494","Purdie Slatyer 1976","surv1","All",NA,NA,NA,"Class, Obligate root resprouters — Fire-resistant decreasers",NA
"Prasophyllum brevilabre","4494","Purdie Slatyer 1976","surv4","Tuber",NA,NA,NA,"Class, Obligate root resprouters — Fire-resistant decreasers",NA
"Pterostylis parviflora","4566","Purdie Slatyer 1976","surv1","All",NA,NA,NA,"Class, Obligate root resprouters — Fire-resistant decreasers",NA
"Pterostylis parviflora","4566","Purdie Slatyer 1976","surv4","Tuber",NA,NA,NA,"Class, Obligate root resprouters — Fire-resistant decreasers",NA
"Thelymitra pauciflora","4602","Purdie Slatyer 1976","surv1","All",NA,NA,NA,"Class, Obligate root resprouters — Fire-resistant decreasers",NA
"Thelymitra pauciflora","4602","Purdie Slatyer 1976","surv4","Tuber",NA,NA,NA,"Class, Obligate root resprouters — Fire-resistant decreasers",NA
"Thysanotus patersonii","3573","Purdie Slatyer 1976","surv1","All",NA,NA,NA,"Class, Obligate root resprouters — Fire-resistant decreasers",NA
"Thysanotus patersonii","3573","Purdie Slatyer 1976","surv4","Tuber",NA,NA,NA,"Class, Obligate root resprouters — Fire-resistant decreasers",NA
"Thysanotus tuberosus","3574","Purdie Slatyer 1976","surv1","All",NA,NA,NA,"Class, Obligate root resprouters — Fire-resistant decreasers",NA
"Thysanotus tuberosus","3574","Purdie Slatyer 1976","surv4","Tuber",NA,NA,NA,"Class, Obligate root resprouters — Fire-resistant decreasers",NA
"Dianella revoluta","3542","Purdie Slatyer 1976","surv1","All",NA,NA,NA,"Class, Obligate root resprouters — Fire-resistant increasers",NA
"Dianella revoluta","3542","Purdie Slatyer 1976","surv4","Long rhizome or root sucker",NA,NA,NA,"Class, Obligate root resprouters — Fire-resistant increasers",NA
"Juncus subsecundus","3348","Purdie Slatyer 1976","surv1","All",NA,NA,NA,"Class, Obligate root resprouters — Fire-resistant increasers",NA
"Juncus subsecundus","3348","Purdie Slatyer 1976","surv4","Long rhizome or root sucker",NA,NA,NA,"Class, Obligate root resprouters — Fire-resistant increasers",NA
"Lomandra filiformis","6302","Purdie Slatyer 1976","surv1","All",NA,NA,NA,"Class, Obligate root resprouters — Fire-resistant increasers",NA
"Lomandra filiformis","6302","Purdie Slatyer 1976","surv4","Long rhizome or root sucker",NA,NA,NA,"Class, Obligate root resprouters — Fire-resistant increasers",NA
"Lomandra longifolia","6308","Purdie Slatyer 1976","surv1","All",NA,NA,NA,"Class, Obligate root resprouters — Fire-resistant increasers",NA
"Lomandra longifolia","6308","Purdie Slatyer 1976","surv4","Long rhizome or root sucker",NA,NA,NA,"Class, Obligate root resprouters — Fire-resistant increasers",NA
"Crassula sieberiana","2242","Purdie Slatyer 1976","surv1","None",NA,NA,NA,"Class, Therophytes",NA
"Crassula sieberiana","2242","Purdie Slatyer 1976","surv4","None",NA,NA,NA,"Class, Therophytes",NA
"Euchiton involucratus","9904","Purdie Slatyer 1976","surv1","None",NA,NA,NA,"Class, Therophytes",NA
"Euchiton involucratus","9904","Purdie Slatyer 1976","surv4","None",NA,NA,NA,"Class, Therophytes",NA
"Hypochaeris glabra","1540","Purdie Slatyer 1976","surv1","None",NA,NA,NA,"Class, Therophytes",NA
"Hypochaeris glabra","1540","Purdie Slatyer 1976","surv4","None",NA,NA,NA,"Class, Therophytes",NA
"Linaria pelisseriana","5978","Purdie Slatyer 1976","surv1","None",NA,NA,NA,"Class, Therophytes",NA
"Linaria pelisseriana","5978","Purdie Slatyer 1976","surv4","None",NA,NA,NA,"Class, Therophytes",NA
"Bromus hordeaceus","4807","Purdie Slatyer 1976","surv1","None",NA,NA,NA,"Class, Therophytes",NA
"Bromus hordeaceus","4807","Purdie Slatyer 1976","surv4","None",NA,NA,NA,"Class, Therophytes",NA
"Eucalyptus mannifera subsp. mannifera","7827","Purdie Slatyer 1976","surv1","All",NA,NA,NA,"Class, Facultative root resprouters — Fire-resistant decreasers",NA
"Acacia gunnii","3785","Purdie Slatyer 1976","surv1","All",NA,NA,NA,"Class, Facultative root resprouters — Fire-resistant decreasers",NA
"Acacia gunnii","3785","Purdie Slatyer 1976","surv4","Long rhizome or root sucker",NA,NA,NA,"Class, Facultative root resprouters — Fire-resistant decreasers",NA
"Hypochaeris radicata","8788","Purdie Slatyer 1976","surv1","All",NA,NA,NA,"Class, Facultative root resprouters — Fire-resistant decreasers",NA
"Hypochaeris radicata","8788","Purdie Slatyer 1976","surv4","Long rhizome or root sucker",NA,NA,NA,"Class, Facultative root resprouters — Fire-resistant decreasers",NA
"Stylidium graminifolium","6157","Purdie Slatyer 1976","surv1","All",NA,NA,NA,"Class, Facultative root resprouters — Fire-resistant decreasers",NA
"Stylidium graminifolium","6157","Purdie Slatyer 1976","surv4","Long rhizome or root sucker",NA,NA,NA,"Class, Facultative root resprouters — Fire-resistant decreasers",NA
"Rytidosperma erianthum","14308","Purdie Slatyer 1976","surv1","All",NA,NA,NA,"Class, Facultative root resprouters — Fire-resistant decreasers",NA
"Rytidosperma erianthum","14308","Purdie Slatyer 1976","surv4","Long rhizome or root sucker",NA,NA,NA,"Class, Facultative root resprouters — Fire-resistant decreasers",NA
"Rytidosperma pallidum","14314","Purdie Slatyer 1976","surv1","All",NA,NA,NA,"Class, Facultative root resprouters — Fire-resistant decreasers",NA
"Rytidosperma pallidum","14314","Purdie Slatyer 1976","surv4","Long rhizome or root sucker",NA,NA,NA,"Class, Facultative root resprouters — Fire-resistant decreasers",NA
"Rytidosperma pilosum","14316","Purdie Slatyer 1976","surv1","All",NA,NA,NA,"Class, Facultative root resprouters — Fire-resistant decreasers",NA
"Rytidosperma pilosum","14316","Purdie Slatyer 1976","surv4","Long rhizome or root sucker",NA,NA,NA,"Class, Facultative root resprouters — Fire-resistant decreasers",NA
"Dichelachne micrantha","4898","Purdie Slatyer 1976","surv1","All",NA,NA,NA,"Class, Facultative root resprouters — Fire-resistant decreasers",NA
"Dichelachne micrantha","4898","Purdie Slatyer 1976","surv4","Long rhizome or root sucker",NA,NA,NA,"Class, Facultative root resprouters — Fire-resistant decreasers",NA
"Gonocarpus tetragynus","3247","Purdie Slatyer 1976","surv1","All",NA,NA,NA,"Class, Facultative root resprouters — Fire-resistant increasers",NA
"Gonocarpus tetragynus","3247","Purdie Slatyer 1976","surv4","Long rhizome or root sucker",NA,NA,NA,"Class, Facultative root resprouters — Fire-resistant increasers",NA
"Chrysocephalum semipapposum","8562","Purdie Slatyer 1976","surv1","All",NA,NA,NA,"Class, Facultative root resprouters — Fire-resistant increasers",NA
"Chrysocephalum semipapposum","8562","Purdie Slatyer 1976","surv4","Long rhizome or root sucker",NA,NA,NA,"Class, Facultative root resprouters — Fire-resistant increasers",NA
"Cyanicula caerulea","11228","Purdie Slatyer 1976","surv1","All",NA,NA,NA,"Class, Obligate root resprouters — Fire-resistant decreasers",NA
"Cyanicula caerulea","11228","Purdie Slatyer 1976","surv4","Tuber",NA,NA,NA,"Class, Obligate root resprouters — Fire-resistant decreasers",NA
"Conyza spp.","CONY","Purdie Slatyer 1976","surv1","None",NA,NA,NA,"Class, Therophytes",NA
"Conyza spp.","CONY","Purdie Slatyer 1976","surv4","None",NA,NA,NA,"Class, Therophytes",NA
"Epilobium billardierianum subsp. cinereum","7952","Purdie Slatyer 1976","surv1","All",NA,NA,NA,"Class, Facultative root resprouters — Fire-resistant decreasers",NA
"Epilobium billardierianum subsp. cinereum","7952","Purdie Slatyer 1976","surv4","Long rhizome or root sucker",NA,NA,NA,"Class, Facultative root resprouters — Fire-resistant decreasers",NA
"Helichrysum spp.","HELI","Purdie Slatyer 1976","surv1","All",NA,NA,NA,"Class, Facultative root resprouters — Fire-resistant increasers",NA
"Helichrysum spp.","HELI","Purdie Slatyer 1976","surv4","Long rhizome or root sucker",NA,NA,NA,"Class, Facultative root resprouters — Fire-resistant increasers",NA
"Leucopogon spp.","LEUC","Purdie Slatyer 1976","surv1","All",NA,NA,NA,"Class, Facultative root resprouters — Fire-resistant decreasers",NA
"Leucopogon spp.","LEUC","Purdie Slatyer 1976","surv4","Long rhizome or root sucker",NA,NA,NA,"Class, Facultative root resprouters — Fire-resistant decreasers",NA
"Poa spp.","POA","Purdie Slatyer 1976","surv1","All",NA,NA,NA,"Class, Facultative root resprouters — Fire-resistant decreasers",NA
"Poa spp.","POA","Purdie Slatyer 1976","surv4","Long rhizome or root sucker",NA,NA,NA,"Class, Facultative root resprouters — Fire-resistant decreasers",NA
"Genoplesium rufum","9201","Purdie Slatyer 1976","surv1","All",NA,NA,NA,"Class, Obligate root resprouters — Fire-resistant decreasers",NA
"Genoplesium rufum","9201","Purdie Slatyer 1976","surv4","Tuber",NA,NA,NA,"Class, Obligate root resprouters — Fire-resistant decreasers",NA
"Prasophyllum spp.","PRAS","Purdie Slatyer 1976","surv1","All",NA,NA,NA,"Class, Obligate root resprouters — Fire-resistant decreasers",NA
"Prasophyllum spp.","PRAS","Purdie Slatyer 1976","surv4","Tuber",NA,NA,NA,"Class, Obligate root resprouters — Fire-resistant decreasers",NA
"Wahlenbergia spp.","WAHL","Purdie Slatyer 1976","surv1","All",NA,NA,NA,"Class, Facultative root resprouters — Fire-resistant increasers",NA
"Wahlenbergia spp.","WAHL","Purdie Slatyer 1976","surv4","Long rhizome or root sucker",NA,NA,NA,"Class, Facultative root resprouters — Fire-resistant increasers",NA
"Lomandra multiflora subsp. multiflora","8802","Purdie Slatyer 1976","surv1","All",NA,NA,NA,"Class, Obligate root resprouters — Fire-resistant increasers","original name: Lomandra multiflora"
"Lomandra multiflora subsp. multiflora","8802","Purdie Slatyer 1976","surv4","Long rhizome or root sucker",NA,NA,NA,"Class, Obligate root resprouters — Fire-resistant increasers","original name: Lomandra multiflora"
"Acacia genistifolia","3781","Purdie Slatyer 1976","germ8","PY",NA,NA,NA,"Text discussion, fire stimulates germination via heat-softening of hard seed coats",NA
"Dillwynia retorta","2850","Purdie Slatyer 1976","germ8","PY",NA,NA,NA,"Text discussion, fire stimulates germination via heat-softening of hard seed coats",NA
"Daviesia mimosoides","2824","Purdie Slatyer 1976","germ8","PY",NA,NA,NA,"Text discussion, fire stimulates germination via heat-softening of hard seed coats",NA
"Lactuca serriola","1550","Purdie Slatyer 1976","disp1","wind-hairs",NA,NA,NA,"Table 3 species footnote, *",NA
"Senecio quadridentatus","1675","Purdie Slatyer 1976","disp1","wind-hairs",NA,NA,NA,"Table 3 species footnote, *",NA
"Sonchus asper","1689","Purdie Slatyer 1976","disp1","wind-hairs",NA,NA,NA,"Table 3 species footnote, *",NA
"Chondrilla juncea","1391","Purdie Slatyer 1976","disp1","wind-hairs",NA,NA,NA,"Table 3 species footnote, *",NA
"Hardenbergia violacea","2873","Purdie Slatyer 1976","disp1","wind-hairs",NA,NA,NA,"Table 3 species footnote, *",NA
"Exocarpos cupressiformis","5860","Purdie Slatyer 1976","disp1","animal-ingestion",NA,NA,NA,"Table 3 species footnote, +",NA
"Euchiton involucratus","9904","Purdie Slatyer 1976","disp1","wind-hairs",NA,NA,NA,"Table 3 species footnote, *",NA
"Hypochaeris glabra","1540","Purdie Slatyer 1976","disp1","wind-hairs",NA,NA,NA,"Table 3 species footnote, *",NA
"Hypochaeris radicata","8788","Purdie Slatyer 1976","disp1","wind-hairs",NA,NA,NA,"Table 3 species footnote, *",NA
"Helichrysum spp.","HELI","Purdie Slatyer 1976","disp1","wind-hairs",NA,NA,NA,"Table 3 species footnote, *",NA
"Paspalidium distans","7172","Read Bellairs 1999","germ8","PY",NA,NA,NA,"Table 2 / text, Table 2: smoke 30.5%** vs control 17.5%; covering structures hindered smoke stimulation, removal significantly increased germination (Results p.567, Discussion)",NA
"Themeda triandra","7770","Read Bellairs 1999","germ8","PY",NA,NA,NA,"Table 2 / text, Table 2: smoke 86.6%* vs control 75.2%; covering structures hindered smoke stimulation, removal increased germination to 92.4%*** (Table 2, Results p.567)",NA
"Chloris ventricosa","4834","Read Bellairs 1999","germ8","PD",NA,NA,NA,"Table 2 / text, Table 2: smoke 97%* vs control 89.6%; only small proportion of dormant seeds; husk had little effect on germination (Discussion p.572)",NA
"Dichanthium sericeum","7485","Read Bellairs 1999","germ8","PD",NA,NA,NA,"Table 2 / text, Table 2: smoke 98.3%** vs control 93.0%; only small proportion of dormant seeds; husk had little effect on germination (Discussion p.572)",NA
"Panicum decompositum","6395","Read Bellairs 1999","germ8","PD",NA,NA,NA,"Table 2 / text, Table 2: smoke 63.1%*** vs control 7.7%; husked seeds only; covering structures did not inhibit smoke stimulation (Results p.567)",NA
"Panicum effusum","5055","Read Bellairs 1999","germ8","PD",NA,NA,NA,"Table 2 / text, Table 2: smoke 16.7%*** vs control 0%; husked seeds only; covering structures did not inhibit smoke stimulation (Results p.567)",NA
"Chloris truncata","4833","Read Bellairs 1999","germ8","ND",NA,NA,NA,"Table 2 / text, Table 2: smoke 90.4 vs control 86.6 (n.s. final); viability 93%; germination without smoke ~ viability, no dormancy apparent (Discussion p.571)",NA
"Microlaena stipoides","5037","Read Bellairs 1999","germ8","ND",NA,NA,NA,"Table 2 / text, Table 2: smoke 79.5 vs control 86.4 (n.s. final); viability 95%; low level of seed dormancy, no smoke response (Discussion p.571)",NA
"Cymbopogon refractus","4841","Read Bellairs 1999","germ8","ND",NA,NA,NA,"Table 2 / text, Table 2: smoke 49.7 vs control 43.7 (n.s.); viability 42%; no smoke response, germination ~ viability (Group 3, Discussion p.571)",NA
"Eriochloa pseudoacrotricha","7335","Read Bellairs 1999","germ8","ND",NA,NA,NA,"Table 2 / text, Table 2: smoke 67.8 vs control 69.4 (n.s.); viability 75%; appeared not dormant, germination ~ viability (Group 3, Discussion p.572)",NA
"Austrostipa scabra","10377","Read Bellairs 1999","germ8","PY",NA,NA,NA,"Table 2 / text, Table 2: smoke 34.1%*** vs control 14.0% (husked); dehusking further increased germination to 31.4%*** (Table 2); covering structures contribute to dormancy (Fig. 1a, Results p.567)",NA
"Rytidosperma erianthum","14308","Read Bellairs 1999","germ8","ND",NA,NA,NA,"Table 2 / text, Table 2: smoke 96.1 vs control 93.9 (n.s. final); viability 100%; germination without smoke ~ viability, no dormancy apparent (Discussion p.571)",NA
"Rytidosperma bipartitum","14304","Read Bellairs 1999","germ8","ND",NA,NA,NA,"Table 2 / text, Table 2: smoke 86.6 vs control 92.6 (n.s. final); viability 87%; germination without smoke ~ viability, no dormancy apparent (Discussion p.571)",NA
"Rytidosperma racemosum","14317","Read Bellairs 1999","germ8","ND",NA,NA,NA,"Table 2 / text, Table 2: smoke 97.8 vs control 96.5 (n.s. final); viability 97%; germination without smoke ~ viability, no dormancy apparent (Discussion p.571)",NA
"Poa labillardierei subsp. nervosa","13460","Read Bellairs 1999","germ8","PD",NA,NA,NA,"Table 2 / text, Table 2: smoke 23.5%* vs control 10%; covering structures did not inhibit smoke stimulation (Results p.567)",NA
"Bothriochloa decipiens var. decipiens","7559","Read Bellairs 1999","germ8","ND",NA,NA,NA,"Table 2 / text, Table 2: smoke 93.7 vs control 92.6 (n.s.); viability 100%; no smoke response, germination ~ viability (Group 3, Discussion p.571)","original name: Bothriochloa decipiens"
"Lepidosperma elatius","8379","Rice Westoby 1981","disp1","ant",NA,NA,NA,"Appendix 1 myrmecochore status: dispersed by ants ",NA
"Patersonia glabrata","3301","Rice Westoby 1981","disp1","ant",NA,NA,NA,"Appendix 1 myrmecochore status: dispersed by ants ",NA
"Patersonia longifolia","3302","Rice Westoby 1981","disp1","ant",NA,NA,NA,"Appendix 1 myrmecochore status: dispersed by ants ",NA
"Patersonia sericea","3303","Rice Westoby 1981","disp1","ant",NA,NA,NA,"Appendix 1 myrmecochore status: dispersed by ants ",NA
"Schelhammera undulata","3566","Rice Westoby 1981","disp1","ant",NA,NA,NA,"Appendix 1 myrmecochore status: dispersed by ants ",NA
"Hibbertia bracteata","2528","Rice Westoby 1981","disp1","ant",NA,NA,NA,"Appendix 1 myrmecochore status: dispersed by ants ",NA
"Hibbertia fasciculata","2536","Rice Westoby 1981","disp1","ant",NA,NA,NA,"Appendix 1 myrmecochore status: dispersed by ants ",NA
"Hibbertia linearis","2539","Rice Westoby 1981","disp1","ant",NA,NA,NA,"Appendix 1 myrmecochore status: dispersed by ants ",NA
"Brachyloma daphnoides","2586","Rice Westoby 1981","disp1","ant",NA,NA,NA,"Appendix 1 myrmecochore status: dispersed by ants ",NA
"Leucopogon esquamatus","2617","Rice Westoby 1981","disp1","ant",NA,NA,NA,"Appendix 1 myrmecochore status: dispersed by ants ",NA
"Monotoca scoparia","2649","Rice Westoby 1981","disp1","ant",NA,NA,NA,"Appendix 1 myrmecochore status: dispersed by ants ",NA
"Micrantheum ericoides","2736","Rice Westoby 1981","disp1","ant",NA,NA,NA,"Appendix 1 myrmecochore status: dispersed by ants ",NA
"Acacia longifolia","3816","Rice Westoby 1981","disp1","ant",NA,NA,NA,"Appendix 1 myrmecochore status: dispersed by ants ",NA
"Acacia myrtifolia","3834","Rice Westoby 1981","disp1","ant",NA,NA,NA,"Appendix 1 myrmecochore status: dispersed by ants ",NA
"Acacia oxycedrus","3844","Rice Westoby 1981","disp1","ant",NA,NA,NA,"Appendix 1 myrmecochore status: dispersed by ants ",NA
"Acacia suaveolens","3881","Rice Westoby 1981","disp1","ant",NA,NA,NA,"Appendix 1 myrmecochore status: dispersed by ants ",NA
"Bossiaea heterophylla","2780","Rice Westoby 1981","disp1","ant",NA,NA,NA,"Appendix 1 myrmecochore status: dispersed by ants ",NA
"Bossiaea scolopendria","2789","Rice Westoby 1981","disp1","ant",NA,NA,NA,"Appendix 1 myrmecochore status: dispersed by ants ",NA
"Dillwynia floribunda","2843","Rice Westoby 1981","disp1","ant",NA,NA,NA,"Appendix 1 myrmecochore status: dispersed by ants ",NA
"Dillwynia retorta","2850","Rice Westoby 1981","disp1","ant",NA,NA,NA,"Appendix 1 myrmecochore status: dispersed by ants ",NA
"Dillwynia rudis","7950","Rice Westoby 1981","disp1","ant",NA,NA,NA,"Appendix 1 myrmecochore status: dispersed by ants ",NA
"Gompholobium glabratum","2864","Rice Westoby 1981","disp1","ant",NA,NA,NA,"Appendix 1 myrmecochore status: dispersed by ants ",NA
"Gompholobium grandiflorum","2865","Rice Westoby 1981","disp1","ant",NA,NA,NA,"Appendix 1 myrmecochore status: dispersed by ants ",NA
"Gompholobium latifolium","2866","Rice Westoby 1981","disp1","ant",NA,NA,NA,"Appendix 1 myrmecochore status: dispersed by ants ",NA
"Gompholobium virgatum","2870","Rice Westoby 1981","disp1","ant",NA,NA,NA,"Appendix 1 myrmecochore status: dispersed by ants ",NA
"Hardenbergia violacea","2873","Rice Westoby 1981","disp1","ant",NA,NA,NA,"Appendix 1 myrmecochore status: dispersed by ants ",NA
"Hovea linearis","2876","Rice Westoby 1981","disp1","ant",NA,NA,NA,"Appendix 1 myrmecochore status: dispersed by ants ",NA
"Mirbelia rubiifolia","2938","Rice Westoby 1981","disp1","ant",NA,NA,NA,"Appendix 1 myrmecochore status: dispersed by ants ",NA
"Phyllota phylicoides","2958","Rice Westoby 1981","disp1","ant",NA,NA,NA,"Appendix 1 myrmecochore status: dispersed by ants ",NA
"Platylobium formosum","2961","Rice Westoby 1981","disp1","ant",NA,NA,NA,"Appendix 1 myrmecochore status: dispersed by ants ",NA
"Grevillea buxifolia","5364","Rice Westoby 1981","disp1","ant",NA,NA,NA,"Appendix 1 myrmecochore status: dispersed by ants ",NA
"Grevillea sericea","5399","Rice Westoby 1981","disp1","ant",NA,NA,NA,"Appendix 1 myrmecochore status: dispersed by ants ",NA
"Pomaderris aspera","5571","Rice Westoby 1981","disp1","ant",NA,NA,NA,"Appendix 1 myrmecochore status: dispersed by ants ",NA
"Boronia fraseri","5741","Rice Westoby 1981","disp1","ant",NA,NA,NA,"Appendix 1 myrmecochore status: dispersed by ants ",NA
"Boronia ledifolia","5744","Rice Westoby 1981","disp1","ant",NA,NA,NA,"Appendix 1 myrmecochore status: dispersed by ants ",NA
"Boronia parviflora","5749","Rice Westoby 1981","disp1","ant",NA,NA,NA,"Appendix 1 myrmecochore status: dispersed by ants ",NA
"Boronia pinnata","5750","Rice Westoby 1981","disp1","ant",NA,NA,NA,"Appendix 1 myrmecochore status: dispersed by ants ",NA
"Boronia serrulata","5759","Rice Westoby 1981","disp1","ant",NA,NA,NA,"Appendix 1 myrmecochore status: dispersed by ants ",NA
"Crowea saligna","5775","Rice Westoby 1981","disp1","ant",NA,NA,NA,"Appendix 1 myrmecochore status: dispersed by ants ",NA
"Eriostemon australasius","5776","Rice Westoby 1981","disp1","ant",NA,NA,NA,"Appendix 1 myrmecochore status: dispersed by ants ",NA
"Phebalium squamulosum","5826","Rice Westoby 1981","disp1","ant",NA,NA,NA,"Appendix 1 myrmecochore status: dispersed by ants ",NA
"Philotheca salsolifolia","5831","Rice Westoby 1981","disp1","ant",NA,NA,NA,"Appendix 1 myrmecochore status: dispersed by ants ",NA
"Lasiopetalum ferrugineum","6139","Rice Westoby 1981","disp1","ant",NA,NA,NA,"Appendix 1 myrmecochore status: dispersed by ants ",NA
"Tetratheca ericifolia","6204","Rice Westoby 1981","disp1","ant",NA,NA,NA,"Appendix 1 myrmecochore status: dispersed by ants ",NA
"Tetratheca pilosa","6209","Rice Westoby 1981","disp1","ant",NA,NA,NA,"Appendix 1 myrmecochore status: dispersed by ants ",NA
"Actinotus minor","1095","Rice Westoby 1981","disp1","ant",NA,NA,NA,"Appendix 1 myrmecochore status: dispersed by ants ",NA
"Xanthosia pilosa","1162","Rice Westoby 1981","disp1","ant",NA,NA,NA,"Appendix 1 myrmecochore status: dispersed by ants ",NA
"Xanthosia tridentata","1163","Rice Westoby 1981","disp1","ant",NA,NA,NA,"Appendix 1 myrmecochore status: dispersed by ants ",NA
"Hybanthus vernonii","6267","Rice Westoby 1981","disp1","ant",NA,NA,NA,"Appendix 1 myrmecochore status: dispersed by ants ",NA
"Caesia parviflora var. vittata","7333","Rice Westoby 1981","disp1","ant",NA,NA,NA,"Appendix 1 myrmecochore status: dispersed by ants ",NA
"Hibbertia empetrifolia subsp. empetrifolia","10863","Rice Westoby 1981","disp1","ant",NA,NA,NA,"Appendix 1 myrmecochore status: dispersed by ants ",NA
"Ricinocarpos pinifolius","2759","Rice Westoby 1981","disp1","ant",NA,NA,NA,"Appendix 1 myrmecochore status: dispersed by ants ",NA
"Acacia terminalis","3885","Rice Westoby 1981","disp1","ant",NA,NA,NA,"Appendix 1 myrmecochore status: dispersed by ants ",NA
"Kennedia rubicunda","2898","Rice Westoby 1981","disp1","ant",NA,NA,NA,"Appendix 1 myrmecochore status: dispersed by ants ",NA
"Pultenaea daphnoides","2985","Rice Westoby 1981","disp1","ant",NA,NA,NA,"Appendix 1 myrmecochore status: dispersed by ants ",NA
"Pultenaea tuberculata","11386","Rice Westoby 1981","disp1","ant",NA,NA,NA,"Appendix 1 myrmecochore status: dispersed by ants ",NA
"Pultenaea ferruginea","2992","Rice Westoby 1981","disp1","ant",NA,NA,NA,"Appendix 1 myrmecochore status: dispersed by ants ",NA
"Grevillea speciosa","5401","Rice Westoby 1981","disp1","ant",NA,NA,NA,"Appendix 1 myrmecochore status: dispersed by ants ",NA
"Cryptandra ericoides","5556","Rice Westoby 1981","disp1","ant",NA,NA,NA,"Appendix 1 myrmecochore status: dispersed by ants ",NA
"Dodonaea triquetra","5911","Rice Westoby 1981","disp1","ant",NA,NA,NA,"Appendix 1 myrmecochore status: dispersed by ants ",NA
"Hibbertia stricta subsp. furcatula","14564","Rice Westoby 1981","disp1","ant",NA,NA,NA,"Appendix 1 myrmecochore status: dispersed by ants ","original name: Hibbertia stricta"
"Acacia aulacocarpa","7581","Russell-Smith Ryan Klessa Waight Harwood 1998","surv1","All",NA,NA,NA,"Appendix Rain forest Trees — Vegetative resprouter",NA
"Drypetes deplanchei","11864","Russell-Smith Ryan Klessa Waight Harwood 1998","surv1","All",NA,NA,NA,"Appendix Rain forest Trees — Vegetative resprouter",NA
"Polyalthia nitidissima","1088","Russell-Smith Ryan Klessa Waight Harwood 1998","surv1","All",NA,NA,NA,"Appendix Rain forest Trees — Vegetative resprouter",NA
"Sterculia quadrifida","7343","Russell-Smith Ryan Klessa Waight Harwood 1998","surv1","All",NA,NA,NA,"Appendix Rain forest Trees — Vegetative resprouter",NA
"Acacia torulosa","13914","Russell-Smith Ryan Klessa Waight Harwood 1998","surv1","None",NA,NA,NA,"Appendix Woodland/heath Trees — Obligate seeder",NA
"Acacia torulosa","13914","Russell-Smith Ryan Klessa Waight Harwood 1998","repr3",NA,4,NA,NA,"Appendix repr3 code, 4",NA
"Alphitonia excelsa","7686","Russell-Smith Ryan Klessa Waight Harwood 1998","surv1","All",NA,NA,NA,"Appendix Woodland/heath Trees — Vegetative resprouter",NA
"Breynia cernua","10696","Russell-Smith Ryan Klessa Waight Harwood 1998","surv1","All",NA,NA,NA,"Appendix Rain forest Shrubs — Vegetative resprouter",NA
"Flueggea virosa","7235","Russell-Smith Ryan Klessa Waight Harwood 1998","surv1","All",NA,NA,NA,"Appendix Rain forest Shrubs — Vegetative resprouter",NA
"Litsea glutinosa","13172","Russell-Smith Ryan Klessa Waight Harwood 1998","surv1","All",NA,NA,NA,"Appendix Rain forest Shrubs — Vegetative resprouter",NA
"Alyxia ruscifolia","1167","Russell-Smith Ryan Klessa Waight Harwood 1998","surv1","None",NA,NA,NA,"Appendix Rain forest Shrubs — Obligate seeder",NA
"Alyxia ruscifolia","1167","Russell-Smith Ryan Klessa Waight Harwood 1998","repr3",NA,4,NA,NA,"Appendix repr3 code, 4",NA
"Psychotria daphnoides","5705","Russell-Smith Ryan Klessa Waight Harwood 1998","surv1","None",NA,NA,NA,"Appendix Rain forest Shrubs — Obligate seeder",NA
"Psychotria daphnoides","5705","Russell-Smith Ryan Klessa Waight Harwood 1998","repr3",NA,5,NA,NA,"Appendix repr3 code, 5",NA
"Petalostigma pubescens","6396","Russell-Smith Ryan Klessa Waight Harwood 1998","surv1","All",NA,NA,NA,"Appendix Woodland/heath Shrubs — Vegetative resprouter",NA
"Phyllanthus virgatus","6751","Russell-Smith Ryan Klessa Waight Harwood 1998","surv1","All",NA,NA,NA,"Appendix Woodland/heath Shrubs — Vegetative resprouter",NA
"Exocarpos latifolius","6383","Russell-Smith Ryan Klessa Waight Harwood 1998","surv1","All",NA,NA,NA,"Appendix Rain forest Shrubs — Vegetative resprouter",NA
"Notelaea microcarpa","4319","Russell-Smith Ryan Klessa Waight Harwood 1998","surv1","All",NA,NA,NA,"Appendix Rain forest Shrubs — Vegetative resprouter",NA
"Calytrix achaeta","13240","Russell-Smith Ryan Klessa Waight Harwood 1998","surv1","All",NA,NA,NA,"Appendix Woodland/heath Shrubs — Vegetative resprouter",NA
"Phyllanthus carpentariae","10561","Russell-Smith Ryan Klessa Waight Harwood 1998","surv1","None",NA,NA,NA,"Appendix Woodland/heath Shrubs — Obligate seeder",NA
"Phyllanthus carpentariae","10561","Russell-Smith Ryan Klessa Waight Harwood 1998","repr3",NA,1,NA,NA,"Appendix repr3 code, 1",NA
"Clerodendrum floribundum var. floribundum","12201","Russell-Smith Ryan Klessa Waight Harwood 1998","surv1","All",NA,NA,NA,"Appendix Woodland/heath Shrubs — Vegetative resprouter","original name: Clerodendrum floribundum"
"Trema tomentosa var. aspera","6761","Russell-Smith Ryan Klessa Waight Harwood 1998","surv1","None",NA,NA,NA,"Appendix Rain forest Shrubs — Obligate seeder","original name: Trema tomentosa"
"Trema tomentosa var. aspera","6761","Russell-Smith Ryan Klessa Waight Harwood 1998","repr3",NA,3,NA,NA,"Appendix repr3 code, 3","original name: Trema tomentosa"
"Persoonia juniperina","5459","Russell Parsons 1978","surv1","All",NA,NA,NA,"regeneration_mode, re-established from rootstocks",NA
"Banksia marginata","5344","Russell Parsons 1978","surv1","All",NA,NA,NA,"regeneration_mode, re-established from rootstocks",NA
"Hakea sericea","5425","Russell Parsons 1978","surv1","None",NA,NA,NA,"regeneration_mode, establishing only from seeds after fire",NA
"Hakea teretifolia","5427","Russell Parsons 1978","surv1","Unknown",NA,NA,NA,"regeneration_mode, status uncertain",NA
"Hakea ulicina","5429","Russell Parsons 1978","surv1","All",NA,NA,NA,"regeneration_mode, re-established from rootstocks",NA
"Acacia myrtifolia","3834","Russell Parsons 1978","surv1","All",NA,NA,NA,"regeneration_mode, re-established from rootstocks",NA
"Dillwynia sericea","2851","Russell Parsons 1978","surv1","None",NA,NA,NA,"regeneration_mode, establishing only from seeds after fire",NA
"Dillwynia glaberrima","2844","Russell Parsons 1978","surv1","None",NA,NA,NA,"regeneration_mode, establishing only from seeds after fire",NA
"Pimelea humilis","6179","Russell Parsons 1978","surv1","Unknown",NA,NA,NA,"regeneration_mode, status uncertain",NA
"Leptospermum myrsinoides","4229","Russell Parsons 1978","surv1","All",NA,NA,NA,"regeneration_mode, re-established from rootstocks",NA
"Leptospermum juniperinum","4221","Russell Parsons 1978","surv1","All",NA,NA,NA,"regeneration_mode, re-established from rootstocks",NA
"Epacris impressa","2597","Russell Parsons 1978","surv1","All",NA,NA,NA,"regeneration_mode, re-established from rootstocks",NA
"Leucopogon virgatus","2639","Russell Parsons 1978","surv1","All",NA,NA,NA,"regeneration_mode, re-established from rootstocks",NA
"Allocasuarina paludosa","2015","Russell Parsons 1978","surv1","All",NA,NA,NA,"regeneration_mode, re-established from rootstocks",NA
"Rhytidosporum procumbens","8623","Russell Parsons 1978","surv1","None",NA,NA,NA,"regeneration_mode, establishing only from seeds after fire",NA
"Laxmannia sessiliflora","3557","Russell Parsons 1978","rect2","Intolerant",NA,NA,NA,"Text p. 56, restricted to three youngest stands, may disappear in long-unburnt heath",NA
"Acrotriche serrulata","2583","Russell Parsons 1978","rect2","Intolerant",NA,NA,NA,"Text p. 56, restricted to three youngest stands, may disappear in long-unburnt heath",NA
"Prostanthera askania","9885","Tierney 2006","germ8","PD",NA,NA,NA,"Results — Seed germination section; Fig. 1; Discussion, High dormancy, partial break by smoke, germination via seed plug",NA
"Burchardia umbellata","3533","Van Moezel Loneragan Bell 1987","surv1","All",NA,NA,NA,"Fire Response, Sprout",NA
"Burchardia umbellata","3533","Van Moezel Loneragan Bell 1987","repr3a",NA,NA,NA,2,"Juvenile Period, ≤2",NA
"Diuris longifolia","4446","Van Moezel Loneragan Bell 1987","surv1","All",NA,NA,NA,"Fire Response, Sprout",NA
"Diuris longifolia","4446","Van Moezel Loneragan Bell 1987","repr3a",NA,1,NA,NA,"Juvenile Period, 1",NA
"Prasophyllum parviflorum","12283","Van Moezel Loneragan Bell 1987","surv1","All",NA,NA,NA,"Fire Response, Sprout",NA
"Prasophyllum parviflorum","12283","Van Moezel Loneragan Bell 1987","repr3a",NA,NA,NA,2,"Juvenile Period, ≤2",NA
"Pterostylis nana","4561","Van Moezel Loneragan Bell 1987","surv1","All",NA,NA,NA,"Fire Response, Sprout",NA
"Angianthus tomentosus","1268","Van Moezel Loneragan Bell 1987","surv1","None",NA,NA,NA,"Fire Response, Seed",NA
"Angianthus tomentosus","1268","Van Moezel Loneragan Bell 1987","repr3",NA,NA,NA,2,"Juvenile Period, <2",NA
"Arctotheca calendula","1273","Van Moezel Loneragan Bell 1987","surv1","None",NA,NA,NA,"Fire Response, Seed",NA
"Arctotheca calendula","1273","Van Moezel Loneragan Bell 1987","repr3",NA,1,NA,NA,"Juvenile Period, 1",NA
"Lechenaultia biloba","13126","Van Moezel Loneragan Bell 1987","surv1","All",NA,NA,NA,"Fire Response, Sprout",NA
"Lechenaultia biloba","13126","Van Moezel Loneragan Bell 1987","repr3a",NA,NA,NA,2,"Juvenile Period, ≤2",NA
"Cassytha pubescens","3469","Van Moezel Loneragan Bell 1987","surv1","None",NA,NA,NA,"Fire Response, Seed",NA
"Jacksonia sternbergiana","7729","Van Moezel Loneragan Bell 1987","surv1","None",NA,NA,NA,"Fire Response, Seed",NA
"Kennedia prostrata","2896","Van Moezel Loneragan Bell 1987","surv1","None",NA,NA,NA,"Fire Response, Seed",NA
"Podotheca angustifolia","1639","Van Moezel Loneragan Bell 1987","surv1","None",NA,NA,NA,"Fire Response, Seed",NA
"Podotheca angustifolia","1639","Van Moezel Loneragan Bell 1987","repr3",NA,1,NA,NA,"Juvenile Period, 1",NA
"Viminaria juncea","3105","Van Moezel Loneragan Bell 1987","surv1","All",NA,NA,NA,"Fire Response, Sprout",NA
"Banksia spp.","BANK","Van Moezel Loneragan Bell 1987","surv1","Most",NA,NA,NA,"Fire Response, Seed & Sprout",NA
"Banksia spp.","BANK","Van Moezel Loneragan Bell 1987","repr3",NA,NA,NA,2,"Juvenile Period, ≤2",NA
"Laxmannia spp.","LAXM","Van Moezel Loneragan Bell 1987","surv1","None",NA,NA,NA,"Fire Response, Seed",NA
"Spyridium spp.","SPYR","Van Moezel Loneragan Bell 1987","surv1","None",NA,NA,NA,"Fire Response, Seed",NA
"Spyridium spp.","SPYR","Van Moezel Loneragan Bell 1987","repr3",NA,NA,NA,2,"Juvenile Period, ≤2",NA
"Thelymitra spp.","THEL","Van Moezel Loneragan Bell 1987","surv1","All",NA,NA,NA,"Fire Response, Sprout",NA
"Acacia pulchella var. pulchella","11041","Van Moezel Loneragan Bell 1987","surv1","None",NA,NA,NA,"Fire Response, Seed","original name: Acacia pulchella"
"Acacia pulchella var. pulchella","11041","Van Moezel Loneragan Bell 1987","repr3",NA,NA,2,5,"Juvenile Period, ≤5>2","original name: Acacia pulchella"
"Kennedia prostrata","2896","Van Moezel Loneragan Bell 1987","germ1","Soil-persistent",NA,NA,NA,"Seedbank description, text",NA
"Acacia pulchella var. pulchella","11041","Van Moezel Loneragan Bell 1987","germ1","Soil-persistent",NA,NA,NA,"Seedbank description, text","original name: Acacia pulchella"
"Acacia dealbata","3758","Wark 1997","surv1","None",NA,NA,NA,"Regeneration strategy, OSR",NA
"Acacia mearnsii","3823","Wark 1997","surv1","None",NA,NA,NA,"Regeneration strategy, OSR",NA
"Acacia pycnantha","3861","Wark 1997","surv1","None",NA,NA,NA,"Regeneration strategy, OSR",NA
"Acacia pycnantha","3861","Wark 1997","repr3",NA,2,NA,NA,"First flowering, F2",NA
"Pomaderris aspera","5571","Wark 1997","surv1","None",NA,NA,NA,"Regeneration strategy, OSR",NA
"Pomaderris elachophylla","9484","Wark 1997","surv1","None",NA,NA,NA,"Regeneration strategy, OSR",NA
"Pomaderris elachophylla","9484","Wark 1997","repr3",NA,3,NA,NA,"First flowering, F3",NA
"Pomaderris ferruginea","5579","Wark 1997","surv1","None",NA,NA,NA,"Regeneration strategy, OSR",NA
"Prostanthera lasianthos","3415","Wark 1997","surv1","None",NA,NA,NA,"Regeneration strategy, OSR",NA
"Asterella drummondii","14776","Wark 1997","surv1","None",NA,NA,NA,"Regeneration strategy, OSR",NA
"Asterella drummondii","14776","Wark 1997","repr3",NA,3,NA,NA,"First flowering, F3",NA
"Cephaloziella exiliflora","15455","Wark 1997","surv1","None",NA,NA,NA,"Regeneration strategy, OSR",NA
"Cephaloziella exiliflora","15455","Wark 1997","repr3",NA,3,NA,NA,"First flowering, F3",NA
"Lethocolea pansa","14794","Wark 1997","surv1","None",NA,NA,NA,"Regeneration strategy, OSR",NA
"Lethocolea pansa","14794","Wark 1997","repr3",NA,3,NA,NA,"First flowering, F3",NA
"Marchantia polymorpha","15410","Wark 1997","surv1","None",NA,NA,NA,"Regeneration strategy, OSR",NA
"Marchantia polymorpha","15410","Wark 1997","repr3",NA,1,NA,NA,"First flowering, F1",NA
"Barbula calycina","15404","Wark 1997","surv1","None",NA,NA,NA,"Regeneration strategy, OSR",NA
"Barbula calycina","15404","Wark 1997","repr3",NA,3,NA,NA,"First flowering, F3",NA
"Breutelia affinis","15453","Wark 1997","surv1","None",NA,NA,NA,"Regeneration strategy, OSR",NA
"Breutelia affinis","15453","Wark 1997","repr3",NA,3,NA,NA,"First flowering, F3",NA
"Campylopus introflexus","14781","Wark 1997","surv1","None",NA,NA,NA,"Regeneration strategy, OSR",NA
"Campylopus introflexus","14781","Wark 1997","repr3",NA,3,NA,NA,"First flowering, F3",NA
"Campylopus pyriformis","15610","Wark 1997","surv1","None",NA,NA,NA,"Regeneration strategy, OSR",NA
"Campylopus pyriformis","15610","Wark 1997","repr3",NA,3,NA,NA,"First flowering, F3",NA
"Ceratodon purpureus","13900","Wark 1997","surv1","None",NA,NA,NA,"Regeneration strategy, OSR",NA
"Ceratodon purpureus","13900","Wark 1997","repr3",NA,2,NA,NA,"First flowering, F2",NA
"Funaria hygrometrica","13738","Wark 1997","surv1","None",NA,NA,NA,"Regeneration strategy, OSR",NA
"Funaria hygrometrica","13738","Wark 1997","repr3",NA,1,NA,NA,"First flowering, F1",NA
"Polytrichum juniperinum","14782","Wark 1997","surv1","None",NA,NA,NA,"Regeneration strategy, OSR",NA
"Polytrichum juniperinum","14782","Wark 1997","repr3",NA,3,NA,NA,"First flowering, F3",NA
"Wijkia extenuata","14768","Wark 1997","surv1","None",NA,NA,NA,"Regeneration strategy, OSR",NA
"Wijkia extenuata","14768","Wark 1997","repr3",NA,3,NA,NA,"First flowering, F3",NA
"Aira caryophyllea","4730","Wark 1997","surv1","None",NA,NA,NA,"Regeneration strategy, OSR",NA
"Aira caryophyllea","4730","Wark 1997","repr3",NA,1,NA,NA,"First flowering, F1",NA
"Briza minor","4801","Wark 1997","surv1","None",NA,NA,NA,"Regeneration strategy, OSR",NA
"Briza minor","4801","Wark 1997","repr3",NA,1,NA,NA,"First flowering, F1",NA
"Echinopogon ovatus","4934","Wark 1997","surv1","None",NA,NA,NA,"Regeneration strategy, OSR",NA
"Echinopogon ovatus","4934","Wark 1997","repr3",NA,1,NA,NA,"First flowering, F1",NA
"Vulpia myuros","5242","Wark 1997","surv1","None",NA,NA,NA,"Regeneration strategy, OSR",NA
"Vulpia myuros","5242","Wark 1997","repr3",NA,1,NA,NA,"First flowering, F1",NA
"Acacia acinacea","3699","Wark 1997","surv1","None",NA,NA,NA,"Regeneration strategy, OSR",NA
"Acacia acinacea","3699","Wark 1997","repr3",NA,3,NA,NA,"First flowering, F3",NA
"Acacia genistifolia","3781","Wark 1997","surv1","None",NA,NA,NA,"Regeneration strategy, OSR",NA
"Acacia genistifolia","3781","Wark 1997","repr3",NA,3,NA,NA,"First flowering, F3",NA
"Acacia verniciflua","3895","Wark 1997","surv1","None",NA,NA,NA,"Regeneration strategy, OSR",NA
"Acacia verniciflua","3895","Wark 1997","repr3",NA,3,NA,NA,"First flowering, F3",NA
"Correa reflexa","5772","Wark 1997","surv1","None",NA,NA,NA,"Regeneration strategy, OSR",NA
"Correa reflexa","5772","Wark 1997","repr3",NA,2,NA,NA,"First flowering, F2",NA
"Epacris impressa","2597","Wark 1997","surv1","None",NA,NA,NA,"Regeneration strategy, OSR",NA
"Epacris impressa","2597","Wark 1997","repr3",NA,2,NA,NA,"First flowering, F2",NA
"Goodenia ovata","3192","Wark 1997","surv1","None",NA,NA,NA,"Regeneration strategy, OSR",NA
"Goodenia ovata","3192","Wark 1997","repr3",NA,1,NA,NA,"First flowering, F1",NA
"Ozothamnus ferrugineus","8885","Wark 1997","surv1","None",NA,NA,NA,"Regeneration strategy, OSR",NA
"Ozothamnus ferrugineus","8885","Wark 1997","repr3",NA,2,NA,NA,"First flowering, F2",NA
"Indigofera australis","2882","Wark 1997","surv1","None",NA,NA,NA,"Regeneration strategy, OSR",NA
"Indigofera australis","2882","Wark 1997","repr3",NA,2,NA,NA,"First flowering, F2",NA
"Olearia lirata","1598","Wark 1997","surv1","None",NA,NA,NA,"Regeneration strategy, OSR",NA
"Olearia lirata","1598","Wark 1997","repr3",NA,2,NA,NA,"First flowering, F2",NA
"Olearia phlogopappa","1607","Wark 1997","surv1","None",NA,NA,NA,"Regeneration strategy, OSR",NA
"Olearia phlogopappa","1607","Wark 1997","repr3",NA,2,NA,NA,"First flowering, F2",NA
"Olearia ramulosa","1611","Wark 1997","surv1","None",NA,NA,NA,"Regeneration strategy, OSR",NA
"Olearia ramulosa","1611","Wark 1997","repr3",NA,2,NA,NA,"First flowering, F2",NA
"Pultenaea daphnoides","2985","Wark 1997","surv1","None",NA,NA,NA,"Regeneration strategy, OSR",NA
"Pultenaea daphnoides","2985","Wark 1997","repr3",NA,2,NA,NA,"First flowering, F2",NA
"Pultenaea scabra","3016","Wark 1997","surv1","None",NA,NA,NA,"Regeneration strategy, OSR",NA
"Pultenaea scabra","3016","Wark 1997","repr3",NA,2,NA,NA,"First flowering, F2",NA
"Pimelea humilis","6179","Wark 1997","surv1","None",NA,NA,NA,"Regeneration strategy, OSR",NA
"Pimelea humilis","6179","Wark 1997","repr3",NA,1,NA,NA,"First flowering, F1",NA
"Pimelea linifolia","6182","Wark 1997","surv1","None",NA,NA,NA,"Regeneration strategy, OSR",NA
"Pimelea linifolia","6182","Wark 1997","repr3",NA,2,NA,NA,"First flowering, F2",NA
"Leptospermum continentale","7970","Wark 1997","surv1","None",NA,NA,NA,"Regeneration strategy, OSR",NA
"Leptospermum continentale","7970","Wark 1997","repr3",NA,2,NA,NA,"First flowering, F2",NA
"Solanum laciniatum","6087","Wark 1997","surv1","None",NA,NA,NA,"Regeneration strategy, OSR",NA
"Solanum laciniatum","6087","Wark 1997","repr3",NA,2,NA,NA,"First flowering, F2",NA
"Spyridium parvifolium","5600","Wark 1997","surv1","None",NA,NA,NA,"Regeneration strategy, OSR",NA
"Spyridium parvifolium","5600","Wark 1997","repr3",NA,2,NA,NA,"First flowering, F2",NA
"Acaena novae-zelandiae","5604","Wark 1997","surv1","None",NA,NA,NA,"Regeneration strategy, OSR",NA
"Acaena novae-zelandiae","5604","Wark 1997","repr3",NA,2,NA,NA,"First flowering, F2",NA
"Asperula scoparia","5659","Wark 1997","surv1","None",NA,NA,NA,"Regeneration strategy, OSR",NA
"Asperula scoparia","5659","Wark 1997","repr3",NA,2,NA,NA,"First flowering, F2",NA
"Aster subulatus","1280","Wark 1997","surv1","None",NA,NA,NA,"Regeneration strategy, OSR",NA
"Aster subulatus","1280","Wark 1997","repr3",NA,1,NA,NA,"First flowering, F1",NA
"Cirsium vulgare","1400","Wark 1997","surv1","None",NA,NA,NA,"Regeneration strategy, OSR",NA
"Cirsium vulgare","1400","Wark 1997","repr3",NA,1,NA,NA,"First flowering, F1",NA
"Dichondra repens","2222","Wark 1997","surv1","None",NA,NA,NA,"Regeneration strategy, OSR",NA
"Dichondra repens","2222","Wark 1997","repr3",NA,2,NA,NA,"First flowering, F2",NA
"Geranium solanderi","3156","Wark 1997","surv1","None",NA,NA,NA,"Regeneration strategy, OSR",NA
"Geranium solanderi","3156","Wark 1997","repr3",NA,1,NA,NA,"First flowering, F1",NA
"Euchiton involucratus","9904","Wark 1997","surv1","None",NA,NA,NA,"Regeneration strategy, OSR",NA
"Euchiton involucratus","9904","Wark 1997","repr3",NA,2,NA,NA,"First flowering, F2",NA
"Euchiton sphaericus","9690","Wark 1997","surv1","None",NA,NA,NA,"Regeneration strategy, OSR",NA
"Euchiton sphaericus","9690","Wark 1997","repr3",NA,2,NA,NA,"First flowering, F2",NA
"Gonocarpus tetragynus","3247","Wark 1997","surv1","None",NA,NA,NA,"Regeneration strategy, OSR",NA
"Gonocarpus tetragynus","3247","Wark 1997","repr3",NA,1,NA,NA,"First flowering, F1",NA
"Galium binifolium","5681","Wark 1997","surv1","None",NA,NA,NA,"Regeneration strategy, OSR",NA
"Galium binifolium","5681","Wark 1997","repr3",NA,2,NA,NA,"First flowering, F2",NA
"Hydrocotyle callicarpa","1124","Wark 1997","surv1","None",NA,NA,NA,"Regeneration strategy, OSR",NA
"Hydrocotyle callicarpa","1124","Wark 1997","repr3",NA,1,NA,NA,"First flowering, F1",NA
"Hydrocotyle hirta","8461","Wark 1997","surv1","None",NA,NA,NA,"Regeneration strategy, OSR",NA
"Hydrocotyle hirta","8461","Wark 1997","repr3",NA,2,NA,NA,"First flowering, F2",NA
"Hydrocotyle laxiflora","1128","Wark 1997","surv1","None",NA,NA,NA,"Regeneration strategy, OSR",NA
"Hydrocotyle laxiflora","1128","Wark 1997","repr3",NA,2,NA,NA,"First flowering, F2",NA
"Hypericum gramineum","7240","Wark 1997","surv1","None",NA,NA,NA,"Regeneration strategy, OSR",NA
"Hypericum gramineum","7240","Wark 1997","repr3",NA,1,NA,NA,"First flowering, F1",NA
"Opercularia varia","5701","Wark 1997","surv1","None",NA,NA,NA,"Regeneration strategy, OSR",NA
"Opercularia varia","5701","Wark 1997","repr3",NA,1,NA,NA,"First flowering, F1",NA
"Phyllanthus gunnii","2746","Wark 1997","surv1","None",NA,NA,NA,"Regeneration strategy, OSR",NA
"Phyllanthus gunnii","2746","Wark 1997","repr3",NA,3,NA,NA,"First flowering, F3",NA
"Poranthera microphylla","7395","Wark 1997","surv1","None",NA,NA,NA,"Regeneration strategy, OSR",NA
"Poranthera microphylla","7395","Wark 1997","repr3",NA,1,NA,NA,"First flowering, F1",NA
"Rorippa dictyosperma","1842","Wark 1997","surv1","None",NA,NA,NA,"Regeneration strategy, OSR",NA
"Rorippa dictyosperma","1842","Wark 1997","repr3",NA,1,NA,NA,"First flowering, F1",NA
"Senecio velleioides","1680","Wark 1997","surv1","None",NA,NA,NA,"Regeneration strategy, OSR",NA
"Senecio velleioides","1680","Wark 1997","repr3",NA,2,NA,NA,"First flowering, F2",NA
"Stellaria flaccida","2004","Wark 1997","surv1","None",NA,NA,NA,"Regeneration strategy, OSR",NA
"Stellaria flaccida","2004","Wark 1997","repr3",NA,1,NA,NA,"First flowering, F1",NA
"Stellaria pungens","2008","Wark 1997","surv1","None",NA,NA,NA,"Regeneration strategy, OSR",NA
"Stellaria pungens","2008","Wark 1997","repr3",NA,2,NA,NA,"First flowering, F2",NA
"Stellaria media","2006","Wark 1997","surv1","None",NA,NA,NA,"Regeneration strategy, OSR",NA
"Stellaria media","2006","Wark 1997","repr3",NA,2,NA,NA,"First flowering, F2",NA
"Viola hederacea","6272","Wark 1997","surv1","None",NA,NA,NA,"Regeneration strategy, OSR",NA
"Viola hederacea","6272","Wark 1997","repr3",NA,1,NA,NA,"First flowering, F1",NA
"Viola cleistogamoides","9499","Wark 1997","surv1","None",NA,NA,NA,"Regeneration strategy, OSR",NA
"Viola cleistogamoides","9499","Wark 1997","repr3",NA,1,NA,NA,"First flowering, F1",NA
"Wahlenbergia gracilenta","1933","Wark 1997","surv1","None",NA,NA,NA,"Regeneration strategy, OSR",NA
"Wahlenbergia gracilenta","1933","Wark 1997","repr3",NA,1,NA,NA,"First flowering, F1",NA
"Wahlenbergia stricta","1938","Wark 1997","surv1","None",NA,NA,NA,"Regeneration strategy, OSR",NA
"Wahlenbergia stricta","1938","Wark 1997","repr3",NA,1,NA,NA,"First flowering, F1",NA
"Billardiera scandens","4671","Wark 1997","surv1","None",NA,NA,NA,"Regeneration strategy, OSR",NA
"Billardiera scandens","4671","Wark 1997","repr3",NA,2,NA,NA,"First flowering, F2",NA
"Cassytha glabella","3467","Wark 1997","surv1","None",NA,NA,NA,"Regeneration strategy, OSR",NA
"Cassytha glabella","3467","Wark 1997","repr3",NA,2,NA,NA,"First flowering, F2",NA
"Cassytha melantha","3468","Wark 1997","surv1","None",NA,NA,NA,"Regeneration strategy, OSR",NA
"Cassytha melantha","3468","Wark 1997","repr3",NA,2,NA,NA,"First flowering, F2",NA
"Clematis aristata","5493","Wark 1997","surv1","None",NA,NA,NA,"Regeneration strategy, OSR",NA
"Comesperma volubile","5257","Wark 1997","surv1","None",NA,NA,NA,"Regeneration strategy, OSR",NA
"Comesperma volubile","5257","Wark 1997","repr3",NA,1,NA,NA,"First flowering, F1",NA
"Glycine clandestina","2860","Wark 1997","surv1","None",NA,NA,NA,"Regeneration strategy, OSR",NA
"Glycine clandestina","2860","Wark 1997","repr3",NA,2,NA,NA,"First flowering, F2",NA
"Kennedia prostrata","2896","Wark 1997","surv1","None",NA,NA,NA,"Regeneration strategy, OSR",NA
"Kennedia prostrata","2896","Wark 1997","repr3",NA,1,NA,NA,"First flowering, F1",NA
"Eucalyptus baxteri","4053","Wark 1997","surv1","Most",NA,NA,NA,"Regeneration strategy, FRR",NA
"Eucalyptus baxteri","4053","Wark 1997","repr3a",NA,2,NA,NA,"First flowering, F2",NA
"Eucalyptus cypellocarpa","4075","Wark 1997","surv1","Most",NA,NA,NA,"Regeneration strategy, FRR",NA
"Eucalyptus globulus","4098","Wark 1997","surv1","Most",NA,NA,NA,"Regeneration strategy, FRR",NA
"Eucalyptus obliqua","4140","Wark 1997","surv1","Most",NA,NA,NA,"Regeneration strategy, FRR",NA
"Eucalyptus obliqua","4140","Wark 1997","repr3a",NA,2,NA,NA,"First flowering, F2",NA
"Eucalyptus ovata","4146","Wark 1997","surv1","Most",NA,NA,NA,"Regeneration strategy, FRR",NA
"Eucalyptus tricarpa","9304","Wark 1997","surv1","Most",NA,NA,NA,"Regeneration strategy, FRR",NA
"Eucalyptus tricarpa","9304","Wark 1997","repr3a",NA,3,NA,NA,"First flowering, F3",NA
"Eucalyptus viminalis","4197","Wark 1997","surv1","Most",NA,NA,NA,"Regeneration strategy, FRR",NA
"Acacia melanoxylon","3824","Wark 1997","surv1","Most",NA,NA,NA,"Regeneration strategy, FRR",NA
"Exocarpos cupressiformis","5860","Wark 1997","surv1","Most",NA,NA,NA,"Regeneration strategy, FRR",NA
"Adiantum aethiopicum","7997","Wark 1997","surv1","Most",NA,NA,NA,"Regeneration strategy, FRR",NA
"Adiantum aethiopicum","7997","Wark 1997","repr3a",NA,2,NA,NA,"First flowering, F2",NA
"Blechnum cartilagineum","8052","Wark 1997","surv1","Most",NA,NA,NA,"Regeneration strategy, FRR",NA
"Blechnum cartilagineum","8052","Wark 1997","repr3a",NA,2,NA,NA,"First flowering, F2",NA
"Blechnum nudum","8058","Wark 1997","surv1","Most",NA,NA,NA,"Regeneration strategy, FRR",NA
"Cyathea australis","8074","Wark 1997","surv1","Most",NA,NA,NA,"Regeneration strategy, FRR",NA
"Cyathea australis","8074","Wark 1997","repr3a",NA,1,NA,NA,"First flowering, F1",NA
"Gleichenia microphylla","6708","Wark 1997","surv1","Most",NA,NA,NA,"Regeneration strategy, FRR",NA
"Gleichenia microphylla","6708","Wark 1997","repr3a",NA,2,NA,NA,"First flowering, F2",NA
"Hymenophyllum cupressiforme","8107","Wark 1997","surv1","Most",NA,NA,NA,"Regeneration strategy, FRR",NA
"Hypolepis rugosula","7653","Wark 1997","surv1","Most",NA,NA,NA,"Regeneration strategy, FRR",NA
"Hypolepis rugosula","7653","Wark 1997","repr3a",NA,2,NA,NA,"First flowering, F2",NA
"Pteridium esculentum","6403","Wark 1997","surv1","Most",NA,NA,NA,"Regeneration strategy, FRR",NA
"Pteridium esculentum","6403","Wark 1997","repr3a",NA,2,NA,NA,"First flowering, F2",NA
"Todea barbara","8151","Wark 1997","surv1","Most",NA,NA,NA,"Regeneration strategy, FRR",NA
"Todea barbara","8151","Wark 1997","repr3a",NA,1,NA,NA,"First flowering, F1",NA
"Anthoxanthum odoratum","4750","Wark 1997","surv1","Most",NA,NA,NA,"Regeneration strategy, FRR",NA
"Anthoxanthum odoratum","4750","Wark 1997","repr3a",NA,1,NA,NA,"First flowering, F1",NA
"Austrostipa rudis","10396","Wark 1997","surv1","Most",NA,NA,NA,"Regeneration strategy, FRR",NA
"Austrostipa rudis","10396","Wark 1997","repr3a",NA,1,NA,NA,"First flowering, F1",NA
"Austrostipa semibarbata","10394","Wark 1997","surv1","Most",NA,NA,NA,"Regeneration strategy, FRR",NA
"Austrostipa semibarbata","10394","Wark 1997","repr3a",NA,1,NA,NA,"First flowering, F1",NA
"Deyeuxia densa","13423","Wark 1997","surv1","Most",NA,NA,NA,"Regeneration strategy, FRR",NA
"Deyeuxia densa","13423","Wark 1997","repr3a",NA,1,NA,NA,"First flowering, F1",NA
"Deyeuxia quadriseta","4891","Wark 1997","surv1","Most",NA,NA,NA,"Regeneration strategy, FRR",NA
"Deyeuxia quadriseta","4891","Wark 1997","repr3a",NA,1,NA,NA,"First flowering, F1",NA
"Dichelachne rara","4899","Wark 1997","surv1","Most",NA,NA,NA,"Regeneration strategy, FRR",NA
"Dichelachne rara","4899","Wark 1997","repr3a",NA,1,NA,NA,"First flowering, F1",NA
"Holcus lanatus","5005","Wark 1997","surv1","Most",NA,NA,NA,"Regeneration strategy, FRR",NA
"Holcus lanatus","5005","Wark 1997","repr3a",NA,1,NA,NA,"First flowering, F1",NA
"Microlaena stipoides","5037","Wark 1997","surv1","Most",NA,NA,NA,"Regeneration strategy, FRR",NA
"Microlaena stipoides","5037","Wark 1997","repr3a",NA,1,NA,NA,"First flowering, F1",NA
"Tetrarrhena juncea","5217","Wark 1997","surv1","Most",NA,NA,NA,"Regeneration strategy, FRR",NA
"Tetrarrhena juncea","5217","Wark 1997","repr3a",NA,1,NA,NA,"First flowering, F1",NA
"Poa sieberiana","5141","Wark 1997","surv1","Most",NA,NA,NA,"Regeneration strategy, FRR",NA
"Poa sieberiana","5141","Wark 1997","repr3a",NA,1,NA,NA,"First flowering, F1",NA
"Poa tenera","5142","Wark 1997","surv1","Most",NA,NA,NA,"Regeneration strategy, FRR",NA
"Poa tenera","5142","Wark 1997","repr3a",NA,1,NA,NA,"First flowering, F1",NA
"Acrotriche serrulata","2583","Wark 1997","surv1","Most",NA,NA,NA,"Regeneration strategy, FRR",NA
"Acrotriche serrulata","2583","Wark 1997","repr3a",NA,2,NA,NA,"First flowering, F2",NA
"Astroloma humifusum","2584","Wark 1997","surv1","Most",NA,NA,NA,"Regeneration strategy, FRR",NA
"Astroloma humifusum","2584","Wark 1997","repr3a",NA,2,NA,NA,"First flowering, F2",NA
"Bursaria spinosa","4674","Wark 1997","surv1","Most",NA,NA,NA,"Regeneration strategy, FRR",NA
"Bursaria spinosa","4674","Wark 1997","repr3a",NA,2,NA,NA,"First flowering, F2",NA
"Coprosma quadrifida","5675","Wark 1997","surv1","Most",NA,NA,NA,"Regeneration strategy, FRR",NA
"Hibbertia riparia","2545","Wark 1997","surv1","Most",NA,NA,NA,"Regeneration strategy, FRR",NA
"Hibbertia riparia","2545","Wark 1997","repr3a",NA,2,NA,NA,"First flowering, F2",NA
"Lissanthe strigosa","2642","Wark 1997","surv1","Most",NA,NA,NA,"Regeneration strategy, FRR",NA
"Lissanthe strigosa","2642","Wark 1997","repr3a",NA,2,NA,NA,"First flowering, F2",NA
"Lomatia ilicifolia","5443","Wark 1997","surv1","Most",NA,NA,NA,"Regeneration strategy, FRR",NA
"Lomatia ilicifolia","5443","Wark 1997","repr3a",NA,1,NA,NA,"First flowering, F1",NA
"Melaleuca squarrosa","4263","Wark 1997","surv1","Most",NA,NA,NA,"Regeneration strategy, FRR",NA
"Melaleuca squarrosa","4263","Wark 1997","repr3a",NA,2,NA,NA,"First flowering, F2",NA
"Olearia argophylla","1580","Wark 1997","surv1","Most",NA,NA,NA,"Regeneration strategy, FRR",NA
"Olearia argophylla","1580","Wark 1997","repr3a",NA,3,NA,NA,"First flowering, F3",NA
"Brunonia australis","1863","Wark 1997","surv1","Most",NA,NA,NA,"Regeneration strategy, FRR",NA
"Brunonia australis","1863","Wark 1997","repr3a",NA,1,NA,NA,"First flowering, F1",NA
"Goodenia lanata","13799","Wark 1997","surv1","Most",NA,NA,NA,"Regeneration strategy, FRR",NA
"Goodenia lanata","13799","Wark 1997","repr3a",NA,1,NA,NA,"First flowering, F1",NA
"Helichrysum leucopsideum","1494","Wark 1997","surv1","Most",NA,NA,NA,"Regeneration strategy, FRR",NA
"Helichrysum leucopsideum","1494","Wark 1997","repr3a",NA,1,NA,NA,"First flowering, F1",NA
"Lagenifera stipitata","1551","Wark 1997","surv1","Most",NA,NA,NA,"Regeneration strategy, FRR",NA
"Lagenifera stipitata","1551","Wark 1997","repr3a",NA,1,NA,NA,"First flowering, F1",NA
"Leptorhynchos squamatus","1557","Wark 1997","surv1","Most",NA,NA,NA,"Regeneration strategy, FRR",NA
"Leptorhynchos squamatus","1557","Wark 1997","repr3a",NA,1,NA,NA,"First flowering, F1",NA
"Oxalis corniculata","4613","Wark 1997","surv1","Most",NA,NA,NA,"Regeneration strategy, FRR",NA
"Oxalis corniculata","4613","Wark 1997","repr3a",NA,1,NA,NA,"First flowering, F1",NA
"Pelargonium australe","3157","Wark 1997","surv1","Most",NA,NA,NA,"Regeneration strategy, FRR",NA
"Pelargonium australe","3157","Wark 1997","repr3a",NA,1,NA,NA,"First flowering, F1",NA
"Plantago varia","4705","Wark 1997","surv1","Most",NA,NA,NA,"Regeneration strategy, FRR",NA
"Plantago varia","4705","Wark 1997","repr3a",NA,1,NA,NA,"First flowering, F1",NA
"Sonchus oleraceus","1690","Wark 1997","surv1","Most",NA,NA,NA,"Regeneration strategy, FRR",NA
"Sonchus oleraceus","1690","Wark 1997","repr3a",NA,1,NA,NA,"First flowering, F1",NA
"Veronica calycina","6003","Wark 1997","surv1","Most",NA,NA,NA,"Regeneration strategy, FRR",NA
"Veronica calycina","6003","Wark 1997","repr3a",NA,1,NA,NA,"First flowering, F1",NA
"Veronica derwentiana","14262","Wark 1997","surv1","Most",NA,NA,NA,"Regeneration strategy, FRR",NA
"Veronica derwentiana","14262","Wark 1997","repr3a",NA,2,NA,NA,"First flowering, F2",NA
"Gahnia radula","2441","Wark 1997","surv1","All",NA,NA,NA,"Regeneration strategy, ORR",NA
"Gahnia radula","2441","Wark 1997","repr3a",NA,2,NA,NA,"First flowering, F2",NA
"Gahnia sieberiana","2442","Wark 1997","surv1","All",NA,NA,NA,"Regeneration strategy, ORR",NA
"Gahnia sieberiana","2442","Wark 1997","repr3a",NA,2,NA,NA,"First flowering, F2",NA
"Isolepis hystrix","2453","Wark 1997","surv1","All",NA,NA,NA,"Regeneration strategy, ORR",NA
"Isolepis hystrix","2453","Wark 1997","repr3a",NA,1,NA,NA,"First flowering, F1",NA
"Isolepis marginata","2455","Wark 1997","surv1","All",NA,NA,NA,"Regeneration strategy, ORR",NA
"Isolepis marginata","2455","Wark 1997","repr3a",NA,1,NA,NA,"First flowering, F1",NA
"Juncus pauciflorus","3339","Wark 1997","surv1","All",NA,NA,NA,"Regeneration strategy, ORR",NA
"Juncus pauciflorus","3339","Wark 1997","repr3a",NA,2,NA,NA,"First flowering, F2",NA
"Juncus planifolius","3340","Wark 1997","surv1","All",NA,NA,NA,"Regeneration strategy, ORR",NA
"Juncus planifolius","3340","Wark 1997","repr3a",NA,1,NA,NA,"First flowering, F1",NA
"Lepidosperma elatius","8379","Wark 1997","surv1","All",NA,NA,NA,"Regeneration strategy, ORR",NA
"Lepidosperma elatius","8379","Wark 1997","repr3a",NA,2,NA,NA,"First flowering, F2",NA
"Luzula meridionalis","3359","Wark 1997","surv1","All",NA,NA,NA,"Regeneration strategy, ORR",NA
"Luzula meridionalis","3359","Wark 1997","repr3a",NA,1,NA,NA,"First flowering, F1",NA
"Schoenus apogon","2491","Wark 1997","surv1","All",NA,NA,NA,"Regeneration strategy, ORR",NA
"Schoenus apogon","2491","Wark 1997","repr3a",NA,1,NA,NA,"First flowering, F1",NA
"Acianthus caudatus","4351","Wark 1997","surv1","All",NA,NA,NA,"Regeneration strategy, ORR",NA
"Acianthus caudatus","4351","Wark 1997","repr3a",NA,1,NA,NA,"First flowering, F1",NA
"Acianthus pusillus","9088","Wark 1997","surv1","All",NA,NA,NA,"Regeneration strategy, ORR",NA
"Acianthus pusillus","9088","Wark 1997","repr3a",NA,1,NA,NA,"First flowering, F1",NA
"Caladenia cardiochila","12289","Wark 1997","surv1","All",NA,NA,NA,"Regeneration strategy, ORR",NA
"Caladenia cardiochila","12289","Wark 1997","repr3a",NA,1,NA,NA,"First flowering, F1",NA
"Caladenia catenata","6703","Wark 1997","surv1","All",NA,NA,NA,"Regeneration strategy, ORR",NA
"Caladenia catenata","6703","Wark 1997","repr3a",NA,1,NA,NA,"First flowering, F1",NA
"Caladenia tentaculata","9593","Wark 1997","surv1","All",NA,NA,NA,"Regeneration strategy, ORR",NA
"Caladenia tentaculata","9593","Wark 1997","repr3a",NA,1,NA,NA,"First flowering, F1",NA
"Cyrtostylis reniformis","6889","Wark 1997","surv1","All",NA,NA,NA,"Regeneration strategy, ORR",NA
"Cyrtostylis reniformis","6889","Wark 1997","repr3a",NA,1,NA,NA,"First flowering, F1",NA
"Dipodium punctatum","7887","Wark 1997","surv1","All",NA,NA,NA,"Regeneration strategy, ORR",NA
"Dipodium punctatum","7887","Wark 1997","repr3a",NA,1,NA,NA,"First flowering, F1",NA
"Eriochilus cucullatus","4460","Wark 1997","surv1","All",NA,NA,NA,"Regeneration strategy, ORR",NA
"Eriochilus cucullatus","4460","Wark 1997","repr3a",NA,1,NA,NA,"First flowering, F1",NA
"Prasophyllum odoratum","4516","Wark 1997","surv1","All",NA,NA,NA,"Regeneration strategy, ORR",NA
"Prasophyllum odoratum","4516","Wark 1997","repr3a",NA,1,NA,NA,"First flowering, F1",NA
"Pterostylis longifolia","4559","Wark 1997","surv1","All",NA,NA,NA,"Regeneration strategy, ORR",NA
"Pterostylis longifolia","4559","Wark 1997","repr3a",NA,1,NA,NA,"First flowering, F1",NA
"Pterostylis nutans","4562","Wark 1997","surv1","All",NA,NA,NA,"Regeneration strategy, ORR",NA
"Pterostylis nutans","4562","Wark 1997","repr3a",NA,1,NA,NA,"First flowering, F1",NA
"Pterostylis nana","4561","Wark 1997","surv1","All",NA,NA,NA,"Regeneration strategy, ORR",NA
"Pterostylis nana","4561","Wark 1997","repr3a",NA,1,NA,NA,"First flowering, F1",NA
"Pterostylis parviflora","4566","Wark 1997","surv1","All",NA,NA,NA,"Regeneration strategy, ORR",NA
"Pterostylis parviflora","4566","Wark 1997","repr3a",NA,1,NA,NA,"First flowering, F1",NA
"Thelymitra flexuosa","4595","Wark 1997","surv1","All",NA,NA,NA,"Regeneration strategy, ORR",NA
"Thelymitra flexuosa","4595","Wark 1997","repr3a",NA,1,NA,NA,"First flowering, F1",NA
"Thelymitra pauciflora","4602","Wark 1997","surv1","All",NA,NA,NA,"Regeneration strategy, ORR",NA
"Thelymitra pauciflora","4602","Wark 1997","repr3a",NA,1,NA,NA,"First flowering, F1",NA
"Thelymitra rubra","10277","Wark 1997","surv1","All",NA,NA,NA,"Regeneration strategy, ORR",NA
"Thelymitra rubra","10277","Wark 1997","repr3a",NA,1,NA,NA,"First flowering, F1",NA
"Burchardia umbellata","3533","Wark 1997","surv1","All",NA,NA,NA,"Regeneration strategy, ORR",NA
"Burchardia umbellata","3533","Wark 1997","repr3a",NA,1,NA,NA,"First flowering, F1",NA
"Dianella revoluta","3542","Wark 1997","surv1","All",NA,NA,NA,"Regeneration strategy, ORR",NA
"Dianella revoluta","3542","Wark 1997","repr3a",NA,2,NA,NA,"First flowering, F2",NA
"Lomandra filiformis","6302","Wark 1997","surv1","All",NA,NA,NA,"Regeneration strategy, ORR",NA
"Lomandra filiformis","6302","Wark 1997","repr3a",NA,1,NA,NA,"First flowering, F1",NA
"Thysanotus juncifolius","3572","Wark 1997","surv1","All",NA,NA,NA,"Regeneration strategy, ORR",NA
"Thysanotus juncifolius","3572","Wark 1997","repr3a",NA,1,NA,NA,"First flowering, F1",NA
"Thysanotus tuberosus","3574","Wark 1997","surv1","All",NA,NA,NA,"Regeneration strategy, ORR",NA
"Thysanotus tuberosus","3574","Wark 1997","repr3a",NA,1,NA,NA,"First flowering, F1",NA
"Thysanotus patersonii","3573","Wark 1997","surv1","All",NA,NA,NA,"Regeneration strategy, ORR",NA
"Thysanotus patersonii","3573","Wark 1997","repr3a",NA,1,NA,NA,"First flowering, F1",NA
"Lobelia gibbosa","1917","Wark 1997","surv1","All",NA,NA,NA,"Regeneration strategy, ORR",NA
"Lobelia gibbosa","1917","Wark 1997","repr3a",NA,1,NA,NA,"First flowering, F1",NA
"Amyema pendula","3607","Wark 1997","surv1","None",NA,NA,NA,"Regeneration strategy, OSR",NA
"Lachnagrostis filiformis","11388","Wark 1997","surv1","Most",NA,NA,NA,"Regeneration strategy, FRR",NA
"Lachnagrostis filiformis","11388","Wark 1997","repr3a",NA,1,NA,NA,"First flowering, F1",NA
"Rytidosperma indutum","14310","Wark 1997","surv1","Most",NA,NA,NA,"Regeneration strategy, FRR",NA
"Rytidosperma indutum","14310","Wark 1997","repr3a",NA,1,NA,NA,"First flowering, F1",NA
"Rytidosperma pilosum","14316","Wark 1997","surv1","Most",NA,NA,NA,"Regeneration strategy, FRR",NA
"Rytidosperma pilosum","14316","Wark 1997","repr3a",NA,1,NA,NA,"First flowering, F1",NA
"Rytidosperma setaceum","14322","Wark 1997","surv1","Most",NA,NA,NA,"Regeneration strategy, FRR",NA
"Rytidosperma setaceum","14322","Wark 1997","repr3a",NA,1,NA,NA,"First flowering, F1",NA
"Rytidosperma pallidum","14314","Wark 1997","surv1","Most",NA,NA,NA,"Regeneration strategy, FRR",NA
"Rytidosperma pallidum","14314","Wark 1997","repr3a",NA,1,NA,NA,"First flowering, F1",NA
"Rytidosperma semiannulare","14321","Wark 1997","surv1","Most",NA,NA,NA,"Regeneration strategy, FRR",NA
"Rytidosperma semiannulare","14321","Wark 1997","repr3a",NA,1,NA,NA,"First flowering, F1",NA
"Carduus tenuiflorus","1355","Wark 1997","surv1","Most",NA,NA,NA,"Regeneration strategy, FRR",NA
"Carduus tenuiflorus","1355","Wark 1997","repr3a",NA,1,NA,NA,"First flowering, F1",NA
"Hackelia suaveolens","14935","Wark 1997","surv1","Most",NA,NA,NA,"Regeneration strategy, FRR",NA
"Hackelia suaveolens","14935","Wark 1997","repr3a",NA,1,NA,NA,"First flowering, F1",NA
"Coronidium scorpioides","13836","Wark 1997","surv1","Most",NA,NA,NA,"Regeneration strategy, FRR",NA
"Coronidium scorpioides","13836","Wark 1997","repr3a",NA,1,NA,NA,"First flowering, F1",NA
"Lagenophora gracilis","11959","Wark 1997","surv1","Most",NA,NA,NA,"Regeneration strategy, FRR",NA
"Lagenophora gracilis","11959","Wark 1997","repr3a",NA,1,NA,NA,"First flowering, F1",NA
"Isolepis inundata","2454","Wark 1997","surv1","All",NA,NA,NA,"Regeneration strategy, ORR",NA
"Isolepis inundata","2454","Wark 1997","repr3a",NA,1,NA,NA,"First flowering, F1",NA
"Caesia parviflora","3535","Wark 1997","surv1","All",NA,NA,NA,"Regeneration strategy, ORR",NA
"Caesia parviflora","3535","Wark 1997","repr3a",NA,1,NA,NA,"First flowering, F1",NA
"Lomandra longifolia","6308","Wark 1997","surv1","All",NA,NA,NA,"Regeneration strategy, ORR",NA
"Lomandra longifolia","6308","Wark 1997","repr3a",NA,1,NA,NA,"First flowering, F1",NA
"Drosera auriculata","2556","Wark 1997","surv1","All",NA,NA,NA,"Regeneration strategy, ORR",NA
"Drosera auriculata","2556","Wark 1997","repr3a",NA,1,NA,NA,"First flowering, F1",NA
"Drosera peltata","2559","Wark 1997","surv1","All",NA,NA,NA,"Regeneration strategy, ORR",NA
"Drosera peltata","2559","Wark 1997","repr3a",NA,1,NA,NA,"First flowering, F1",NA
"Hypochaeris radicata","8788","Wark 1997","surv1","All",NA,NA,NA,"Regeneration strategy, ORR",NA
"Hypochaeris radicata","8788","Wark 1997","repr3a",NA,1,NA,NA,"First flowering, F1",NA
"Acacia spp.","ACAC","Wark 1997","surv1","None",NA,NA,NA,"Regeneration strategy, OSR",NA
"Acacia spp.","ACAC","Wark 1997","repr3",NA,3,NA,NA,"First flowering, F3",NA
"Anthoceros spp.","15403","Wark 1997","surv1","None",NA,NA,NA,"Regeneration strategy, OSR",NA
"Anthoceros spp.","15403","Wark 1997","repr3",NA,3,NA,NA,"First flowering, F3",NA
"Eucalyptus bicostata","8450","Wark 1997","surv1","Most",NA,NA,NA,"Regeneration strategy, FRR",NA
"Eucalyptus x vitrea","14166","Wark 1997","surv1","Most",NA,NA,NA,"Regeneration strategy, FRR",NA
"Eucalyptus x vitrea","14166","Wark 1997","repr3a",NA,3,NA,NA,"First flowering, F3",NA
"Geranium spp.","GERA","Wark 1997","surv1","None",NA,NA,NA,"Regeneration strategy, OSR",NA
"Geranium spp.","GERA","Wark 1997","repr3",NA,2,NA,NA,"First flowering, F2",NA
"Rostraria spp.","11645","Wark 1997","surv1","None",NA,NA,NA,"Regeneration strategy, OSR",NA
"Rostraria spp.","11645","Wark 1997","repr3",NA,3,NA,NA,"First flowering, F3",NA
"Senecio spp.","SENE","Wark 1997","surv1","None",NA,NA,NA,"Regeneration strategy, OSR",NA
"Senecio spp.","SENE","Wark 1997","repr3",NA,1,NA,NA,"First flowering, F1",NA
"Acacia mucronata subsp. mucronata","6731","Wark 1997","surv1","None",NA,NA,NA,"Regeneration strategy, OSR","original name: Acacia mucronata"
"Acacia mucronata subsp. mucronata","6731","Wark 1997","repr3",NA,3,NA,NA,"First flowering, F3","original name: Acacia mucronata"
"Acacia verticillata subsp. verticillata","11245","Wark 1997","surv1","None",NA,NA,NA,"Regeneration strategy, OSR","original name: Acacia verticillata"
"Acacia verticillata subsp. verticillata","11245","Wark 1997","repr3",NA,3,NA,NA,"First flowering, F3","original name: Acacia verticillata"
"Lomandra micrantha subsp. tuberculata","9082","Wark 1997","surv1","All",NA,NA,NA,"Regeneration strategy, ORR","original name: Lomandra micrantha"
"Lomandra micrantha subsp. tuberculata","9082","Wark 1997","repr3a",NA,1,NA,NA,"First flowering, F1","original name: Lomandra micrantha"
"Lomandra multiflora subsp. multiflora","8802","Wark 1997","surv1","All",NA,NA,NA,"Regeneration strategy, ORR","original name: Lomandra multiflora"
"Lomandra multiflora subsp. multiflora","8802","Wark 1997","repr3a",NA,1,NA,NA,"First flowering, F1","original name: Lomandra multiflora"
"Thelymitra ixioides var. ixioides","8968","Wark 1997","surv1","All",NA,NA,NA,"Regeneration strategy, ORR","original name: Thelymitra ixioides"
"Thelymitra ixioides var. ixioides","8968","Wark 1997","repr3a",NA,1,NA,NA,"First flowering, F1","original name: Thelymitra ixioides"
"Eucalyptus baxteri","4053","Wark 1997","surv4","Basal",NA,NA,NA,"Regeneration strategy organ codes, St1",NA
"Eucalyptus baxteri","4053","Wark 1997","surv4","Lignotuber",NA,NA,NA,"Regeneration strategy organ codes, L1",NA
"Eucalyptus cypellocarpa","4075","Wark 1997","surv4","Basal",NA,NA,NA,"Regeneration strategy organ codes, St1",NA
"Eucalyptus cypellocarpa","4075","Wark 1997","surv4","Lignotuber",NA,NA,NA,"Regeneration strategy organ codes, L1",NA
"Eucalyptus globulus","4098","Wark 1997","surv4","Basal",NA,NA,NA,"Regeneration strategy organ codes, St1",NA
"Eucalyptus globulus","4098","Wark 1997","surv4","Lignotuber",NA,NA,NA,"Regeneration strategy organ codes, L1",NA
"Eucalyptus obliqua","4140","Wark 1997","surv4","Basal",NA,NA,NA,"Regeneration strategy organ codes, St1",NA
"Eucalyptus obliqua","4140","Wark 1997","surv4","Lignotuber",NA,NA,NA,"Regeneration strategy organ codes, L1",NA
"Eucalyptus ovata","4146","Wark 1997","surv4","Basal",NA,NA,NA,"Regeneration strategy organ codes, St1",NA
"Eucalyptus ovata","4146","Wark 1997","surv4","Lignotuber",NA,NA,NA,"Regeneration strategy organ codes, L1",NA
"Eucalyptus tricarpa","9304","Wark 1997","surv4","Basal",NA,NA,NA,"Regeneration strategy organ codes, St1",NA
"Eucalyptus tricarpa","9304","Wark 1997","surv4","Lignotuber",NA,NA,NA,"Regeneration strategy organ codes, L1",NA
"Eucalyptus viminalis","4197","Wark 1997","surv4","Basal",NA,NA,NA,"Regeneration strategy organ codes, St1",NA
"Eucalyptus viminalis","4197","Wark 1997","surv4","Lignotuber",NA,NA,NA,"Regeneration strategy organ codes, L1",NA
"Acacia melanoxylon","3824","Wark 1997","surv4","Long rhizome or root sucker",NA,NA,NA,"Regeneration strategy organ codes, Rsk1",NA
"Acacia melanoxylon","3824","Wark 1997","surv4","Lignotuber",NA,NA,NA,"Regeneration strategy organ codes, L1",NA
"Exocarpos cupressiformis","5860","Wark 1997","surv4","Long rhizome or root sucker",NA,NA,NA,"Regeneration strategy organ codes, Rsk1",NA
"Exocarpos cupressiformis","5860","Wark 1997","surv4","Lignotuber",NA,NA,NA,"Regeneration strategy organ codes, L1",NA
"Adiantum aethiopicum","7997","Wark 1997","surv4","Short rhizome",NA,NA,NA,"Regeneration strategy organ codes, R1",NA
"Blechnum cartilagineum","8052","Wark 1997","surv4","Short rhizome",NA,NA,NA,"Regeneration strategy organ codes, R1",NA
"Blechnum nudum","8058","Wark 1997","surv4","Short rhizome",NA,NA,NA,"Regeneration strategy organ codes, R1",NA
"Cyathea australis","8074","Wark 1997","surv4","Short rhizome",NA,NA,NA,"Regeneration strategy organ codes, R1",NA
"Gleichenia microphylla","6708","Wark 1997","surv4","Short rhizome",NA,NA,NA,"Regeneration strategy organ codes, R1",NA
"Hypolepis rugosula","7653","Wark 1997","surv4","Short rhizome",NA,NA,NA,"Regeneration strategy organ codes, R1",NA
"Pteridium esculentum","6403","Wark 1997","surv4","Short rhizome",NA,NA,NA,"Regeneration strategy organ codes, R1",NA
"Todea barbara","8151","Wark 1997","surv4","Short rhizome",NA,NA,NA,"Regeneration strategy organ codes, R1",NA
"Anthoxanthum odoratum","4750","Wark 1997","surv4","Short rhizome",NA,NA,NA,"Regeneration strategy organ codes, R1",NA
"Austrostipa rudis","10396","Wark 1997","surv4","Short rhizome",NA,NA,NA,"Regeneration strategy organ codes, R1",NA
"Austrostipa semibarbata","10394","Wark 1997","surv4","Short rhizome",NA,NA,NA,"Regeneration strategy organ codes, R1",NA
"Deyeuxia densa","13423","Wark 1997","surv4","Short rhizome",NA,NA,NA,"Regeneration strategy organ codes, R1",NA
"Deyeuxia quadriseta","4891","Wark 1997","surv4","Short rhizome",NA,NA,NA,"Regeneration strategy organ codes, R1",NA
"Dichelachne rara","4899","Wark 1997","surv4","Short rhizome",NA,NA,NA,"Regeneration strategy organ codes, R1",NA
"Holcus lanatus","5005","Wark 1997","surv4","Short rhizome",NA,NA,NA,"Regeneration strategy organ codes, R1",NA
"Microlaena stipoides","5037","Wark 1997","surv4","Short rhizome",NA,NA,NA,"Regeneration strategy organ codes, R1",NA
"Tetrarrhena juncea","5217","Wark 1997","surv4","Short rhizome",NA,NA,NA,"Regeneration strategy organ codes, R1",NA
"Poa sieberiana","5141","Wark 1997","surv4","Short rhizome",NA,NA,NA,"Regeneration strategy organ codes, R1",NA
"Poa tenera","5142","Wark 1997","surv4","Short rhizome",NA,NA,NA,"Regeneration strategy organ codes, R1",NA
"Acrotriche serrulata","2583","Wark 1997","surv4","Lignotuber",NA,NA,NA,"Regeneration strategy organ codes, L1",NA
"Astroloma humifusum","2584","Wark 1997","surv4","Lignotuber",NA,NA,NA,"Regeneration strategy organ codes, L1",NA
"Bursaria spinosa","4674","Wark 1997","surv4","Lignotuber",NA,NA,NA,"Regeneration strategy organ codes, L1",NA
"Coprosma quadrifida","5675","Wark 1997","surv4","Lignotuber",NA,NA,NA,"Regeneration strategy organ codes, L1",NA
"Hibbertia riparia","2545","Wark 1997","surv4","Lignotuber",NA,NA,NA,"Regeneration strategy organ codes, L1",NA
"Lissanthe strigosa","2642","Wark 1997","surv4","Lignotuber",NA,NA,NA,"Regeneration strategy organ codes, L1",NA
"Lomatia ilicifolia","5443","Wark 1997","surv4","Lignotuber",NA,NA,NA,"Regeneration strategy organ codes, L1",NA
"Melaleuca squarrosa","4263","Wark 1997","surv4","Lignotuber",NA,NA,NA,"Regeneration strategy organ codes, L1",NA
"Olearia argophylla","1580","Wark 1997","surv4","Lignotuber",NA,NA,NA,"Regeneration strategy organ codes, L1",NA
"Brunonia australis","1863","Wark 1997","surv4","Short rhizome",NA,NA,NA,"Regeneration strategy organ codes, R1",NA
"Goodenia lanata","13799","Wark 1997","surv4","Short rhizome",NA,NA,NA,"Regeneration strategy organ codes, R1",NA
"Helichrysum leucopsideum","1494","Wark 1997","surv4","Short rhizome",NA,NA,NA,"Regeneration strategy organ codes, R1",NA
"Lagenifera stipitata","1551","Wark 1997","surv4","Short rhizome",NA,NA,NA,"Regeneration strategy organ codes, R1",NA
"Leptorhynchos squamatus","1557","Wark 1997","surv4","Short rhizome",NA,NA,NA,"Regeneration strategy organ codes, R1",NA
"Oxalis corniculata","4613","Wark 1997","surv4","Short rhizome",NA,NA,NA,"Regeneration strategy organ codes, R1",NA
"Pelargonium australe","3157","Wark 1997","surv4","Short rhizome",NA,NA,NA,"Regeneration strategy organ codes, R1",NA
"Plantago varia","4705","Wark 1997","surv4","Short rhizome",NA,NA,NA,"Regeneration strategy organ codes, R1",NA
"Sonchus oleraceus","1690","Wark 1997","surv4","Short rhizome",NA,NA,NA,"Regeneration strategy organ codes, R1",NA
"Veronica calycina","6003","Wark 1997","surv4","Short rhizome",NA,NA,NA,"Regeneration strategy organ codes, R1",NA
"Veronica derwentiana","14262","Wark 1997","surv4","Short rhizome",NA,NA,NA,"Regeneration strategy organ codes, R1",NA
"Gahnia radula","2441","Wark 1997","surv4","Short rhizome",NA,NA,NA,"Regeneration strategy organ codes, R1",NA
"Gahnia sieberiana","2442","Wark 1997","surv4","Short rhizome",NA,NA,NA,"Regeneration strategy organ codes, R1",NA
"Isolepis hystrix","2453","Wark 1997","surv4","Short rhizome",NA,NA,NA,"Regeneration strategy organ codes, R1",NA
"Isolepis marginata","2455","Wark 1997","surv4","Short rhizome",NA,NA,NA,"Regeneration strategy organ codes, R1",NA
"Juncus pauciflorus","3339","Wark 1997","surv4","Short rhizome",NA,NA,NA,"Regeneration strategy organ codes, R1",NA
"Juncus planifolius","3340","Wark 1997","surv4","Short rhizome",NA,NA,NA,"Regeneration strategy organ codes, R1",NA
"Lepidosperma elatius","8379","Wark 1997","surv4","Short rhizome",NA,NA,NA,"Regeneration strategy organ codes, R1",NA
"Luzula meridionalis","3359","Wark 1997","surv4","Short rhizome",NA,NA,NA,"Regeneration strategy organ codes, R1",NA
"Schoenus apogon","2491","Wark 1997","surv4","Short rhizome",NA,NA,NA,"Regeneration strategy organ codes, R1",NA
"Acianthus caudatus","4351","Wark 1997","surv4","Tuber",NA,NA,NA,"Regeneration strategy organ codes, Tu1",NA
"Acianthus pusillus","9088","Wark 1997","surv4","Tuber",NA,NA,NA,"Regeneration strategy organ codes, Tu1",NA
"Caladenia cardiochila","12289","Wark 1997","surv4","Tuber",NA,NA,NA,"Regeneration strategy organ codes, Tu1",NA
"Caladenia catenata","6703","Wark 1997","surv4","Tuber",NA,NA,NA,"Regeneration strategy organ codes, Tu1",NA
"Caladenia tentaculata","9593","Wark 1997","surv4","Tuber",NA,NA,NA,"Regeneration strategy organ codes, Tu1",NA
"Cyrtostylis reniformis","6889","Wark 1997","surv4","Tuber",NA,NA,NA,"Regeneration strategy organ codes, Tu1",NA
"Dipodium punctatum","7887","Wark 1997","surv4","Tuber",NA,NA,NA,"Regeneration strategy organ codes, Tu1",NA
"Eriochilus cucullatus","4460","Wark 1997","surv4","Tuber",NA,NA,NA,"Regeneration strategy organ codes, Tu1",NA
"Prasophyllum odoratum","4516","Wark 1997","surv4","Tuber",NA,NA,NA,"Regeneration strategy organ codes, Tu1",NA
"Pterostylis longifolia","4559","Wark 1997","surv4","Tuber",NA,NA,NA,"Regeneration strategy organ codes, Tu1",NA
"Pterostylis nutans","4562","Wark 1997","surv4","Tuber",NA,NA,NA,"Regeneration strategy organ codes, Tu1",NA
"Pterostylis nana","4561","Wark 1997","surv4","Tuber",NA,NA,NA,"Regeneration strategy organ codes, Tu1",NA
"Pterostylis parviflora","4566","Wark 1997","surv4","Tuber",NA,NA,NA,"Regeneration strategy organ codes, Tu1",NA
"Thelymitra flexuosa","4595","Wark 1997","surv4","Tuber",NA,NA,NA,"Regeneration strategy organ codes, Tu1",NA
"Thelymitra pauciflora","4602","Wark 1997","surv4","Tuber",NA,NA,NA,"Regeneration strategy organ codes, Tu1",NA
"Thelymitra rubra","10277","Wark 1997","surv4","Tuber",NA,NA,NA,"Regeneration strategy organ codes, Tu1",NA
"Burchardia umbellata","3533","Wark 1997","surv4","Tuber",NA,NA,NA,"Regeneration strategy organ codes, T1",NA
"Dianella revoluta","3542","Wark 1997","surv4","Tuber",NA,NA,NA,"Regeneration strategy organ codes, T1",NA
"Lomandra filiformis","6302","Wark 1997","surv4","Tuber",NA,NA,NA,"Regeneration strategy organ codes, T1",NA
"Thysanotus juncifolius","3572","Wark 1997","surv4","Tuber",NA,NA,NA,"Regeneration strategy organ codes, T1",NA
"Thysanotus tuberosus","3574","Wark 1997","surv4","Tuber",NA,NA,NA,"Regeneration strategy organ codes, T1",NA
"Thysanotus patersonii","3573","Wark 1997","surv4","Tuber",NA,NA,NA,"Regeneration strategy organ codes, T1",NA
"Lobelia gibbosa","1917","Wark 1997","surv4","Short rhizome",NA,NA,NA,"Regeneration strategy organ codes, R1",NA
"Lachnagrostis filiformis","11388","Wark 1997","surv4","Short rhizome",NA,NA,NA,"Regeneration strategy organ codes, R1",NA
"Rytidosperma indutum","14310","Wark 1997","surv4","Short rhizome",NA,NA,NA,"Regeneration strategy organ codes, R1",NA
"Rytidosperma pilosum","14316","Wark 1997","surv4","Short rhizome",NA,NA,NA,"Regeneration strategy organ codes, R1",NA
"Rytidosperma setaceum","14322","Wark 1997","surv4","Short rhizome",NA,NA,NA,"Regeneration strategy organ codes, R1",NA
"Rytidosperma pallidum","14314","Wark 1997","surv4","Short rhizome",NA,NA,NA,"Regeneration strategy organ codes, R1",NA
"Rytidosperma semiannulare","14321","Wark 1997","surv4","Short rhizome",NA,NA,NA,"Regeneration strategy organ codes, R1",NA
"Carduus tenuiflorus","1355","Wark 1997","surv4","Short rhizome",NA,NA,NA,"Regeneration strategy organ codes, R1",NA
"Hackelia suaveolens","14935","Wark 1997","surv4","Short rhizome",NA,NA,NA,"Regeneration strategy organ codes, R1",NA
"Coronidium scorpioides","13836","Wark 1997","surv4","Short rhizome",NA,NA,NA,"Regeneration strategy organ codes, R1",NA
"Lagenophora gracilis","11959","Wark 1997","surv4","Short rhizome",NA,NA,NA,"Regeneration strategy organ codes, R1",NA
"Isolepis inundata","2454","Wark 1997","surv4","Short rhizome",NA,NA,NA,"Regeneration strategy organ codes, R1",NA
"Caesia parviflora","3535","Wark 1997","surv4","Tuber",NA,NA,NA,"Regeneration strategy organ codes, T1",NA
"Lomandra longifolia","6308","Wark 1997","surv4","Tuber",NA,NA,NA,"Regeneration strategy organ codes, T1",NA
"Drosera auriculata","2556","Wark 1997","surv4","Tuber",NA,NA,NA,"Regeneration strategy organ codes, T1",NA
"Drosera peltata","2559","Wark 1997","surv4","Tuber",NA,NA,NA,"Regeneration strategy organ codes, T1",NA
"Hypochaeris radicata","8788","Wark 1997","surv4","Short rhizome",NA,NA,NA,"Regeneration strategy organ codes, R1",NA
"Eucalyptus bicostata","8450","Wark 1997","surv4","Basal",NA,NA,NA,"Regeneration strategy organ codes, St1",NA
"Eucalyptus bicostata","8450","Wark 1997","surv4","Lignotuber",NA,NA,NA,"Regeneration strategy organ codes, L1",NA
"Eucalyptus x vitrea","14166","Wark 1997","surv4","Basal",NA,NA,NA,"Regeneration strategy organ codes, St1",NA
"Eucalyptus x vitrea","14166","Wark 1997","surv4","Lignotuber",NA,NA,NA,"Regeneration strategy organ codes, L1",NA
NA,NA,"Wark 1997","surv4","Tuber",NA,NA,NA,"Regeneration strategy organ codes, Tu1",NA
NA,NA,"Wark 1997","surv4","Short rhizome",NA,NA,NA,"Regeneration strategy organ codes, R1",NA
NA,NA,"Wark 1997","surv4","Basal",NA,NA,NA,"Regeneration strategy organ codes, St1",NA
NA,NA,"Wark 1997","surv4","Lignotuber",NA,NA,NA,"Regeneration strategy organ codes, L1",NA
"Lomandra micrantha subsp. tuberculata","9082","Wark 1997","surv4","Tuber",NA,NA,NA,"Regeneration strategy organ codes, T1","original name: Lomandra micrantha"
"Lomandra multiflora subsp. multiflora","8802","Wark 1997","surv4","Tuber",NA,NA,NA,"Regeneration strategy organ codes, T1","original name: Lomandra multiflora"
"Thelymitra ixioides var. ixioides","8968","Wark 1997","surv4","Tuber",NA,NA,NA,"Regeneration strategy organ codes, Tu1","original name: Thelymitra ixioides"
"Prasophyllum odoratum","4516","Wark 1997","repr2","Facultative",NA,NA,NA,"Text — fire-stimulated post-fire flowering",NA
NA,NA,"Wark 1997","repr2","Facultative",NA,NA,NA,"Text — fire-stimulated post-fire flowering",NA
"Acacia flavescens","14347","Williams 2000","surv1","All",NA,NA,NA,"Table 2: % resprouting=98 (fire used: Dec 1997)",NA
"Allocasuarina littoralis","2012","Williams 2000","surv1","Half",NA,NA,NA,"Table 2: % resprouting=45 (fire used: Dec 1997)",NA
"Allocasuarina torulosa","2017","Williams 2000","surv1","All",NA,NA,NA,"Table 2: % resprouting=100 (fire used: Nov 1996)",NA
"Alphitonia excelsa","7686","Williams 2000","surv1","All",NA,NA,NA,"Table 2: % resprouting=100 (fire used: Nov 1996)",NA
"Eucalyptus tereticornis","4191","Williams 2000","surv1","All",NA,NA,NA,"Table 2: % resprouting=100 (fire used: Dec 1997)",NA
"Lophostemon suaveolens","4243","Williams 2000","surv1","All",NA,NA,NA,"Table 2: % resprouting=100 (fire used: Nov 1996)",NA
"Duboisia myoporoides","6036","Williams 2000","surv1","All",NA,NA,NA,"Table 2: % resprouting=500 (fire used: Dec 1997)",NA
"Melastoma affine","3675","Williams 2000","surv1","All",NA,NA,NA,"Table 2: % resprouting=100 (fire used: Dec 1997)",NA
"Corymbia intermedia","9601","Williams 2000","surv1","All",NA,NA,NA,"Table 2: % resprouting=100 (fire used: Dec 1997)",NA
"Corymbia torelliana","12526","Williams 2000","surv1","All",NA,NA,NA,"Table 2: % resprouting=100 (fire used: Nov 1996)",NA
"Alphitonia petriei","5553","Williams 2000","surv1","None",NA,NA,NA,"Table 2: % resprouting=0 (fire used: Dec 1997)",NA
"Callicarpa pedunculata","6240","Williams 2000","surv1","All",NA,NA,NA,"Table 2: % resprouting=100 (fire used: Nov 1996)",NA
"Commersonia bartramia","6129","Williams 2000","surv1","All",NA,NA,NA,"Table 2: % resprouting=100 (fire used: Nov 1996)",NA
"Glochidion spp.","GLOC","Williams 2000","surv1","All",NA,NA,NA,"Table 2: % resprouting=100 (fire used: Dec 1997)",NA
"Trema tomentosa var. aspera","6761","Williams 2000","surv1","All",NA,NA,NA,"Table 2: % resprouting=100 (fire used: Nov 1996)","original name: Trema tomentosa"
"Duboisia myoporoides","6036","Williams 2000","surv4","Long rhizome or root sucker",NA,NA,NA,"Table 2/text: root suckering documented post-fire",NA
"Acacia flavescens","14347","Williams 2000","surv4","Basal",NA,NA,NA,"text: rainforest pioneer — basal stem and root resprouting",NA
"Allocasuarina torulosa","2017","Williams 2000","surv4","Basal",NA,NA,NA,"text: rainforest pioneer — basal stem and root resprouting",NA
"Alphitonia excelsa","7686","Williams 2000","surv4","Basal",NA,NA,NA,"text: rainforest pioneer — basal stem and root resprouting",NA
"Eucalyptus tereticornis","4191","Williams 2000","surv4","Epicormic",NA,NA,NA,"text: sclerophyll tree >2 m — epicormic reshooting",NA
"Melastoma affine","3675","Williams 2000","surv4","Basal",NA,NA,NA,"text: rainforest pioneer — basal stem and root resprouting",NA
"Corymbia intermedia","9601","Williams 2000","surv4","Epicormic",NA,NA,NA,"text: sclerophyll tree >2 m — epicormic reshooting",NA
"Corymbia torelliana","12526","Williams 2000","surv4","Epicormic",NA,NA,NA,"text: sclerophyll tree >2 m — epicormic reshooting",NA
"Callicarpa pedunculata","6240","Williams 2000","surv4","Basal",NA,NA,NA,"text: rainforest pioneer — basal stem and root resprouting",NA
"Commersonia bartramia","6129","Williams 2000","surv4","Basal",NA,NA,NA,"text: rainforest pioneer — basal stem and root resprouting",NA
"Glochidion spp.","GLOC","Williams 2000","surv4","Basal",NA,NA,NA,"text: rainforest pioneer — basal stem and root resprouting",NA
"Allocasuarina littoralis","2012","Williams 2000","rect2","Intolerant",NA,NA,NA,"Table 3 Oct 1998: Block2=0.01, Block4=0.12, Block5 (unburnt)=0 seedlings/m2",NA
"Allocasuarina torulosa","2017","Williams 2000","rect2","Intolerant",NA,NA,NA,"Table 3 Oct 1998: Block2=0.08, Block4=0.27, Block5 (unburnt)=0 seedlings/m2",NA
"Eucalyptus tereticornis","4191","Williams 2000","rect2","Intolerant",NA,NA,NA,"Table 3 Oct 1998: Block2=0, Block4=0.25, Block5 (unburnt)=0 seedlings/m2",NA
"Lophostemon suaveolens","4243","Williams 2000","rect2","Tolerant",NA,NA,NA,"Table 3 Oct 1998: Block2=0.02, Block4=0.13, Block5 (unburnt)=0.05 seedlings/m2",NA
"Melastoma affine","3675","Williams 2000","rect2","Tolerant",NA,NA,NA,"Table 3 Oct 1998: Block2=0.31, Block4=0.1, Block5 (unburnt)=0.06 seedlings/m2",NA
"Alphitonia petriei","5553","Williams 2000","rect2","Intolerant",NA,NA,NA,"Table 3 Oct 1998: Block2=3.52, Block4=2.9, Block5 (unburnt)=0.02 seedlings/m2",NA
"Trema tomentosa var. aspera","6761","Williams 2000","rect2","Intolerant",NA,NA,NA,"Table 3 Oct 1998: Block2=0.16, Block4=0.02, Block5 (unburnt)=0 seedlings/m2","original name: Trema tomentosa"
"Alphitonia petriei","5553","Williams 2000","germ8","PY",NA,NA,NA,"Table 4: Block2 heated=70.01, Block2 unheated=0, Block4 heated=30.01, Block4 unheated=0; ANOVA heat treatment p=<0.0001",NA
"Grevillea australis","6441","Williams Ashton 1988","surv1","None",NA,NA,NA,"Table 3: Dormant buds=-; Root stock=-",NA
"Asterolasia trymalioides","5730","Williams Ashton 1988","surv1","None",NA,NA,NA,"Table 3: Dormant buds=-; Root stock=-",NA
"Hovea longifolia","2877","Williams Ashton 1988","surv1","All",NA,NA,NA,"Table 3: Dormant buds=+; Root stock=+",NA
"Kunzea muelleri","4209","Williams Ashton 1988","surv1","All",NA,NA,NA,"Table 3: Dormant buds=+; Root stock=+",NA
"Phebalium squamulosum","5826","Williams Ashton 1988","surv1","All",NA,NA,NA,"Table 3: Dormant buds=+; Root stock=+",NA
"Prostanthera cuneata","3403","Williams Ashton 1988","surv1","All",NA,NA,NA,"Table 3: Dormant buds=+; Root stock=?",NA
"Orites lancifolius","5449","Williams Ashton 1988","surv1","All",NA,NA,NA,"Table 3: Dormant buds=+; Root stock=?",NA
"Phebalium squamulosum","5826","Williams Ashton 1988","surv5",NA,NA,30,47,"samples of the largest distinct stems from 10 senescent individuals ranged in age from 30 to 47 years",NA
"Prostanthera cuneata","3403","Williams Ashton 1988","surv5",NA,NA,30,50,"stems c. 2-3 cm diameter which supported dense mature foliage have been dated at c. 30-50 years",NA
"Asterolasia trymalioides","5730","Williams Ashton 1988","surv5",NA,NA,40,NA,"at least 40 years old, but are showing no signs of senescence (fenced since 1946)",NA
"Indigofera hirsuta","6808","Williams Congdon Grice Clarke 2003","germ8","PY",NA,NA,NA,"significantly increased germination after heat shock 80-100 degrees C; mechanism: seed coat cracking/strophiolar plug opening",NA
"Galactia tenuiflora","6497","Williams Congdon Grice Clarke 2003","germ8","ND",NA,NA,NA,"no significant increase in germination with exposure to any fire-related cue; germination <25% in all treatments",NA
"Glycine tomentella","7844","Williams Congdon Grice Clarke 2003","germ8","ND",NA,NA,NA,"no significant increase in germination with exposure to any fire-related cue; germination <25% in all treatments",NA
"Crotalaria lanceolata subsp. lanceolata","9356","Williams Congdon Grice Clarke 2003","germ8","PY",NA,NA,NA,"significantly increased germination after heat shock 80-100 degrees C; mechanism: seed coat cracking/strophiolar plug opening","original name: Crotalaria lanceolata"
"Crotalaria montana var. angustifolia","12020","Williams Congdon Grice Clarke 2003","germ8","PY",NA,NA,NA,"significantly increased germination after heat shock 80-100 degrees C; mechanism: seed coat cracking/strophiolar plug opening","original name: Crotalaria montana"
"Crotalaria pallida var. obovata","9023","Williams Congdon Grice Clarke 2003","germ8","ND",NA,NA,NA,"no significant increase in germination with exposure to any fire-related cue","original name: Crotalaria pallida"
"Galactia tenuiflora","6497","Williams Congdon Grice Clarke 2003","surv1","All",NA,NA,NA,"Table 1 footnote: perennial species capable of sprouting following fire",NA
"Glycine tomentella","7844","Williams Congdon Grice Clarke 2003","surv1","All",NA,NA,NA,"Table 1 footnote: perennial species capable of sprouting following fire",NA
"Indigofera hirsuta","6808","Williams Congdon Grice Clarke 2003","surv1","None",NA,NA,NA,"Table 1: ephemeral herb that completes its life cycle within a single year; killed by fire",NA
"Crotalaria lanceolata subsp. lanceolata","9356","Williams Congdon Grice Clarke 2003","surv1","None",NA,NA,NA,"Table 1: ephemeral herb (exotic); killed by fire","original name: Crotalaria lanceolata"
"Crotalaria montana var. angustifolia","12020","Williams Congdon Grice Clarke 2003","surv1","None",NA,NA,NA,"Table 1: ephemeral herb that completes its life cycle within a single year; killed by fire","original name: Crotalaria montana"
"Crotalaria pallida var. obovata","9023","Williams Congdon Grice Clarke 2003","surv1","None",NA,NA,NA,"Table 1: ephemeral herb (exotic); killed by fire","original name: Crotalaria pallida"
"Acacia maitlandii","3822","Wright Boyd Clarke Peter 2007","surv4","Tuber",NA,NA,NA,"Resprouting buds, buds on a single robust taproot in a collar ~4-5 cm below the soil surface (Results, Resprouting buds)",NA
"Acacia maitlandii","3822","Wright Boyd Clarke Peter 2007","surv4","Epicormic",NA,NA,NA,"Resprouting buds, 60% above-ground stem resprouting, low-severity long-interval treatment (Table 2)",NA
"Acacia aneura","3705","Wright Boyd Clarke Peter 2007","surv4","Long rhizome or root sucker",NA,NA,NA,"Resprouting buds, buds on laterally branching roots (Results, Resprouting buds)",NA
"Acacia aneura","3705","Wright Boyd Clarke Peter 2007","surv4","Basal",NA,NA,NA,"Resprouting buds, buds around the central trunk (Results, Resprouting buds)",NA
