Kingdom,Class,Family,Species Code,Scientific Name,Exotic,Common Name,NSW status,Comm. status,Records,Info
Plantae,Flora,Acanthaceae,ACNTC,Acanthaceae indeterminate,*,Acanthaceae,,,6,
Plantae,Flora,Acanthaceae,11324,Acanthus mollis,*,Bear's Breeches,,,35,
Plantae,Flora,Acanthaceae,11287,Acanthus spinosus,*,Spine Acanthus,,,3,
Plantae,Flora,Acanthaceae,10753,Asystasia gangetica,*,,,,6,
Plantae,Flora,Acanthaceae,10427,Avicennia marina subsp. australasica,,Grey Mangrove,,,1221,
Plantae,Flora,Acanthaceae,AVIC,Avicennia spp.,,,,,3,
Plantae,Flora,Acanthaceae,1003,Brunoniella australis,,Blue Trumpet,,,10289,
Plantae,Flora,Acanthaceae,1004,Brunoniella pumilio,,Dwarf Blue Trumpet,,,1727,
Plantae,Flora,Acanthaceae,11057,Brunoniella spiciflora,,,,,20,
Plantae,Flora,Acanthaceae,BRUN,Brunoniella spp.,,,,,97,
Plantae,Flora,Acanthaceae,7053,Dipteracanthus australasicus subsp. australasicus,,,,,17,
Plantae,Flora,Acanthaceae,8630,Dipteracanthus australasicus subsp. corynothecus,,,E1,,4,
Plantae,Flora,Acanthaceae,12627,Eranthemum pulchellum,*,,,,3,
Plantae,Flora,Acanthaceae,10847,Harnieria hygrophiloides,,Native Justicia,E1,,76,
Plantae,Flora,Acanthaceae,9202,Hygrophila angustifolia,,,,,35,
Plantae,Flora,Acanthaceae,11241,Hygrophila costata,*,,,,17,
Plantae,Flora,Acanthaceae,HYGR,Hygrophila spp.,,,,,2,
Plantae,Flora,Acanthaceae,10770,Hypoestes aristata,*,,,,14,
Plantae,Flora,Acanthaceae,10226,Hypoestes floribunda,,,,,5,
Plantae,Flora,Acanthaceae,10227,Hypoestes floribunda var. floribunda,,,,,2,
Plantae,Flora,Acanthaceae,7405,Hypoestes floribunda var. pubescens,,,,,23,
Plantae,Flora,Acanthaceae,10771,Hypoestes phyllostachya,*,,,,67,
Plantae,Flora,Acanthaceae,HYPT,Hypoestes spp.,,,,,3,
Plantae,Flora,Acanthaceae,7310,Isoglossa eranthemoides,,Isoglossa,E1,E,87,
Plantae,Flora,Acanthaceae,ISOG,Isoglossa spp.,,,,,1,
Plantae,Flora,Acanthaceae,11208,Justicia betonica,*,,,,2,
Plantae,Flora,Acanthaceae,12259,Justicia caudata,*,,,,1,
Plantae,Flora,Acanthaceae,12629,Mackaya bella,*,,,,3,
Plantae,Flora,Acanthaceae,12564,Odontonema callistachyum,*,,,,1,
Plantae,Flora,Acanthaceae,12419,Odontonema tubaeforme,*,,,,14,
Plantae,Flora,Acanthaceae,1010,Pseuderanthemum variabile,,Pastel Flower,,,8251,
Plantae,Flora,Acanthaceae,9256,Rostellularia adscendens,,Pink Tongues,,,1457,
Plantae,Flora,Acanthaceae,12393,Rostellularia adscendens var. adscendens,,,,,1511,
Plantae,Flora,Acanthaceae,12348,Rostellularia adscendens var. latifolia,,,,,69,
Plantae,Flora,Acanthaceae,12394,Rostellularia adscendens var. pogonanthera,,Pink Tongues,,,304,
Plantae,Flora,Acanthaceae,7044,Rostellularia obtusa,,,,,7,
Plantae,Flora,Acanthaceae,ROST,Rostellularia spp.,,,,,21,
Plantae,Flora,Acanthaceae,12630,Ruellia dipteracanthus,*,,,,2,
Plantae,Flora,Acanthaceae,12631,Ruellia squarrosa,*,,,,22,
Plantae,Flora,Acanthaceae,12632,Ruellia tweediana,*,,,,2,
Plantae,Flora,Acanthaceae,12145,Stephanophysum longifolium,*,,,,2,
Plantae,Flora,Acanthaceae,12043,Strobilanthes anisophyllus,*,Goldfussia,,,7,
Plantae,Flora,Acanthaceae,1012,Thunbergia alata,*,Black-eyed Susan,,,402,
Plantae,Flora,Acanthaceae,THUN,Thunbergia spp.,*,,,,2,
Plantae,Flora,Acanthaceae,1013,Xerothamnella parvifolia,,Small-leaved Little Dry Shrub,E1,V,15,
Plantae,Flora,Acrobolbaceae,11534,Goebelobryum spp.,,,,,1,
Plantae,Flora,Acrobolbaceae,11535,Lethocolea spp.,,,,,1,
Plantae,Flora,Actinidiaceae,13804,Actinidia chinensis,*,Kiwi Fruit,,,6,
Plantae,Flora,Adoxaceae,1953,Sambucus australasica,,Native Elderberry,,,501,
Plantae,Flora,Adoxaceae,1954,Sambucus gaudichaudiana,,White Elderberry,,,152,
Plantae,Flora,Adoxaceae,1955,Sambucus nigra,*,Common Elder,,,53,
Plantae,Flora,Adoxaceae,SAMB,Sambucus spp.,,,,,9,
Plantae,Flora,Adoxaceae,11807,Viburnum japonicum,*,,,,4,
Plantae,Flora,Adoxaceae,11375,Viburnum opulus,*,European cranberrybush,,,3,
Plantae,Flora,Adoxaceae,VIBU,Viburnum spp.,*,,,,33,
Plantae,Flora,Adoxaceae,1956,Viburnum suspensum,*,,,,7,
Plantae,Flora,Adoxaceae,11676,Viburnum tinus,*,,,,51,
Plantae,Flora,Agavaceae,1016,Agave americana,*,Century Plant,,,210,
Plantae,Flora,Agavaceae,11669,Agave attenuata,*,,,,79,
Plantae,Flora,Agavaceae,AGAV,Agave spp.,*,,,,121,
Plantae,Flora,Agavaceae,12195,Agave vivipara,*,,,,5,
Plantae,Flora,Agavaceae,11768,Beaucarnea recurvata,*,,,,21,
Plantae,Flora,Agavaceae,7893,Furcraea foetida,*,,,,27,
Plantae,Flora,Agavaceae,FURC,Furcraea spp.,*,,,,3,
Plantae,Flora,Agavaceae,1021,Yucca aloifolia,*,Spanish Bayonet,,,178,
Plantae,Flora,Agavaceae,11795,Yucca brevifolia,*,Joshua tree,,,1,
Plantae,Flora,Agavaceae,YUCC,Yucca spp.,,,,,130,
Plantae,Flora,Aizoaceae,1022,Aptenia cordifolia,*,Heartleaf Ice Plant,,,64,
Plantae,Flora,Aizoaceae,APTE,Aptenia spp.,*,,,,1,
Plantae,Flora,Aizoaceae,1023,Carpobrotus aequilaterus,*,Angled Pigface,,,25,
Plantae,Flora,Aizoaceae,1024,Carpobrotus edulis,*,Glaucous Pigface,,,28,
Plantae,Flora,Aizoaceae,1025,Carpobrotus glaucescens,,Pigface,,,609,
Plantae,Flora,Aizoaceae,12636,Carpobrotus modestus,,,,,3,
Plantae,Flora,Aizoaceae,CARO,Carpobrotus spp.,,,,,28,
Plantae,Flora,Aizoaceae,7082,Disphyma crassifolium subsp. clavellatum,,,,,449,
Plantae,Flora,Aizoaceae,12470,Drosanthemum candens,*,Redondo Creeper,,,2,
Plantae,Flora,Aizoaceae,12637,Drosanthemum floribundum,*,,,,2,
Plantae,Flora,Aizoaceae,7476,Galenia pubescens,*,Galenia,,,1759,
Plantae,Flora,Aizoaceae,GALE,Galenia spp.,*,,,,11,
Plantae,Flora,Aizoaceae,1028,Gunniopsis papillata,,,,,26,
Plantae,Flora,Aizoaceae,1029,Gunniopsis quadrifida,,,,,60,
Plantae,Flora,Aizoaceae,1030,Gunniopsis septifraga,,,,,10,
Plantae,Flora,Aizoaceae,12638,Gunniopsis zygophylloides,,,,,1,
Plantae,Flora,Aizoaceae,7030,Lampranthus multiradiatus,*,,,,3,
Plantae,Flora,Aizoaceae,LAMP,Lampranthus spp.,*,,,,3,
Plantae,Flora,Aizoaceae,1032,Lampranthus tegens,*,,,,128,
Plantae,Flora,Aizoaceae,3907,Macarthuria neocambrica,,,,,62,
Plantae,Flora,Aizoaceae,12274,Malephora crocea,*,Angular Pigface,,,2,
Plantae,Flora,Aizoaceae,1033,Mesembryanthemum aitonis,*,Angled Ice Plant,,,2,
Plantae,Flora,Aizoaceae,1034,Mesembryanthemum crystallinum,*,Common Ice Plant,,,103,
Plantae,Flora,Aizoaceae,1035,Mesembryanthemum nodiflorum,*,Small Ice Plant,,,133,
Plantae,Flora,Aizoaceae,MESE,Mesembryanthemum spp.,*,,,,4,
Plantae,Flora,Aizoaceae,7120,Micropterum papulosum,*,,,,17,
Plantae,Flora,Aizoaceae,14879,Psilocaulon granulicaule,*,Wiry Noon-flower,,,84,
Plantae,Flora,Aizoaceae,1036,Psilocaulon tenue,*,Wiry Noon-flower,,,244,
Plantae,Flora,Aizoaceae,1037,Sarcozona praecox,,Sarcozona,,,63,
Plantae,Flora,Aizoaceae,6574,Sesuvium portulacastrum,,,,,84,
Plantae,Flora,Aizoaceae,11183,Tetragonia decumbens,*,,,,15,
Plantae,Flora,Aizoaceae,1038,Tetragonia eremaea,,,,,495,
Plantae,Flora,Aizoaceae,9657,Tetragonia microptera,*,,,,2,
Plantae,Flora,Aizoaceae,10540,Tetragonia moorei,,,,,1621,
Plantae,Flora,Aizoaceae,TETR,Tetragonia spp.,,,,,150,
Plantae,Flora,Aizoaceae,11185,Tetragonia tetragonioides,,New Zealand Spinach,,,3599,
Plantae,Flora,Aizoaceae,7795,Trianthema portulacastrum,*,Giant Pigweed,,,13,
Plantae,Flora,Aizoaceae,TRIA,Trianthema spp.,,,,,11,
Plantae,Flora,Aizoaceae,15377,Trianthema triquetrum,,,,,1112,
Plantae,Flora,Aizoaceae,6504,Zaleya galericulata,,Hogweed,,,273,
Plantae,Flora,Aizoaceae,7094,Zaleya galericulata subsp. australis,,,,,152,
Plantae,Flora,Aizoaceae,8525,Zaleya galericulata subsp. galericulata,,,,,44,
Plantae,Flora,Aizoaceae,ZALE,Zaleya spp.,,,,,5,
Plantae,Flora,Akaniaceae,8978,Akania bidwillii,,Turnipwood,,,392,
Plantae,Flora,Alismataceae,6493,Alisma lanceolatum,*,,,,29,
Plantae,Flora,Alismataceae,1043,Alisma plantago-aquatica,,Water Plantain,,,235,
Plantae,Flora,Alismataceae,ALIS,Alisma spp.,,,,,8,
Plantae,Flora,Alismataceae,1044,Damasonium minus,,Starfruit,,,987,
Plantae,Flora,Alismataceae,DAMA,Damasonium spp.,,,,,9,
Plantae,Flora,Alismataceae,1046,Sagittaria montevidensis,*,Arrowhead,,,61,
Plantae,Flora,Alismataceae,10248,Sagittaria montevidensis subsp. calycina,*,,,,15,
Plantae,Flora,Alismataceae,11230,Sagittaria platyphylla,*,Sagittaria,,,172,
Plantae,Flora,Alismataceae,SAGI,Sagittaria spp.,*,,,,3,
Plantae,Flora,Alliaceae,11777,Agapanthus africanus,*,Lily of the Nile,,,93,
Plantae,Flora,Alliaceae,10418,Agapanthus praecox subsp. orientalis,*,,,,881,
Plantae,Flora,Alliaceae,AGAP,Agapanthus spp.,*,,,,329,
Plantae,Flora,Alliaceae,3511,Allium ampeloprasum,*,Wild Leek,,,1,
Plantae,Flora,Alliaceae,3512,Allium neapolitanum,*,Flowering Onion,,,1,
Plantae,Flora,Alliaceae,7652,Allium oleraceum,*,Field Garlic,,,1,
Plantae,Flora,Alliaceae,11910,Allium schoenoprasum,*,Wild Chives,,,2,
Plantae,Flora,Alliaceae,ALLI,Allium spp.,*,,,,20,
Plantae,Flora,Alliaceae,3513,Allium triquetrum,*,Three-corned Garlic,,,37,
Plantae,Flora,Alliaceae,3554,Ipheion uniflorum,*,Spring Star-flower,,,2,
Plantae,Flora,Alliaceae,8963,Nothoscordum borbonicum,*,Onion Weed,,,621,
Plantae,Flora,Alliaceae,14523,Tulbaghia violacea,*,Society Garlic,,,1,
Plantae,Flora,Alstroemeriaceae,10857,Alstroemeria aurea,*,Lily of the Incas,,,1,
Plantae,Flora,Alstroemeriaceae,6970,Alstroemeria pulchella,*,Parrot Alstroemeria,,,114,
Plantae,Flora,Alstroemeriaceae,ALSR,Alstroemeria spp.,*,,,,14,
Plantae,Flora,Amaranthaceae,6468,Achyranthes aspera,,Chaff Flower,,,52,
Plantae,Flora,Amaranthaceae,10543,Aerva javanica,*,Kapok Bush,,,1,
Plantae,Flora,Amaranthaceae,7113,Alternanthera angustifolia,,,,,182,
Plantae,Flora,Amaranthaceae,6478,Alternanthera denticulata,,Lesser Joyweed,,,22504,
Plantae,Flora,Amaranthaceae,7079,Alternanthera nana,,Hairy Joyweed,,,1001,
Plantae,Flora,Amaranthaceae,1049,Alternanthera nodiflora,,Common Joyweed,,,645,
Plantae,Flora,Amaranthaceae,1050,Alternanthera philoxeroides,*,Alligator Weed,,,393,
Plantae,Flora,Amaranthaceae,7191,Alternanthera pungens,*,Khaki Weed,,,973,
Plantae,Flora,Amaranthaceae,8485,Alternanthera sp. A,,,,,1006,
Plantae,Flora,Amaranthaceae,ALTE,Alternanthera spp.,,Joyweed,,,499,
Plantae,Flora,Amaranthaceae,1051,Amaranthus albus,*,Tumbleweed,,,72,
Plantae,Flora,Amaranthaceae,12641,Amaranthus blitoides,*,,,,1,
Plantae,Flora,Amaranthaceae,10420,Amaranthus blitum,*,,,,18,
Plantae,Flora,Amaranthaceae,11045,Amaranthus caudatus,*,Love-lies Bleeding,,,8,
Plantae,Flora,Amaranthaceae,1052,Amaranthus cruentus,*,Redshank,,,7,
Plantae,Flora,Amaranthaceae,10544,Amaranthus cuspidifolius,,,,,9,
Plantae,Flora,Amaranthaceae,1053,Amaranthus deflexus,*,Spreading Amaranth,,,21,
Plantae,Flora,Amaranthaceae,1054,Amaranthus grandiflorus,,Large-flower Amaranth,,,32,
Plantae,Flora,Amaranthaceae,1055,Amaranthus hybridus,*,Slim Amaranth,,,287,
Plantae,Flora,Amaranthaceae,1057,Amaranthus macrocarpus,,Dwarf Amaranth,,,214,
Plantae,Flora,Amaranthaceae,9092,Amaranthus macrocarpus var. macrocarpus,,,,,151,
Plantae,Flora,Amaranthaceae,9093,Amaranthus macrocarpus var. pallidus,,,,,69,
Plantae,Flora,Amaranthaceae,1058,Amaranthus mitchellii,,Boggabri Weed,,,254,
Plantae,Flora,Amaranthaceae,1059,Amaranthus muricatus,*,Roughfruit Amaranth,,,5,
Plantae,Flora,Amaranthaceae,1060,Amaranthus powellii,*,Powell's Amaranth,,,196,
Plantae,Flora,Amaranthaceae,1061,Amaranthus quitensis,*,South American Amaranth,,,17,
Plantae,Flora,Amaranthaceae,1062,Amaranthus retroflexus,*,Redroot Amaranth,,,209,
Plantae,Flora,Amaranthaceae,1063,Amaranthus spinosus,*,Needle Burr,,,29,
Plantae,Flora,Amaranthaceae,AMAR,Amaranthus spp.,,Amaranth,,,362,
Plantae,Flora,Amaranthaceae,1064,Amaranthus viridis,*,Green Amaranth,,,280,
Plantae,Flora,Amaranthaceae,7896,Deeringia amaranthoides,,,,,310,
Plantae,Flora,Amaranthaceae,1065,Deeringia arborescens,,,,,88,
Plantae,Flora,Amaranthaceae,DEER,Deeringia spp.,,,,,2,
Plantae,Flora,Amaranthaceae,1066,Froelichia gracilis,*,,,,3,
Plantae,Flora,Amaranthaceae,7056,Gomphrena celosioides,*,Gomphrena Weed,,,984,
Plantae,Flora,Amaranthaceae,GOMR,Gomphrena spp.,,,,,17,
Plantae,Flora,Amaranthaceae,6575,Guilleminea densa,*,Small Matweed,,,22,
Plantae,Flora,Amaranthaceae,12083,Hemichroa diandra,,Mallee Hemichroa,,,16,
Plantae,Flora,Amaranthaceae,1067,Nyssanthes diffusa,,Barbwire Weed,,,808,
Plantae,Flora,Amaranthaceae,1068,Nyssanthes erecta,,,,,98,
Plantae,Flora,Amaranthaceae,NYSS,Nyssanthes spp.,,,,,11,
Plantae,Flora,Amaranthaceae,1070,Ptilotus erubescens,,,,,60,
Plantae,Flora,Amaranthaceae,6599,Ptilotus exaltatus var. exaltatus,,Tall Mulla Mulla,P,,725,
Plantae,Flora,Amaranthaceae,1072,Ptilotus extenuatus,,,E4,,2,
Plantae,Flora,Amaranthaceae,1073,Ptilotus gaudichaudii,,,,,91,
Plantae,Flora,Amaranthaceae,7453,Ptilotus gaudichaudii var. gaudichaudii,,,,,74,
Plantae,Flora,Amaranthaceae,7378,Ptilotus gaudichaudii var. parviflorus,,,,,82,
Plantae,Flora,Amaranthaceae,1074,Ptilotus indivisus,,,,,16,
Plantae,Flora,Amaranthaceae,7810,Ptilotus latifolius var. latifolius,,,,,19,
Plantae,Flora,Amaranthaceae,15054,Ptilotus leucocoma,,Small Purple Foxtail,,,76,
Plantae,Flora,Amaranthaceae,1077,Ptilotus macrocephalus,,Green Pussytails,,,104,
Plantae,Flora,Amaranthaceae,1078,Ptilotus nobilis,,Yellowtails,,,217,
Plantae,Flora,Amaranthaceae,1079,Ptilotus obovatus,,Smoke Bush,P,,538,
Plantae,Flora,Amaranthaceae,7132,Ptilotus obovatus var. obovatus,,Silver Tails,P,,575,
Plantae,Flora,Amaranthaceae,6416,Ptilotus obovatus var. parviflorus,,,P,,10,
Plantae,Flora,Amaranthaceae,1081,Ptilotus polystachyus var. polystachyus,,Long Tails,,,745,
Plantae,Flora,Amaranthaceae,14031,Ptilotus remotiflorus,,,,,23,
Plantae,Flora,Amaranthaceae,8523,Ptilotus semilanatus,,Lambs tails,,,398,
Plantae,Flora,Amaranthaceae,1082,Ptilotus seminudus,,,,,155,
Plantae,Flora,Amaranthaceae,7828,Ptilotus sessilifolius var. sessilifolius,,,,,759,
Plantae,Flora,Amaranthaceae,7822,Ptilotus spathulatus f. spathulatus,,Pussy-tails,,,437,
Plantae,Flora,Amaranthaceae,PTIL,Ptilotus spp.,,,,,235,
Plantae,Flora,Amaryllidaceae,AMRDC,Amaryllidaceae indeterminate,*,Amaryllid bulbs,,,3,
Plantae,Flora,Amaryllidaceae,3516,Amaryllis belladonna,*,Belladonna Lily,,,9,
Plantae,Flora,Amaryllidaceae,3537,Calostemma purpureum,,Garland Lily,,,438,
Plantae,Flora,Amaryllidaceae,CALS,Calostemma spp.,,,,,7,
Plantae,Flora,Amaryllidaceae,11699,Clivia miniata,*,,,,188,
Plantae,Flora,Amaryllidaceae,CLIV,Clivia spp.,*,,,,61,
Plantae,Flora,Amaryllidaceae,6607,Crinum flaccidum,,Darling Lily,,,502,
Plantae,Flora,Amaryllidaceae,12461,Crinum moorei,*,,,,8,
Plantae,Flora,Amaryllidaceae,3539,Crinum pedunculatum,,Swamp Lily,,,439,
Plantae,Flora,Amaryllidaceae,CRIN,Crinum spp.,,,,,15,
Plantae,Flora,Amaryllidaceae,10455,Hippeastrum puniceum,*,,,,4,
Plantae,Flora,Amaryllidaceae,14661,Hippeastrum spp.,*,,,,1,
Plantae,Flora,Amaryllidaceae,3550,Hymenocallis caribaea,*,Caribbean Spider Lily,,,2,
Plantae,Flora,Amaryllidaceae,11920,Hymenocallis littoralis,*,beach spiderlily,,,3,
Plantae,Flora,Amaryllidaceae,3558,Leucojum aestivum,*,Snowflake,,,20,
Plantae,Flora,Amaryllidaceae,11705,Narcissus jonquilla,*,,,,8,
Plantae,Flora,Amaryllidaceae,7750,Narcissus pseudonarcissus,*,Daffodil,,,12,
Plantae,Flora,Amaryllidaceae,NARC,Narcissus spp.,*,,,,32,
Plantae,Flora,Amaryllidaceae,10476,Narcissus tazetta,*,,,,7,
Plantae,Flora,Amaryllidaceae,11124,Nerine filifolia,*,,,,1,
Plantae,Flora,Amaryllidaceae,3565,Proiphys cunninghamii,,,,,30,
Plantae,Flora,Amaryllidaceae,3582,Zephyranthes candida,*,,,,7,
Plantae,Flora,Amaryllidaceae,14056,Zephyranthes carinata,*,,,,2,
Plantae,Flora,Anacardiaceae,14729,Cotinus coggygria,*,European Smoketree,,,2,
Plantae,Flora,Anacardiaceae,7734,Euroschinus falcatus var. falcatus,,Ribbonwood,,,1212,
Plantae,Flora,Anacardiaceae,EURO,Euroschinus spp.,,,,,2,
Plantae,Flora,Anacardiaceae,11673,Harpephyllum caffrum,*,,,,66,
Plantae,Flora,Anacardiaceae,9351,Mangifera indica,*,Mango,,,138,
Plantae,Flora,Anacardiaceae,14230,Mangifera spp.,*,,,,5,
Plantae,Flora,Anacardiaceae,9604,Pistacia chinensis,*,Chinese Pistachio,,,79,
Plantae,Flora,Anacardiaceae,PIST,Pistacia spp.,*,,,,4,
Plantae,Flora,Anacardiaceae,1085,Rhodosphaera rhodanthema,,Deep Yellowwood,,,111,
Plantae,Flora,Anacardiaceae,1086,Schinus areira,*,Pepper Tree,,,1028,
Plantae,Flora,Anacardiaceae,SCHU,Schinus spp.,*,,,,42,
Plantae,Flora,Anacardiaceae,10918,Schinus terebinthifolius,*,Brazilian Pepper Tree,,,81,
Plantae,Flora,Anacardiaceae,10050,Toxicodendron succedaneum,*,Rhus Tree,,,114,
Plantae,Flora,Aneuraceae,13806,Riccardia bipinnatifida,,,,,2,
Plantae,Flora,Aneuraceae,11536,Riccardia crassa,,,,,1,
Plantae,Flora,Aneuraceae,11537,Riccardia spp.,,,,,7,
Plantae,Flora,Annonaceae,15046,Huberantha nitidissima,,"Shiny-leaf Tree, Canary Beech",,,3,
Plantae,Flora,Annonaceae,10534,Meiogyne stenopetala subsp. stenopetala,,,,,195,
Plantae,Flora,Annonaceae,1088,Polyalthia nitidissima,,Shiny-leaf Tree,,,38,
Plantae,Flora,Annonaceae,RAUW,Rauwenhoffia spp.,,,,,1,
Plantae,Flora,Annonaceae,14224,Uvaria leichhardtii,,,,,508,
Plantae,Flora,Anthericaceae,ANTHC,Anthericaceae indeterminate,,,,,54,
Plantae,Flora,Anthericaceae,3534,Caesia alpina,,Alpine Grass-lily,,,26,
Plantae,Flora,Anthericaceae,6896,Caesia calliantha,,,,,118,
Plantae,Flora,Anthericaceae,3535,Caesia parviflora,,Pale Grass-lily,,,931,
Plantae,Flora,Anthericaceae,7501,Caesia parviflora var. minor,,Small Pale Grass-lily,E1,,357,
Plantae,Flora,Anthericaceae,7183,Caesia parviflora var. parviflora,,,,,669,
Plantae,Flora,Anthericaceae,7333,Caesia parviflora var. vittata,,,,,282,
Plantae,Flora,Anthericaceae,CAES,Caesia spp.,,,,,103,
Plantae,Flora,Anthericaceae,3538,Chlorophytum comosum,*,Spider Plant,,,805,
Plantae,Flora,Anthericaceae,CHLR,Chlorophytum spp.,*,,,,19,
Plantae,Flora,Anthericaceae,6830,Corynotheca licrota,,Club-fruit Lily,,,28,
Plantae,Flora,Anthericaceae,10258,Corynotheca micrantha var. divaricata,,Sand Lily,,,1,
Plantae,Flora,Anthericaceae,3549,Herpolirion novae-zelandiae,,Sky Lily,,,12,
Plantae,Flora,Anthericaceae,6752,Laxmannia compacta,,,,,610,
Plantae,Flora,Anthericaceae,3556,Laxmannia gracilis,,Slender Wire Lily,,,4572,
Plantae,Flora,Anthericaceae,10261,Laxmannia orientalis,,,,,33,
Plantae,Flora,Anthericaceae,LAXM,Laxmannia spp.,,,,,40,
Plantae,Flora,Anthericaceae,3567,Sowerbaea juncea,,Vanilla Plant,,,919,
Plantae,Flora,Anthericaceae,SOWE,Sowerbaea spp.,,,,,1,
Plantae,Flora,Anthericaceae,3571,Thysanotus baueri,,Fringe-lily,,,447,
Plantae,Flora,Anthericaceae,3572,Thysanotus juncifolius,,,,,659,
Plantae,Flora,Anthericaceae,3573,Thysanotus patersonii,,Twining Fringe-Lily,,,963,
Plantae,Flora,Anthericaceae,THYS,Thysanotus spp.,,,,,179,
Plantae,Flora,Anthericaceae,3574,Thysanotus tuberosus,,Common Fringe-lily,,,1383,
Plantae,Flora,Anthericaceae,6932,Thysanotus tuberosus subsp. parviflorus,,,,,6,
Plantae,Flora,Anthericaceae,6427,Thysanotus tuberosus subsp. tuberosus,,,,,732,
Plantae,Flora,Anthericaceae,3575,Thysanotus virgatus,,,,,25,
Plantae,Flora,Anthericaceae,8765,Tricoryne anceps subsp. pterocaulon,,,,,65,
Plantae,Flora,Anthericaceae,7355,Tricoryne elatior,,Yellow Autumn-lily,,,5985,
Plantae,Flora,Anthericaceae,3577,Tricoryne simplex,,,,,349,
Plantae,Flora,Anthericaceae,TRIC,Tricoryne spp.,,,,,82,
Plantae,Flora,Aphanopetalaceae,2266,Aphanopetalum resinosum,,Gum Vine,,,1652,
Plantae,Flora,Apiaceae,1090,Aciphylla glacialis,,Mountain Celery,,,163,
Plantae,Flora,Apiaceae,1091,Aciphylla simplicifolia,,Mountain Aciphyll,,,434,
Plantae,Flora,Apiaceae,ACIP,Aciphylla spp.,,,,,2,
Plantae,Flora,Apiaceae,1092,Actinotus forsythii,,Pink Flannel Flower,P,,52,
Plantae,Flora,Apiaceae,1093,Actinotus gibbonsii,,,P,,344,
Plantae,Flora,Apiaceae,1094,Actinotus helianthi,,Flannel Flower,P,,2618,
Plantae,Flora,Apiaceae,1095,Actinotus minor,,Lesser Flannel Flower,,,3457,
Plantae,Flora,Apiaceae,1096,Actinotus paddisonii,,,P,,18,
Plantae,Flora,Apiaceae,ACTI,Actinotus spp.,,,P,,14,
Plantae,Flora,Apiaceae,1098,Ammi majus,*,Bishop's Weed,,,421,
Plantae,Flora,Apiaceae,AMMI,Ammi spp.,*,,,,3,
Plantae,Flora,Apiaceae,1099,Ammi visnaga,*,,,,1,
Plantae,Flora,Apiaceae,1100,Anethum graveolens,*,Dill,,,1,
Plantae,Flora,Apiaceae,12650,Angelica archangelica,*,,,,1,
Plantae,Flora,Apiaceae,APIAC,Apiaceae indeterminate,*,Umbellifers,,,43,
Plantae,Flora,Apiaceae,12651,Apium australe,,,,,12,
Plantae,Flora,Apiaceae,1101,Apium graveolens,*,Celery,,,55,
Plantae,Flora,Apiaceae,1104,Apium prostratum,,Sea Celery,,,185,
Plantae,Flora,Apiaceae,10421,Apium prostratum subsp. howense,,,,,12,
Plantae,Flora,Apiaceae,11823,Apium prostratum var. filiforme,,,,,82,
Plantae,Flora,Apiaceae,11824,Apium prostratum var. prostratum,,,,,75,
Plantae,Flora,Apiaceae,14079,Apium sp. nov. (Ebor Falls),,,,,1,
Plantae,Flora,Apiaceae,APIU,Apium spp.,,,,,24,
Plantae,Flora,Apiaceae,6505,Berula erecta,*,Water Parsnip,,,32,
Plantae,Flora,Apiaceae,13774,Bifora testiculata,*,,,,12,
Plantae,Flora,Apiaceae,1106,Centella asiatica,,Indian Pennywort,,,7509,
Plantae,Flora,Apiaceae,8754,Centella cordifolia,,,,,272,
Plantae,Flora,Apiaceae,CENE,Centella spp.,,,,,167,
Plantae,Flora,Apiaceae,CICL,Ciclospermum spp.,*,,,,7,
Plantae,Flora,Apiaceae,1107,Conium maculatum,*,Hemlock,,,355,
Plantae,Flora,Apiaceae,CONI,Conium spp.,*,,,,3,
Plantae,Flora,Apiaceae,11064,Coriandrum sativum,*,Coriander,,,10,
Plantae,Flora,Apiaceae,11067,Crithmum maritimum,*,Samphire,,,8,
Plantae,Flora,Apiaceae,11195,Cyclospermum leptophyllum,*,Slender Celery,,,4085,
Plantae,Flora,Apiaceae,1108,Daucus carota,*,Wild Carrot,,,404,
Plantae,Flora,Apiaceae,1109,Daucus glochidiatus,,Native Carrot,,,11184,
Plantae,Flora,Apiaceae,10109,Daucus glochidiatus f. A,,,,,45,
Plantae,Flora,Apiaceae,10107,Daucus glochidiatus f. B,,,,,13,
Plantae,Flora,Apiaceae,9077,Daucus glochidiatus f. C,,,,,75,
Plantae,Flora,Apiaceae,9596,Daucus glochidiatus f. D,,Native Carrot,,,97,
Plantae,Flora,Apiaceae,10106,Daucus glochidiatus f. E,,,,,3,
Plantae,Flora,Apiaceae,8805,Daucus glochidiatus f. F,,Native Carrot,,,144,
Plantae,Flora,Apiaceae,10108,Daucus glochidiatus f. G,,Native Carrot,,,67,
Plantae,Flora,Apiaceae,DAUC,Daucus spp.,,,,,145,
Plantae,Flora,Apiaceae,10104,Dichosciadium ranunculaceum var. ranunculaceum,,,,,42,
Plantae,Flora,Apiaceae,11298,Diplaspis nivis,,,,,67,
Plantae,Flora,Apiaceae,1113,Eryngium expansum,,,,,38,
Plantae,Flora,Apiaceae,1114,Eryngium maritimum,*,Sea Holly,,,13,
Plantae,Flora,Apiaceae,10681,Eryngium ovinum,,Blue Devil,,,1039,
Plantae,Flora,Apiaceae,10871,Eryngium paludosum,,Long Eryngium,,,226,
Plantae,Flora,Apiaceae,6453,Eryngium pandanifolium,*,,,,12,
Plantae,Flora,Apiaceae,7100,Eryngium rostratum var. subdecumbens,,,,,1,
Plantae,Flora,Apiaceae,15579,Eryngium sp. Spreading-leaves (L.M.Copeland 2904),,,,,3,
Plantae,Flora,Apiaceae,ERYN,Eryngium spp.,,,,,29,
Plantae,Flora,Apiaceae,15230,Eryngium supinum,,,,,1,
Plantae,Flora,Apiaceae,1117,Eryngium vesiculosum,,Prostrate Blue Devil,,,74,
Plantae,Flora,Apiaceae,FOEN,Foeniculum spp.,*,,,,22,
Plantae,Flora,Apiaceae,1118,Foeniculum vulgare,*,Fennel,,,1336,
Plantae,Flora,Apiaceae,1119,Gingidia algens,,,,,39,
Plantae,Flora,Apiaceae,1120,Gingidia harveyana,,Slender Gingidia,,,49,
Plantae,Flora,Apiaceae,14743,^^Gingidia rupicola,,,"E1,3",E,79,
Plantae,Flora,Apiaceae,GING,Gingidia spp.,,,,,2,
Plantae,Flora,Apiaceae,7959,Hydrocotyle acutiloba,,,,,1324,
Plantae,Flora,Apiaceae,1122,Hydrocotyle algida,,Pennywort,,,210,
Plantae,Flora,Apiaceae,1123,Hydrocotyle bonariensis,*,,,,2143,
Plantae,Flora,Apiaceae,13714,Hydrocotyle bowlesioides,*,,,,1,
Plantae,Flora,Apiaceae,1124,Hydrocotyle callicarpa,,Tiny Pennywort,,,144,
Plantae,Flora,Apiaceae,12653,Hydrocotyle digitata,,,,,35,
Plantae,Flora,Apiaceae,1125,Hydrocotyle foveolata,,Yellow Pennywort,,,64,
Plantae,Flora,Apiaceae,12654,Hydrocotyle gaudichaudi,,,,,1,
Plantae,Flora,Apiaceae,1126,Hydrocotyle geraniifolia,,Forest Pennywort,,,901,
Plantae,Flora,Apiaceae,8461,Hydrocotyle hirta,,Hairy Pennywort,,,259,
Plantae,Flora,Apiaceae,1128,Hydrocotyle laxiflora,,Stinking Pennywort,,,16053,
Plantae,Flora,Apiaceae,14066,Hydrocotyle paludosa,,,,,4,
Plantae,Flora,Apiaceae,1129,Hydrocotyle pedicellosa,,,,,254,
Plantae,Flora,Apiaceae,7960,Hydrocotyle pterocarpa,,,,,34,
Plantae,Flora,Apiaceae,13770,Hydrocotyle ranunculoides,*,floating marsh pennywort,,,8,
Plantae,Flora,Apiaceae,12655,Hydrocotyle rivularis,,,,,12,
Plantae,Flora,Apiaceae,7961,Hydrocotyle sibthorpioides,,,,,6028,
Plantae,Flora,Apiaceae,12656,Hydrocotyle sp. A,,,,,1,
Plantae,Flora,Apiaceae,8572,Hydrocotyle sp. aff. acutiloba,,,,,73,
Plantae,Flora,Apiaceae,341,Hydrocotyle species 1,,,,,3,
Plantae,Flora,Apiaceae,HYDR,Hydrocotyle spp.,,,,,1451,
Plantae,Flora,Apiaceae,12657,Hydrocotyle torquata,,,,,4,
Plantae,Flora,Apiaceae,1131,Hydrocotyle trachycarpa,,Wild Parsley,,,25,
Plantae,Flora,Apiaceae,1132,Hydrocotyle tripartita,,Pennywort,,,1298,
Plantae,Flora,Apiaceae,1133,Hydrocotyle verticillata,,Shield Pennywort,,,54,
Plantae,Flora,Apiaceae,12658,Lilaeopsis fistulosa,,,,,4,
Plantae,Flora,Apiaceae,1134,Lilaeopsis polyantha,,Lilaeopsis,,,125,
Plantae,Flora,Apiaceae,1135,Oreomyrrhis argentea,,Silvery Carraway,,,149,
Plantae,Flora,Apiaceae,1136,Oreomyrrhis brevipes,,Rock Carraway,,,73,
Plantae,Flora,Apiaceae,1137,Oreomyrrhis ciliata,,Bog Carraway,,,268,
Plantae,Flora,Apiaceae,1138,Oreomyrrhis eriopoda,,Australian Carraway,,,2088,
Plantae,Flora,Apiaceae,1139,Oreomyrrhis pulvinifica,,Cushion Carraway,,,54,
Plantae,Flora,Apiaceae,OREO,Oreomyrrhis spp.,,,,,85,
Plantae,Flora,Apiaceae,1140,Oschatzia cuneifolia,,Wedge Oschatzia,,,78,
Plantae,Flora,Apiaceae,10105,Pastinaca sativa subsp. sativa,*,Parsnip,,,17,
Plantae,Flora,Apiaceae,11922,Petroselinum crispum,*,Parsley,,,15,
Plantae,Flora,Apiaceae,PETS,Petroselinum spp.,*,,,,2,
Plantae,Flora,Apiaceae,1142,Platysace clelandii,,,,,149,
Plantae,Flora,Apiaceae,1143,Platysace ericoides,,,,,4301,
Plantae,Flora,Apiaceae,11142,Platysace heterophylla var. heterophylla,,,,,89,
Plantae,Flora,Apiaceae,1144,Platysace lanceolata,,Shrubby Platysace,,,6297,
Plantae,Flora,Apiaceae,12660,Platysace lanceolata var. ovata,,,,,2,
Plantae,Flora,Apiaceae,1145,Platysace linearifolia,,,,,5225,
Plantae,Flora,Apiaceae,10881,Platysace sp. aff. linearifolia,,,,,13,
Plantae,Flora,Apiaceae,PLAT,Platysace spp.,,,,,49,
Plantae,Flora,Apiaceae,1146,Platysace stephensonii,,,,,86,
Plantae,Flora,Apiaceae,1147,Scandix pecten-veneris,*,Shepherd's Needle,,,10,
Plantae,Flora,Apiaceae,1148,Schizeilema fragoseum,,Alpine Pennywort,,,29,
Plantae,Flora,Apiaceae,12661,Tordylium apulum,*,,,,1,
Plantae,Flora,Apiaceae,1150,Torilis nodosa,*,Knotted Hedge-parsley,,,87,
Plantae,Flora,Apiaceae,1159,Uldinia ceratocarpa,,Creeping Carrot,,,27,
Plantae,Flora,Apiaceae,1160,Xanthosia atkinsoniana,,,,,317,
Plantae,Flora,Apiaceae,1161,Xanthosia dissecta,,Cut-leaved Xanthosia,,,302,
Plantae,Flora,Apiaceae,1162,Xanthosia pilosa,,Woolly Xanthosia,,,4478,
Plantae,Flora,Apiaceae,11238,Xanthosia scopulicola,,,,,94,
Plantae,Flora,Apiaceae,XANO,Xanthosia spp.,,,,,71,
Plantae,Flora,Apiaceae,11239,Xanthosia stellata,,Star Xanthosia,,,60,
Plantae,Flora,Apiaceae,11193,Xanthosia tasmanica,,,,,77,
Plantae,Flora,Apiaceae,11240,Xanthosia ternifolia,,,,,4,
Plantae,Flora,Apiaceae,1163,Xanthosia tridentata,,Rock Xanthosia,,,3127,
Plantae,Flora,Apocynaceae,12665,Acokanthera oblongifolia,*,Bittersweet,,,3,
Plantae,Flora,Apocynaceae,1164,Alstonia constricta,,Quinine Bush,,,1317,
Plantae,Flora,Apocynaceae,12472,Alstonia constricta f. pubescent,,,,,3,
Plantae,Flora,Apocynaceae,12240,Alstonia constricta type form,,"Quinine Bush, Bitter Bark",,,6,
Plantae,Flora,Apocynaceae,ALST,Alstonia spp.,,,,,11,
Plantae,Flora,Apocynaceae,1165,Alyxia buxifolia,,Sea Box,,,51,
Plantae,Flora,Apocynaceae,1166,Alyxia lindii,,,,,60,
Plantae,Flora,Apocynaceae,1167,Alyxia ruscifolia,,Prickly Alyxia,,,1180,
Plantae,Flora,Apocynaceae,ALYX,Alyxia spp.,,,,,3,
Plantae,Flora,Apocynaceae,1168,Alyxia squamulosa,,,,,24,
Plantae,Flora,Apocynaceae,11047,Araujia sericifera,*,Moth Vine,,,4119,
Plantae,Flora,Apocynaceae,1224,Asclepias curassavica,*,Blood Flower,,,201,
Plantae,Flora,Apocynaceae,ASCL,Asclepias spp.,*,,,,9,
Plantae,Flora,Apocynaceae,14951,Carissa spinarum,,,,,828,
Plantae,Flora,Apocynaceae,1169,Catharanthus roseus,*,Madagascar Periwinkle,,,23,
Plantae,Flora,Apocynaceae,CATH,Catharanthus spp.,*,,,,1,
Plantae,Flora,Apocynaceae,1225,Cynanchum carnosum,,,,,86,
Plantae,Flora,Apocynaceae,1226,Cynanchum elegans,,White-flowered Wax Plant,E1,E,730,
Plantae,Flora,Apocynaceae,7322,Cynanchum floribundum,,,,,7,
Plantae,Flora,Apocynaceae,14559,Cynanchum viminale,,,,,1,
Plantae,Flora,Apocynaceae,14560,Cynanchum viminale subsp. australe,,Caustic Vine,,,84,
Plantae,Flora,Apocynaceae,14561,Cynanchum viminale subsp. brunonianum,,Caustic Vine,,,23,
Plantae,Flora,Apocynaceae,12667,Fockea glabra,*,,,,1,
Plantae,Flora,Apocynaceae,1227,Gomphocarpus fruticosus,*,Narrow-leaved Cotton Bush,,,4097,
Plantae,Flora,Apocynaceae,1228,Gomphocarpus physocarpus,*,Balloon Cotton Bush,,,369,
Plantae,Flora,Apocynaceae,GOMH,Gomphocarpus spp.,*,,,,197,
Plantae,Flora,Apocynaceae,GYMN,Gymnema spp.,,,,,1,
Plantae,Flora,Apocynaceae,14258,Heterostemma acuminatum,,,,,2,
Plantae,Flora,Apocynaceae,7742,Hoya australis subsp. australis,,Native Hoya,,,136,
Plantae,Flora,Apocynaceae,7118,Hoya oligotricha subsp. oligotricha,,,,,18,
Plantae,Flora,Apocynaceae,HOYA,Hoya spp.,,,,,2,
Plantae,Flora,Apocynaceae,7005,Mandevilla laxa,*,Chilean Jasmine,,,14,
Plantae,Flora,Apocynaceae,MAND,Mandevilla spp.,*,,,,5,
Plantae,Flora,Apocynaceae,8908,Marsdenia australis,,Doubah,,,1021,
Plantae,Flora,Apocynaceae,1231,Marsdenia flavescens,,Hairy Milk Vine,,,896,
Plantae,Flora,Apocynaceae,1232,Marsdenia fraseri,,Narrow-leaved Milk Vine,,,71,
Plantae,Flora,Apocynaceae,9827,Marsdenia hemiptera,,,,,58,
Plantae,Flora,Apocynaceae,8662,Marsdenia liisae,,Large-flowered Milk Vine,,,165,
Plantae,Flora,Apocynaceae,8702,Marsdenia lloydii,,Corky Marsdenia,,,360,
Plantae,Flora,Apocynaceae,1233,Marsdenia longiloba,,Slender Marsdenia,E1,V,1307,
Plantae,Flora,Apocynaceae,10895,Marsdenia pleiadenia,,,,,190,
Plantae,Flora,Apocynaceae,1234,Marsdenia rostrata,,Milk Vine,,,5004,
Plantae,Flora,Apocynaceae,MARS,Marsdenia spp.,,,,,234,
Plantae,Flora,Apocynaceae,1235,Marsdenia suaveolens,,Scented Marsdenia,,,940,
Plantae,Flora,Apocynaceae,10471,Marsdenia tubulosa,,,,,1,
Plantae,Flora,Apocynaceae,10896,Marsdenia viridiflora subsp. viridiflora,,Native Pear,,,3143,
Plantae,Flora,Apocynaceae,10896,Marsdenia viridiflora subsp. viridiflora,,"Marsdenia viridiflora R. Br. subsp. viridiflora population in the Bankstown, Blacktown, Camden, Campbelltown, Fairfield, Holroyd, Liverpool and Penrith local government areas",E2,,2167,
Plantae,Flora,Apocynaceae,1171,Melodinus acutiflorus,,,,,35,
Plantae,Flora,Apocynaceae,1172,Melodinus australis,,Southern Melodinus,,,1046,
Plantae,Flora,Apocynaceae,1173,Melodinus guilfoylei,,Bellbird Vine,,,6,
Plantae,Flora,Apocynaceae,MELO,Melodinus spp.,,,,,2,
Plantae,Flora,Apocynaceae,1174,Neisosperma poweri,,,,,32,
Plantae,Flora,Apocynaceae,10204,Nerium oleander,*,Oleander,,,538,
Plantae,Flora,Apocynaceae,NERI,Nerium spp.,*,,,,6,
Plantae,Flora,Apocynaceae,1175,Ochrosia elliptica,,Red Berrywood,,,27,
Plantae,Flora,Apocynaceae,1176,Ochrosia moorei,,Southern Ochrosia,E1,E,157,
Plantae,Flora,Apocynaceae,14578,Orbea variegata,*,Carrion Flower,,,5,
Plantae,Flora,Apocynaceae,1177,Parsonsia brownii,,Mountain Silkpod,,,509,
Plantae,Flora,Apocynaceae,9505,Parsonsia dorrigoensis,,Milky Silkpod,V,E,2212,
Plantae,Flora,Apocynaceae,1178,Parsonsia eucalyptophylla,,Gargaloo,,,1778,
Plantae,Flora,Apocynaceae,1179,Parsonsia fulva,,Furry Silkpod,,,161,
Plantae,Flora,Apocynaceae,10486,Parsonsia howeana,,,,,125,
Plantae,Flora,Apocynaceae,1180,Parsonsia induplicata,,Thin-leaved Silkpod,,,264,
Plantae,Flora,Apocynaceae,1181,Parsonsia lanceolata,,Rough Silkpod,,,296,
Plantae,Flora,Apocynaceae,1183,Parsonsia lilacina,,Crisped Silkpod,,,26,
Plantae,Flora,Apocynaceae,9909,Parsonsia longipetiolata,,Green-leaved Silkpod,,,64,
Plantae,Flora,Apocynaceae,9908,Parsonsia purpurascens,,Black Silkpod,,,211,
Plantae,Flora,Apocynaceae,1184,Parsonsia rotata,,Veinless Silkpod,,,118,
Plantae,Flora,Apocynaceae,14517,Parsonsia sp. aff. leichhardtii (Macleay-Apsley),,,,,1,
Plantae,Flora,Apocynaceae,PARS,Parsonsia spp.,,,,,142,
Plantae,Flora,Apocynaceae,1185,Parsonsia straminea,,Common Silkpod,,,10677,
Plantae,Flora,Apocynaceae,1186,Parsonsia tenuis,,Slender Silkpod,,,28,
Plantae,Flora,Apocynaceae,7039,Parsonsia velutina,,,,,673,
Plantae,Flora,Apocynaceae,1187,Parsonsia ventricosa,,Acuminate Silkpod,,,99,
Plantae,Flora,Apocynaceae,13779,Plumeria alba,*,White Frangipani,,,2,
Plantae,Flora,Apocynaceae,11757,Plumeria obtusa,*,Singapore Graveyard Flower,,,25,
Plantae,Flora,Apocynaceae,11702,Plumeria rubra,*,Frangipani,,,45,
Plantae,Flora,Apocynaceae,PLMR,Plumeria spp.,*,Frangipani,,,71,
Plantae,Flora,Apocynaceae,1237,Rhyncharrhena linearis,,Purple Pentatrope,,,456,
Plantae,Flora,Apocynaceae,6624,Secamone elliptica,,Corky Milk Vine,,,59,
Plantae,Flora,Apocynaceae,12445,Stapelia gigantea,*,Giant Stapelia,,,5,
Plantae,Flora,Apocynaceae,8620,Tabernaemontana pandacaqui,,Banana Bush,,,1598,
Plantae,Flora,Apocynaceae,1188,Thevetia peruviana,*,Yellow Oleander,,,1,
Plantae,Flora,Apocynaceae,11745,Trachelospermum jasminoides,*,,,,104,
Plantae,Flora,Apocynaceae,1239,Tweedia coerulea,*,,,,108,
Plantae,Flora,Apocynaceae,TWEE,Tweedia spp.,*,,,,1,
Plantae,Flora,Apocynaceae,1240,Tylophora barbata,,Bearded Tylophora,,,4725,
Plantae,Flora,Apocynaceae,8661,Tylophora benthamii,,Coast Tylophora,,,44,
Plantae,Flora,Apocynaceae,1241,Tylophora biglandulosa,,,,,22,
Plantae,Flora,Apocynaceae,1243,Tylophora grandiflora,,Small-leaved Tylophora,,,59,
Plantae,Flora,Apocynaceae,9456,Tylophora linearis,,,V,E,2009,
Plantae,Flora,Apocynaceae,1244,Tylophora paniculata,,Thin-leaved Tylophora,,,771,
Plantae,Flora,Apocynaceae,TYLO,Tylophora spp.,,,,,90,
Plantae,Flora,Apocynaceae,1245,Tylophora woollsii,,Cryptic Forest Twiner,E1,E,105,
Plantae,Flora,Apocynaceae,1189,Vinca major,*,Periwinkle,,,381,
Plantae,Flora,Apocynaceae,11530,Vinca minor,*,Lesser periwinkle,,,153,
Plantae,Flora,Apocynaceae,VINC,Vinca spp.,*,,,,13,
Plantae,Flora,Aponogetonaceae,1190,Aponogeton distachyos,*,Cape Pond Lily,,,3,
Plantae,Flora,Aponogetonaceae,10854,Aponogeton elongatus subsp. elongatus,,,,,26,
Plantae,Flora,Aponogetonaceae,11037,Aponogeton queenslandicus,,,E1,,3,
Plantae,Flora,Aponogetonaceae,APON,Aponogeton spp.,,,,,8,
Plantae,Flora,Aquifoliaceae,1191,Ilex aquifolium,*,English Holly,,,171,
Plantae,Flora,Aquifoliaceae,ILEX,Ilex spp.,*,,,,26,
Plantae,Flora,Araceae,8672,Alocasia brisbanensis,,Cunjevoi,,,977,
Plantae,Flora,Araceae,ALOC,Alocasia spp.,,,,,22,
Plantae,Flora,Araceae,12671,Alocasia zebrina,*,,,,3,
Plantae,Flora,Araceae,1193,Arum italicum,*,Italian Arum,,,33,
Plantae,Flora,Araceae,ARUM,Arum spp.,*,,,,5,
Plantae,Flora,Araceae,11334,Caladium bicolor,*,Heart of Jesus,,,8,
Plantae,Flora,Araceae,1194,Colocasia esculenta,*,Taro,,,201,
Plantae,Flora,Araceae,COLC,Colocasia spp.,*,,,,21,
Plantae,Flora,Araceae,1195,Gymnostachys anceps,,Settler's Twine,,,4684,
Plantae,Flora,Araceae,12673,Homalomena lauterbachii,*,,,,1,
Plantae,Flora,Araceae,11289,Monstera deliciosa,*,Fruit Salad Plant,,,738,
Plantae,Flora,Araceae,11660,Monstera spp.,*,,,,14,
Plantae,Flora,Araceae,11329,Philodendron bipinnatifidum,*,Philodendron,,,92,
Plantae,Flora,Araceae,11433,Philodendron selloum,*,Philodendron,,,4,
Plantae,Flora,Araceae,PHIO,Philodendron spp.,*,,,,45,
Plantae,Flora,Araceae,9308,Pistia stratiotes,*,Water Lettuce,,,8,
Plantae,Flora,Araceae,1196,Pothos longipes,,,,,731,
Plantae,Flora,Araceae,SYNG,Syngonium spp.,*,,,,2,
Plantae,Flora,Araceae,7155,Typhonium brownii,,,,,101,
Plantae,Flora,Araceae,12674,Typhonium clemeshae,,,,,63,
Plantae,Flora,Araceae,1197,Typhonium eliosurum,,,,,63,
Plantae,Flora,Araceae,10749,^^Typhonium sp. aff. brownii,,Stinky Lily,"E1,3",,33,
Plantae,Flora,Araceae,TYPO,Typhonium spp.,,,,,10,
Plantae,Flora,Araceae,3504,Wolffia australiana,,,,,14,
Plantae,Flora,Araceae,6666,Wolffia globosa,,,,,4,
Plantae,Flora,Araceae,WOLF,Wolffia spp.,,,,,5,
Plantae,Flora,Araceae,1198,Zantedeschia aethiopica,*,Arum Lily,,,510,
Plantae,Flora,Araceae,ZANT,Zantedeschia spp.,*,,,,12,
Plantae,Flora,Araliaceae,11914,Aralia spp.,*,,,,1,
Plantae,Flora,Araliaceae,8761,Astrotricha cordata,,Heart-leaved Star Hair,E1,,190,
Plantae,Flora,Araliaceae,1200,Astrotricha crassifolia,,Thick-leaf Star-hair,V,V,312,
Plantae,Flora,Araliaceae,1201,Astrotricha floccosa,,,,,679,
Plantae,Flora,Araliaceae,1202,Astrotricha latifolia,,,,,1264,
Plantae,Flora,Araliaceae,1203,Astrotricha ledifolia,,,,,170,
Plantae,Flora,Araliaceae,1204,Astrotricha linearis,,,,,34,
Plantae,Flora,Araliaceae,1205,Astrotricha longifolia,,,,,721,
Plantae,Flora,Araliaceae,12091,Astrotricha longifolia f. 'Coastal',,,,,31,
Plantae,Flora,Araliaceae,12017,Astrotricha longifolia f. 'Inland',,,,,78,
Plantae,Flora,Araliaceae,8556,Astrotricha obovata,,,,,248,
Plantae,Flora,Araliaceae,9015,Astrotricha roddii,,Rodd's Star Hair,E1,E,807,
Plantae,Flora,Araliaceae,11267,Astrotricha sp. 4,,,,,1,
Plantae,Flora,Araliaceae,12476,Astrotricha sp. B,,,,,45,
Plantae,Flora,Araliaceae,12675,Astrotricha sp. Deua,,,,,5,
Plantae,Flora,Araliaceae,15193,Astrotricha sp. Howe Range,,,E4A,CE,1,
Plantae,Flora,Araliaceae,12676,Astrotricha sp. Mount Boss,,,,,8,
Plantae,Flora,Araliaceae,12677,Astrotricha sp. 'Nadgee',,,,,1,
Plantae,Flora,Araliaceae,11915,Astrotricha sp. Wallagaraugh,,Merimbula Star-hair,E1,,8687,
Plantae,Flora,Araliaceae,12680,Astrotricha sp. Watchimbark,,,,,1,
Plantae,Flora,Araliaceae,ASTO,Astrotricha spp.,,,,,48,
Plantae,Flora,Araliaceae,12129,Astrotricha umbrosa,,,,,3,
Plantae,Flora,Araliaceae,1206,Cephalaralia cephalobotrys,,Climbing Panax,,,1053,
Plantae,Flora,Araliaceae,11804,Fatsia japonica,*,Paperplant,,,4,
Plantae,Flora,Araliaceae,1207,Hedera helix,*,English Ivy,,,1057,
Plantae,Flora,Araliaceae,HEDE,Hedera spp.,*,,,,44,
Plantae,Flora,Araliaceae,12681,Meryta sinclairii,*,,,,1,
Plantae,Flora,Araliaceae,1208,Polyscias cissodendron,,,,,38,
Plantae,Flora,Araliaceae,1209,Polyscias elegans,,Celery Wood,,,1910,
Plantae,Flora,Araliaceae,1210,Polyscias murrayi,,Pencil Cedar,,,691,
Plantae,Flora,Araliaceae,1211,Polyscias sambucifolia,,Elderberry Panax,,,6494,
Plantae,Flora,Araliaceae,12375,Polyscias sambucifolia subsp. decomposita,,Ferny Panax,,,207,
Plantae,Flora,Araliaceae,12374,Polyscias sambucifolia subsp. leptophylla,,,,,326,
Plantae,Flora,Araliaceae,12373,Polyscias sambucifolia subsp. sambucifolia,,,,,1358,
Plantae,Flora,Araliaceae,POLI,Polyscias spp.,,,,,39,
Plantae,Flora,Araliaceae,8701,Schefflera actinophylla,*,Umbrella Tree,,,787,
Plantae,Flora,Araliaceae,11728,Schefflera arboricola,*,,,,50,
Plantae,Flora,Araliaceae,SCHE,Schefflera spp.,*,,,,12,
Plantae,Flora,Araliaceae,1212,Tetrapanax papyrifer,*,Rice Paper Plant,,,15,
Plantae,Flora,Araliaceae,12018,Trachymene clivicola,,,,,1,
Plantae,Flora,Araliaceae,7794,Trachymene composita,,,,,80,
Plantae,Flora,Araliaceae,12662,Trachymene composita var. composita,,,,,27,
Plantae,Flora,Araliaceae,12663,Trachymene composita var. robertsonii,,,,,11,
Plantae,Flora,Araliaceae,1151,Trachymene cyanopetala,,Purple Parsnip,,,149,
Plantae,Flora,Araliaceae,1152,Trachymene glaucifolia,,Wild Parsnip,,,94,
Plantae,Flora,Araliaceae,6999,Trachymene humilis subsp. humilis,,,,,103,
Plantae,Flora,Araliaceae,1154,Trachymene incisa,,Trachymene,,,1122,
Plantae,Flora,Araliaceae,7007,Trachymene incisa subsp. corrugata,,Trachymene,,,13,
Plantae,Flora,Araliaceae,8785,Trachymene incisa subsp. incisa,,,,,924,
Plantae,Flora,Araliaceae,1155,Trachymene ochracea,,White Parsnip,,,138,
Plantae,Flora,Araliaceae,1156,Trachymene ornata,,Sponge-fruit,,,143,
Plantae,Flora,Araliaceae,1157,Trachymene procumbens,,,,,15,
Plantae,Flora,Araliaceae,7434,^^Trachymene scapigera,,Mountain Trachymene,"E1,3",E,400,
Plantae,Flora,Araliaceae,TRAC,Trachymene spp.,,Trachymene,,,47,
Plantae,Flora,Araliaceae,12664,Trachymene thysanocarpa,,,,,2,
Plantae,Flora,Araliaceae,12682,Trevesia palmata,*,,,,2,
Plantae,Flora,Araucariaceae,11794,Agathis robusta,*,Queensland Kauri,,,21,
Plantae,Flora,Araucariaceae,11930,Araucaria araucana,*,Monkey Puzzle Tree,,,2,
Plantae,Flora,Araucariaceae,11321,Araucaria bidwillii,*,Bunya Pine,,,106,
Plantae,Flora,Araucariaceae,1213,Araucaria cunninghamii,,Hoop Pine,,,944,
Plantae,Flora,Araucariaceae,1214,Araucaria heterophylla,*,Norfolk Island Pine,,,404,
Plantae,Flora,Araucariaceae,12683,Araucaria scopulorum,*,,,,1,
Plantae,Flora,Araucariaceae,ARAU,Araucaria spp.,,,,,21,
Plantae,Flora,Arecaceae,11435,Archontophoenix alexandrae,*,Alexandra Palm,,,119,
Plantae,Flora,Arecaceae,6458,Archontophoenix cunninghamiana,,Bangalow Palm,P,,4192,
Plantae,Flora,Arecaceae,13702,Archontophoenix spp.,,,P,,22,
Plantae,Flora,Arecaceae,13897,Butia capitata,*,,,,2,
Plantae,Flora,Arecaceae,11604,Calamus caryotoides,*,,,,1,
Plantae,Flora,Arecaceae,1215,Calamus muelleri,,Southern Lawyer Cane,P,,1053,
Plantae,Flora,Arecaceae,11356,Caryota urens,*,Jaggery Palm,,,2,
Plantae,Flora,Arecaceae,11853,Cocos nucifera,*,Coconut Palm,,,16,
Plantae,Flora,Arecaceae,11671,Dypsis lutescens,*,Yellow Butterfly Palm,,,55,
Plantae,Flora,Arecaceae,11997,Dypsis madagascariensis,*,,,,1,
Plantae,Flora,Arecaceae,1216,Hedyscepe canterburyana,,Big Mountain Palm,P,,37,
Plantae,Flora,Arecaceae,1217,Howea belmoreana,,Curly Palm,P,,393,
Plantae,Flora,Arecaceae,1218,Howea forsteriana,,Kentia Palm,P,,555,
Plantae,Flora,Arecaceae,HOWE,Howea spp.,,,P,,125,
Plantae,Flora,Arecaceae,1219,Lepidorrhachis mooreana,,Little Mountain Palm,"E4A,P",CE,31,
Plantae,Flora,Arecaceae,1220,Linospadix monostachyos,,Walking-stick Palm,P,,1396,
Plantae,Flora,Arecaceae,LINO,Linospadix spp.,,,P,,2,
Plantae,Flora,Arecaceae,1221,Livistona australis,,Cabbage Palm,P,,5419,
Plantae,Flora,Arecaceae,13829,Livistona chinensis,*,Chinese fan palm,,,10,
Plantae,Flora,Arecaceae,12009,Livistona muelleri,*,,,,1,
Plantae,Flora,Arecaceae,LIVI,Livistona spp.,,,P,,14,
Plantae,Flora,Arecaceae,11354,Phoenix canariensis,*,Canary Island Date Palm,,,946,
Plantae,Flora,Arecaceae,11255,Phoenix dactylifera,*,Date Palm,,,59,
Plantae,Flora,Arecaceae,11843,Phoenix reclinata,*,Reclining Date Palm,,,11,
Plantae,Flora,Arecaceae,13693,Phoenix roebelinii,*,pygmy date palm,,,2,
Plantae,Flora,Arecaceae,11781,Phoenix spp.,*,,,,45,
Plantae,Flora,Arecaceae,14501,Rhapis excelsa,*,,,,13,
Plantae,Flora,Arecaceae,8467,Roystonea regia,*,,,,1,
Plantae,Flora,Arecaceae,11731,Syagrus romanzoffiana,*,Cocos Palm,,,905,
Plantae,Flora,Arecaceae,SYAG,Syagrus spp.,*,,,,2,
Plantae,Flora,Arecaceae,11732,Washingtonia filifera,*,,,,18,
Plantae,Flora,Arecaceae,11597,Washingtonia robusta,*,Washington Fan Palm,,,25,
Plantae,Flora,Arecaceae,WASH,Washingtonia spp.,*,,,,7,
Plantae,Flora,Arecaceae,12559,Wodyetia bifurcata,*,,,,5,
Plantae,Flora,Argophyllaceae,3223,Corokia carpodetoides,,,,,14,
Plantae,Flora,Argophyllaceae,3224,Corokia whiteana,,Corokia,E1,E,260,
Plantae,Flora,Aristolochiaceae,8466,Aristolochia elegans,*,,,,16,
Plantae,Flora,Aristolochiaceae,12684,Aristolochia meridionalis subsp. meridionalis,,,,,9,
Plantae,Flora,Aristolochiaceae,10536,Pararistolochia laheyana,,,,,64,
Plantae,Flora,Aristolochiaceae,10537,Pararistolochia praevenosa,,,,,113,
Plantae,Flora,Asparagaceae,12649,Arthropodium fimbriatum,,,,,2335,
Plantae,Flora,Asparagaceae,3517,Arthropodium milleflorum,,Pale Vanilla-lily,,,4968,
Plantae,Flora,Asparagaceae,3518,Arthropodium minus,,Small Vanilla Lily,,,2710,
Plantae,Flora,Asparagaceae,14757,Arthropodium sp. Albury,,,,,3,
Plantae,Flora,Asparagaceae,15289,Arthropodium sp. Snowy R. catchment,,,,,109,
Plantae,Flora,Asparagaceae,15290,Arthropodium sp. South-east Highlands,,,,,1393,
Plantae,Flora,Asparagaceae,ARTR,Arthropodium spp.,,,,,1817,
Plantae,Flora,Asparagaceae,15291,Arthropodium strictum,,Chocolate Lily,,,885,
Plantae,Flora,Asparagaceae,11784,Asparagus aethiopicus,*,Asparagus Fern,,,5433,
Plantae,Flora,Asparagaceae,12136,Asparagus africanus,*,,,,85,
Plantae,Flora,Asparagaceae,3519,Asparagus asparagoides,*,Bridal Creeper,,,3169,
Plantae,Flora,Asparagaceae,13671,Asparagus falcatus,*,,,,3,
Plantae,Flora,Asparagaceae,12685,Asparagus macowanii,*,,,,6,
Plantae,Flora,Asparagaceae,3521,Asparagus officinalis,*,Asparagus,,,623,
Plantae,Flora,Asparagaceae,11785,Asparagus plumosus,*,Climbing Asparagus Fern,,,678,
Plantae,Flora,Asparagaceae,3522,Asparagus scandens,*,Asparagus Fern,,,108,
Plantae,Flora,Asparagaceae,ASPA,Asparagus spp.,*,,,,63,
Plantae,Flora,Asparagaceae,11859,Asparagus virgatus,*,Asparagus Fern,,,45,
Plantae,Flora,Asparagaceae,11918,Dracaena marginata,*,,,,19,
Plantae,Flora,Asparagaceae,13750,Dracaena sanderiana,*,,,,3,
Plantae,Flora,Asparagaceae,13703,Dracaena spp.,*,,,,43,
Plantae,Flora,Asparagaceae,6295,Lomandra bracteata,,Mat-rush,,,543,
Plantae,Flora,Asparagaceae,6296,Lomandra brevis,,,,,560,
Plantae,Flora,Asparagaceae,7511,Lomandra collina,,,,,138,
Plantae,Flora,Asparagaceae,6297,Lomandra confertifolia,,Matrush,,,2318,
Plantae,Flora,Asparagaceae,7546,Lomandra confertifolia subsp. leptostachya,,,,,156,
Plantae,Flora,Asparagaceae,7709,Lomandra confertifolia subsp. pallida,,Matrush,,,2296,
Plantae,Flora,Asparagaceae,7573,Lomandra confertifolia subsp. rubiginosa,,,,,2148,
Plantae,Flora,Asparagaceae,6530,Lomandra confertifolia subsp. similis,,,,,383,
Plantae,Flora,Asparagaceae,6298,Lomandra cylindrica,,,,,2771,
Plantae,Flora,Asparagaceae,6300,Lomandra effusa,,Scented Mat-rush,,,618,
Plantae,Flora,Asparagaceae,6301,Lomandra elongata,,,,,220,
Plantae,Flora,Asparagaceae,6302,Lomandra filiformis,,Wattle Matt-rush,,,11341,
Plantae,Flora,Asparagaceae,6511,Lomandra filiformis subsp. coriacea,,Wattle Matt-rush,,,7208,
Plantae,Flora,Asparagaceae,7931,Lomandra filiformis subsp. filiformis,,,,,10640,
Plantae,Flora,Asparagaceae,6512,Lomandra filiformis subsp. flavior,,Wattle Matt-rush,,,510,
Plantae,Flora,Asparagaceae,6303,Lomandra fluviatilis,,,,,239,
Plantae,Flora,Asparagaceae,6304,Lomandra glauca,,Pale Mat-rush,,,7458,
Plantae,Flora,Asparagaceae,6305,Lomandra gracilis,,,,,1740,
Plantae,Flora,Asparagaceae,8776,Lomandra hystrix,,,,,806,
Plantae,Flora,Asparagaceae,14063,Lomandra juncea,*,,,,1,
Plantae,Flora,Asparagaceae,6306,Lomandra laxa,,,,,145,
Plantae,Flora,Asparagaceae,6307,Lomandra leucocephala,,Woolly Mat-rush,,,466,
Plantae,Flora,Asparagaceae,7925,Lomandra leucocephala subsp. leucocephala,,Woolly Mat-rush,,,358,
Plantae,Flora,Asparagaceae,8469,Lomandra leucocephala subsp. robusta,,,,,263,
Plantae,Flora,Asparagaceae,6308,Lomandra longifolia,,Spiny-headed Mat-rush,,,44019,
Plantae,Flora,Asparagaceae,14727,Lomandra longifolia 'Tanika',,,,,7,
Plantae,Flora,Asparagaceae,9082,Lomandra micrantha subsp. tuberculata,,Small-flowered Mat-rush,,,338,
Plantae,Flora,Asparagaceae,6310,Lomandra montana,,,,,78,
Plantae,Flora,Asparagaceae,8802,Lomandra multiflora subsp. multiflora,,Many-flowered Mat-rush,,,26257,
Plantae,Flora,Asparagaceae,6312,Lomandra obliqua,,,,,7983,
Plantae,Flora,Asparagaceae,6313,Lomandra patens,,Irongrass,,,337,
Plantae,Flora,Asparagaceae,12599,Lomandra sp. aff. multiflora,,,,,1,
Plantae,Flora,Asparagaceae,6314,Lomandra spicata,,,,,1531,
Plantae,Flora,Asparagaceae,LOMA,Lomandra spp.,,Mat-rush,,,3485,
Plantae,Flora,Asparagaceae,MYRS,Myrsiphyllum spp.,*,,,,4,
Plantae,Flora,Asparagaceae,PROT,Protasparagus spp.,*,,,,38,
Plantae,Flora,Asparagaceae,8984,Sansevieria trifasciata,*,Mother-in-law's Tongue,,,70,
Plantae,Flora,Asphodelaceae,1048,Aloe arborescens,*,,,,13,
Plantae,Flora,Asphodelaceae,10419,Aloe ciliaris,*,,,,3,
Plantae,Flora,Asphodelaceae,7831,Aloe maculata,*,Common Soap Aloe,,,40,
Plantae,Flora,Asphodelaceae,ALOE,Aloe spp.,*,,,,86,
Plantae,Flora,Asphodelaceae,11778,Aloe vera,*,,,,72,
Plantae,Flora,Asphodelaceae,3524,Asphodelus fistulosus,*,Onion Weed,,,822,
Plantae,Flora,Asphodelaceae,ASPH,Asphodelus spp.,*,,,,5,
Plantae,Flora,Asphodelaceae,3530,Bulbine alata,,Native Onion,,,821,
Plantae,Flora,Asphodelaceae,3531,Bulbine bulbosa,,Bulbine Lily,,,3431,
Plantae,Flora,Asphodelaceae,6848,Bulbine glauca,,Rock Lily,,,145,
Plantae,Flora,Asphodelaceae,3532,Bulbine semibarbata,,Wild Onion,,,2623,
Plantae,Flora,Asphodelaceae,BULI,Bulbine spp.,,,,,408,
Plantae,Flora,Asphodelaceae,9100,Bulbine vagans,,,,,6,
Plantae,Flora,Asphodelaceae,13381,Dianella brevicaulis,,,,,1,
Plantae,Flora,Asphodelaceae,8869,Dianella brevipedunculata,,,,,13,
Plantae,Flora,Asphodelaceae,3540,Dianella caerulea,,Blue Flax-lily,,,14930,
Plantae,Flora,Asphodelaceae,6811,Dianella caerulea var. assera,,,,,2080,
Plantae,Flora,Asphodelaceae,6700,Dianella caerulea var. caerulea,,,,,4628,
Plantae,Flora,Asphodelaceae,6789,Dianella caerulea var. cinerascens,,,,,506,
Plantae,Flora,Asphodelaceae,6593,Dianella caerulea var. petasmatodes,,,,,11,
Plantae,Flora,Asphodelaceae,7337,Dianella caerulea var. producta,,,,,5701,
Plantae,Flora,Asphodelaceae,7221,Dianella caerulea var. protensa,,,,,35,
Plantae,Flora,Asphodelaceae,7344,Dianella caerulea var. vannata,,,,,27,
Plantae,Flora,Asphodelaceae,13382,Dianella chlorocarpa,,,,,1,
Plantae,Flora,Asphodelaceae,7864,Dianella congesta,,,,,252,
Plantae,Flora,Asphodelaceae,7865,Dianella crinoides,,,,,44,
Plantae,Flora,Asphodelaceae,3541,Dianella intermedia,,Turutu,,,7,
Plantae,Flora,Asphodelaceae,7783,Dianella longifolia,,Blueberry Lily,,,5118,
Plantae,Flora,Asphodelaceae,8725,Dianella longifolia var. longifolia,,,,,2055,
Plantae,Flora,Asphodelaceae,6948,Dianella longifolia var. stenophylla,,,,,112,
Plantae,Flora,Asphodelaceae,6812,Dianella longifolia var. surculosa,,,,,6,
Plantae,Flora,Asphodelaceae,6616,Dianella nervosa,,,,,4,
Plantae,Flora,Asphodelaceae,10901,Dianella porracea,,,,,339,
Plantae,Flora,Asphodelaceae,6912,Dianella prunina,,,,,1017,
Plantae,Flora,Asphodelaceae,3542,Dianella revoluta,,Blueberry Lily,,,9113,
Plantae,Flora,Asphodelaceae,7580,Dianella revoluta var. revoluta,,,,,7868,
Plantae,Flora,Asphodelaceae,7784,Dianella revoluta var. vinosa,,,,,348,
Plantae,Flora,Asphodelaceae,10880,Dianella sp. aff. tarda 'Pilliga',,,,,8,
Plantae,Flora,Asphodelaceae,15284,Dianella sp. Euston,,,,,2,
Plantae,Flora,Asphodelaceae,DIAN,Dianella spp.,,,,,1614,
Plantae,Flora,Asphodelaceae,10900,Dianella tarda,,Late-flower Flax-lily,,,13,
Plantae,Flora,Asphodelaceae,3543,Dianella tasmanica,,,,,3109,
Plantae,Flora,Asphodelaceae,12230,Dianella tenuissima,,,,,7,
Plantae,Flora,Asphodelaceae,KNIP,Kniphofia spp.,*,,,,10,
Plantae,Flora,Asphodelaceae,6989,Kniphofia uvaria,*,Red Hot Poker,,,18,
Plantae,Flora,Asphodelaceae,3576,Trachyandra divaricata,*,,,,10,
Plantae,Flora,Asphodelaceae,8373,Xanthorrhoea acaulis,,,P,,487,
Plantae,Flora,Asphodelaceae,6315,Xanthorrhoea arborea,,,P,,1279,
Plantae,Flora,Asphodelaceae,6316,Xanthorrhoea australis,,,P,,566,
Plantae,Flora,Asphodelaceae,7995,Xanthorrhoea concava,,,P,,1214,
Plantae,Flora,Asphodelaceae,8771,Xanthorrhoea fulva,,,P,,950,
Plantae,Flora,Asphodelaceae,8750,Xanthorrhoea glauca,,,P,,591,
Plantae,Flora,Asphodelaceae,8752,Xanthorrhoea glauca subsp. angustifolia,,,P,,469,
Plantae,Flora,Asphodelaceae,8751,Xanthorrhoea glauca subsp. glauca,,,P,,498,
Plantae,Flora,Asphodelaceae,6317,Xanthorrhoea johnsonii,,Johnson's Grass Tree,P,,2411,
Plantae,Flora,Asphodelaceae,8770,Xanthorrhoea latifolia,,,P,,672,
Plantae,Flora,Asphodelaceae,9309,Xanthorrhoea latifolia subsp. latifolia,,,P,,1306,
Plantae,Flora,Asphodelaceae,8858,Xanthorrhoea latifolia subsp. maxima,,,P,,26,
Plantae,Flora,Asphodelaceae,6318,Xanthorrhoea macronema,,,P,,888,
Plantae,Flora,Asphodelaceae,8843,Xanthorrhoea malacophylla,,,P,,373,
Plantae,Flora,Asphodelaceae,6319,Xanthorrhoea media,,,P,,2756,
Plantae,Flora,Asphodelaceae,6320,Xanthorrhoea minor,,,P,,316,
Plantae,Flora,Asphodelaceae,8376,Xanthorrhoea minor subsp. lutea,,,P,,2,
Plantae,Flora,Asphodelaceae,7919,Xanthorrhoea minor subsp. minor,,,P,,186,
Plantae,Flora,Asphodelaceae,6321,Xanthorrhoea resinosa,,,P,,2888,
Plantae,Flora,Asphodelaceae,13643,Xanthorrhoea sp. nov. 'Kurri Kurri',,,P,,6,
Plantae,Flora,Asphodelaceae,XANT,Xanthorrhoea spp.,,,P,,2208,
Plantae,Flora,Aspleniaceae,8029,Asplenium aethiopicum,,Shredded Spleenwort,,,40,
Plantae,Flora,Aspleniaceae,8030,Asplenium attenuatum,,Simple Spleenwort,,,163,
Plantae,Flora,Aspleniaceae,10643,Asplenium attenuatum var. attenuatum,,,,,53,
Plantae,Flora,Aspleniaceae,8031,Asplenium australasicum,,Bird's Nest Fern,P,,3355,
Plantae,Flora,Aspleniaceae,8866,Asplenium bulbiferum subsp. gracillimum,,Mother Spleenwort,,,154,
Plantae,Flora,Aspleniaceae,7415,Asplenium difforme,,,,,46,
Plantae,Flora,Aspleniaceae,8033,Asplenium flabellifolium,,Necklace Fern,,,4630,
Plantae,Flora,Aspleniaceae,8883,Asplenium flaccidum subsp. flaccidum,,Weeping Spleenwort,,,220,
Plantae,Flora,Aspleniaceae,10645,Asplenium goudeyi,,,,,7,
Plantae,Flora,Aspleniaceae,7251,Asplenium harmanii,,,P,,7,
Plantae,Flora,Aspleniaceae,10424,Asplenium milnei,,,,,109,
Plantae,Flora,Aspleniaceae,10646,Asplenium obtusatum subsp. northlandicum,,Shore Spleenwort,,,17,
Plantae,Flora,Aspleniaceae,8037,Asplenium polyodon,,Sickle Spleenwort,P,,547,
Plantae,Flora,Aspleniaceae,8038,Asplenium pteridoides,,,,,11,
Plantae,Flora,Aspleniaceae,ASPL,Asplenium spp.,,,,,71,
Plantae,Flora,Aspleniaceae,10425,Asplenium surrogatum,,,,,24,
Plantae,Flora,Aspleniaceae,9259,Asplenium trichomanes,,Common Spleenwort,,,73,
Plantae,Flora,Aspleniaceae,8040,Pleurosorus rutifolius,,Bristly Cloak Fern,,,294,
Plantae,Flora,Aspleniaceae,PLEU,Pleurosorus spp.,,,,,4,
Plantae,Flora,Aspleniaceae,8041,Pleurosorus subglandulosus,,,,,112,
Plantae,Flora,Asteliaceae,7534,Astelia alpina var. novae-hollandiae,,,,,54,
Plantae,Flora,Asteliaceae,3526,Astelia psychrocharis,,,,,199,
Plantae,Flora,Asteliaceae,ASTE,Astelia spp.,,,,,1,
Plantae,Flora,Asteliaceae,11423,Cordyline australis,*,Cabbage Tree,,,92,
Plantae,Flora,Asteliaceae,7527,Cordyline congesta,,,,,357,
Plantae,Flora,Asteliaceae,1017,Cordyline fruticosa,*,,,,51,
Plantae,Flora,Asteliaceae,7386,Cordyline petiolaris,,Broad-leaved Palm Lily,,,935,
Plantae,Flora,Asteliaceae,7873,Cordyline rubra,,Palm-Lily,,,677,
Plantae,Flora,Asteliaceae,15036,Cordyline sp. Mt Banda Banda (P.Hind 2232),,,,,2,
Plantae,Flora,Asteliaceae,CORD,Cordyline spp.,,,,,94,
Plantae,Flora,Asteliaceae,1018,Cordyline stricta,,Narrow-leaved Palm Lily,P,,2841,
Plantae,Flora,Asteliaceae,6863,Neoastelia spectabilis,,Silver Sword Lily,V,V,26,
Plantae,Flora,Asteraceae,1246,Abrotanella nivigena,,,,,38,
Plantae,Flora,Asteraceae,1247,Acanthocladium dockeri,,Spiny Everlasting,E4,CE,1,
Plantae,Flora,Asteraceae,1248,Acanthospermum australe,*,,,,22,
Plantae,Flora,Asteraceae,7876,Acanthospermum hispidum,*,,,,4,
Plantae,Flora,Asteraceae,1249,Achillea distans,*,Tansyleaf Milfoil,,,13,
Plantae,Flora,Asteraceae,12075,Achillea filipendulina,*,,,,1,
Plantae,Flora,Asteraceae,1250,Achillea millefolium,*,Yarrow,,,130,
Plantae,Flora,Asteraceae,8976,Acmella grandiflora var. brachyglossa,,,,,47,
Plantae,Flora,Asteraceae,1251,Acomis acoma,,,,,51,
Plantae,Flora,Asteraceae,ACTB,Actinobole spp.,,,,,1,
Plantae,Flora,Asteraceae,1253,Actinobole uliginosum,,Flannel Cudweed,,,1663,
Plantae,Flora,Asteraceae,13920,Actites megalocarpus,,Dune Thistle,,,110,
Plantae,Flora,Asteraceae,9242,Adenostemma lavenia var. lavenia,,Sticky Daisy,,,25,
Plantae,Flora,Asteraceae,1255,Ageratina adenophora,*,Crofton Weed,,,4451,
Plantae,Flora,Asteraceae,1256,Ageratina riparia,*,Mistflower,,,1270,
Plantae,Flora,Asteraceae,AGER,Ageratina spp.,*,,,,11,
Plantae,Flora,Asteraceae,9370,Ageratum conyzoides subsp. conyzoides,*,Goatweed,,,68,
Plantae,Flora,Asteraceae,1258,Ageratum houstonianum,*,,,,698,
Plantae,Flora,Asteraceae,13923,Allittia cardiocarpa,,Swamp Daisy,,,16,
Plantae,Flora,Asteraceae,1259,Ambrosia artemisiifolia,*,Annual Ragweed,,,729,
Plantae,Flora,Asteraceae,1260,Ambrosia confertiflora,*,Burr Ragweed,,,18,
Plantae,Flora,Asteraceae,1261,Ambrosia psilostachya,*,Perennial Ragweed,,,56,
Plantae,Flora,Asteraceae,AMBR,Ambrosia spp.,*,,,,58,
Plantae,Flora,Asteraceae,1262,Ambrosia tenuifolia,*,Lacy Ragweed,,,194,
Plantae,Flora,Asteraceae,1263,Ammobium alatum,,,,,280,
Plantae,Flora,Asteraceae,1264,Ammobium craspedioides,,Yass Daisy,V,V,1858,
Plantae,Flora,Asteraceae,AMMO,Ammobium spp.,,,,,1,
Plantae,Flora,Asteraceae,9715,Anemocarpa podolepidium,,Rock Everlasting,,,38,
Plantae,Flora,Asteraceae,9408,Anemocarpa saxatilis,,,,,1,
Plantae,Flora,Asteraceae,1265,Angianthus brachypappus,,Spreading Cup-flower,,,112,
Plantae,Flora,Asteraceae,ANGI,Angianthus spp.,,,,,4,
Plantae,Flora,Asteraceae,1268,Angianthus tomentosus,,Hairy Cup-flower,,,33,
Plantae,Flora,Asteraceae,1269,Anthemis arvensis,*,Corn Chamomile,,,19,
Plantae,Flora,Asteraceae,1270,Anthemis cotula,*,Stinking Mayweed,,,54,
Plantae,Flora,Asteraceae,12686,Anthemis nobilis,*,,,,1,
Plantae,Flora,Asteraceae,13717,Anthemis tinctoria,*,,,,1,
Plantae,Flora,Asteraceae,8221,Apalochlamys spectabilis,,Showy Cassinia,,,4,
Plantae,Flora,Asteraceae,1271,Arctium lappa,*,Greater Burdock,,,1,
Plantae,Flora,Asteraceae,1272,Arctium minus,*,Common Burdock,,,5,
Plantae,Flora,Asteraceae,1273,Arctotheca calendula,*,Capeweed,,,5259,
Plantae,Flora,Asteraceae,7391,Arctotheca populifolia,*,Beach Daisy,,,43,
Plantae,Flora,Asteraceae,ARCT,Arctotheca spp.,*,,,,18,
Plantae,Flora,Asteraceae,1275,Arctotis stoechadifolia,*,White Arctotis,,,3,
Plantae,Flora,Asteraceae,9721,Argentipallium obtusifolium,,,,,101,
Plantae,Flora,Asteraceae,12688,Argyranthemum frutescens,*,,,,6,
Plantae,Flora,Asteraceae,12689,Argyrotegium fordianum,,,,,83,
Plantae,Flora,Asteraceae,12690,Argyrotegium mackayi,,,,,65,
Plantae,Flora,Asteraceae,14711,Argyrotegium nitidulum,,Shining Cudweed,V,V,55,
Plantae,Flora,Asteraceae,13926,Argyrotegium poliochlorum,,,,,19,
Plantae,Flora,Asteraceae,1276,Arrhenechthites mixta,,Purple Fireweed,,,658,
Plantae,Flora,Asteraceae,12691,Artemisia absinthium,*,Wormwood,,,1,
Plantae,Flora,Asteraceae,1277,Artemisia arborescens,*,Tree Wormwood,,,8,
Plantae,Flora,Asteraceae,12692,Artemisia ludoviciana,*,,,,1,
Plantae,Flora,Asteraceae,ARTE,Artemisia spp.,*,,,,11,
Plantae,Flora,Asteraceae,7619,Artemisia verlotiorum,*,Chinese Wormwood,,,59,
Plantae,Flora,Asteraceae,1279,Aster novi-belgii,*,Michaelmas Daisy,,,21,
Plantae,Flora,Asteraceae,ASER,Aster spp.,*,,,,114,
Plantae,Flora,Asteraceae,1280,Aster subulatus,*,Wild Aster,,,3921,
Plantae,Flora,Asteraceae,ASTRC,Asteraceae indeterminate,,Daisies,,,1299,
Plantae,Flora,Asteraceae,1281,Baccharis halimifolia,*,Groundsel Bush,,,514,
Plantae,Flora,Asteraceae,1282,Bedfordia arborescens,,Blanket Leaf,,,1274,
Plantae,Flora,Asteraceae,BEDF,Bedfordia spp.,,,,,1,
Plantae,Flora,Asteraceae,12694,Bellis perennis,*,,,,5,
Plantae,Flora,Asteraceae,12695,Bidens alba var. radiata,*,,,,1,
Plantae,Flora,Asteraceae,12696,Bidens aurea,*,Arizona Beggar's Ticks,,,12,
Plantae,Flora,Asteraceae,6531,Bidens bipinnata,*,Bipinnate Beggar's Ticks,,,82,
Plantae,Flora,Asteraceae,1283,Bidens pilosa,*,Cobbler's Pegs,,,13658,
Plantae,Flora,Asteraceae,BIDE,Bidens spp.,*,,,,266,
Plantae,Flora,Asteraceae,1284,Bidens subalternans,*,Greater Beggar's Ticks,,,2651,
Plantae,Flora,Asteraceae,1285,Bidens tripartita,*,Burr Marigold,,,66,
Plantae,Flora,Asteraceae,7360,Blumea mollis,,,,,11,
Plantae,Flora,Asteraceae,7218,Brachyscome aculeata,,Hill Daisy,,,506,
Plantae,Flora,Asteraceae,7700,Brachyscome angustifolia var. heterophylla,,,,,180,
Plantae,Flora,Asteraceae,11207,Brachyscome ascendens,,Border Ranges Daisy,E1,,14,
Plantae,Flora,Asteraceae,13935,Brachyscome brownii,,,,,1,
Plantae,Flora,Asteraceae,11322,Brachyscome chrysoglossa,,,,,90,
Plantae,Flora,Asteraceae,7902,Brachyscome ciliaris,,Variable Daisy,,,1485,
Plantae,Flora,Asteraceae,6887,Brachyscome ciliaris var. ciliaris,,Variable Daisy,,,193,
Plantae,Flora,Asteraceae,6714,Brachyscome ciliaris var. lanuginosa,,Variable Daisy,,,243,
Plantae,Flora,Asteraceae,10403,Brachyscome ciliaris var. subintegrifolia,,Variable Daisy,,,183,
Plantae,Flora,Asteraceae,6916,Brachyscome ciliocarpa,,Showy Daisy,,,48,
Plantae,Flora,Asteraceae,6589,Brachyscome curvicarpa,,,,,246,
Plantae,Flora,Asteraceae,6914,Brachyscome debilis,,Weak Daisy,,,1,
Plantae,Flora,Asteraceae,6485,Brachyscome decipiens,,Field Daisy,,,288,
Plantae,Flora,Asteraceae,11056,Brachyscome dentata,,,,,1107,
Plantae,Flora,Asteraceae,10404,Brachyscome dichromosomatica var. alba,,,,,3,
Plantae,Flora,Asteraceae,7299,Brachyscome dissectifolia,,,,,34,
Plantae,Flora,Asteraceae,7492,Brachyscome diversifolia,,Large-headed Daisy,,,51,
Plantae,Flora,Asteraceae,7244,Brachyscome diversifolia var. dissecta,,,,,43,
Plantae,Flora,Asteraceae,7782,Brachyscome diversifolia var. diversifolia,,,,,32,
Plantae,Flora,Asteraceae,10405,Brachyscome eriogona,,,,,2,
Plantae,Flora,Asteraceae,7576,Brachyscome exilis,,Slender Daisy,,,20,
Plantae,Flora,Asteraceae,7721,Brachyscome formosa,,Pillaga Daisy,,,127,
Plantae,Flora,Asteraceae,7562,Brachyscome goniocarpa,,Dwarf Daisy,,,153,
Plantae,Flora,Asteraceae,6542,Brachyscome gracilis,,Dookie Daisy,,,94,
Plantae,Flora,Asteraceae,6891,Brachyscome graminea,,,,,281,
Plantae,Flora,Asteraceae,6674,Brachyscome leptocarpa,,Small Hairy Daisy,,,51,
Plantae,Flora,Asteraceae,6861,Brachyscome lineariloba,,Hard-headed Daisy,,,2161,
Plantae,Flora,Asteraceae,6566,Brachyscome melanocarpa,,Black-seeded Daisy,,,217,
Plantae,Flora,Asteraceae,6872,Brachyscome microcarpa,,,,,800,
Plantae,Flora,Asteraceae,13937,Brachyscome mittagongensis,,,E1,,138,
Plantae,Flora,Asteraceae,6558,Brachyscome muelleroides,,Claypan Daisy,V,V,69,
Plantae,Flora,Asteraceae,7317,Brachyscome multifida,,Cut-leaved Daisy,,,502,
Plantae,Flora,Asteraceae,10410,Brachyscome multifida var. dilatata,,,,,34,
Plantae,Flora,Asteraceae,10408,Brachyscome multifida var. multifida,,,,,642,
Plantae,Flora,Asteraceae,7356,Brachyscome nivalis,,Snow Daisy,,,23,
Plantae,Flora,Asteraceae,12698,Brachyscome nivalis var. alpina,,,,,6,
Plantae,Flora,Asteraceae,12699,Brachyscome nivalis var. nivalis,,,,,6,
Plantae,Flora,Asteraceae,11011,Brachyscome nodosa,,,,,52,
Plantae,Flora,Asteraceae,7911,Brachyscome nova-anglica,,,,,574,
Plantae,Flora,Asteraceae,7264,Brachyscome obovata,,,,,118,
Plantae,Flora,Asteraceae,14685,Brachyscome paludicola,,,,,1519,
Plantae,Flora,Asteraceae,6893,Brachyscome papillosa,,Mossgiel Daisy,V,V,4971,
Plantae,Flora,Asteraceae,10409,Brachyscome perpusilla var. tenella,,Tiny Daisy,,,51,
Plantae,Flora,Asteraceae,11307,Brachyscome petrophila,*,,,,4,
Plantae,Flora,Asteraceae,6862,Brachyscome procumbens,,,,,47,
Plantae,Flora,Asteraceae,6567,Brachyscome ptychocarpa,,,,,33,
Plantae,Flora,Asteraceae,10411,Brachyscome radicans,,,,,48,
Plantae,Flora,Asteraceae,6873,Brachyscome readeri,,Southern Daisy,,,4,
Plantae,Flora,Asteraceae,6559,Brachyscome rigidula,,Hairy Cutleaf Daisy,,,403,
Plantae,Flora,Asteraceae,13940,Brachyscome salkiniae,,,,,12,
Plantae,Flora,Asteraceae,7318,Brachyscome scapigera,,,,,526,
Plantae,Flora,Asteraceae,10432,Brachyscome segmentosa,,Lord Howe Island Daisy,,,12,
Plantae,Flora,Asteraceae,13833,Brachyscome sieberi,,,,,9,
Plantae,Flora,Asteraceae,11012,Brachyscome smithwhitei,,,,,224,
Plantae,Flora,Asteraceae,12071,Brachyscome sp. 1,,,,,2,
Plantae,Flora,Asteraceae,7357,Brachyscome spathulata,,,,,1465,
Plantae,Flora,Asteraceae,BRAC,Brachyscome spp.,,,,,1356,
Plantae,Flora,Asteraceae,7912,Brachyscome stolonifera,,,,,63,
Plantae,Flora,Asteraceae,7265,Brachyscome stuartii,,Stuart's Daisy,,,363,
Plantae,Flora,Asteraceae,10413,Brachyscome tadgellii,,,,,10,
Plantae,Flora,Asteraceae,7266,Brachyscome tenuiscapa,,,,,28,
Plantae,Flora,Asteraceae,7538,Brachyscome tenuiscapa var. pubescens,,,,,49,
Plantae,Flora,Asteraceae,10414,Brachyscome tenuiscapa var. tenuiscapa,,,,,8,
Plantae,Flora,Asteraceae,7674,Brachyscome trachycarpa,,Smooth Daisy,,,36,
Plantae,Flora,Asteraceae,15712,Brachyscome triloba,,,,,523,
Plantae,Flora,Asteraceae,14690,Brachyscome trisecta,,,,,3,
Plantae,Flora,Asteraceae,7657,Brachyscome whitei,,Spreading Daisy,,,87,
Plantae,Flora,Asteraceae,15703,Brachyscome whitei subsp. lophoptera,,,,,4,
Plantae,Flora,Asteraceae,13941,Brachyscome willisii,,,,,22,
Plantae,Flora,Asteraceae,12700,Bracteantha sp. 'Mt Merino',,,,,1,
Plantae,Flora,Asteraceae,1328,Calendula arvensis,*,Field Marigold,,,110,
Plantae,Flora,Asteraceae,10175,Calendula officinalis,*,Common Marigold,,,4,
Plantae,Flora,Asteraceae,1329,Calendula palaestina,*,Palestine Marigold,,,3,
Plantae,Flora,Asteraceae,CALU,Calendula spp.,*,,,,1,
Plantae,Flora,Asteraceae,1330,Calocephalus citreus,,Lemon Beauty-heads,,,886,
Plantae,Flora,Asteraceae,11019,Calocephalus lacteus,,,,,1,
Plantae,Flora,Asteraceae,12701,Calocephalus multiflorus,*,,,,1,
Plantae,Flora,Asteraceae,1331,Calocephalus platycephalus,,Yellowtop,,,4,
Plantae,Flora,Asteraceae,1332,Calocephalus sonderi,,Pale Beauty-heads,,,1208,
Plantae,Flora,Asteraceae,CLCE,Calocephalus spp.,,,,,7,
Plantae,Flora,Asteraceae,1333,Calomeria amaranthoides,,Incense Plant,,,161,
Plantae,Flora,Asteraceae,1334,Calotis ancyrocarpa,,Anchor Burr-daisy,,,51,
Plantae,Flora,Asteraceae,1335,Calotis anthemoides,,Cut-leaved Burr-daisy,,,350,
Plantae,Flora,Asteraceae,1336,Calotis cuneata,,Mountain Burr-Daisy,,,540,
Plantae,Flora,Asteraceae,1337,Calotis cuneifolia,,Purple Burr-Daisy,,,7966,
Plantae,Flora,Asteraceae,1338,Calotis cymbacantha,,Showy Burr-daisy,,,138,
Plantae,Flora,Asteraceae,1339,Calotis dentex,,Burr-daisy,,,792,
Plantae,Flora,Asteraceae,1340,Calotis erinacea,,Tangled Burr-daisy,,,252,
Plantae,Flora,Asteraceae,1341,Calotis glandulosa,,Mauve Burr-daisy,V,V,1331,
Plantae,Flora,Asteraceae,1342,Calotis hispidula,,Bogan Flea,,,3809,
Plantae,Flora,Asteraceae,1343,Calotis inermis,,Fluffy Burr-daisy,,,101,
Plantae,Flora,Asteraceae,1344,Calotis lappulacea,,Yellow Burr-daisy,,,10137,
Plantae,Flora,Asteraceae,1345,Calotis latiuscula,,,,,17,
Plantae,Flora,Asteraceae,9457,Calotis moorei,,A burr-daisy,E1,E,151,
Plantae,Flora,Asteraceae,6735,Calotis plumulifera,,Woolly-headed Burr-daisy,,,381,
Plantae,Flora,Asteraceae,10127,Calotis porphyroglossa,,Channel Burr-daisy,,,3,
Plantae,Flora,Asteraceae,11293,Calotis pubescens,,Max Mueller's Burr-daisy,E1,,77,
Plantae,Flora,Asteraceae,1347,Calotis scabiosifolia,,Rough Burr-daisy,,,1020,
Plantae,Flora,Asteraceae,7934,Calotis scabiosifolia var. integrifolia,,Rough Burr-daisy,,,315,
Plantae,Flora,Asteraceae,7929,Calotis scabiosifolia var. scabiosifolia,,,,,495,
Plantae,Flora,Asteraceae,1348,Calotis scapigera,,Tufted Burr-daisy,,,832,
Plantae,Flora,Asteraceae,CALI,Calotis spp.,,,,,514,
Plantae,Flora,Asteraceae,1349,Calotis squamigera,,,,,1,
Plantae,Flora,Asteraceae,12702,Calotis xanthosoidea,*,,,,1,
Plantae,Flora,Asteraceae,12099,Calyptocarpus vialis,*,Creeping Cinderella Weed,,,4,
Plantae,Flora,Asteraceae,1350,Camptacra barbata,,,,,30,
Plantae,Flora,Asteraceae,9734,Carduus nutans subsp. nutans,*,Nodding Thistle,,,363,
Plantae,Flora,Asteraceae,1354,Carduus pycnocephalus,*,Slender Thistle,,,608,
Plantae,Flora,Asteraceae,CARD,Carduus spp.,*,,,,108,
Plantae,Flora,Asteraceae,1355,Carduus tenuiflorus,*,Winged Slender Thistle,,,474,
Plantae,Flora,Asteraceae,1356,Carpesium cernuum,*,,,,11,
Plantae,Flora,Asteraceae,1357,Carthamus dentatus,*,Toothed Thistle,,,20,
Plantae,Flora,Asteraceae,1358,Carthamus lanatus,*,Saffron Thistle,,,6876,
Plantae,Flora,Asteraceae,CART,Carthamus spp.,*,,,,586,
Plantae,Flora,Asteraceae,1359,Carthamus tinctorius,*,Safflower,,,22,
Plantae,Flora,Asteraceae,12703,Cassinia accipitrum,,,,,4,
Plantae,Flora,Asteraceae,1360,Cassinia aculeata,,Dolly Bush,,,3804,
Plantae,Flora,Asteraceae,1361,Cassinia adunca,,,,,108,
Plantae,Flora,Asteraceae,1363,Cassinia aureonitens,,,P,,213,
Plantae,Flora,Asteraceae,1364,Cassinia compacta,,,,,130,
Plantae,Flora,Asteraceae,12704,Cassinia copensis,,,,,32,
Plantae,Flora,Asteraceae,1365,Cassinia cunninghamii,,,,,514,
Plantae,Flora,Asteraceae,12705,Cassinia decipiens,,,,,35,
Plantae,Flora,Asteraceae,1366,Cassinia denticulata,,,,,233,
Plantae,Flora,Asteraceae,15166,Cassinia heleniae,,,E1,E,7,
Plantae,Flora,Asteraceae,12550,Cassinia hewsoniae,,,,,50,
Plantae,Flora,Asteraceae,1367,Cassinia laevis,,Cough Bush,,,3573,
Plantae,Flora,Asteraceae,12706,Cassinia lepschii,,,,,3,
Plantae,Flora,Asteraceae,1368,Cassinia leptocephala,,,,,111,
Plantae,Flora,Asteraceae,12363,Cassinia leptocephala subsp. everettiae,,,,,29,
Plantae,Flora,Asteraceae,9246,Cassinia leptocephala subsp. leptocephala,,,,,64,
Plantae,Flora,Asteraceae,1369,Cassinia longifolia,,,,,3399,
Plantae,Flora,Asteraceae,14605,Cassinia macrocephala,,,,,18,
Plantae,Flora,Asteraceae,12707,Cassinia macrocephala subsp. macrocephala,,,,,4,
Plantae,Flora,Asteraceae,13954,Cassinia macrocephala subsp. petrapendula,,,,,2,
Plantae,Flora,Asteraceae,12708,Cassinia macrocephala subsp. tenuis,,,,,3,
Plantae,Flora,Asteraceae,12275,Cassinia maritima,,,,,23,
Plantae,Flora,Asteraceae,12709,Cassinia monticola,,,,,108,
Plantae,Flora,Asteraceae,12710,Cassinia ochracea,,,,,29,
Plantae,Flora,Asteraceae,1370,Cassinia quinquefaria,,,,,4689,
Plantae,Flora,Asteraceae,14946,Cassinia sifton,,,,,3331,
Plantae,Flora,Asteraceae,11653,Cassinia sp. aff. uncata,,,,,81,
Plantae,Flora,Asteraceae,14183,Cassinia sp. nov. aff. uncata/adunca,,,,,8,
Plantae,Flora,Asteraceae,CASI,Cassinia spp.,,,,,1663,
Plantae,Flora,Asteraceae,12711,Cassinia straminea,,,,,5,
Plantae,Flora,Asteraceae,1371,Cassinia subtropica,,,,,21,
Plantae,Flora,Asteraceae,12425,Cassinia telfordii,,,,,34,
Plantae,Flora,Asteraceae,1372,Cassinia tenuifolia,,Bully Bush,,,92,
Plantae,Flora,Asteraceae,15167,Cassinia theodorii,,,,,10,
Plantae,Flora,Asteraceae,12712,Cassinia theresae,,,,,7,
Plantae,Flora,Asteraceae,13956,Cassinia thinicola,,,,,5,
Plantae,Flora,Asteraceae,1374,Cassinia trinerva,,,,,993,
Plantae,Flora,Asteraceae,1375,Cassinia uncata,,Sticky Cassinia,,,1492,
Plantae,Flora,Asteraceae,12418,Cassinia venusta,,,,,7,
Plantae,Flora,Asteraceae,1376,Celmisia asteliifolia,,,,,10,
Plantae,Flora,Asteraceae,10834,Celmisia costiniana,,,,,482,
Plantae,Flora,Asteraceae,1377,Celmisia longifolia,,Snow Daisy,,,217,
Plantae,Flora,Asteraceae,12713,Celmisia longifolia subsp. paludosa m.s.,,,,,1,
Plantae,Flora,Asteraceae,10835,Celmisia pugioniformis,,,,,253,
Plantae,Flora,Asteraceae,11269,Celmisia 'pulchella',,,,,25,
Plantae,Flora,Asteraceae,CELM,Celmisia spp.,,,,,75,
Plantae,Flora,Asteraceae,10836,Celmisia tomentella,,,,,80,
Plantae,Flora,Asteraceae,1378,Centaurea calcitrapa,*,Star Thistle,,,338,
Plantae,Flora,Asteraceae,1379,Centaurea cyanus,*,Cornflower,,,2,
Plantae,Flora,Asteraceae,1382,Centaurea melitensis,*,Maltese Cockspur,,,3927,
Plantae,Flora,Asteraceae,1383,Centaurea solstitialis,*,St Barnabys Thistle,,,853,
Plantae,Flora,Asteraceae,10180,Centaurea sp. B,*,,,,2,
Plantae,Flora,Asteraceae,CENU,Centaurea spp.,*,Thistle,,,189,
Plantae,Flora,Asteraceae,12229,Centaurea stoebe subsp. micranthos,*,Spotted Knapweed,,,2,
Plantae,Flora,Asteraceae,12714,Centipeda crateriformis,,,,,4,
Plantae,Flora,Asteraceae,12715,Centipeda crateriformis subsp. compacta,,,,,22,
Plantae,Flora,Asteraceae,12716,Centipeda crateriformis subsp. crateriformis,,,,,43,
Plantae,Flora,Asteraceae,1384,Centipeda cunninghamii,,Common Sneezeweed,,,10711,
Plantae,Flora,Asteraceae,12717,Centipeda elatinoides,,,,,33,
Plantae,Flora,Asteraceae,14360,Centipeda minima subsp. minima,,spreading sneezeweed,,,1767,
Plantae,Flora,Asteraceae,12718,Centipeda nidiformis,,,,,8,
Plantae,Flora,Asteraceae,12719,Centipeda pleiocephala,,,,,21,
Plantae,Flora,Asteraceae,1385,Centipeda racemosa,,Snuffweed,,,6,
Plantae,Flora,Asteraceae,CENT,Centipeda spp.,,,,,222,
Plantae,Flora,Asteraceae,1386,Centipeda thespidioides,,Desert Sneezeweed,,,971,
Plantae,Flora,Asteraceae,8945,Centratherum punctatum,*,,,,43,
Plantae,Flora,Asteraceae,15086,Centratherum riparium,,,,,142,
Plantae,Flora,Asteraceae,1388,Ceratogyne obionoides,,Wingwort,,,13,
Plantae,Flora,Asteraceae,1391,Chondrilla juncea,*,Skeleton Weed,,,3581,
Plantae,Flora,Asteraceae,CHON,Chondrilla spp.,*,,,,10,
Plantae,Flora,Asteraceae,11977,Chromolaena odorata,*,,,,1,
Plantae,Flora,Asteraceae,1392,Chrysanthemoides monilifera,*,,,,773,
Plantae,Flora,Asteraceae,9400,Chrysanthemoides monilifera subsp. monilifera,*,Boneseed,,,356,
Plantae,Flora,Asteraceae,8686,Chrysanthemoides monilifera subsp. rotundata,*,Bitou Bush,,,1705,
Plantae,Flora,Asteraceae,10167,Chrysanthemum coronarium,*,Summer Chrysanthemum,,,5,
Plantae,Flora,Asteraceae,CHRS,Chrysanthemum spp.,*,,,,5,
Plantae,Flora,Asteraceae,8559,Chrysocephalum apiculatum,,Common Everlasting,,,13580,
Plantae,Flora,Asteraceae,15317,Chrysocephalum apiculatum subsp. attenuatum,,,,,1,
Plantae,Flora,Asteraceae,15195,Chrysocephalum apiculatum subsp. stoloniferum,,,,,9,
Plantae,Flora,Asteraceae,9609,Chrysocephalum baxteri,,Fringed Everlasting,,,53,
Plantae,Flora,Asteraceae,9409,Chrysocephalum pterochaetum,,Perennial Sunray,,,16,
Plantae,Flora,Asteraceae,8562,Chrysocephalum semipapposum,,Clustered Everlasting,,,4004,
Plantae,Flora,Asteraceae,CHRY,Chrysocephalum spp.,,,,,196,
Plantae,Flora,Asteraceae,1395,Chthonocephalus pseudevax,,Ground-heads,,,319,
Plantae,Flora,Asteraceae,1396,Cichorium endivia,*,Endive,,,3,
Plantae,Flora,Asteraceae,1397,Cichorium intybus,*,Chicory,,,371,
Plantae,Flora,Asteraceae,CICH,Cichorium spp.,*,,,,1,
Plantae,Flora,Asteraceae,10754,Cineraria lyratiformis,*,African Marigold,,,267,
Plantae,Flora,Asteraceae,CINE,Cineraria spp.,*,,,,14,
Plantae,Flora,Asteraceae,1399,Cirsium arvense,*,Perennial Thistle,,,65,
Plantae,Flora,Asteraceae,CIRS,Cirsium spp.,*,,,,204,
Plantae,Flora,Asteraceae,1400,Cirsium vulgare,*,Spear Thistle,,,26412,
Plantae,Flora,Asteraceae,1401,Cnicus benedictus,*,Blessed Thistle,,,5,
Plantae,Flora,Asteraceae,12724,Conyza aegyptiaca,*,,,,1,
Plantae,Flora,Asteraceae,1403,Conyza bilbaoana,*,,,,64,
Plantae,Flora,Asteraceae,1404,Conyza bonariensis,*,Flaxleaf Fleabane,,,15815,
Plantae,Flora,Asteraceae,10138,Conyza canadensis var. canadensis,*,Canadian Fleabane,,,660,
Plantae,Flora,Asteraceae,1407,Conyza leucantha,*,,,,3,
Plantae,Flora,Asteraceae,1408,Conyza parva,*,Fleabane,,,583,
Plantae,Flora,Asteraceae,11063,Conyza primulifolia,*,,,,9,
Plantae,Flora,Asteraceae,CONY,Conyza spp.,*,,,,9244,
Plantae,Flora,Asteraceae,10442,Conyza sumatrensis,*,Tall fleabane,,,6998,
Plantae,Flora,Asteraceae,12725,Conyza viscidula,*,,,,1,
Plantae,Flora,Asteraceae,1409,Coreopsis lanceolata,*,Coreopsis,,,740,
Plantae,Flora,Asteraceae,CORE,Coreopsis spp.,*,,,,39,
Plantae,Flora,Asteraceae,14208,Coronidium boormanii,,,,,14,
Plantae,Flora,Asteraceae,13745,Coronidium elatum,,,,,1013,
Plantae,Flora,Asteraceae,13959,Coronidium elatum subsp. elatum,,,,,49,
Plantae,Flora,Asteraceae,14209,Coronidium elatum subsp. minus,,,,,2,
Plantae,Flora,Asteraceae,14210,Coronidium kaputaricum,,,,,4,
Plantae,Flora,Asteraceae,13961,Coronidium oxylepis,,,,,185,
Plantae,Flora,Asteraceae,13962,Coronidium oxylepis subsp. lanatum,,,,,22,
Plantae,Flora,Asteraceae,13836,Coronidium scorpioides,,Button Everlasting,,,3875,
Plantae,Flora,Asteraceae,13885,Coronidium spp.,,,,,73,
Plantae,Flora,Asteraceae,13964,Coronidium telfordii,,,,,1,
Plantae,Flora,Asteraceae,13966,Coronidium waddelliae,,,,,82,
Plantae,Flora,Asteraceae,1410,Cosmos bipinnatus,*,,,,20,
Plantae,Flora,Asteraceae,1411,Cotula alpina,,Alpine Cotula,,,195,
Plantae,Flora,Asteraceae,1412,Cotula australis,,Common Cotula,,,3769,
Plantae,Flora,Asteraceae,1413,Cotula bipinnata,*,Ferny Cotula,,,548,
Plantae,Flora,Asteraceae,1414,Cotula coronopifolia,*,Water Buttons,,,472,
Plantae,Flora,Asteraceae,COTU,Cotula spp.,,,,,93,
Plantae,Flora,Asteraceae,11065,Cotula turbinata,*,,,,6,
Plantae,Flora,Asteraceae,14276,Craspedia adenophora,,,P,,31,
Plantae,Flora,Asteraceae,9552,Craspedia alba,,White Billy-buttons,P,,35,
Plantae,Flora,Asteraceae,9952,Craspedia aurantia,,,P,,191,
Plantae,Flora,Asteraceae,14812,Craspedia aurantia var. jamesii,,,P,,1,
Plantae,Flora,Asteraceae,9139,Craspedia canens,,Grey Billy-buttons,P,,187,
Plantae,Flora,Asteraceae,8565,Craspedia coolaminica,,,P,,273,
Plantae,Flora,Asteraceae,10152,Craspedia costiniana,,,P,,155,
Plantae,Flora,Asteraceae,10150,Craspedia crocata,,,P,,72,
Plantae,Flora,Asteraceae,10154,Craspedia haplorrhiza,,Billy Buttons,P,,64,
Plantae,Flora,Asteraceae,8566,Craspedia jamesii,,,P,,299,
Plantae,Flora,Asteraceae,10153,Craspedia lamicola,,Bog Billy-buttons,P,,67,
Plantae,Flora,Asteraceae,1419,Craspedia leucantha,,,P,,37,
Plantae,Flora,Asteraceae,10149,Craspedia maxgrayi,,,P,,119,
Plantae,Flora,Asteraceae,10151,Craspedia paludicola,,,P,,230,
Plantae,Flora,Asteraceae,12727,Craspedia sp. A,,,P,,2,
Plantae,Flora,Asteraceae,11656,Craspedia sp. aff. crocata (Bogong Swamp),*,,,,14,
Plantae,Flora,Asteraceae,12729,Craspedia sp. D,,,P,,7,
Plantae,Flora,Asteraceae,12731,Craspedia sp. F,,,P,,6,
Plantae,Flora,Asteraceae,CRAP,Craspedia spp.,,Billy Buttons,P,,491,
Plantae,Flora,Asteraceae,12736,Craspedia sylvestris,,,P,,2,
Plantae,Flora,Asteraceae,11253,Craspedia uniflora,,,P,,14,
Plantae,Flora,Asteraceae,8634,Craspedia variabilis,,Common Billy-buttons,P,,1517,
Plantae,Flora,Asteraceae,12737,Craspedia 'Wingecarribee',,,P,,2,
Plantae,Flora,Asteraceae,1421,Crassocephalum crepidioides,*,Thickhead,,,557,
Plantae,Flora,Asteraceae,13828,Crassocephalum spp.,,,,,5,
Plantae,Flora,Asteraceae,1422,Cratystylis conocephala,,Bluebush Daisy,E1,,114,
Plantae,Flora,Asteraceae,1423,Crepis capillaris,*,Smooth Hawksbeard,,,923,
Plantae,Flora,Asteraceae,10005,Crepis foetida subsp. vulgaris,*,Stinking Hawksbeard,,,78,
Plantae,Flora,Asteraceae,1425,Crepis setosa,*,,,,2,
Plantae,Flora,Asteraceae,CREP,Crepis spp.,*,,,,38,
Plantae,Flora,Asteraceae,13698,Cyanthillium cinereum,,little ironweed,,,3948,
Plantae,Flora,Asteraceae,15365,Cyanthillium cinereum var. cinereum,*,,,,3459,
Plantae,Flora,Asteraceae,15366,Cyanthillium cinereum var. lanatum,*,,,,112,
Plantae,Flora,Asteraceae,1426,Cymbonotus lawsonianus,,Bear's Ear,,,6550,
Plantae,Flora,Asteraceae,12739,Cymbonotus maidenii,,,,,27,
Plantae,Flora,Asteraceae,1427,Cymbonotus preissianus,,Austral Bear's Ear,,,906,
Plantae,Flora,Asteraceae,CYMN,Cymbonotus spp.,,,,,568,
Plantae,Flora,Asteraceae,1428,Cynara cardunculus,*,Cardoon,,,25,
Plantae,Flora,Asteraceae,1429,Cynara scolymus,*,Globe Artichoke,,,8,
Plantae,Flora,Asteraceae,12456,Dahlia spp.,*,,,,7,
Plantae,Flora,Asteraceae,6454,Delairea odorata,*,Cape Ivy,,,983,
Plantae,Flora,Asteraceae,DELA,Delairea spp.,*,,,,2,
Plantae,Flora,Asteraceae,1430,Dichrocephala integrifolia,*,,,,6,
Plantae,Flora,Asteraceae,1431,Dichromochlamys dentatifolia,,,,,33,
Plantae,Flora,Asteraceae,11078,Dimorphocoma minutula,,,,,2,
Plantae,Flora,Asteraceae,14577,Dimorphotheca ecklonis,*,Cape Daisy,,,247,
Plantae,Flora,Asteraceae,1432,Dimorphotheca pluvialis,*,Cape Marigold,,,38,
Plantae,Flora,Asteraceae,11583,Dimorphotheca sinuata,*,,,,1,
Plantae,Flora,Asteraceae,DIMT,Dimorphotheca spp.,*,,,,10,
Plantae,Flora,Asteraceae,1433,Dittrichia graveolens,*,Stinkwort,,,483,
Plantae,Flora,Asteraceae,12742,Echinops exaltatus,*,,,,1,
Plantae,Flora,Asteraceae,1434,Echinops sphaerocephalus,*,Globe Thistle,,,2,
Plantae,Flora,Asteraceae,7903,Eclipta platyglossa,,Yellow Twin-heads,,,3265,
Plantae,Flora,Asteraceae,1435,Eclipta prostrata,,,,,91,
Plantae,Flora,Asteraceae,ECLI,Eclipta spp.,,,,,5,
Plantae,Flora,Asteraceae,15306,Elachanthus glaber,,,,,1,
Plantae,Flora,Asteraceae,1436,Elachanthus pusillus,,Elachanth,,,31,
Plantae,Flora,Asteraceae,10117,Elephantopus mollis,*,,,,7,
Plantae,Flora,Asteraceae,12047,Emilia sonchifolia var. javanica,,,,,51,
Plantae,Flora,Asteraceae,ENYD,Enydra spp.,,,,,10,
Plantae,Flora,Asteraceae,14807,Enydra woollsii,,,,,262,
Plantae,Flora,Asteraceae,7425,Epaltes australis,,Spreading Nut-heads,,,919,
Plantae,Flora,Asteraceae,1438,Epaltes cunninghamii,,Tall Nut-heads,,,140,
Plantae,Flora,Asteraceae,EPAL,Epaltes spp.,,,,,1,
Plantae,Flora,Asteraceae,EREC,Erechtites spp.,*,,,,2,
Plantae,Flora,Asteraceae,1439,Erechtites valerianifolia,*,Brazilian Fireweed,,,387,
Plantae,Flora,Asteraceae,11025,Erigeron bellidioides,,,,,146,
Plantae,Flora,Asteraceae,1440,Erigeron conyzoides,,Daisy Fleabane,,,41,
Plantae,Flora,Asteraceae,11691,Erigeron glaucus,*,Seaside Fleabane,,,16,
Plantae,Flora,Asteraceae,1441,Erigeron karvinskianus,*,Bony-tip Fleabane,,,328,
Plantae,Flora,Asteraceae,10915,Erigeron nitidus,,,,,130,
Plantae,Flora,Asteraceae,10916,Erigeron paludicola,,,,,28,
Plantae,Flora,Asteraceae,1443,Erigeron setosus,,,,,44,
Plantae,Flora,Asteraceae,ERIG,Erigeron spp.,,,,,104,
Plantae,Flora,Asteraceae,1444,Eriocephalus africanus,*,Wild Rosemary,,,3,
Plantae,Flora,Asteraceae,1445,Eriochlamys behrii,,Woolly Mantle,,,64,
Plantae,Flora,Asteraceae,12743,Eriochlamys cupularis,,,,,30,
Plantae,Flora,Asteraceae,ERCH,Eriochlamys spp.,,Mantle,,,1,
Plantae,Flora,Asteraceae,12744,Eriochlamys squamata,,,,,36,
Plantae,Flora,Asteraceae,1446,Erodiophyllum elderi,,Koonamore Daisy,E1,,7,
Plantae,Flora,Asteraceae,1447,Ethulia conyzoides,*,,,,5,
Plantae,Flora,Asteraceae,12745,Euchiton delicatus,*,,,,1,
Plantae,Flora,Asteraceae,9904,Euchiton involucratus,,Star Cudweed,,,3033,
Plantae,Flora,Asteraceae,11439,Euchiton japonicus,,,,,4221,
Plantae,Flora,Asteraceae,13980,Euchiton limosus,,,,,16,
Plantae,Flora,Asteraceae,12746,Euchiton sp. E,,,,,1,
Plantae,Flora,Asteraceae,12747,Euchiton sp. G (aff. audax),,,,,1,
Plantae,Flora,Asteraceae,9690,Euchiton sphaericus,,Star Cudweed,,,8970,
Plantae,Flora,Asteraceae,EUCH,Euchiton spp.,,,,,3271,
Plantae,Flora,Asteraceae,9905,Euchiton traversii,,,,,37,
Plantae,Flora,Asteraceae,9906,Euchiton umbricola,,,,,10,
Plantae,Flora,Asteraceae,11447,Eupatorium lindleyanum,*,Joe Pye Weed,,,8,
Plantae,Flora,Asteraceae,6553,Euryops chrysanthemoides,*,,,,83,
Plantae,Flora,Asteraceae,EURY,Euryops spp.,*,,,,11,
Plantae,Flora,Asteraceae,1448,Ewartia nubigena,,Australian Edelweiss,,,89,
Plantae,Flora,Asteraceae,1449,Facelis retusa,*,,,,821,
Plantae,Flora,Asteraceae,FACE,Facelis spp.,*,,,,13,
Plantae,Flora,Asteraceae,7236,Flaveria australasica,,Speedy Weed,,,65,
Plantae,Flora,Asteraceae,10165,Gaillardia x grandiflora,*,,,,4,
Plantae,Flora,Asteraceae,1450,Galinsoga parviflora,*,Potato Weed,,,306,
Plantae,Flora,Asteraceae,12039,Gamochaeta antillana,*,,,,45,
Plantae,Flora,Asteraceae,10142,Gamochaeta calviceps,*,Cudweed,,,1006,
Plantae,Flora,Asteraceae,14493,Gamochaeta coarctata,*,,,,988,
Plantae,Flora,Asteraceae,10143,Gamochaeta pensylvanica,*,Cudweed,,,145,
Plantae,Flora,Asteraceae,12748,Gamochaeta purpurea,*,Purple Cudweed,,,2229,
Plantae,Flora,Asteraceae,11722,Gamochaeta spp.,*,,,,918,
Plantae,Flora,Asteraceae,GAMO,Gamolepis spp.,*,,,,1,
Plantae,Flora,Asteraceae,12749,Gazania linearis,*,,,,19,
Plantae,Flora,Asteraceae,9111,Gazania rigens,*,,,,116,
Plantae,Flora,Asteraceae,GAZA,Gazania spp.,*,,,,57,
Plantae,Flora,Asteraceae,13989,Glossocardia bidens,,Cobbler's Tack,,,3008,
Plantae,Flora,Asteraceae,10140,Gnaphalium diamantinense,,,,,3,
Plantae,Flora,Asteraceae,1458,Gnaphalium indutum,,Tiny Cudweed,,,4,
Plantae,Flora,Asteraceae,12750,Gnaphalium indutum subsp. acuminatum,,,,,1,
Plantae,Flora,Asteraceae,7316,Gnaphalium polycaulon,*,"Many-stemmed Cudweed, Indian Cudweed",,,108,
Plantae,Flora,Asteraceae,7714,Gnephosis arachnoidea,,Erect Yellow-heads,,,492,
Plantae,Flora,Asteraceae,1465,Gnephosis eriocarpa,,,,,295,
Plantae,Flora,Asteraceae,GNEP,Gnephosis spp.,,,,,6,
Plantae,Flora,Asteraceae,6804,Gnephosis tenuissima,,,,,321,
Plantae,Flora,Asteraceae,6884,Grindelia camporum var. australis,*,,,,1,
Plantae,Flora,Asteraceae,1469,Guizotia abyssinica,*,Rantil,,,3,
Plantae,Flora,Asteraceae,6935,Gymnocoronis spilanthoides,*,Senegal Tea,,,22,
Plantae,Flora,Asteraceae,12752,Gynura aurantiaca,*,,,,1,
Plantae,Flora,Asteraceae,9171,Gynura drymophila var. drymophila,,,,,3,
Plantae,Flora,Asteraceae,12120,Gynura drymophila var. glabrifolia,,,,,2,
Plantae,Flora,Asteraceae,HEDY,Hedypnois spp.,*,,,,27,
Plantae,Flora,Asteraceae,1472,Helianthus annuus,*,Common Sunflower,,,76,
Plantae,Flora,Asteraceae,1473,Helianthus ciliaris,*,Blue Weed,,,12,
Plantae,Flora,Asteraceae,7552,Helianthus debilis,*,,,,1,
Plantae,Flora,Asteraceae,1474,Helianthus tuberosus,*,Jerusalem Artichoke,,,10,
Plantae,Flora,Asteraceae,1484,Helichrysum calvertianum,,,V,V,134,
Plantae,Flora,Asteraceae,1494,Helichrysum leucopsideum,,Satin Everlasting,,,282,
Plantae,Flora,Asteraceae,1502,Helichrysum rutidolepis,,Pale Everlasting,,,963,
Plantae,Flora,Asteraceae,HELI,Helichrysum spp.,,,,,226,
Plantae,Flora,Asteraceae,9778,Helminthotheca echioides,*,Ox-tongue,,,374,
Plantae,Flora,Asteraceae,7163,Hemisteptia lyrata,,,,,6,
Plantae,Flora,Asteraceae,1538,Hemizonia pungens,*,Spikeweed,,,3,
Plantae,Flora,Asteraceae,1539,Heterotheca grandiflora,*,Telegraph Weed,,,36,
Plantae,Flora,Asteraceae,12053,Hieracium murorum,*,,,,8,
Plantae,Flora,Asteraceae,9412,Hyalosperma demissum,,Moss Sunray,,,55,
Plantae,Flora,Asteraceae,9083,Hyalosperma glutinosum subsp. glutinosum,,,,,172,
Plantae,Flora,Asteraceae,9413,Hyalosperma praecox,,,,,49,
Plantae,Flora,Asteraceae,8515,Hyalosperma semisterile,,,,,1000,
Plantae,Flora,Asteraceae,HYAL,Hyalosperma spp.,,,,,13,
Plantae,Flora,Asteraceae,15124,Hypochaeris albiflora,*,White Flatweed,,,948,
Plantae,Flora,Asteraceae,1540,Hypochaeris glabra,*,Smooth Catsear,,,9656,
Plantae,Flora,Asteraceae,8788,Hypochaeris radicata,*,Catsear,,,36464,
Plantae,Flora,Asteraceae,HYPC,Hypochaeris spp.,*,,,,541,
Plantae,Flora,Asteraceae,1542,Isoetopsis graminifolia,,Grass Cushion,,,1278,
Plantae,Flora,Asteraceae,1543,Ixiochlamys cuneifolia,,Silverton Daisy,,,54,
Plantae,Flora,Asteraceae,12764,Ixiochlamys filicifolia,,,,,4,
Plantae,Flora,Asteraceae,1544,Ixiochlamys nana,,Small Fuzzweed,,,18,
Plantae,Flora,Asteraceae,IXIL,Ixiolaena spp.,,,,,106,
Plantae,Flora,Asteraceae,1548,Kippistia suaedifolia,,Fleshy Minuria,E1,,30,
Plantae,Flora,Asteraceae,1549,Lactuca saligna,*,Willow-leaved Lettuce,,,1088,
Plantae,Flora,Asteraceae,1550,Lactuca serriola,*,Prickly Lettuce,,,6436,
Plantae,Flora,Asteraceae,13677,Lactuca serriola f. integrifolia,*,,,,69,
Plantae,Flora,Asteraceae,13676,Lactuca serriola f. serriola,*,,,,104,
Plantae,Flora,Asteraceae,LACT,Lactuca spp.,*,,,,193,
Plantae,Flora,Asteraceae,1551,Lagenifera stipitata,,Blue Bottle-daisy,,,5783,
Plantae,Flora,Asteraceae,15623,Lagenophora brachyglossa,,,,,3,
Plantae,Flora,Asteraceae,11959,Lagenophora gracilis,,Slender Lagenophora,,,1754,
Plantae,Flora,Asteraceae,14243,Lagenophora huegelii,,,,,1,
Plantae,Flora,Asteraceae,12765,Lagenophora montana,,,,,30,
Plantae,Flora,Asteraceae,LAGP,Lagenophora spp.,,,,,212,
Plantae,Flora,Asteraceae,11960,Lagenophora stipitata,,Common Lagenophora,,,1797,
Plantae,Flora,Asteraceae,10181,Lapsana communis subsp. communis,*,Nipplewort,,,7,
Plantae,Flora,Asteraceae,12766,Leiocarpa brevicompta,,Flat Billy-buttons,,,474,
Plantae,Flora,Asteraceae,12767,Leiocarpa leptolepis,,Pale Plover-daisy,,,919,
Plantae,Flora,Asteraceae,12049,Leiocarpa panaetioides,,Wooly Buttons,,,771,
Plantae,Flora,Asteraceae,12185,Leiocarpa semicalva subsp. semicalva,,,,,206,
Plantae,Flora,Asteraceae,12423,Leiocarpa serpens,,,,,12,
Plantae,Flora,Asteraceae,LEIO,Leiocarpa spp.,,,,,100,
Plantae,Flora,Asteraceae,12105,Leiocarpa tomentosa,,Woolly Plover-daisy,,,378,
Plantae,Flora,Asteraceae,12769,Leiocarpa websteri,,,,,285,
Plantae,Flora,Asteraceae,9716,Lemooria burkittii,,Wires-a-wool,,,330,
Plantae,Flora,Asteraceae,15129,Leontodon rhagadioloides,*,Cretan Weed,,,2500,
Plantae,Flora,Asteraceae,11284,Leontodon sp. (Kosciuszko NP),,,,,2,
Plantae,Flora,Asteraceae,LEON,Leontodon spp.,,,,,28,
Plantae,Flora,Asteraceae,10182,Leontodon taraxacoides subsp. taraxacoides,*,Lesser Hawkbit,,,473,
Plantae,Flora,Asteraceae,8703,Leptinella filicula,,,,,366,
Plantae,Flora,Asteraceae,9203,Leptinella longipes,,,,,310,
Plantae,Flora,Asteraceae,12770,Leptinella reptans,,,,,3,
Plantae,Flora,Asteraceae,7624,Leptorhynchos baileyi,,Woolly Buttons,,,158,
Plantae,Flora,Asteraceae,1554,Leptorhynchos elongatus,,Lanky Buttons,,,118,
Plantae,Flora,Asteraceae,1555,Leptorhynchos nitidulus,,,,,29,
Plantae,Flora,Asteraceae,11295,Leptorhynchos orientalis,,Lanky Buttons,E1,,169,
Plantae,Flora,Asteraceae,LEPO,Leptorhynchos spp.,,,,,42,
Plantae,Flora,Asteraceae,1557,Leptorhynchos squamatus,,Scaly Buttons,,,2118,
Plantae,Flora,Asteraceae,12062,Leptorhynchos squamatus subsp. alpinus,,Scaly Buttons,,,185,
Plantae,Flora,Asteraceae,11831,Leptorhynchos squamatus subsp. squamatus,,,,,473,
Plantae,Flora,Asteraceae,1558,Leptorhynchos tetrachaetus,,Beauty Buttons,,,35,
Plantae,Flora,Asteraceae,1559,Leptorhynchos waitzia,,Button Immortelle,E1,,4,
Plantae,Flora,Asteraceae,1560,Leucanthemum vulgare,*,Oxeye Daisy,,,339,
Plantae,Flora,Asteraceae,11106,Leucanthemum x superbum,*,Shasta Daisy,,,10,
Plantae,Flora,Asteraceae,8838,Leucochrysum albicans,,,,,260,
Plantae,Flora,Asteraceae,8837,Leucochrysum albicans subsp. albicans,,,,,282,
Plantae,Flora,Asteraceae,15364,Leucochrysum albicans subsp. tricolor,,Hoary Sunray,E1,E,2924,
Plantae,Flora,Asteraceae,15047,Leucochrysum alpinum,,Alpine Sunray,,,61,
Plantae,Flora,Asteraceae,8816,Leucochrysum graminifolium,,,,,151,
Plantae,Flora,Asteraceae,8924,Leucochrysum molle,,Hoary Sunray,,,300,
Plantae,Flora,Asteraceae,LEUH,Leucochrysum spp.,,,,,15,
Plantae,Flora,Asteraceae,12771,Ligularia tusseloginea,*,,,,1,
Plantae,Flora,Asteraceae,10113,Logfia gallica,*,Narrow-leaved Cudweed,,,49,
Plantae,Flora,Asteraceae,1562,Lordhowea insularis,,,,,23,
Plantae,Flora,Asteraceae,1563,Madia sativa,*,Tarweed,,,14,
Plantae,Flora,Asteraceae,6793,Matricaria matricarioides,*,Rounded Chamomile,,,6,
Plantae,Flora,Asteraceae,7222,Matricaria recutita,*,Annual Chamomile,,,1,
Plantae,Flora,Asteraceae,12772,Mauranthemum paludosum,*,,,,1,
Plantae,Flora,Asteraceae,1565,Melanthera biflora,,,,,105,
Plantae,Flora,Asteraceae,12773,Microseris forsteri,,,,,1,
Plantae,Flora,Asteraceae,1566,Microseris lanceolata,,Yam Daisy,,,1651,
Plantae,Flora,Asteraceae,13728,Microseris sp. Snowfields,,,,,23,
Plantae,Flora,Asteraceae,MICS,Microseris spp.,,,,,6,
Plantae,Flora,Asteraceae,1567,Millotia greevesii,,,,,24,
Plantae,Flora,Asteraceae,11119,Millotia greevesii subsp. glandulosa,,,,,35,
Plantae,Flora,Asteraceae,11118,Millotia greevesii subsp. greevesii,,,,,64,
Plantae,Flora,Asteraceae,10160,Millotia macrocarpa,,,,,5,
Plantae,Flora,Asteraceae,12108,Millotia muelleri,,,,,2,
Plantae,Flora,Asteraceae,1568,Millotia myosotidifolia,,Broad-leaved Millotia,,,208,
Plantae,Flora,Asteraceae,9416,Millotia perpusilla,,Tiny Bow-flower,,,64,
Plantae,Flora,Asteraceae,MILL,Millotia spp.,,,,,2,
Plantae,Flora,Asteraceae,10159,Millotia tenuifolia var. tenuifolia,,,,,9,
Plantae,Flora,Asteraceae,1570,Minuria annua,,,,,9,
Plantae,Flora,Asteraceae,1571,Minuria cunninghamii,,Bush Minuria,,,770,
Plantae,Flora,Asteraceae,1572,Minuria denticulata,,,,,118,
Plantae,Flora,Asteraceae,1573,Minuria integerrima,,Smooth Minuria,,,614,
Plantae,Flora,Asteraceae,1574,Minuria leptophylla,,,,,856,
Plantae,Flora,Asteraceae,11120,Minuria scoparia,,,,,19,
Plantae,Flora,Asteraceae,MINU,Minuria spp.,,,,,67,
Plantae,Flora,Asteraceae,12774,Monoculus monstrosus,*,,,,7,
Plantae,Flora,Asteraceae,1575,Montanoa bipinnatifida,*,,,,5,
Plantae,Flora,Asteraceae,10162,Myriocephalus pluriflorus,,Woolly-heads,,,54,
Plantae,Flora,Asteraceae,1576,Myriocephalus rhizocephalus,,Woolly-heads,,,313,
Plantae,Flora,Asteraceae,9570,Olearia aglossa,,,,,10,
Plantae,Flora,Asteraceae,1578,Olearia algida,,Alpine Daisy-bush,,,192,
Plantae,Flora,Asteraceae,1579,Olearia alpicola,,Alpine Daisy-bush,,,91,
Plantae,Flora,Asteraceae,1580,Olearia argophylla,,Native Musk,,,916,
Plantae,Flora,Asteraceae,1581,Olearia asterotricha,,Rough Daisy-bush,,,38,
Plantae,Flora,Asteraceae,1582,Olearia axillaris,,Coast Daisy-bush,,,18,
Plantae,Flora,Asteraceae,1583,Olearia ballii,,Mountain Daisy,,,11,
Plantae,Flora,Asteraceae,11642,Olearia brevipedunculata,,,,,105,
Plantae,Flora,Asteraceae,9449,Olearia burgessii,,,,,4,
Plantae,Flora,Asteraceae,1584,Olearia calcarea,,,,,13,
Plantae,Flora,Asteraceae,1585,Olearia canescens,,,,,75,
Plantae,Flora,Asteraceae,1586,Olearia chrysophylla,,,,,44,
Plantae,Flora,Asteraceae,1587,Olearia cordata,,,V,V,163,
Plantae,Flora,Asteraceae,8704,Olearia covenyi,,,,,73,
Plantae,Flora,Asteraceae,1588,Olearia cydoniifolia,,,,,67,
Plantae,Flora,Asteraceae,1589,Olearia decurrens,,Clammy Daisy-bush,,,165,
Plantae,Flora,Asteraceae,1590,Olearia elliptica,,Sticky Daisy-bush,,,3867,
Plantae,Flora,Asteraceae,10480,Olearia elliptica subsp. elliptica,,,,,1662,
Plantae,Flora,Asteraceae,10479,Olearia elliptica subsp. praetermissa,,,,,2,
Plantae,Flora,Asteraceae,1591,Olearia erubescens,,Pink-tip Daisy-bush,,,1289,
Plantae,Flora,Asteraceae,1592,Olearia flocktoniae,,Dorrigo Daisy Bush,E1,E,672,
Plantae,Flora,Asteraceae,1593,Olearia floribunda,,Heath Daisy-bush,,,50,
Plantae,Flora,Asteraceae,1594,Olearia glandulosa,,,,,36,
Plantae,Flora,Asteraceae,1595,Olearia gravis,,,,,51,
Plantae,Flora,Asteraceae,8294,Olearia heterocarpa,,,,,29,
Plantae,Flora,Asteraceae,10134,Olearia incana,,,,,8,
Plantae,Flora,Asteraceae,1596,Olearia iodochroa,,Violet Daisy-bush,,,89,
Plantae,Flora,Asteraceae,9571,Olearia lasiophylla,,,,,12,
Plantae,Flora,Asteraceae,1597,Olearia lepidophylla,,Club-moss Daisy-bush,,,54,
Plantae,Flora,Asteraceae,1598,Olearia lirata,,Snowy Daisy-bush,,,143,
Plantae,Flora,Asteraceae,1599,Olearia magniflora,,,,,15,
Plantae,Flora,Asteraceae,1600,Olearia megalophylla,,Large-leaf Daisy-bush,,,387,
Plantae,Flora,Asteraceae,1601,Olearia microphylla,,,,,717,
Plantae,Flora,Asteraceae,10135,Olearia minor,,,,,2,
Plantae,Flora,Asteraceae,9572,Olearia montana,,,,,8,
Plantae,Flora,Asteraceae,1602,Olearia mooneyi,,Pumpkin Bush,,,6,
Plantae,Flora,Asteraceae,1603,Olearia muelleri,,Mueller's Daisy Bush,,,634,
Plantae,Flora,Asteraceae,1604,Olearia myrsinoides,,Blush Daisy Bush,,,209,
Plantae,Flora,Asteraceae,1605,Olearia nernstii,,,,,192,
Plantae,Flora,Asteraceae,8635,Olearia oppositifolia,,,,,124,
Plantae,Flora,Asteraceae,10136,Olearia passerinoides,,Slender Daisy Bush,,,2,
Plantae,Flora,Asteraceae,9291,Olearia passerinoides subsp. glutescens,,,,,2,
Plantae,Flora,Asteraceae,9290,Olearia passerinoides subsp. passerinoides,,,,,23,
Plantae,Flora,Asteraceae,1607,Olearia phlogopappa,,Dusty Daisy-bush,,,782,
Plantae,Flora,Asteraceae,15147,Olearia phlogopappa subsp. continentalis,,,,,1,
Plantae,Flora,Asteraceae,1608,Olearia pimeleoides,,,,,1842,
Plantae,Flora,Asteraceae,14256,Olearia pimeleoides subsp. pimeleoides,,,,,22,
Plantae,Flora,Asteraceae,1609,Olearia quercifolia,,Oak-leaved Olearia,,,349,
Plantae,Flora,Asteraceae,1610,Olearia ramosissima,,,,,129,
Plantae,Flora,Asteraceae,1611,Olearia ramulosa,,Twiggy Daisy-bush,,,569,
Plantae,Flora,Asteraceae,9573,Olearia rhizomatica,,,,,9,
Plantae,Flora,Asteraceae,1612,Olearia rosmarinifolia,,,,,82,
Plantae,Flora,Asteraceae,1613,Olearia rudis,,Daisy-bush,,,32,
Plantae,Flora,Asteraceae,14819,Olearia rugosa subsp. distalilobata,,,E1,E,3,
Plantae,Flora,Asteraceae,14516,Olearia sp. aff. chrysophylla (Macleay-Apsley),,,,,1,
Plantae,Flora,Asteraceae,9843,Olearia sp. aff. erubescens,,,,,6,
Plantae,Flora,Asteraceae,8490,Olearia sp. aff. teretifolia,,,,,6,
Plantae,Flora,Asteraceae,8580,Olearia sp. nov. aff. lirata,,,,,1,
Plantae,Flora,Asteraceae,14725,Olearia sp. nov. Wingello,,,,,4,
Plantae,Flora,Asteraceae,OLEA,Olearia spp.,,,,,341,
Plantae,Flora,Asteraceae,9372,Olearia stellulata,,,,,395,
Plantae,Flora,Asteraceae,10911,Olearia stenophylla,,,,,7,
Plantae,Flora,Asteraceae,1614,Olearia stilwelliae,,,,,196,
Plantae,Flora,Asteraceae,1615,Olearia subspicata,,,,,199,
Plantae,Flora,Asteraceae,10137,Olearia suffruticosa,,Clustered Daisy-bush,,,10,
Plantae,Flora,Asteraceae,1616,Olearia tenuifolia,,Thin-leaf Daisy-bush,,,122,
Plantae,Flora,Asteraceae,1617,Olearia tomentosa,,Toothed Daisy-bush,,,515,
Plantae,Flora,Asteraceae,1618,Olearia viscidula,,Wallaby Weed,,,2789,
Plantae,Flora,Asteraceae,8385,Olearia viscosa,,,,,19,
Plantae,Flora,Asteraceae,12777,Oncosiphon piluliferum,*,,,,3,
Plantae,Flora,Asteraceae,8884,Onopordum acanthium subsp. acanthium,*,Scotch Thistle,,,2029,
Plantae,Flora,Asteraceae,1620,Onopordum acaulon,*,Stemless Thistle,,,205,
Plantae,Flora,Asteraceae,10178,Onopordum illyricum subsp. illyricum,*,Illyrian Thistle,,,99,
Plantae,Flora,Asteraceae,ONOP,Onopordum spp.,*,,,,102,
Plantae,Flora,Asteraceae,13708,Osteospermum fruticosum,*,,,,65,
Plantae,Flora,Asteraceae,OSTO,Osteospermum spp.,*,Stinking Roger/South African daisy,,,46,
Plantae,Flora,Asteraceae,8705,Ozothamnus adnatus,,Winged Everlasting,,,96,
Plantae,Flora,Asteraceae,10157,Ozothamnus alpinus,,Alpine Everlasting,,,85,
Plantae,Flora,Asteraceae,9404,Ozothamnus argophyllus,,,,,752,
Plantae,Flora,Asteraceae,8663,Ozothamnus bidwillii,,,,,95,
Plantae,Flora,Asteraceae,9206,Ozothamnus cassinioides,,,,,31,
Plantae,Flora,Asteraceae,9610,Ozothamnus conditus,,,,,144,
Plantae,Flora,Asteraceae,9611,Ozothamnus cuneifolius,,Wedge Everlasting,,,378,
Plantae,Flora,Asteraceae,13839,Ozothamnus cupressoides,,,,,44,
Plantae,Flora,Asteraceae,11127,Ozothamnus dendroideus,,Tree Everlasting,,,97,
Plantae,Flora,Asteraceae,8557,Ozothamnus diosmifolius,,White Dogwood,,,7949,
Plantae,Flora,Asteraceae,9439,Ozothamnus diotophyllus,,,,,41,
Plantae,Flora,Asteraceae,12779,Ozothamnus eriocephalus,,,,,2,
Plantae,Flora,Asteraceae,8885,Ozothamnus ferrugineus,,Tree Everlasting,,,128,
Plantae,Flora,Asteraceae,10156,Ozothamnus hookeri,,Kerosene Bush,,,67,
Plantae,Flora,Asteraceae,9999,Ozothamnus obcordatus,,,,,246,
Plantae,Flora,Asteraceae,8706,Ozothamnus obcordatus subsp. major,,Grey Everlasting,,,352,
Plantae,Flora,Asteraceae,8915,Ozothamnus obcordatus subsp. obcordatus,,,,,36,
Plantae,Flora,Asteraceae,8817,Ozothamnus obovatus,,,,,102,
Plantae,Flora,Asteraceae,9533,Ozothamnus rosmarinifolius,,,,,29,
Plantae,Flora,Asteraceae,8665,Ozothamnus rufescens,,,,,255,
Plantae,Flora,Asteraceae,9968,Ozothamnus secundiflorus,,Cascade Everlasting,,,196,
Plantae,Flora,Asteraceae,12780,Ozothamnus sp. (Boonoo Boonoo),,,,,1,
Plantae,Flora,Asteraceae,12781,Ozothamnus sp. Ebor Falls,,,,,1,
Plantae,Flora,Asteraceae,OZOT,Ozothamnus spp.,,,,,128,
Plantae,Flora,Asteraceae,10004,Ozothamnus stirlingii,,Ovens Everlasting,,,66,
Plantae,Flora,Asteraceae,9507,Ozothamnus tesselatus,,,V,V,106,
Plantae,Flora,Asteraceae,9612,Ozothamnus thyrsoideus,,,,,326,
Plantae,Flora,Asteraceae,8916,Ozothamnus tuckeri,,,,,77,
Plantae,Flora,Asteraceae,10158,Ozothamnus turbinatus,,,,,14,
Plantae,Flora,Asteraceae,8664,Ozothamnus vagans,,Wollumbin Dogwood,E1,V,90,
Plantae,Flora,Asteraceae,8666,Ozothamnus whitei,,,,,54,
Plantae,Flora,Asteraceae,1623,Parantennaria uniceps,,Parantennaria,,,53,
Plantae,Flora,Asteraceae,1624,Parthenium hysterophorus,*,Parthenium Weed,,,9,
Plantae,Flora,Asteraceae,12783,Pentzia globosa,*,,,,1,
Plantae,Flora,Asteraceae,11130,Pentzia incana,*,,,,11,
Plantae,Flora,Asteraceae,10682,Picris altissima,*,,,,1,
Plantae,Flora,Asteraceae,10683,Picris angustifolia,,,,,218,
Plantae,Flora,Asteraceae,10684,Picris angustifolia subsp. angustifolia,,,,,498,
Plantae,Flora,Asteraceae,10685,Picris angustifolia subsp. carolorum-henricorum,,,,,120,
Plantae,Flora,Asteraceae,11235,Picris angustifolia subsp. merxmuelleri,,,,,144,
Plantae,Flora,Asteraceae,10687,Picris barbarorum,,Plains Picris,,,11,
Plantae,Flora,Asteraceae,10688,Picris burbidgei,,,,,17,
Plantae,Flora,Asteraceae,9681,Picris eichleri,,,,,31,
Plantae,Flora,Asteraceae,7855,Picris evae,,Hawkweed,V,V,38,
Plantae,Flora,Asteraceae,9845,Picris sp. nov.,,,,,1,
Plantae,Flora,Asteraceae,PICR,Picris spp.,,,,,107,
Plantae,Flora,Asteraceae,10183,Picris squarrosa,,,,,22,
Plantae,Flora,Asteraceae,15214,Pilosella aurantiaca,*,Orange Hawkweed,,,336,
Plantae,Flora,Asteraceae,15215,Pilosella officinarum,*,Mouse-ear Hawkweed,,,39,
Plantae,Flora,Asteraceae,1627,Pluchea baccharoides,,Narrow-leaved Plains-bush,,,10,
Plantae,Flora,Asteraceae,1628,Pluchea dentex,,Bowl Daisy,,,56,
Plantae,Flora,Asteraceae,12784,Pluchea dunlopii,,,,,21,
Plantae,Flora,Asteraceae,6450,Pluchea rubelliflora,,,,,4,
Plantae,Flora,Asteraceae,7088,Pluchea tetranthera,,Pink Plains-bush,,,40,
Plantae,Flora,Asteraceae,1629,Podolepis arachnoidea,,Clustered Copper-wire Daisy,,,222,
Plantae,Flora,Asteraceae,1630,Podolepis canescens,,Large Copper-wire Daisy,,,66,
Plantae,Flora,Asteraceae,1631,Podolepis capillaris,,Invisible Plant,,,719,
Plantae,Flora,Asteraceae,1632,Podolepis hieracioides,,,,,238,
Plantae,Flora,Asteraceae,1633,Podolepis jaceoides,,Showy Copper-wire Daisy,,,937,
Plantae,Flora,Asteraceae,1634,Podolepis longipedata,,Tall Copper-wire Daisy,,,53,
Plantae,Flora,Asteraceae,8295,Podolepis monticola,,,,,5,
Plantae,Flora,Asteraceae,1635,Podolepis muelleri,,Small Copper-wire Daisy,,,328,
Plantae,Flora,Asteraceae,1636,Podolepis neglecta,,,,,661,
Plantae,Flora,Asteraceae,15233,Podolepis omissa,,,,,22,
Plantae,Flora,Asteraceae,1637,Podolepis robusta,,Mountain Lettuce,,,164,
Plantae,Flora,Asteraceae,11275,Podolepis sp aff robusta (N.E. Alps),,,,,13,
Plantae,Flora,Asteraceae,12786,Podolepis sp. nov. (Bulga),,,,,3,
Plantae,Flora,Asteraceae,PODO,Podolepis spp.,,,,,152,
Plantae,Flora,Asteraceae,12251,Podolepis tepperi,,,,,1,
Plantae,Flora,Asteraceae,1639,Podotheca angustifolia,,Sticky-heads,,,53,
Plantae,Flora,Asteraceae,7634,Pogonolepis muelleriana,,,,,149,
Plantae,Flora,Asteraceae,11144,Polycalymma stuartii,,Poached Eggs,,,605,
Plantae,Flora,Asteraceae,7780,Pseudognaphalium luteoalbum,,Jersey Cudweed,,,2841,
Plantae,Flora,Asteraceae,14267,Psiadia altissima,*,,,,1,
Plantae,Flora,Asteraceae,1640,Pterocaulon redolens,,,,,21,
Plantae,Flora,Asteraceae,7829,Pterocaulon sphacelatum,,Applebush,,,298,
Plantae,Flora,Asteraceae,10155,Pycnosorus chrysanthes,,Golden Billy-buttons,P,,210,
Plantae,Flora,Asteraceae,8911,Pycnosorus globosus,,Drumsticks,P,,496,
Plantae,Flora,Asteraceae,8912,Pycnosorus pleiocephalus,,,P,,550,
Plantae,Flora,Asteraceae,PYCN,Pycnosorus spp.,,,P,,30,
Plantae,Flora,Asteraceae,10163,Pycnosorus thompsonianus,,,P,,113,
Plantae,Flora,Asteraceae,1641,Reichardia tingitana,*,False Sowthistle,,,215,
Plantae,Flora,Asteraceae,14032,Rhaponticum repens,*,Creeping Knapweed,,,28,
Plantae,Flora,Asteraceae,8563,Rhodanthe anthemoides,,,,,404,
Plantae,Flora,Asteraceae,12787,Rhodanthe chlorocephala subsp. rosea,,,,,1,
Plantae,Flora,Asteraceae,12788,Rhodanthe citrina,,,,,5,
Plantae,Flora,Asteraceae,8919,Rhodanthe corymbiflora,,Small White Sunray,,,2761,
Plantae,Flora,Asteraceae,8513,Rhodanthe diffusa,,Ascending Sunray,,,206,
Plantae,Flora,Asteraceae,10147,Rhodanthe diffusa subsp. diffusa,,,,,78,
Plantae,Flora,Asteraceae,10148,Rhodanthe diffusa subsp. leucactina,,,,,182,
Plantae,Flora,Asteraceae,8920,Rhodanthe floribunda,,Common White Sunray,,,1633,
Plantae,Flora,Asteraceae,9383,Rhodanthe laevis,,Smooth Sunray,,,174,
Plantae,Flora,Asteraceae,12789,Rhodanthe manglesii,,,,,1,
Plantae,Flora,Asteraceae,8918,Rhodanthe microglossa,,Clustered Sunray,,,178,
Plantae,Flora,Asteraceae,8921,Rhodanthe moschata,,,,,680,
Plantae,Flora,Asteraceae,9084,Rhodanthe polygalifolia,,Brilliant Sunray,,,96,
Plantae,Flora,Asteraceae,8818,Rhodanthe polyphylla,,,,,12,
Plantae,Flora,Asteraceae,9384,Rhodanthe pygmaea,,Pigmy Sunray,,,1075,
Plantae,Flora,Asteraceae,12790,Rhodanthe sp. Point Lookout,,,,,2,
Plantae,Flora,Asteraceae,RHOA,Rhodanthe spp.,,,,,130,
Plantae,Flora,Asteraceae,9420,Rhodanthe stricta,,Slender Sunray,,,264,
Plantae,Flora,Asteraceae,8922,Rhodanthe stuartiana,,,,,196,
Plantae,Flora,Asteraceae,9421,Rhodanthe tietkensii,,,,,12,
Plantae,Flora,Asteraceae,8923,Rhodanthe troedelii,,,,,32,
Plantae,Flora,Asteraceae,9422,Rhodanthe uniflora,,,,,145,
Plantae,Flora,Asteraceae,6614,Roldana petasitis,*,,,,76,
Plantae,Flora,Asteraceae,1642,Rutidosis helichrysoides,,Grey Wrinklewort,,,336,
Plantae,Flora,Asteraceae,1643,Rutidosis heterogama,,Heath Wrinklewort,V,V,2340,
Plantae,Flora,Asteraceae,1644,Rutidosis leiolepis,,Monaro Golden Daisy,V,V,91,
Plantae,Flora,Asteraceae,1645,Rutidosis leptorrhynchoides,,Button Wrinklewort,E1,E,129,
Plantae,Flora,Asteraceae,11151,Rutidosis murchisonii,,,,,3,
Plantae,Flora,Asteraceae,RUTI,Rutidosis spp.,,,,,4,
Plantae,Flora,Asteraceae,12792,Santolina chamaecyparissus,*,,,,2,
Plantae,Flora,Asteraceae,10166,Schkuhria pinnata var. abrotanoides,*,Dwarf Marigold,,,1273,
Plantae,Flora,Asteraceae,SCHK,Schkuhria spp.,*,,,,9,
Plantae,Flora,Asteraceae,12793,Schoenia ramosissima,,,,,47,
Plantae,Flora,Asteraceae,1649,Scolymus hispanicus,*,Golden Thistle,,,16,
Plantae,Flora,Asteraceae,1650,Scolymus maculatus,*,Spotted Thistle,,,28,
Plantae,Flora,Asteraceae,11159,Scorzonera laciniata,*,,,,294,
Plantae,Flora,Asteraceae,12794,Scorzonera laciniata var. calcitrapifolia,*,,,,3,
Plantae,Flora,Asteraceae,14035,Scorzonera laciniata var. laciniata,*,,,,1,
Plantae,Flora,Asteraceae,1651,Senecio amygdalifolius,,,,,586,
Plantae,Flora,Asteraceae,12795,Senecio anethifolius subsp. anethifolius,,,,,24,
Plantae,Flora,Asteraceae,11161,Senecio angulatus,*,,,,38,
Plantae,Flora,Asteraceae,12797,Senecio australis,,,,,1,
Plantae,Flora,Asteraceae,11809,Senecio bathurstianus,,,,,710,
Plantae,Flora,Asteraceae,1652,Senecio behrianus,,,E4,E,1,
Plantae,Flora,Asteraceae,1653,Senecio bipinnatisectus,,,,,225,
Plantae,Flora,Asteraceae,1654,Senecio biserratus,,,,,204,
Plantae,Flora,Asteraceae,12798,Senecio campylocarpus,,,,,3,
Plantae,Flora,Asteraceae,1655,Senecio crassiflorus,*,,,,13,
Plantae,Flora,Asteraceae,8627,Senecio cunninghamii var. cunninghamii,,,,,456,
Plantae,Flora,Asteraceae,1657,Senecio daltonii,,,,,33,
Plantae,Flora,Asteraceae,12799,Senecio dangarensis ms,,,,,1,
Plantae,Flora,Asteraceae,7914,Senecio diaschides,,,,,2130,
Plantae,Flora,Asteraceae,11622,Senecio distalilobatus,,,,,60,
Plantae,Flora,Asteraceae,12800,Senecio dolichocephalus,,,,,5,
Plantae,Flora,Asteraceae,1658,Senecio elegans,*,Purple Groundsel,,,17,
Plantae,Flora,Asteraceae,12801,Senecio esleri,,,,,1,
Plantae,Flora,Asteraceae,11635,Senecio extensus,,,,,37,
Plantae,Flora,Asteraceae,7097,Senecio garlandii,,Woolly Ragwort,V,,79,
Plantae,Flora,Asteraceae,11162,Senecio glastifolius,*,Holly-leaved Senecio,,,9,
Plantae,Flora,Asteraceae,1660,Senecio glomeratus,,,,,186,
Plantae,Flora,Asteraceae,1661,Senecio glossanthus,,Streaked Poverty Bush,,,1425,
Plantae,Flora,Asteraceae,1662,Senecio gregorii,,,,,134,
Plantae,Flora,Asteraceae,1663,Senecio gunnii,,,,,818,
Plantae,Flora,Asteraceae,1664,Senecio hispidulus,,Hill Fireweed,,,1915,
Plantae,Flora,Asteraceae,10503,Senecio howeanus,,,,,16,
Plantae,Flora,Asteraceae,11538,Senecio interpositus,,,,,21,
Plantae,Flora,Asteraceae,1665,Senecio jacobaea,*,Ragwort,,,173,
Plantae,Flora,Asteraceae,12802,Senecio lacustrinus,,,,,30,
Plantae,Flora,Asteraceae,11636,Senecio lageniformis,,,,,29,
Plantae,Flora,Asteraceae,12803,Senecio lanibracteus,,,,,143,
Plantae,Flora,Asteraceae,1666,Senecio lautus,,Variable Groundsel,,,418,
Plantae,Flora,Asteraceae,10172,Senecio leptocarpus,,,,,1,
Plantae,Flora,Asteraceae,1667,Senecio linearifolius,,Fireweed Groundsel,,,3021,
Plantae,Flora,Asteraceae,12804,Senecio linearifolius var. arachnoideus,,,,,119,
Plantae,Flora,Asteraceae,11819,Senecio linearifolius var. dangarensis,,,E1,,19,
Plantae,Flora,Asteraceae,12805,Senecio linearifolius var. denticulatus,,,,,2,
Plantae,Flora,Asteraceae,12806,Senecio linearifolius var. glaucus ms.,,,,,58,
Plantae,Flora,Asteraceae,12807,Senecio linearifolius var. intermedius,,,,,4,
Plantae,Flora,Asteraceae,12808,Senecio linearifolius var. latifolius,,,,,38,
Plantae,Flora,Asteraceae,12809,Senecio linearifolius var. macrodontus,,,,,15,
Plantae,Flora,Asteraceae,11626,Senecio longicollaris,,,,,2,
Plantae,Flora,Asteraceae,11632,Senecio longipilus,,,,,30,
Plantae,Flora,Asteraceae,1668,Senecio macranthus,,,,,80,
Plantae,Flora,Asteraceae,11633,Senecio macrocarpus,,,,V,5,
Plantae,Flora,Asteraceae,11163,Senecio macroglossus,*,Natal Ivy,,,18,
Plantae,Flora,Asteraceae,6465,Senecio madagascariensis,*,Fireweed,,,14548,
Plantae,Flora,Asteraceae,1669,Senecio magnificus,,Tall Yellow-tops,,,46,
Plantae,Flora,Asteraceae,11629,Senecio microbasis,,,,,40,
Plantae,Flora,Asteraceae,1671,Senecio minimus,,,,,904,
Plantae,Flora,Asteraceae,7753,Senecio murrayanus,,,,,39,
Plantae,Flora,Asteraceae,11631,Senecio nigrapicus,,,,,10,
Plantae,Flora,Asteraceae,14527,Senecio niveoplanus,,,,,2,
Plantae,Flora,Asteraceae,10504,Senecio pauciradiatus,,,,,1,
Plantae,Flora,Asteraceae,11033,Senecio pectinatus var. major,,Alpine Groundsel,,,54,
Plantae,Flora,Asteraceae,11628,Senecio phelleus,,,,,48,
Plantae,Flora,Asteraceae,12221,Senecio pinnatifolius,,,,,139,
Plantae,Flora,Asteraceae,14039,Senecio pinnatifolius var. alpinus,,,,,257,
Plantae,Flora,Asteraceae,14040,Senecio pinnatifolius var. lanceolatus,,,,,205,
Plantae,Flora,Asteraceae,12811,Senecio pinnatifolius var. pinnatifolius,,,,,981,
Plantae,Flora,Asteraceae,12812,Senecio pinnatifolius var. serratus,,,,,80,
Plantae,Flora,Asteraceae,1674,Senecio platylepis,,,,,21,
Plantae,Flora,Asteraceae,11634,Senecio prenanthoides,,,,,4262,
Plantae,Flora,Asteraceae,12813,Senecio productus subsp. productus,,,,,5,
Plantae,Flora,Asteraceae,12814,Senecio psilophyllus,,,,,2,
Plantae,Flora,Asteraceae,10115,Senecio pterophorus,*,,,,467,
Plantae,Flora,Asteraceae,1675,Senecio quadridentatus,,Cotton Fireweed,,,10844,
Plantae,Flora,Asteraceae,11627,Senecio queenslandicus,,,,,31,
Plantae,Flora,Asteraceae,1676,Senecio runcinifolius,,Tall Groundsel,,,1025,
Plantae,Flora,Asteraceae,11630,Senecio scabrellus,,,,,2,
Plantae,Flora,Asteraceae,14042,Senecio spanomerus,,,,,25,
Plantae,Flora,Asteraceae,9458,Senecio spathulatus,,Coast Groundsel,E1,,105,
Plantae,Flora,Asteraceae,SENE,Senecio spp.,,"Groundsel, Fireweed",,,2668,
Plantae,Flora,Asteraceae,1677,Senecio squarrosus,,Swamp Groundsel,E1,,K,
Plantae,Flora,Asteraceae,10171,Senecio tamoides,*,,,,25,
Plantae,Flora,Asteraceae,8589,Senecio tenuiflorus,,,,,575,
Plantae,Flora,Asteraceae,1679,Senecio vagus,,,,,78,
Plantae,Flora,Asteraceae,11237,Senecio vagus subsp. eglandulosus,,,,,238,
Plantae,Flora,Asteraceae,10173,Senecio vagus subsp. vagus,,,,,5,
Plantae,Flora,Asteraceae,1680,Senecio velleioides,,,,,432,
Plantae,Flora,Asteraceae,1681,Senecio vulgaris,*,,,,40,
Plantae,Flora,Asteraceae,8781,Sigesbeckia australiensis,,,,,1929,
Plantae,Flora,Asteraceae,8789,Sigesbeckia orientalis subsp. orientalis,,Indian Weed,,,8376,
Plantae,Flora,Asteraceae,SIGE,Sigesbeckia spp.,,,,,58,
Plantae,Flora,Asteraceae,11830,Siloxerus multiflorus,,Small Wrinklewort,,,12,
Plantae,Flora,Asteraceae,1684,Silybum marianum,*,Variegated Thistle,,,2525,
Plantae,Flora,Asteraceae,SILY,Silybum spp.,*,,,,31,
Plantae,Flora,Asteraceae,8253,Solenogyne bellioides,,Solengyne,,,2299,
Plantae,Flora,Asteraceae,7454,Solenogyne dominii,,,,,1959,
Plantae,Flora,Asteraceae,7398,Solenogyne gunnii,,Solengyne,,,1195,
Plantae,Flora,Asteraceae,SOLE,Solenogyne spp.,,,,,149,
Plantae,Flora,Asteraceae,7737,Solidago canadensis var. scabra,*,Goldenrod,,,32,
Plantae,Flora,Asteraceae,SOLI,Solidago spp.,*,,,,2,
Plantae,Flora,Asteraceae,1686,Soliva anthemifolia,*,Dwarf Jo-jo,,,206,
Plantae,Flora,Asteraceae,7851,Soliva sessilis,*,Bindyi,,,1643,
Plantae,Flora,Asteraceae,SOLV,Soliva spp.,*,,,,93,
Plantae,Flora,Asteraceae,1688,Soliva stolonifera,*,Jo-jo,,,102,
Plantae,Flora,Asteraceae,1689,Sonchus asper,*,Prickly Sowthistle,,,3341,
Plantae,Flora,Asteraceae,10184,Sonchus hydrophilus,,Native Sowthistle,,,32,
Plantae,Flora,Asteraceae,1690,Sonchus oleraceus,*,Common Sowthistle,,,23600,
Plantae,Flora,Asteraceae,SONC,Sonchus spp.,,Sowthistle,,,1151,
Plantae,Flora,Asteraceae,12815,Sphagneticola trilobata,*,,,,95,
Plantae,Flora,Asteraceae,1692,Stevia eupatoria,*,,,,6,
Plantae,Flora,Asteraceae,8527,Streptoglossa adscendens,,Desert Daisy,,,105,
Plantae,Flora,Asteraceae,8528,Streptoglossa liatroides,,Wertaloona Daisy,,,42,
Plantae,Flora,Asteraceae,1693,Stuartina hamata,,Hooked Cudweed,,,186,
Plantae,Flora,Asteraceae,1694,Stuartina muelleri,,Spoon Cudweed,,,1668,
Plantae,Flora,Asteraceae,STUA,Stuartina spp.,,,,,157,
Plantae,Flora,Asteraceae,13711,Tagetes erecta,*,,,,24,
Plantae,Flora,Asteraceae,1695,Tagetes minuta,*,Stinking Roger,,,1613,
Plantae,Flora,Asteraceae,12816,Tagetes patula,*,,,,1,
Plantae,Flora,Asteraceae,TAGE,Tagetes spp.,*,,,,13,
Plantae,Flora,Asteraceae,1696,Tanacetum parthenium,*,Feverfew,,,8,
Plantae,Flora,Asteraceae,1697,Tanacetum vulgare,*,Tansy,,,40,
Plantae,Flora,Asteraceae,7176,Taraxacum aristum,,,,,12,
Plantae,Flora,Asteraceae,1698,Taraxacum officinale,*,Dandelion,,,8398,
Plantae,Flora,Asteraceae,TARA,Taraxacum spp.,,Dandelion,,,259,
Plantae,Flora,Asteraceae,1699,Tithonia diversifolia,*,Mexican Sunflower,,,22,
Plantae,Flora,Asteraceae,1700,Tithonia rotundifolia,*,Mexican Sunflower,,,1,
Plantae,Flora,Asteraceae,14049,Tolpis barbata,*,Yellow Hawkweed,,,1172,
Plantae,Flora,Asteraceae,TOLP,Tolpis spp.,*,,,,4,
Plantae,Flora,Asteraceae,1703,Tragopogon dubius,*,Goatsbeard,,,216,
Plantae,Flora,Asteraceae,14051,Tragopogon porrifolius subsp. porrifolius,*,Salsify,,,467,
Plantae,Flora,Asteraceae,TRAG,Tragopogon spp.,*,,,,493,
Plantae,Flora,Asteraceae,9592,Trichanthodium skirrophorum,,,,,21,
Plantae,Flora,Asteraceae,7074,Tridax procumbens,*,,,,3,
Plantae,Flora,Asteraceae,14052,Tripleurospermum maritimum subsp. inodorum,*,,,,17,
Plantae,Flora,Asteraceae,8925,Triptilodiscus pygmaeus,,Common Sunray,,,3705,
Plantae,Flora,Asteraceae,1705,Urospermum picroides,*,False Hawkbit,,,36,
Plantae,Flora,Asteraceae,12819,Ursinia speciosa,*,,,,4,
Plantae,Flora,Asteraceae,1707,Vellereophyton dealbatum,*,White Cudweed,,,40,
Plantae,Flora,Asteraceae,12820,Venidium fastuosum,*,,,,2,
Plantae,Flora,Asteraceae,10164,Verbesina encelioides subsp. encelioides,*,Crownbeard,,,250,
Plantae,Flora,Asteraceae,7516,Vittadinia arida,,,,,26,
Plantae,Flora,Asteraceae,7424,Vittadinia blackii,,Western New Holland Daisy,,,8,
Plantae,Flora,Asteraceae,1709,Vittadinia cervicularis,,,,,1010,
Plantae,Flora,Asteraceae,7786,Vittadinia cervicularis var. cervicularis,,,,,433,
Plantae,Flora,Asteraceae,12821,Vittadinia cervicularis var. occidentalis,,,,,1,
Plantae,Flora,Asteraceae,7705,Vittadinia cervicularis var. subcervicularis,,,,,407,
Plantae,Flora,Asteraceae,1710,Vittadinia condyloides,,,,,160,
Plantae,Flora,Asteraceae,1711,Vittadinia cuneata,,,,,7862,
Plantae,Flora,Asteraceae,6737,Vittadinia cuneata var. cuneata,,,,,2070,
Plantae,Flora,Asteraceae,9446,Vittadinia cuneata var. cuneata f. cuneata,,,,,347,
Plantae,Flora,Asteraceae,9371,Vittadinia cuneata var. cuneata f. minor,,,,,170,
Plantae,Flora,Asteraceae,6992,Vittadinia cuneata var. hirsuta,,,,,1184,
Plantae,Flora,Asteraceae,6656,Vittadinia cuneata var. morrisii,,,,,156,
Plantae,Flora,Asteraceae,1712,Vittadinia dissecta,,,,,773,
Plantae,Flora,Asteraceae,6527,Vittadinia dissecta var. dissecta,,,,,27,
Plantae,Flora,Asteraceae,7069,Vittadinia dissecta var. hirta,,,,,1367,
Plantae,Flora,Asteraceae,1713,Vittadinia eremaea,,,,,202,
Plantae,Flora,Asteraceae,1714,Vittadinia gracilis,,Woolly New Holland Daisy,,,2685,
Plantae,Flora,Asteraceae,1715,Vittadinia hispidula,,,,,48,
Plantae,Flora,Asteraceae,7354,Vittadinia hispidula var. hispidula,,,,,43,
Plantae,Flora,Asteraceae,7400,Vittadinia hispidula var. setosa,,,,,18,
Plantae,Flora,Asteraceae,1716,Vittadinia muelleri,,,,,4734,
Plantae,Flora,Asteraceae,1717,Vittadinia pterochaeta,,Rough Fuzzweed,,,1205,
Plantae,Flora,Asteraceae,1718,Vittadinia pustulata,,Fuzzweed,,,666,
Plantae,Flora,Asteraceae,11310,Vittadinia scabra,,,,,4,
Plantae,Flora,Asteraceae,VITT,Vittadinia spp.,,Fuzzweed,,,3106,
Plantae,Flora,Asteraceae,1719,Vittadinia sulcata,,,,,1947,
Plantae,Flora,Asteraceae,1720,Vittadinia tenuissima,,Western New Holland Daisy,,,126,
Plantae,Flora,Asteraceae,8411,Vittadinia triloba,,,,,55,
Plantae,Flora,Asteraceae,1721,Waitzia acuminata,,Orange Immortelle,,,207,
Plantae,Flora,Asteraceae,1722,Waitzia citrina,,Pale Immortelle,,,15,
Plantae,Flora,Asteraceae,1723,Wedelia glauca,*,Pascalia Weed,,,6,
Plantae,Flora,Asteraceae,1724,Wedelia spilanthoides,,,,,51,
Plantae,Flora,Asteraceae,WEDE,Wedelia spp.,,,,,1,
Plantae,Flora,Asteraceae,1725,Xanthium ambrosioides,*,,,,1,
Plantae,Flora,Asteraceae,1726,Xanthium cavanillesii,*,South American Burr,,,20,
Plantae,Flora,Asteraceae,1727,Xanthium italicum,*,Hunter Burr,,,33,
Plantae,Flora,Asteraceae,7130,Xanthium occidentale,*,Noogoora Burr,,,2370,
Plantae,Flora,Asteraceae,1728,Xanthium orientale,*,Californian Burr,,,41,
Plantae,Flora,Asteraceae,1729,Xanthium spinosum,*,Bathurst Burr,,,3229,
Plantae,Flora,Asteraceae,XANH,Xanthium spp.,*,,,,142,
Plantae,Flora,Asteraceae,7452,Xanthium strumarium,*,,,,29,
Plantae,Flora,Asteraceae,11377,Xerochrysum bracteatum,,Golden Everlasting,,,5281,
Plantae,Flora,Asteraceae,12823,Xerochrysum bracteatum subsp. barringtonense,,,,,17,
Plantae,Flora,Asteraceae,12824,Xerochrysum bracteatum subsp. bracteatum,,,,,17,
Plantae,Flora,Asteraceae,12825,Xerochrysum bracteatum subsp. interiore,,,,,1,
Plantae,Flora,Asteraceae,12826,Xerochrysum bracteatum subsp. lanatum,,,,,2,
Plantae,Flora,Asteraceae,12827,Xerochrysum leucopsideum,,,,,2,
Plantae,Flora,Asteraceae,11378,Xerochrysum palustre,,Swamp Everlasting,,V,185,
Plantae,Flora,Asteraceae,12828,Xerochrysum sp. nov. Glencoe,,,,,4,
Plantae,Flora,Asteraceae,XERC,Xerochrysum spp.,,,,,222,
Plantae,Flora,Asteraceae,11379,Xerochrysum subundulatum,,Alpine Everlasting,,,187,
Plantae,Flora,Asteraceae,11380,Xerochrysum viscosum,,Sticky Everlasting,,,2282,
Plantae,Flora,Asteraceae,1730,Youngia japonica,,,,,144,
Plantae,Flora,Asteraceae,1731,Zinnia peruviana,*,,,,95,
Plantae,Flora,Athyriaceae,10702,Deparia petersenii subsp. congrua,,,,,68,
Plantae,Flora,Athyriaceae,8043,Diplazium assimile,,,,,113,
Plantae,Flora,Athyriaceae,8351,Diplazium australe,,Austral Lady Fern,,,596,
Plantae,Flora,Athyriaceae,8044,Diplazium dilatatum,,,,,85,
Plantae,Flora,Athyriaceae,12829,Diplazium esculentum,,,,,1,
Plantae,Flora,Athyriaceae,8045,Diplazium melanochlamys,,,,,33,
Plantae,Flora,Athyriaceae,DPLZ,Diplazium spp.,,,,,3,
Plantae,Flora,Aytoniaceae,11539,Asterella spp.,,,,,13,
Plantae,Flora,Aytoniaceae,11540,Plagiochasma spp.,,,,,3,
Plantae,Flora,Aytoniaceae,11541,Reboulia spp.,,,,,3,
Plantae,Flora,Azollaceae,9260,Azolla filiculoides,,Pacific Azolla,,,4945,
Plantae,Flora,Azollaceae,8049,Azolla pinnata,,,,,480,
Plantae,Flora,Azollaceae,AZOL,Azolla spp.,,,,,152,
Plantae,Flora,Balsaminaceae,11431,Impatiens balsamina,*,Spotted snapweed,,,19,
Plantae,Flora,Balsaminaceae,12830,Impatiens sodenii,*,,,,1,
Plantae,Flora,Balsaminaceae,IMPA,Impatiens spp.,*,,,,24,
Plantae,Flora,Balsaminaceae,9112,Impatiens walleriana,*,,,,125,
Plantae,Flora,Bangiaceae,12831,Porphyra pulchella,,,,,2,
Plantae,Flora,Basellaceae,1733,Anredera cordifolia,*,Madeira Vine,,,1395,
Plantae,Flora,Batrachospermaceae,11446,Batrachospermum theaquum,,,,,2,
Plantae,Flora,Begoniaceae,11791,Begonia coccinea,*,scarlet begonia,,,1,
Plantae,Flora,Begoniaceae,12832,Begonia cucullata,*,,,,8,
Plantae,Flora,Begoniaceae,BEGO,Begonia spp.,*,,,,33,
Plantae,Flora,Berberidaceae,13929,Berberis aquifolium,*,Oregon Grape,,,21,
Plantae,Flora,Berberidaceae,1734,Berberis aristata,*,,,,26,
Plantae,Flora,Berberidaceae,1735,Berberis darwinii,*,Darwin's Berberis,,,5,
Plantae,Flora,Berberidaceae,12833,Berberis lycium,*,,,,1,
Plantae,Flora,Berberidaceae,BERB,Berberis spp.,*,,,,8,
Plantae,Flora,Berberidaceae,11213,Berberis thunbergii,*,,,,2,
Plantae,Flora,Berberidaceae,9643,Berberis vulgaris,*,Common Barberry,,,19,
Plantae,Flora,Betulaceae,11739,Alnus acuminata,*,,,,2,
Plantae,Flora,Betulaceae,12246,Alnus glutinosa,*,Black Alder,,,2,
Plantae,Flora,Betulaceae,13760,Alnus spp.,*,,,,1,
Plantae,Flora,Betulaceae,11591,Betula pendula,*,European White Birch,,,28,
Plantae,Flora,Betulaceae,12834,Betula pubescens,*,,,,1,
Plantae,Flora,Betulaceae,11665,Betula spp.,*,,,,10,
Plantae,Flora,Bignoniaceae,10897,Campsis x tagliabuana,*,Trumpet Creeper,,,15,
Plantae,Flora,Bignoniaceae,12329,Clytostoma callistegioides,*,Argentine Trumpet Vine,,,3,
Plantae,Flora,Bignoniaceae,14658,Dolichandra unguis-cati,*,,,,231,
Plantae,Flora,Bignoniaceae,15303,Handroanthus chrysanthus,*,,,,5,
Plantae,Flora,Bignoniaceae,15301,Handroanthus chrysotrichus,*,Golden Trumpet Tree,,,5,
Plantae,Flora,Bignoniaceae,15302,Handroanthus impetiginosus,*,Pink Trumpet Tree,,,2,
Plantae,Flora,Bignoniaceae,8688,Jacaranda mimosifolia,*,Jacaranda,,,1538,
Plantae,Flora,Bignoniaceae,JACA,Jacaranda spp.,*,,,,38,
Plantae,Flora,Bignoniaceae,1738,Pandorea baileyana,,Large-leaved Wonga Vine,,,47,
Plantae,Flora,Bignoniaceae,1739,Pandorea jasminoides,,Bower Vine,,,367,
Plantae,Flora,Bignoniaceae,1740,Pandorea pandorana,,Wonga Wonga Vine,,,12742,
Plantae,Flora,Bignoniaceae,10484,Pandorea pandorana subsp. austrocaledonica,,,,,56,
Plantae,Flora,Bignoniaceae,10485,Pandorea pandorana subsp. pandorana,,Wonga Wonga Vine,,,2086,
Plantae,Flora,Bignoniaceae,12835,Pandorea pandorana subsp. pandorana 'inland form',,,,,106,
Plantae,Flora,Bignoniaceae,PAND,Pandorea spp.,,,,,19,
Plantae,Flora,Bignoniaceae,11140,Pithecoctenium cynanchoides,*,White Trumpet Vine,,,5,
Plantae,Flora,Bignoniaceae,PYRO,Pyrostegia spp.,*,,,,2,
Plantae,Flora,Bignoniaceae,1741,Pyrostegia venusta,*,Golden Shower,,,24,
Plantae,Flora,Bignoniaceae,11601,Spathodea campanulata,*,African tuliptree,,,14,
Plantae,Flora,Bignoniaceae,10205,Tecoma capensis,*,Cape Honeysuckle,,,154,
Plantae,Flora,Bignoniaceae,TECO,Tecoma spp.,*,,,,7,
Plantae,Flora,Bignoniaceae,10206,Tecoma stans,*,Yellow Bignonia,,,81,
Plantae,Flora,Blandfordiaceae,3527,Blandfordia cunninghamii,,,P,,44,
Plantae,Flora,Blandfordiaceae,3528,Blandfordia grandiflora,,Christmas Bells,P,,353,
Plantae,Flora,Blandfordiaceae,12837,Blandfordia grandiflora subsp. (orange-yellow flowers),,,P,,1,
Plantae,Flora,Blandfordiaceae,12838,Blandfordia grandiflora subsp. (red-yellow flowers),,,P,,8,
Plantae,Flora,Blandfordiaceae,12839,Blandfordia grandiflora subsp. (yellow flowers),,,P,,1,
Plantae,Flora,Blandfordiaceae,3529,Blandfordia nobilis,,Christmas Bells,P,,488,
Plantae,Flora,Blandfordiaceae,BLAN,Blandfordia spp.,,,P,,17,
Plantae,Flora,Blechnaceae,8050,Blechnum ambiguum,,,,,342,
Plantae,Flora,Blechnaceae,8051,Blechnum camfieldii,,,,,203,
Plantae,Flora,Blechnaceae,8052,Blechnum cartilagineum,,Gristle Fern,,,8564,
Plantae,Flora,Blechnaceae,8053,Blechnum chambersii,,Lance Water Fern,,,4,
Plantae,Flora,Blechnaceae,10428,Blechnum contiguum,,,,,16,
Plantae,Flora,Blechnaceae,8054,Blechnum fluviatile,,Ray Water Fern,,,21,
Plantae,Flora,Blechnaceae,8055,Blechnum fullagarii,,,,,15,
Plantae,Flora,Blechnaceae,10429,Blechnum geniculatum,,,,,9,
Plantae,Flora,Blechnaceae,8056,Blechnum gregsonii,,,,,81,
Plantae,Flora,Blechnaceae,10430,Blechnum howeanum,,,,,21,
Plantae,Flora,Blechnaceae,7760,Blechnum minus,,Soft Water Fern,,,331,
Plantae,Flora,Blechnaceae,14900,Blechnum neohollandicum,,,,,8554,
Plantae,Flora,Blechnaceae,8058,Blechnum nudum,,Fishbone Water Fern,,,2188,
Plantae,Flora,Blechnaceae,8060,Blechnum patersonii,,Strap Water Fern,,,611,
Plantae,Flora,Blechnaceae,10519,Blechnum patersonii subsp. patersonii,,,,,371,
Plantae,Flora,Blechnaceae,10520,Blechnum patersonii subsp. queenslandicum,,,,,11,
Plantae,Flora,Blechnaceae,10521,Blechnum penna-marina subsp. alpina,,Alpine Water Fern,,,225,
Plantae,Flora,Blechnaceae,14901,Blechnum spinulosum,,Small Rasp Fern,,,887,
Plantae,Flora,Blechnaceae,BLEC,Blechnum spp.,,,,,240,
Plantae,Flora,Blechnaceae,8063,Blechnum wattsii,,Hard Water Fern,,,1115,
Plantae,Flora,Blechnaceae,10523,Doodia australis,,Common Rasp Fern,,,243,
Plantae,Flora,Blechnaceae,8068,Doodia hindii,,,,,4,
Plantae,Flora,Blechnaceae,10522,Doodia linearis,,Small Rasp Fern,,,50,
Plantae,Flora,Blechnaceae,8069,Doodia maxima,,Giant Rasp Fern,,,8,
Plantae,Flora,Blechnaceae,DOOD,Doodia spp.,,,,,77,
Plantae,Flora,Blechnaceae,14930,Telmatoblechnum indicum,,Swamp Water Fern,,,1782,
Plantae,Flora,Bombacaceae,12260,Ceiba speciosa,*,Chorisia,,,2,
Plantae,Flora,Boraginaceae,1742,Amsinckia calycina,*,hairy Fiddleneck,,,92,
Plantae,Flora,Boraginaceae,1743,Amsinckia intermedia,*,Common Fiddleneck,,,254,
Plantae,Flora,Boraginaceae,1744,Amsinckia lycopsoides,*,,,,27,
Plantae,Flora,Boraginaceae,AMSI,Amsinckia spp.,*,,,,34,
Plantae,Flora,Boraginaceae,6757,Anchusa arvensis,*,Wild Bugloss,,,37,
Plantae,Flora,Boraginaceae,ANCH,Anchusa spp.,*,,,,1,
Plantae,Flora,Boraginaceae,BRGNC,Boraginaceae indeterminate,*,Borages,,,35,
Plantae,Flora,Boraginaceae,1746,Borago officinalis,*,Borage,,,11,
Plantae,Flora,Boraginaceae,BRGO,Borago spp.,*,Borage,,,2,
Plantae,Flora,Boraginaceae,8707,Buglossoides arvensis,*,Sheepweed,,,176,
Plantae,Flora,Boraginaceae,BUGL,Buglossoides spp.,*,,,,1,
Plantae,Flora,Boraginaceae,1747,Cynoglossum australe,,,,,2701,
Plantae,Flora,Boraginaceae,10191,Cynoglossum creticum,*,,,,2,
Plantae,Flora,Boraginaceae,CYNG,Cynoglossum spp.,,,,,148,
Plantae,Flora,Boraginaceae,1750,Echium italicum,*,Italian Bugloss,,,7,
Plantae,Flora,Boraginaceae,1751,Echium plantagineum,*,Patterson's Curse,,,14014,
Plantae,Flora,Boraginaceae,ECHU,Echium spp.,*,,,,142,
Plantae,Flora,Boraginaceae,1752,Echium vulgare,*,Viper's Bugloss,,,1276,
Plantae,Flora,Boraginaceae,7370,Ehretia acuminata var. acuminata,,Koda,,,969,
Plantae,Flora,Boraginaceae,1754,Ehretia membranifolia,,Peach Bush,,,249,
Plantae,Flora,Boraginaceae,EHRE,Ehretia spp.,,,,,11,
Plantae,Flora,Boraginaceae,14934,Hackelia latifolia,,,,,595,
Plantae,Flora,Boraginaceae,14935,Hackelia suaveolens,,,,,1056,
Plantae,Flora,Boraginaceae,10190,Halgania andromedifolia,,Lavender Halgania,,,22,
Plantae,Flora,Boraginaceae,9267,Halgania brachyrhyncha,,,,,21,
Plantae,Flora,Boraginaceae,1755,Halgania cyanea,,Rough Halgania,,,923,
Plantae,Flora,Boraginaceae,HALG,Halgania spp.,,,,,1,
Plantae,Flora,Boraginaceae,1758,Heliotropium amplexicaule,*,Blue Heliotrope,,,1802,
Plantae,Flora,Boraginaceae,1759,Heliotropium asperrimum,,Rough Heliotrope,,,23,
Plantae,Flora,Boraginaceae,10192,Heliotropium brachygyne,,,,,3,
Plantae,Flora,Boraginaceae,1760,Heliotropium curassavicum,*,Smooth Heliotrope,,,249,
Plantae,Flora,Boraginaceae,1761,Heliotropium europaeum,*,Potato Weed,,,1201,
Plantae,Flora,Boraginaceae,12144,Heliotropium moorei,,,,,92,
Plantae,Flora,Boraginaceae,HELT,Heliotropium spp.,,,,,56,
Plantae,Flora,Boraginaceae,1762,Heliotropium supinum,*,Prostrate Heliotrope,,,244,
Plantae,Flora,Boraginaceae,LITH,Lithospermum spp.,*,,,,1,
Plantae,Flora,Boraginaceae,1765,Myosotis australis,,Australian Forget-me-not,,,198,
Plantae,Flora,Boraginaceae,1767,Myosotis discolor,*,Forget-me-not,,,460,
Plantae,Flora,Boraginaceae,7239,Myosotis exarrhena,,,,,10,
Plantae,Flora,Boraginaceae,12126,Myosotis laxa subsp. caespitosa,*,,,,113,
Plantae,Flora,Boraginaceae,MYOS,Myosotis spp.,,,,,74,
Plantae,Flora,Boraginaceae,1769,Myosotis sylvatica,*,Wood Forget-me-not,,,34,
Plantae,Flora,Boraginaceae,1770,Neatostema apulum,*,Hairy Sheepweed,,,42,
Plantae,Flora,Boraginaceae,12841,Nonea lutea,*,,,,1,
Plantae,Flora,Boraginaceae,1771,Omphalolappula concava,,Burr Stickseed,,,502,
Plantae,Flora,Boraginaceae,1772,Plagiobothrys canescens,*,Valley Popcorn Flower,,,18,
Plantae,Flora,Boraginaceae,1773,Plagiobothrys elachanthus,,,,,33,
Plantae,Flora,Boraginaceae,11141,Plagiobothrys plurisepaleus,,,,,401,
Plantae,Flora,Boraginaceae,PLAG,Plagiobothrys spp.,,,,,4,
Plantae,Flora,Boraginaceae,10894,Symphytum officinale subsp. officinale,*,Comfrey,,,8,
Plantae,Flora,Boraginaceae,1774,Trichodesma zeylanicum,,Cattle Bush,,,63,
Plantae,Flora,Brassicaceae,12843,Alyssum alyssoides,*,,,,15,
Plantae,Flora,Brassicaceae,1775,Alyssum linifolium,*,Flax-leaf Alyssum,,,861,
Plantae,Flora,Brassicaceae,ALYS,Alyssum spp.,*,,,,17,
Plantae,Flora,Brassicaceae,1777,Arabidella eremigena,,,,,161,
Plantae,Flora,Brassicaceae,1778,Arabidella nasturtium,,,,,113,
Plantae,Flora,Brassicaceae,1779,Arabidella procumbens,,,,,8,
Plantae,Flora,Brassicaceae,9437,Arabidella sp. A,,,,,19,
Plantae,Flora,Brassicaceae,15226,Arabidella sp. Tibooburra,,,,,5,
Plantae,Flora,Brassicaceae,ARAB,Arabidella spp.,,,,,3,
Plantae,Flora,Brassicaceae,1780,Arabidella trisecta,,,,,147,
Plantae,Flora,Brassicaceae,1781,Arabidopsis thaliana,*,Thale Cress,,,13,
Plantae,Flora,Brassicaceae,7495,Barbarea grayi,,,,,14,
Plantae,Flora,Brassicaceae,BARB,Barbarea spp.,,,,,1,
Plantae,Flora,Brassicaceae,1783,Barbarea verna,*,Wintercress,,,13,
Plantae,Flora,Brassicaceae,1784,Blennodia canescens,,Wild Stock,,,20,
Plantae,Flora,Brassicaceae,1785,Blennodia pterosperma,,,,,4,
Plantae,Flora,Brassicaceae,BLEN,Blennodia spp.,,,,,1,
Plantae,Flora,Brassicaceae,1786,Brassica fruticulosa,*,Twiggy Turnip,,,225,
Plantae,Flora,Brassicaceae,1787,Brassica juncea,*,Indian Mustard,,,157,
Plantae,Flora,Brassicaceae,10772,Brassica napus,*,Canola,,,111,
Plantae,Flora,Brassicaceae,1788,Brassica nigra,*,Black Mustard,,,112,
Plantae,Flora,Brassicaceae,6762,Brassica oleracea,*,Collards,,,41,
Plantae,Flora,Brassicaceae,14753,Brassica rapa subsp. campestris,*,Turnip,,,270,
Plantae,Flora,Brassicaceae,BRAS,Brassica spp.,*,Brassica,,,787,
Plantae,Flora,Brassicaceae,1790,Brassica tournefortii,*,Mediterranean Turnip,,,1327,
Plantae,Flora,Brassicaceae,12521,Brassica x napus,*,Rape,,,15,
Plantae,Flora,Brassicaceae,BRSCC,Brassicaceae indeterminate,*,Mustards,,,295,
Plantae,Flora,Brassicaceae,1791,Cakile edentula,*,American Sea Rocket,,,180,
Plantae,Flora,Brassicaceae,1792,Cakile maritima,*,Sea Rocket,,,107,
Plantae,Flora,Brassicaceae,CAKI,Cakile spp.,*,,,,7,
Plantae,Flora,Brassicaceae,1793,Camelina alyssum,*,Stinking Flaxweed,,,3,
Plantae,Flora,Brassicaceae,CAME,Camelina spp.,*,,,,3,
Plantae,Flora,Brassicaceae,1794,Capsella bursa-pastoris,*,Shepherd's Purse,,,2091,
Plantae,Flora,Brassicaceae,CAPS,Capsella spp.,*,,,,9,
Plantae,Flora,Brassicaceae,10566,Cardamine astoniae,,Spreading Bitter-cress,,,81,
Plantae,Flora,Brassicaceae,7410,Cardamine flexuosa,*,Wood Bittercress,,,25,
Plantae,Flora,Brassicaceae,10567,Cardamine franklinensis,,Franklin Bitter-cress,,,3,
Plantae,Flora,Brassicaceae,7372,Cardamine gunnii,,,,,12,
Plantae,Flora,Brassicaceae,1795,Cardamine hirsuta,*,Common Bittercress,,,460,
Plantae,Flora,Brassicaceae,1796,Cardamine lilacina,,,,,179,
Plantae,Flora,Brassicaceae,10568,Cardamine microthrix,,Eastern Bitter-cress,,,27,
Plantae,Flora,Brassicaceae,10569,Cardamine moirensis,,,,,365,
Plantae,Flora,Brassicaceae,10570,Cardamine papillata,,Forest Bitter-cress,,,23,
Plantae,Flora,Brassicaceae,7746,Cardamine paucijuga,,,,,1913,
Plantae,Flora,Brassicaceae,10571,Cardamine robusta,,,,,44,
Plantae,Flora,Brassicaceae,CARN,Cardamine spp.,,,,,379,
Plantae,Flora,Brassicaceae,7835,Cardamine tenuifolia,,Slender Bittercress,,,9,
Plantae,Flora,Brassicaceae,1798,Carrichtera annua,*,Ward's Weed,,,1924,
Plantae,Flora,Brassicaceae,1801,Cuphonotus andraeanus,,,,,101,
Plantae,Flora,Brassicaceae,1802,Cuphonotus humistratus,,Mother-of-misery,,,240,
Plantae,Flora,Brassicaceae,CUPH,Cuphonotus spp.,,,,,4,
Plantae,Flora,Brassicaceae,1803,Descurainia sophia,*,Flixweed,,,1,
Plantae,Flora,Brassicaceae,1804,Diplotaxis muralis,*,Wall Rocket,,,16,
Plantae,Flora,Brassicaceae,1805,Diplotaxis tenuifolia,*,Sand Rocket,,,11,
Plantae,Flora,Brassicaceae,1806,Drabastrum alpestre,,Mountain Cress,,,42,
Plantae,Flora,Brassicaceae,1807,Erophila verna,*,Whitlow Grass,,,100,
Plantae,Flora,Brassicaceae,7529,Erophila verna subsp. praecox,*,,,,8,
Plantae,Flora,Brassicaceae,7530,Erophila verna subsp. verna,*,,,,5,
Plantae,Flora,Brassicaceae,1808,Eruca sativa,*,Purplevein Rocket,,,8,
Plantae,Flora,Brassicaceae,1810,Geococcus pusillus,,,,,245,
Plantae,Flora,Brassicaceae,GEOC,Geococcus spp.,,,,,1,
Plantae,Flora,Brassicaceae,1811,Harmsiodoxa blennodioides,,,,,668,
Plantae,Flora,Brassicaceae,1812,Harmsiodoxa brevipes,,,,,105,
Plantae,Flora,Brassicaceae,7102,Harmsiodoxa brevipes var. brevipes,,,,,193,
Plantae,Flora,Brassicaceae,9930,Harmsiodoxa brevipes var. major,,,,,9,
Plantae,Flora,Brassicaceae,1813,Harmsiodoxa puberula,,,,,63,
Plantae,Flora,Brassicaceae,HARM,Harmsiodoxa spp.,,,,,59,
Plantae,Flora,Brassicaceae,12454,Hesperis matronalis,*,Sweet Rocket,,,6,
Plantae,Flora,Brassicaceae,1814,Hirschfeldia incana,*,Buchan Weed,,,1565,
Plantae,Flora,Brassicaceae,HIRS,Hirschfeldia spp.,*,,,,16,
Plantae,Flora,Brassicaceae,6646,Hymenolobus procumbens,*,,,,1,
Plantae,Flora,Brassicaceae,6647,Irenepharsus magicus,,Elusive Cress,E1,,1,
Plantae,Flora,Brassicaceae,IREN,Irenepharsus spp.,,,,,1,
Plantae,Flora,Brassicaceae,7103,Irenepharsus trypherus,,Illawarra Irene,E1,E,173,
Plantae,Flora,Brassicaceae,1815,Lepidium africanum,*,Common Peppercress,,,5639,
Plantae,Flora,Brassicaceae,1816,Lepidium aschersonii,,Spiny Peppercress,V,V,285,
Plantae,Flora,Brassicaceae,1817,Lepidium bonariense,*,Argentine Peppercress,,,1584,
Plantae,Flora,Brassicaceae,1818,Lepidium campestre,*,Field Cress,,,65,
Plantae,Flora,Brassicaceae,14924,Lepidium didymum,*,Lesser Swinecress,,,191,
Plantae,Flora,Brassicaceae,13998,Lepidium draba,*,Hoary Cress,,,56,
Plantae,Flora,Brassicaceae,1820,Lepidium fasciculatum,,Bundled Peppercress,,,331,
Plantae,Flora,Brassicaceae,14636,Lepidium ginninderrense,,,,,7,
Plantae,Flora,Brassicaceae,1821,Lepidium howei-insulae,,Mustard & Cress,,,17,
Plantae,Flora,Brassicaceae,7804,Lepidium hypenantion,,,,,40,
Plantae,Flora,Brassicaceae,1822,Lepidium hyssopifolium,,Aromatic Peppercress,E1,E,36,
Plantae,Flora,Brassicaceae,1823,Lepidium leptopetalum,,,,,106,
Plantae,Flora,Brassicaceae,1824,Lepidium monoplocoides,,Winged Peppercress,E1,E,1081,
Plantae,Flora,Brassicaceae,1825,Lepidium muelleri-ferdinandi,,,,,131,
Plantae,Flora,Brassicaceae,10463,Lepidium nesophilum,,,,,3,
Plantae,Flora,Brassicaceae,1826,Lepidium oxytrichum,,,,,425,
Plantae,Flora,Brassicaceae,1827,Lepidium papillosum,,Warty Peppercress,,,312,
Plantae,Flora,Brassicaceae,7095,Lepidium peregrinum,,Wandering Pepper Cress,E1,E,6,
Plantae,Flora,Brassicaceae,1828,Lepidium perfoliatum,*,,,,23,
Plantae,Flora,Brassicaceae,1829,Lepidium phlebopetalum,,Veined Peppercress,,,561,
Plantae,Flora,Brassicaceae,6643,Lepidium pseudohyssopifolium,,Peppercress,,,1248,
Plantae,Flora,Brassicaceae,7033,Lepidium pseudopapillosum,,Formbe Peppercress,,V,3,
Plantae,Flora,Brassicaceae,1830,Lepidium pseudotasmanicum,,,,,33,
Plantae,Flora,Brassicaceae,12845,Lepidium rotundum,,,,,1,
Plantae,Flora,Brassicaceae,1831,Lepidium sagittulatum,,,,,207,
Plantae,Flora,Brassicaceae,LEPI,Lepidium spp.,,,,,1041,
Plantae,Flora,Brassicaceae,1832,Lepidium virginicum,*,Virginian Peppercess,,,57,
Plantae,Flora,Brassicaceae,1833,Lobularia maritima,*,Sweet Alyssum,,,58,
Plantae,Flora,Brassicaceae,LOBU,Lobularia spp.,*,,,,1,
Plantae,Flora,Brassicaceae,1834,Lunaria annua,*,Honesty,,,8,
Plantae,Flora,Brassicaceae,1835,Menkea australis,,Fairy Spectacles,,,70,
Plantae,Flora,Brassicaceae,11123,Myagrum perfoliatum,*,Mite Cress,,,3,
Plantae,Flora,Brassicaceae,1836,Pachymitus cardaminoides,,,,,37,
Plantae,Flora,Brassicaceae,1837,Phlegmatospermum cochlearinum,,Oval-podded Cress,,,127,
Plantae,Flora,Brassicaceae,1838,Phlegmatospermum eremaeum,,,,,15,
Plantae,Flora,Brassicaceae,PHLE,Phlegmatospermum spp.,,,,,1,
Plantae,Flora,Brassicaceae,1839,Raphanus raphanistrum,*,Wild Radish,,,388,
Plantae,Flora,Brassicaceae,1840,Raphanus sativus,*,Radish,,,14,
Plantae,Flora,Brassicaceae,RAPH,Raphanus spp.,*,,,,6,
Plantae,Flora,Brassicaceae,1841,Rapistrum rugosum,*,Turnip Weed,,,2888,
Plantae,Flora,Brassicaceae,RAPI,Rapistrum spp.,*,,,,21,
Plantae,Flora,Brassicaceae,1842,Rorippa dictyosperma,,,,,27,
Plantae,Flora,Brassicaceae,1843,Rorippa eustylis,,,,,394,
Plantae,Flora,Brassicaceae,1844,Rorippa gigantea,,,,,74,
Plantae,Flora,Brassicaceae,1846,Rorippa laciniata,,,,,481,
Plantae,Flora,Brassicaceae,1847,Rorippa microphylla,*,One-rowed Watercress,,,54,
Plantae,Flora,Brassicaceae,1848,Rorippa nasturtium-aquaticum,*,Watercress,,,223,
Plantae,Flora,Brassicaceae,7382,Rorippa palustris,*,Yellow Cress,,,312,
Plantae,Flora,Brassicaceae,RORI,Rorippa spp.,,,,,147,
Plantae,Flora,Brassicaceae,1849,Sinapis alba,*,White Mustard,,,5,
Plantae,Flora,Brassicaceae,1850,Sinapis arvensis,*,Charlock,,,88,
Plantae,Flora,Brassicaceae,SINA,Sinapis spp.,*,,,,1,
Plantae,Flora,Brassicaceae,1851,Sisymbrium altissimum,*,,,,18,
Plantae,Flora,Brassicaceae,1852,Sisymbrium erysimoides,*,Smooth Mustard,,,3696,
Plantae,Flora,Brassicaceae,1853,Sisymbrium irio,*,London Rocket,,,2860,
Plantae,Flora,Brassicaceae,1854,Sisymbrium officinale,*,Hedge Mustard,,,583,
Plantae,Flora,Brassicaceae,1855,Sisymbrium orientale,*,Indian Hedge Mustard,,,1184,
Plantae,Flora,Brassicaceae,SISY,Sisymbrium spp.,*,,,,500,
Plantae,Flora,Brassicaceae,1856,Sisymbrium thellungii,*,African Turnip Weed,,,3,
Plantae,Flora,Brassicaceae,1857,Stenopetalum lineare,,Threadcress,,,800,
Plantae,Flora,Brassicaceae,1858,Stenopetalum nutans,,,,,20,
Plantae,Flora,Brassicaceae,1859,Stenopetalum sphaerocarpum,,,,,101,
Plantae,Flora,Brassicaceae,STEN,Stenopetalum spp.,,,,,4,
Plantae,Flora,Brassicaceae,1860,Stenopetalum velutinum,,Velvet Thread-petal,E4,,11,
Plantae,Flora,Brassicaceae,1861,Thlaspi arvense,*,Penny Cress,,,2,
Plantae,Flora,Brassicaceae,1862,Turritis glabra,*,Tower Mustard,,,7,
Plantae,Flora,Bromeliaceae,14104,Billbergia nutans,*,,,,3,
Plantae,Flora,Bromeliaceae,12846,Billbergia pyramidalis,*,,,,8,
Plantae,Flora,Bromeliaceae,BILB,Billbergia spp.,*,,,,9,
Plantae,Flora,Bromeliaceae,11800,Neoregelia carolinae,*,,,,4,
Plantae,Flora,Bromeliaceae,11214,Tillandsia usneoides,*,,,,25,
Plantae,Flora,Bryaceae,13901,Ptychostomum pseudotriquetrum,,,,,4,
Plantae,Flora,Bryaceae,13816,Rosulabryum billarderii,,,,,1,
Plantae,Flora,Buddlejaceae,9733,Buddleja davidii,*,Buddleja,,,62,
Plantae,Flora,Buddlejaceae,12142,Buddleja dysophylla,*,,,,3,
Plantae,Flora,Buddlejaceae,12847,Buddleja lindleyana,*,,,,2,
Plantae,Flora,Buddlejaceae,9191,Buddleja madagascariensis,*,,,,19,
Plantae,Flora,Buddlejaceae,BUDD,Buddleja spp.,*,,,,9,
Plantae,Flora,Buddlejaceae,12848,Buddleja variabilis,*,,,,1,
Plantae,Flora,Burmanniaceae,7104,Burmannia disticha,,,,,40,
Plantae,Flora,Burmanniaceae,BURM,Burmannia spp.,,,,,1,
Plantae,Flora,Burseraceae,1865,Canarium australasicum,,,,,144,
Plantae,Flora,Buxaceae,11688,Buxus microphylla,*,,,,52,
Plantae,Flora,Buxaceae,13709,Buxus spp.,*,,,,44,
Plantae,Flora,Cabombaceae,1866,Brasenia schreberi,,Watershield,,,39,
Plantae,Flora,Cabombaceae,1867,Cabomba caroliniana,*,Cabomba,,,32,
Plantae,Flora,Cactaceae,7583,Austrocylindropuntia cylindrica,*,,,,3,
Plantae,Flora,Cactaceae,12452,Cereus uruguayanus,*,Apple Cactus,,,12,
Plantae,Flora,Cactaceae,12203,Cylindropuntia fulgida f. monstruosa,*,Boxing Glove Cactus,,,6,
Plantae,Flora,Cactaceae,1868,Cylindropuntia imbricata,*,Devil's Rope Pear,,,40,
Plantae,Flora,Cactaceae,12214,Cylindropuntia kleiniae,*,Klein's Cholla,,,3,
Plantae,Flora,Cactaceae,12458,Cylindropuntia leptocaulis,*,,,,3,
Plantae,Flora,Cactaceae,15300,Cylindropuntia pallida,*,Hudson Pear,,,11,
Plantae,Flora,Cactaceae,12212,Cylindropuntia prolifera,*,,,,3,
Plantae,Flora,Cactaceae,12188,Cylindropuntia spinosior,*,Walkingstick Cactus,,,2,
Plantae,Flora,Cactaceae,CYLI,Cylindropuntia spp.,*,,,,12,
Plantae,Flora,Cactaceae,12186,Cylindropuntia tunicata,*,,,,2,
Plantae,Flora,Cactaceae,14662,Ferocactus spp.,*,Barrel cactus,,,3,
Plantae,Flora,Cactaceae,12519,Harrisia martinii,*,Moonlight Cactus,,,34,
Plantae,Flora,Cactaceae,12460,Harrisia tortuosa,*,Harrisia Cactus,,,13,
Plantae,Flora,Cactaceae,HYLO,Hylocereus spp.,*,,,,4,
Plantae,Flora,Cactaceae,1871,Hylocereus undatus,*,Night-blooming Cactus,,,15,
Plantae,Flora,Cactaceae,1872,Opuntia aurantiaca,*,Tiger Pear,,,2064,
Plantae,Flora,Cactaceae,12220,Opuntia elata,*,,,,10,
Plantae,Flora,Cactaceae,7063,Opuntia elatior,*,,,,8,
Plantae,Flora,Cactaceae,6585,Opuntia ficus-indica,*,Indian Fig,,,21,
Plantae,Flora,Cactaceae,7049,Opuntia humifusa,*,Creeping Pear,,,324,
Plantae,Flora,Cactaceae,1873,Opuntia microdasys,*,Yellow Bunny Ears,,,1,
Plantae,Flora,Cactaceae,11223,Opuntia monacantha,*,Drooping Pear,,,59,
Plantae,Flora,Cactaceae,7373,Opuntia robusta,*,Wheel Cactus,,,30,
Plantae,Flora,Cactaceae,12163,Opuntia schickendantzii,*,,,,1,
Plantae,Flora,Cactaceae,12439,Opuntia sp. sensu I.Telford (1984),*,,,,6,
Plantae,Flora,Cactaceae,OPUN,Opuntia spp.,*,,,,937,
Plantae,Flora,Cactaceae,1875,Opuntia stricta,*,Common Prickly Pear,,,4729,
Plantae,Flora,Cactaceae,9661,Opuntia stricta var. dillenii,*,Spiny Pest Pear,,,4,
Plantae,Flora,Cactaceae,7659,Opuntia stricta var. stricta,*,Common Prickly Pear,,,3203,
Plantae,Flora,Cactaceae,7747,Opuntia tomentosa,*,Velvet Tree Pear,,,443,
Plantae,Flora,Cactaceae,9358,Pereskia aculeata,*,Barbados Gooseberry,,,2,
Plantae,Flora,Callitrichaceae,10899,Callitriche brutia,*,Water Starwort,,,1,
Plantae,Flora,Callitrichaceae,1906,Callitriche cyclocarpa,,Western Water-starwort,,,2,
Plantae,Flora,Callitrichaceae,1907,Callitriche muelleri,,,,,77,
Plantae,Flora,Callitrichaceae,1908,Callitriche sonderi,,,,,226,
Plantae,Flora,Callitrichaceae,CALH,Callitriche spp.,,Starwort,,,57,
Plantae,Flora,Callitrichaceae,1909,Callitriche stagnalis,*,Common Starwort,,,227,
Plantae,Flora,Callitrichaceae,1910,Callitriche umbonata,,Winged Water-starwort,,,31,
Plantae,Flora,Calomniaceae,13692,Calomnion complanatum,,,E1,,P,
Plantae,Flora,Campanulaceae,11058,Campanula rapunculoides,*,,,,2,
Plantae,Flora,Campanulaceae,1912,Isotoma anethifolia,,,,,177,
Plantae,Flora,Campanulaceae,7913,Isotoma armstrongii,,,,,41,
Plantae,Flora,Campanulaceae,1913,Isotoma axillaris,,Showy Isotome,,,805,
Plantae,Flora,Campanulaceae,1914,Isotoma fluviatilis,,Swamp Isotome,,,314,
Plantae,Flora,Campanulaceae,7964,Isotoma fluviatilis subsp. australis,,,,,57,
Plantae,Flora,Campanulaceae,7965,Isotoma fluviatilis subsp. borealis,,,,,52,
Plantae,Flora,Campanulaceae,7963,^^Isotoma fluviatilis subsp. fluviatilis,,,3,X,29,
Plantae,Flora,Campanulaceae,1915,Isotoma petraea,,Rock Isotome,,,39,
Plantae,Flora,Campanulaceae,ISOT,Isotoma spp.,,,,,27,
Plantae,Flora,Campanulaceae,12321,Isotoma tridens,,,,,3,
Plantae,Flora,Campanulaceae,10465,Lobelia anceps,,,,,1137,
Plantae,Flora,Campanulaceae,14464,Lobelia andrewsii,,Trailing Lobelia,,,422,
Plantae,Flora,Campanulaceae,15217,^^Lobelia claviflora,,,"E4A,3",CE,37,
Plantae,Flora,Campanulaceae,14937,Lobelia concolor,,Poison Pratia,,,3059,
Plantae,Flora,Campanulaceae,12343,Lobelia darlingensis,,Darling Pratia,,,103,
Plantae,Flora,Campanulaceae,7072,Lobelia dentata,,,,,283,
Plantae,Flora,Campanulaceae,1917,Lobelia gibbosa,,Tall Lobelia,,,321,
Plantae,Flora,Campanulaceae,11109,Lobelia membranacea,,,,,3,
Plantae,Flora,Campanulaceae,14938,Lobelia pedunculata,,"Matted Pratia, Trailing Pratia",,,750,
Plantae,Flora,Campanulaceae,13180,Lobelia pratioides,,,,,3,
Plantae,Flora,Campanulaceae,14415,Lobelia purpurascens,,whiteroot,,,14556,
Plantae,Flora,Campanulaceae,14000,Lobelia simplicicaulis,,,,,4,
Plantae,Flora,Campanulaceae,13181,Lobelia sp. A,,,,,1,
Plantae,Flora,Campanulaceae,10882,Lobelia sp. aff. gibbosa 'succulent',,,,,1,
Plantae,Flora,Campanulaceae,LOBE,Lobelia spp.,,,,,213,
Plantae,Flora,Campanulaceae,12118,Lobelia stenophylla,,,,,25,
Plantae,Flora,Campanulaceae,14936,Lobelia surrepens,,,,,147,
Plantae,Flora,Campanulaceae,1919,Lobelia trigonocaulis,,Forest Lobelia,,,531,
Plantae,Flora,Campanulaceae,LOBLC,Lobeliaceae indeterminate,*,Lobelias,,,1,
Plantae,Flora,Campanulaceae,13182,Monopsis debilis var. depressa,*,,,,8,
Plantae,Flora,Campanulaceae,10111,Monopsis simplex var. simplex,*,,,,1,
Plantae,Flora,Campanulaceae,7076,Wahlenbergia aridicola,,,,,12,
Plantae,Flora,Campanulaceae,1928,Wahlenbergia ceracea,,Waxy Bluebell,,,258,
Plantae,Flora,Campanulaceae,1929,Wahlenbergia communis,,Tufted Bluebell,,,10678,
Plantae,Flora,Campanulaceae,1930,Wahlenbergia densifolia,,Fairy Bluebell,,,45,
Plantae,Flora,Campanulaceae,1931,Wahlenbergia fluminalis,,River Bluebell,,,4286,
Plantae,Flora,Campanulaceae,9063,Wahlenbergia glabra,,,,,15,
Plantae,Flora,Campanulaceae,1932,Wahlenbergia gloriosa,,Royal Bluebell,,,233,
Plantae,Flora,Campanulaceae,1933,Wahlenbergia gracilenta,,Annual Bluebell,,,1623,
Plantae,Flora,Campanulaceae,1934,Wahlenbergia gracilis,,Sprawling Bluebell,,,7906,
Plantae,Flora,Campanulaceae,1935,Wahlenbergia graniticola,,Granite Bluebell,,,508,
Plantae,Flora,Campanulaceae,12074,Wahlenbergia gymnoclada,,,,,14,
Plantae,Flora,Campanulaceae,1936,Wahlenbergia insulae-howei,,,,,14,
Plantae,Flora,Campanulaceae,7383,Wahlenbergia littoricola,,,,,161,
Plantae,Flora,Campanulaceae,7314,Wahlenbergia luteola,,Bluebell,,,2520,
Plantae,Flora,Campanulaceae,1937,Wahlenbergia multicaulis,,"Tadgell's Bluebell in the local government areas of Auburn, Bankstown, Baulkham Hills, Canterbury, Hornsby, Parramatta and Strathfield",E2,,154,
Plantae,Flora,Campanulaceae,1937,Wahlenbergia multicaulis,,Tadgell's Bluebell,,,457,
Plantae,Flora,Campanulaceae,10110,Wahlenbergia planiflora,,Bluebell,,,394,
Plantae,Flora,Campanulaceae,8735,Wahlenbergia planiflora subsp. longipila,,,,,795,
Plantae,Flora,Campanulaceae,8281,Wahlenbergia planiflora subsp. planiflora,,Flat Bluebell,,,305,
Plantae,Flora,Campanulaceae,7728,Wahlenbergia queenslandica,,,,,143,
Plantae,Flora,Campanulaceae,9064,Wahlenbergia scopulicola,,Rock-face Bluebell,E1,,14,
Plantae,Flora,Campanulaceae,WAHL,Wahlenbergia spp.,,Bluebell,,,7716,
Plantae,Flora,Campanulaceae,1938,Wahlenbergia stricta,,Tall Bluebell,,,3736,
Plantae,Flora,Campanulaceae,8495,Wahlenbergia stricta subsp. alterna,,,,,464,
Plantae,Flora,Campanulaceae,8708,Wahlenbergia stricta subsp. stricta,,Tall Bluebell,,,3067,
Plantae,Flora,Campanulaceae,14889,Wahlenbergia telfordii,,,,,2,
Plantae,Flora,Campanulaceae,7883,Wahlenbergia tumidifructa,,,,,394,
Plantae,Flora,Campanulaceae,9975,Wahlenbergia victoriensis,,,,,31,
Plantae,Flora,Cannabaceae,1939,Cannabis sativa,*,Indian Hemp,,,41,
Plantae,Flora,Cannabaceae,1940,Humulus lupulus,*,Hops,,,3,
Plantae,Flora,Cannaceae,1941,Canna indica,*,Tous-les-mois Arrowroot,,,262,
Plantae,Flora,Cannaceae,CANN,Canna spp.,*,,,,34,
Plantae,Flora,Cannaceae,10436,Canna x generalis,*,,,,34,
Plantae,Flora,Capparaceae,1942,Apophyllum anomalum,,Warrior Bush,,,1491,
Plantae,Flora,Capparaceae,APOP,Apophyllum spp.,,,,,2,
Plantae,Flora,Capparaceae,1943,Capparis arborea,,Native Pomegranate,,,1180,
Plantae,Flora,Capparaceae,7128,Capparis canescens,,Wild Orange,E1,,5,
Plantae,Flora,Capparaceae,6374,Capparis lasiantha,,Nepine,,,732,
Plantae,Flora,Capparaceae,7284,Capparis loranthifolia var. loranthifolia,,Narrow-leafed Bumble,E1,,37,
Plantae,Flora,Capparaceae,1945,Capparis mitchellii,,Native Orange,,,1246,
Plantae,Flora,Capparaceae,1946,Capparis sarmentosa,,,,,28,
Plantae,Flora,Capparaceae,CAPP,Capparis spp.,,,,,14,
Plantae,Flora,Capparaceae,10763,Capparis velutina,,,,,6,
Plantae,Flora,Capparaceae,9361,Polanisia dodecandra subsp. trachysperma,*,,,,1,
Plantae,Flora,Caprifoliaceae,11687,Abelia chinensis,*,,,,5,
Plantae,Flora,Caprifoliaceae,11787,Abelia floribunda,*,,,,5,
Plantae,Flora,Caprifoliaceae,ABEI,Abelia spp.,*,,,,13,
Plantae,Flora,Caprifoliaceae,10755,Abelia x grandiflora,*,,,,52,
Plantae,Flora,Caprifoliaceae,1950,Leycesteria formosa,*,Himalayan Honeysuckle,,,44,
Plantae,Flora,Caprifoliaceae,1951,Lonicera fragrantissima,*,Winter Honeysuckle,,,7,
Plantae,Flora,Caprifoliaceae,1952,Lonicera japonica,*,Japanese Honeysuckle,,,2036,
Plantae,Flora,Caprifoliaceae,13894,Lonicera nitida,*,,,,3,
Plantae,Flora,Caprifoliaceae,LONI,Lonicera spp.,*,,,,32,
Plantae,Flora,Cardiopteridaceae,3275,Citronella moorei,,,,,713,
Plantae,Flora,Caricaceae,11760,Carica papaya,*,"Papaya, Pawpaw",,,22,
Plantae,Flora,Caryophyllaceae,1957,Agrostemma githago,*,Corn Cockle,,,3,
Plantae,Flora,Caryophyllaceae,7154,Arenaria leptoclados,*,Lesser Thyme-leaved Sandwort,,,558,
Plantae,Flora,Caryophyllaceae,1958,Arenaria serpyllifolia,*,Thyme-leaved Sandwort,,,354,
Plantae,Flora,Caryophyllaceae,AREN,Arenaria spp.,*,,,,20,
Plantae,Flora,Caryophyllaceae,CRYPC,Caryophyllaceae indeterminate,*,Pinks,,,75,
Plantae,Flora,Caryophyllaceae,9348,Cerastium balearicum,*,Lesser Mouse-ear Chickweed,,,76,
Plantae,Flora,Caryophyllaceae,9807,Cerastium fontanum subsp. fontanum,*,,,,23,
Plantae,Flora,Caryophyllaceae,1960,Cerastium glomeratum,*,Mouse-ear Chickweed,,,3802,
Plantae,Flora,Caryophyllaceae,CERA,Cerastium spp.,*,,,,182,
Plantae,Flora,Caryophyllaceae,10550,Cerastium vulgare,*,Mouse-ear Chickweed,,,354,
Plantae,Flora,Caryophyllaceae,1962,Colobanthus affinis,,,,,45,
Plantae,Flora,Caryophyllaceae,9802,Colobanthus apetalus var. apetalus,,,,,2,
Plantae,Flora,Caryophyllaceae,1964,Colobanthus nivicola,,,,,33,
Plantae,Flora,Caryophyllaceae,1965,Colobanthus pulvinatus,,,,,36,
Plantae,Flora,Caryophyllaceae,1966,Dianthus armeria,*,Deptford Pink,,,170,
Plantae,Flora,Caryophyllaceae,1967,Dianthus barbatus,*,Sweet William,,,2,
Plantae,Flora,Caryophyllaceae,DIAT,Dianthus spp.,*,Pinks,,,7,
Plantae,Flora,Caryophyllaceae,10546,Drymaria cordata subsp. cordata,*,,,,45,
Plantae,Flora,Caryophyllaceae,GYPS,Gypsophila spp.,,,,,1,
Plantae,Flora,Caryophyllaceae,9031,Gypsophila tubulosa,,Annual Chalkwort,,,460,
Plantae,Flora,Caryophyllaceae,9667,Herniaria cinerea,*,,,,171,
Plantae,Flora,Caryophyllaceae,HERN,Herniaria spp.,*,,,,1,
Plantae,Flora,Caryophyllaceae,1971,Lychnis chalcedonica,*,Maltese-Cross,,,1,
Plantae,Flora,Caryophyllaceae,1972,Lychnis coronaria,*,Rose Campion,,,44,
Plantae,Flora,Caryophyllaceae,1973,Moenchia erecta,*,Erect Chickweed,,,308,
Plantae,Flora,Caryophyllaceae,1974,Paronychia brasiliana,*,"Chilean Whitlow Wort, Brazilian Whitlow",,,3603,
Plantae,Flora,Caryophyllaceae,10545,Paronychia franciscana,*,Chilean Nailwort,,,7,
Plantae,Flora,Caryophyllaceae,PARO,Paronychia spp.,*,,,,10,
Plantae,Flora,Caryophyllaceae,13845,Petrorhagia dubia,*,,,,1286,
Plantae,Flora,Caryophyllaceae,7584,Petrorhagia nanteuilii,*,Proliferous Pink,,,7157,
Plantae,Flora,Caryophyllaceae,11531,Petrorhagia prolifera,*,Proliferous Pink,,,8,
Plantae,Flora,Caryophyllaceae,PETR,Petrorhagia spp.,*,,,,292,
Plantae,Flora,Caryophyllaceae,6698,Polycarpaea arida,,,,,22,
Plantae,Flora,Caryophyllaceae,12028,Polycarpaea breviflora,,,,,5,
Plantae,Flora,Caryophyllaceae,9668,Polycarpaea corymbosa var. minor,,,,,82,
Plantae,Flora,Caryophyllaceae,8531,Polycarpaea spirostylis subsp. glabra,,,E1,,1,
Plantae,Flora,Caryophyllaceae,POLC,Polycarpaea spp.,,,,,2,
Plantae,Flora,Caryophyllaceae,1979,Polycarpon tetraphyllum,*,Four-leaved Allseed,,,1742,
Plantae,Flora,Caryophyllaceae,1980,Sagina apetala,*,Annual Pearlwort,,,98,
Plantae,Flora,Caryophyllaceae,10549,Sagina maritima,*,Sea Pearlwort,,,1,
Plantae,Flora,Caryophyllaceae,10548,Sagina namadgi,,Native Pearlwort,,,7,
Plantae,Flora,Caryophyllaceae,1981,Sagina procumbens,*,Spreading Pearlwort,,,30,
Plantae,Flora,Caryophyllaceae,SAGN,Sagina spp.,*,Pearlwort,,,3,
Plantae,Flora,Caryophyllaceae,1982,Saponaria calabrica,*,,,,1,
Plantae,Flora,Caryophyllaceae,1983,Saponaria officinalis,*,Soapwort,,,57,
Plantae,Flora,Caryophyllaceae,SAPO,Saponaria spp.,*,,,,1,
Plantae,Flora,Caryophyllaceae,1984,Scleranthus annuus,*,,,,9,
Plantae,Flora,Caryophyllaceae,1985,Scleranthus biflorus,,Two-flowered Knawel,,,2607,
Plantae,Flora,Caryophyllaceae,11276,Scleranthus brockiei,,,,,10,
Plantae,Flora,Caryophyllaceae,1986,Scleranthus diander,,,,,542,
Plantae,Flora,Caryophyllaceae,11277,Scleranthus fasciculatus,,,,,570,
Plantae,Flora,Caryophyllaceae,12852,Scleranthus gracilis,,,,,3,
Plantae,Flora,Caryophyllaceae,1987,Scleranthus minusculus,,,,,76,
Plantae,Flora,Caryophyllaceae,1988,Scleranthus pungens,,,,,41,
Plantae,Flora,Caryophyllaceae,1989,Scleranthus singuliflorus,,,,,109,
Plantae,Flora,Caryophyllaceae,SCLT,Scleranthus spp.,,,,,95,
Plantae,Flora,Caryophyllaceae,1990,Silene apetala,*,,,,302,
Plantae,Flora,Caryophyllaceae,9801,Silene dioica,*,,,,3,
Plantae,Flora,Caryophyllaceae,1991,Silene gallica,*,French Catchfly,,,796,
Plantae,Flora,Caryophyllaceae,7020,Silene gallica var. gallica,*,French Catchfly,,,214,
Plantae,Flora,Caryophyllaceae,7021,Silene gallica var. quinquevulnera,*,Five-wounded Catchfly,,,73,
Plantae,Flora,Caryophyllaceae,10547,Silene latifolia subsp. alba,*,White Campion,,,25,
Plantae,Flora,Caryophyllaceae,1992,Silene noctiflora,*,,,,2,
Plantae,Flora,Caryophyllaceae,1993,Silene nocturna,*,,,,105,
Plantae,Flora,Caryophyllaceae,SILE,Silene spp.,*,,,,81,
Plantae,Flora,Caryophyllaceae,9798,Silene tridentata,*,Spanish Catchfly,,,3,
Plantae,Flora,Caryophyllaceae,10648,Silene uniflora subsp. uniflora,*,Sea Campion,,,2,
Plantae,Flora,Caryophyllaceae,9799,Silene vulgaris subsp. vulgaris,*,Bladder Campion,,,24,
Plantae,Flora,Caryophyllaceae,1996,Spergula arvensis,*,Corn Spurry,,,88,
Plantae,Flora,Caryophyllaceae,1997,Spergula pentandra,*,,,,7,
Plantae,Flora,Caryophyllaceae,SPER,Spergula spp.,*,,,,15,
Plantae,Flora,Caryophyllaceae,12853,Spergularia australasica,*,,,,1,
Plantae,Flora,Caryophyllaceae,11170,Spergularia bocconei,*,Bocconi's Sand-spurrey,,,21,
Plantae,Flora,Caryophyllaceae,13841,Spergularia brevifolia,,,,,375,
Plantae,Flora,Caryophyllaceae,1998,Spergularia diandra,*,Lesser Sand-spurry,,,130,
Plantae,Flora,Caryophyllaceae,12854,Spergularia diandroides,,,,,7,
Plantae,Flora,Caryophyllaceae,1999,Spergularia levis,*,,,,37,
Plantae,Flora,Caryophyllaceae,2000,Spergularia marina,,Lesser Sea-spurrey,,,192,
Plantae,Flora,Caryophyllaceae,2001,Spergularia rubra,*,Sandspurry,,,1662,
Plantae,Flora,Caryophyllaceae,SPEG,Spergularia spp.,,,,,147,
Plantae,Flora,Caryophyllaceae,14621,Spergularia tasmanica,,,,,15,
Plantae,Flora,Caryophyllaceae,2002,Stellaria angustifolia,,Swamp Starwort,,,5425,
Plantae,Flora,Caryophyllaceae,14829,Stellaria angustifolia subsp. angustifolia,,,,,14,
Plantae,Flora,Caryophyllaceae,2003,Stellaria filiformis,,,,,18,
Plantae,Flora,Caryophyllaceae,2004,Stellaria flaccida,,,,,3059,
Plantae,Flora,Caryophyllaceae,2005,Stellaria graminea,*,,,,12,
Plantae,Flora,Caryophyllaceae,14884,Stellaria leptoclada,,,,,3,
Plantae,Flora,Caryophyllaceae,2006,Stellaria media,*,Common Chickweed,,,3877,
Plantae,Flora,Caryophyllaceae,2007,Stellaria multiflora,,,,,82,
Plantae,Flora,Caryophyllaceae,14622,Stellaria multiflora subsp. collaris,,,,,13,
Plantae,Flora,Caryophyllaceae,14830,Stellaria multiflora subsp. multiflora,,,,,1,
Plantae,Flora,Caryophyllaceae,9803,Stellaria pallida,*,,,,40,
Plantae,Flora,Caryophyllaceae,2008,Stellaria pungens,,Prickly Starwort,,,4940,
Plantae,Flora,Caryophyllaceae,14100,Stellaria sp. aff. angustifolia,,,,,12,
Plantae,Flora,Caryophyllaceae,9804,Stellaria sp. B,,,,,2,
Plantae,Flora,Caryophyllaceae,STEL,Stellaria spp.,,Prickly Starwort,,,414,
Plantae,Flora,Caryophyllaceae,9796,Vaccaria hispanica,*,Cow Soapwort,,,25,
Plantae,Flora,Casuarinaceae,9090,Allocasuarina brachystachya,,,,,51,
Plantae,Flora,Casuarinaceae,8980,Allocasuarina defungens,,Dwarf Heath Casuarina,E1,E,207,
Plantae,Flora,Casuarinaceae,9711,Allocasuarina diminuta,,,,,450,
Plantae,Flora,Casuarinaceae,9710,Allocasuarina diminuta subsp. annectens,,,,,62,
Plantae,Flora,Casuarinaceae,8370,Allocasuarina diminuta subsp. diminuta,,,,,588,
Plantae,Flora,Casuarinaceae,9009,Allocasuarina diminuta subsp. mimica,,Allocasuarina diminuta subsp. mimica population in the Sutherland Shire and Liverpool City local government areas,E2,,155,
Plantae,Flora,Casuarinaceae,9009,Allocasuarina diminuta subsp. mimica,,,,,238,
Plantae,Flora,Casuarinaceae,2010,Allocasuarina distyla,,,,,1961,
Plantae,Flora,Casuarinaceae,15062,Allocasuarina distyla x littoralis,,,,,1,
Plantae,Flora,Casuarinaceae,8320,Allocasuarina glareicola,,,E1,E,175,
Plantae,Flora,Casuarinaceae,8551,Allocasuarina gymnanthera,,,,,857,
Plantae,Flora,Casuarinaceae,2011,Allocasuarina inophloia,,Stringybark She-Oak population in the Clarence Valley local government area,E2,,7,
Plantae,Flora,Casuarinaceae,2011,Allocasuarina inophloia,,Stringybark She-Oak,,,221,
Plantae,Flora,Casuarinaceae,2012,Allocasuarina littoralis,,Black She-Oak,,,26922,
Plantae,Flora,Casuarinaceae,2013,Allocasuarina luehmannii,,Bulloak,,,4720,
Plantae,Flora,Casuarinaceae,2014,Allocasuarina nana,,Dwarf She-oak,,,1049,
Plantae,Flora,Casuarinaceae,9010,Allocasuarina ophiolitica,,,,,52,
Plantae,Flora,Casuarinaceae,2015,Allocasuarina paludosa,,,,,691,
Plantae,Flora,Casuarinaceae,8321,^^Allocasuarina portuensis,,Nielsen Park She-oak,"E1,3",E,141,
Plantae,Flora,Casuarinaceae,8791,Allocasuarina rigida subsp. rigida,,,,,220,
Plantae,Flora,Casuarinaceae,9091,Allocasuarina rupicola,,,,,38,
Plantae,Flora,Casuarinaceae,9011,Allocasuarina simulans,,Nabiac Casuarina,V,V,214,
Plantae,Flora,Casuarinaceae,ALLC,Allocasuarina spp.,,,,,442,
Plantae,Flora,Casuarinaceae,14655,Allocasuarina thalassoscopica,,,,E,2495,
Plantae,Flora,Casuarinaceae,2017,Allocasuarina torulosa,,Forest Oak,,,14271,
Plantae,Flora,Casuarinaceae,2018,Allocasuarina verticillata,,Drooping Sheoak,,,1307,
Plantae,Flora,Casuarinaceae,2019,Casuarina cristata,,Belah,,,3396,
Plantae,Flora,Casuarinaceae,9006,Casuarina cunninghamiana subsp. cunninghamiana,,River Oak,,,4129,
Plantae,Flora,Casuarinaceae,10351,Casuarina cunninghamiana x glauca,,,,,2,
Plantae,Flora,Casuarinaceae,12856,Casuarina equisetifolia subsp. equisetifolia,*,,,,5,
Plantae,Flora,Casuarinaceae,9247,Casuarina equisetifolia subsp. incana,,Coastal She-oak,,,144,
Plantae,Flora,Casuarinaceae,2022,Casuarina glauca,,Swamp Oak,,,8757,
Plantae,Flora,Casuarinaceae,2023,Casuarina obesa,,Swamp She-oak,E1,,10,
Plantae,Flora,Casuarinaceae,9289,Casuarina pauper,,Black Oak,,,1793,
Plantae,Flora,Casuarinaceae,12857,Casuarina prinsepiana,,,,,2,
Plantae,Flora,Casuarinaceae,CASU,Casuarina spp.,,,,,315,
Plantae,Flora,Casuarinaceae,CASUC,Casuarinaceae indeterminate,*,She-oaks,,,15,
Plantae,Flora,Caulacanthaceae,14524,Catenella nipae,,,,,1,
Plantae,Flora,Celastraceae,2025,Apatophyllum constablei,,,,,123,
Plantae,Flora,Celastraceae,2026,Celastrus australis,,Staff Climber,,,673,
Plantae,Flora,Celastraceae,CELA,Celastrus spp.,,,,,18,
Plantae,Flora,Celastraceae,6794,Celastrus subspicata,,Large-leaved Staff Vine,,,807,
Plantae,Flora,Celastraceae,14671,Denhamia bilocularis,,,,,585,
Plantae,Flora,Celastraceae,14674,Denhamia bilocularis x silvestris,,,,,3,
Plantae,Flora,Celastraceae,8387,Denhamia celastroides,,Denhamia,,,746,
Plantae,Flora,Celastraceae,14672,Denhamia cunninghamii,,,,,395,
Plantae,Flora,Celastraceae,14673,Denhamia disperma,,Orange Boxwood,,,21,
Plantae,Flora,Celastraceae,7242,Denhamia moorei,,Mountain Denhamia,,,47,
Plantae,Flora,Celastraceae,7278,Denhamia pittosporoides subsp. pittosporoides,,Veiny Denhamia,,,87,
Plantae,Flora,Celastraceae,14670,Denhamia silvestris,,Narrow-leaved Orangebark,,,3009,
Plantae,Flora,Celastraceae,DENH,Denhamia spp.,,,,,18,
Plantae,Flora,Celastraceae,2029,Elaeodendron australe,,,,,1475,
Plantae,Flora,Celastraceae,7924,Elaeodendron australe var. angustifolium,,,,,275,
Plantae,Flora,Celastraceae,12523,Elaeodendron australe var. australe,,,,,735,
Plantae,Flora,Celastraceae,2030,Elaeodendron curtipendulum,,Tamana,,,53,
Plantae,Flora,Celastraceae,ELAD,Elaeodendron spp.,,,,,4,
Plantae,Flora,Celastraceae,14503,Euonymus japonicus,*,Japanese Spindletree,,,10,
Plantae,Flora,Celastraceae,2031,Hedraianthera porphyropetala,,Hedraianthera,,,179,
Plantae,Flora,Celastraceae,7408,Hippocratea barbata,,Knot Vine,,,106,
Plantae,Flora,Celastraceae,6118,Macgregoria racemigera,,Carpet-of-snow,,,8,
Plantae,Flora,Celastraceae,MAYT,Maytenus spp.,,,,,10,
Plantae,Flora,Celastraceae,6516,Siphonodon australis,,Ivorywood,,,124,
Plantae,Flora,Celastraceae,SIPH,Siphonodon spp.,,,,,1,
Plantae,Flora,Celastraceae,7262,Stackhousia clementii,,,E1,,1,
Plantae,Flora,Celastraceae,6120,Stackhousia monogyna,,Creamy Candles,,,3328,
Plantae,Flora,Celastraceae,6121,Stackhousia muricata,,Stackhousia,,,1372,
Plantae,Flora,Celastraceae,6122,Stackhousia nuda,,,,,378,
Plantae,Flora,Celastraceae,6123,Stackhousia pulvinaris,,Alpine Stackhousia,,,40,
Plantae,Flora,Celastraceae,6124,Stackhousia spathulata,,,,,82,
Plantae,Flora,Celastraceae,STAC,Stackhousia spp.,,,,,359,
Plantae,Flora,Celastraceae,6125,Stackhousia viminea,,Slender Stackhousia,,,2848,
Plantae,Flora,Centrolepidaceae,2037,Aphelia gracilis,,,,,5,
Plantae,Flora,Centrolepidaceae,10340,Centrolepis eremica,,,,,2,
Plantae,Flora,Centrolepidaceae,2038,Centrolepis fascicularis,,,,,121,
Plantae,Flora,Centrolepidaceae,2039,Centrolepis glabra,,,,,8,
Plantae,Flora,Centrolepidaceae,2040,Centrolepis polygyna,,,,,3,
Plantae,Flora,Centrolepidaceae,CENR,Centrolepis spp.,,,,,12,
Plantae,Flora,Centrolepidaceae,8807,Centrolepis strigosa subsp. strigosa,,,,,347,
Plantae,Flora,Cephaloziellaceae,11542,Cephaloziella spp.,*,,,,1,
Plantae,Flora,Ceratophyllaceae,2042,Ceratophyllum demersum,,Hornwort,,,59,
Plantae,Flora,Characeae,11408,Chara spp.,,Chara,,,12,
Plantae,Flora,Characeae,11372,Lamprothamnium papulosum,,,,,5,
Plantae,Flora,Characeae,14843,Nitella parooensis,,,E4A,CE,2,
Plantae,Flora,Characeae,11659,Nitella partita,,,E1,,4,
Plantae,Flora,Characeae,11543,Tolypella spp.,*,,,,1,
Plantae,Flora,Chenopodiaceae,7515,Atriplex acutibractea subsp. acutibractea,,,,,119,
Plantae,Flora,Chenopodiaceae,13846,Atriplex acutibractea subsp. karoniensis,,Pointed Saltbush,,,20,
Plantae,Flora,Chenopodiaceae,2044,Atriplex acutiloba,,,E4,,3,
Plantae,Flora,Chenopodiaceae,2045,Atriplex angulata,,Fan Saltbush,,,372,
Plantae,Flora,Chenopodiaceae,2046,Atriplex australasica,,,,,180,
Plantae,Flora,Chenopodiaceae,1000,Atriplex cinerea,,Grey Saltbush,,,74,
Plantae,Flora,Chenopodiaceae,2047,Atriplex conduplicata,,,,,245,
Plantae,Flora,Chenopodiaceae,2048,Atriplex crassipes,,,,,17,
Plantae,Flora,Chenopodiaceae,6687,Atriplex crassipes var. appendiculata,,,,,4,
Plantae,Flora,Chenopodiaceae,6775,Atriplex crassipes var. crassipes,,,,,8,
Plantae,Flora,Chenopodiaceae,2049,Atriplex eardleyae,,Small Saltbush,,,675,
Plantae,Flora,Chenopodiaceae,2050,Atriplex elachophylla,,,,,31,
Plantae,Flora,Chenopodiaceae,2051,Atriplex fissivalvis,,,,,35,
Plantae,Flora,Chenopodiaceae,12859,Atriplex flabelliformis,*,,,,1,
Plantae,Flora,Chenopodiaceae,2053,Atriplex holocarpa,,Pop Saltbush,,,1196,
Plantae,Flora,Chenopodiaceae,6918,Atriplex infrequens,,A saltbush,V,V,13,
Plantae,Flora,Chenopodiaceae,2054,Atriplex intermedia,,,,,44,
Plantae,Flora,Chenopodiaceae,6368,Atriplex leptocarpa,,Slender-fruit Saltbush,,,2548,
Plantae,Flora,Chenopodiaceae,2055,Atriplex limbata,,,,,638,
Plantae,Flora,Chenopodiaceae,2056,Atriplex lindleyi,,Eastern Flat-top Saltbush,,,1876,
Plantae,Flora,Chenopodiaceae,2057,Atriplex lobativalvis,,,,,12,
Plantae,Flora,Chenopodiaceae,2058,Atriplex macropterocarpa,,,,,16,
Plantae,Flora,Chenopodiaceae,2060,Atriplex morrisii,,,,,29,
Plantae,Flora,Chenopodiaceae,2061,Atriplex muelleri,,Mueller's Saltbush,,,275,
Plantae,Flora,Chenopodiaceae,2062,Atriplex nessorhina,,Donald Duck Saltbush,,,64,
Plantae,Flora,Chenopodiaceae,2063,Atriplex nummularia,,Old Man Saltbush,,,923,
Plantae,Flora,Chenopodiaceae,2064,Atriplex papillata,,,,,5,
Plantae,Flora,Chenopodiaceae,2065,Atriplex patula,*,,,,12,
Plantae,Flora,Chenopodiaceae,9614,Atriplex prostrata,*,,,,257,
Plantae,Flora,Chenopodiaceae,2066,Atriplex pseudocampanulata,,,,,677,
Plantae,Flora,Chenopodiaceae,2068,Atriplex pumilio,,,,,60,
Plantae,Flora,Chenopodiaceae,2069,Atriplex quinii,,,,,23,
Plantae,Flora,Chenopodiaceae,6706,Atriplex rhagodioides,,,,,106,
Plantae,Flora,Chenopodiaceae,2070,Atriplex semibaccata,,Creeping Saltbush,,,5358,
Plantae,Flora,Chenopodiaceae,9662,Atriplex sp. B,,,,,35,
Plantae,Flora,Chenopodiaceae,2071,Atriplex spinibractea,,Spiny-fruit Saltbush,,,866,
Plantae,Flora,Chenopodiaceae,2072,Atriplex spongiosa,,Pop Saltbush,,,186,
Plantae,Flora,Chenopodiaceae,ATRI,Atriplex spp.,,,,,722,
Plantae,Flora,Chenopodiaceae,2073,Atriplex stipitata,,Mallee Saltbush,,,2079,
Plantae,Flora,Chenopodiaceae,15282,Atriplex stipitata subsp. miscella,,,,,140,
Plantae,Flora,Chenopodiaceae,15281,Atriplex stipitata subsp. stipitata,,,,,83,
Plantae,Flora,Chenopodiaceae,2074,Atriplex sturtii,,A saltbush,E1,,171,
Plantae,Flora,Chenopodiaceae,2075,Atriplex suberecta,,,,,654,
Plantae,Flora,Chenopodiaceae,2076,Atriplex turbinata,,,,,17,
Plantae,Flora,Chenopodiaceae,2077,Atriplex velutinella,,,,,87,
Plantae,Flora,Chenopodiaceae,2078,Atriplex vesicaria,,Bladder Saltbush,,,2021,
Plantae,Flora,Chenopodiaceae,7712,Atriplex vesicaria subsp. calcicola,,,,,11,
Plantae,Flora,Chenopodiaceae,7620,Atriplex vesicaria subsp. macrocystidia,,Bladder Saltbush,,,131,
Plantae,Flora,Chenopodiaceae,6975,Atriplex vesicaria subsp. minor,,,,,8,
Plantae,Flora,Chenopodiaceae,8532,Atriplex vesicaria subsp. sphaerocarpa,,,,,49,
Plantae,Flora,Chenopodiaceae,8533,Atriplex vesicaria subsp. variabilis,,,,,3,
Plantae,Flora,Chenopodiaceae,6764,Atriplex vesicaria subsp. vesicaria,,,,,92,
Plantae,Flora,Chenopodiaceae,7472,Beta vulgaris subsp. maritima,*,Wild Beet,,,3,
Plantae,Flora,Chenopodiaceae,CHENC,Chenopodiaceae indeterminate,*,Salt-bushes,,,249,
Plantae,Flora,Chenopodiaceae,2084,Chenopodium album,*,Fat Hen,,,1292,
Plantae,Flora,Chenopodiaceae,2086,Chenopodium auricomiforme,,,,,15,
Plantae,Flora,Chenopodiaceae,2087,Chenopodium auricomum,,Queensland Bluebush,,,566,
Plantae,Flora,Chenopodiaceae,12861,Chenopodium bontei,,,,,1,
Plantae,Flora,Chenopodiaceae,2090,Chenopodium curvispicatum,,,,,1561,
Plantae,Flora,Chenopodiaceae,2091,Chenopodium desertorum,,Desert Goosefoot,,,2145,
Plantae,Flora,Chenopodiaceae,6908,Chenopodium desertorum subsp. anidiophyllum,,,,,457,
Plantae,Flora,Chenopodiaceae,7916,Chenopodium desertorum subsp. desertorum,,Desert Goosefoot,,,1252,
Plantae,Flora,Chenopodiaceae,6779,Chenopodium desertorum subsp. microphyllum,,,,,873,
Plantae,Flora,Chenopodiaceae,6555,Chenopodium desertorum subsp. rectum,,,,,160,
Plantae,Flora,Chenopodiaceae,6931,Chenopodium desertorum subsp. virosum,,,,,26,
Plantae,Flora,Chenopodiaceae,2092,Chenopodium detestans,*,Chenopodium,,,4,
Plantae,Flora,Chenopodiaceae,2093,Chenopodium erosum,,,,,1,
Plantae,Flora,Chenopodiaceae,8229,Chenopodium gaudichaudianum,,,,,1,
Plantae,Flora,Chenopodiaceae,2094,Chenopodium glaucum,,,,,124,
Plantae,Flora,Chenopodiaceae,2097,Chenopodium murale,*,Nettle-leaf Goosefoot,,,460,
Plantae,Flora,Chenopodiaceae,2098,Chenopodium nitrariaceum,,Nitre Goosefoot,,,2679,
Plantae,Flora,Chenopodiaceae,CHEN,Chenopodium spp.,,"Goosefoot, Crumbweed",,,386,
Plantae,Flora,Chenopodiaceae,2101,Chenopodium vulvaria,*,Stinking Goosefoot,,,10,
Plantae,Flora,Chenopodiaceae,2102,Dissocarpus biflorus,,Twin-horned Cpperburr,,,169,
Plantae,Flora,Chenopodiaceae,6819,Dissocarpus biflorus var. biflorus,,,,,154,
Plantae,Flora,Chenopodiaceae,6528,Dissocarpus biflorus var. cephalocarpus,,Many-horned Cpperburr,,,172,
Plantae,Flora,Chenopodiaceae,6905,Dissocarpus fontinalis,,,,,16,
Plantae,Flora,Chenopodiaceae,6591,Dissocarpus latifolius,,,,,11,
Plantae,Flora,Chenopodiaceae,2103,Dissocarpus paradoxus,,Cannonball Burr,,,4063,
Plantae,Flora,Chenopodiaceae,DISS,Dissocarpus spp.,,,,,5,
Plantae,Flora,Chenopodiaceae,15347,Dysphania ambrosioides,*,"Mexican Tea, Wormseed",,,172,
Plantae,Flora,Chenopodiaceae,15125,Dysphania carinata,,Keeled Goosefoot,,,457,
Plantae,Flora,Chenopodiaceae,14713,Dysphania cristata,,Crested Crumbweed,,,1290,
Plantae,Flora,Chenopodiaceae,2104,Dysphania glomulifera,,,,,57,
Plantae,Flora,Chenopodiaceae,6854,Dysphania glomulifera subsp. eremaea,,,,,11,
Plantae,Flora,Chenopodiaceae,7294,Dysphania glomulifera subsp. glomulifera,,,,,76,
Plantae,Flora,Chenopodiaceae,2105,Dysphania kalpari,,,,,36,
Plantae,Flora,Chenopodiaceae,2106,Dysphania littoralis,,,,,29,
Plantae,Flora,Chenopodiaceae,14714,Dysphania melanocarpa,,,,,1073,
Plantae,Flora,Chenopodiaceae,15348,Dysphania multifida,*,Scented Goosefoot,,,42,
Plantae,Flora,Chenopodiaceae,7413,Dysphania plantaginella,,,E1,,2,
Plantae,Flora,Chenopodiaceae,2107,Dysphania platycarpa,,,E1,,12,
Plantae,Flora,Chenopodiaceae,14529,Dysphania pumilio,,Small Crumbweed,,,5047,
Plantae,Flora,Chenopodiaceae,7696,Dysphania rhadinostachya subsp. inflata,,,,,26,
Plantae,Flora,Chenopodiaceae,2109,Dysphania simulans,,Spiked Pigweed,,,7,
Plantae,Flora,Chenopodiaceae,DYSP,Dysphania spp.,,,,,187,
Plantae,Flora,Chenopodiaceae,15349,Dysphania truncata,,,,,71,
Plantae,Flora,Chenopodiaceae,2110,Einadia hastata,,Berry Saltbush,,,8827,
Plantae,Flora,Chenopodiaceae,2111,Einadia nutans,,Climbing Saltbush,,,15445,
Plantae,Flora,Chenopodiaceae,6829,Einadia nutans subsp. eremaea,,,,,471,
Plantae,Flora,Chenopodiaceae,6481,Einadia nutans subsp. linifolia,,Climbing Saltbush,,,2215,
Plantae,Flora,Chenopodiaceae,6482,Einadia nutans subsp. nutans,,Climbing Saltbush,,,8645,
Plantae,Flora,Chenopodiaceae,6924,Einadia nutans subsp. oxycarpa,,Climbing Saltbush,,,31,
Plantae,Flora,Chenopodiaceae,2112,Einadia polygonoides,,Knotweed Goosefoot,,,3230,
Plantae,Flora,Chenopodiaceae,EINA,Einadia spp.,,,,,498,
Plantae,Flora,Chenopodiaceae,2113,Einadia trigonos,,Fishweed,,,2785,
Plantae,Flora,Chenopodiaceae,7489,Einadia trigonos subsp. leiocarpa,,,,,298,
Plantae,Flora,Chenopodiaceae,7909,Einadia trigonos subsp. stellulata,,,,,343,
Plantae,Flora,Chenopodiaceae,7193,Einadia trigonos subsp. trigonos,,,,,317,
Plantae,Flora,Chenopodiaceae,ENCH,Enchylaena spp.,,,,,15,
Plantae,Flora,Chenopodiaceae,2114,Enchylaena tomentosa,,Ruby Saltbush,,,11885,
Plantae,Flora,Chenopodiaceae,2119,Maireana aphylla,,Cotton Bush,,,1877,
Plantae,Flora,Chenopodiaceae,2120,Maireana appressa,,,,,435,
Plantae,Flora,Chenopodiaceae,2121,Maireana astrotricha,,Low Bluebush,,,281,
Plantae,Flora,Chenopodiaceae,2122,Maireana brevifolia,,,,,1302,
Plantae,Flora,Chenopodiaceae,2123,Maireana campanulata,,,,,5,
Plantae,Flora,Chenopodiaceae,2124,Maireana cheelii,,Chariot Wheels,V,V,1620,
Plantae,Flora,Chenopodiaceae,2125,Maireana ciliata,,Fissure Weed,,,26,
Plantae,Flora,Chenopodiaceae,2126,Maireana coronata,,Crown Fissure-weed,,,775,
Plantae,Flora,Chenopodiaceae,2127,Maireana decalvans,,Black Cotton Bush,,,1772,
Plantae,Flora,Chenopodiaceae,2128,Maireana enchylaenoides,,Wingless Fissure-weed,,,2915,
Plantae,Flora,Chenopodiaceae,2129,Maireana eriantha,,,,,13,
Plantae,Flora,Chenopodiaceae,2130,Maireana erioclada,,,,,121,
Plantae,Flora,Chenopodiaceae,2131,Maireana excavata,,,,,281,
Plantae,Flora,Chenopodiaceae,2132,Maireana georgei,,Slit-wing Bluebush,,,1168,
Plantae,Flora,Chenopodiaceae,2133,Maireana humillima,,,,,446,
Plantae,Flora,Chenopodiaceae,2134,Maireana integra,,,,,92,
Plantae,Flora,Chenopodiaceae,2135,Maireana lanosa,,,E4,,3,
Plantae,Flora,Chenopodiaceae,2136,Maireana lobiflora,,,,,44,
Plantae,Flora,Chenopodiaceae,2137,Maireana microcarpa,,,,,127,
Plantae,Flora,Chenopodiaceae,2138,Maireana microphylla,,Small-leaf Bluebush,,,4366,
Plantae,Flora,Chenopodiaceae,2139,Maireana ovata,,,,,9,
Plantae,Flora,Chenopodiaceae,2140,Maireana pentagona,,"Hairy Bluebush, Slender Fissure-weed",,,1428,
Plantae,Flora,Chenopodiaceae,2141,Maireana pentatropis,,,,,2146,
Plantae,Flora,Chenopodiaceae,12869,Maireana polypterygia,*,,,,1,
Plantae,Flora,Chenopodiaceae,2142,Maireana pyramidata,,Black Bluebush,,,3477,
Plantae,Flora,Chenopodiaceae,2143,Maireana radiata,,,,,323,
Plantae,Flora,Chenopodiaceae,2144,Maireana rohrlachii,,,,,15,
Plantae,Flora,Chenopodiaceae,2145,Maireana schistocarpa,,,,,102,
Plantae,Flora,Chenopodiaceae,8607,Maireana sclerolaenoides,,,,,1226,
Plantae,Flora,Chenopodiaceae,2147,Maireana sedifolia,,Pearl Bluebush,,,899,
Plantae,Flora,Chenopodiaceae,2148,Maireana spongiocarpa,,,,,8,
Plantae,Flora,Chenopodiaceae,MAIR,Maireana spp.,,"Cotton Bush, Bluebush, Fissure-weed",,,919,
Plantae,Flora,Chenopodiaceae,7610,Maireana tomentosa subsp. urceolata,,,,,14,
Plantae,Flora,Chenopodiaceae,2150,Maireana trichoptera,,,,,469,
Plantae,Flora,Chenopodiaceae,2151,Maireana triptera,,Three-wing Bluebush,,,911,
Plantae,Flora,Chenopodiaceae,2152,Maireana turbinata,,,,,597,
Plantae,Flora,Chenopodiaceae,2153,Maireana villosa,,Silky Bluebush,,,273,
Plantae,Flora,Chenopodiaceae,2154,Malacocera albolanata,,,,,16,
Plantae,Flora,Chenopodiaceae,MALA,Malacocera spp.,,,,,1,
Plantae,Flora,Chenopodiaceae,2155,Malacocera tricornis,,Soft Horns,,,751,
Plantae,Flora,Chenopodiaceae,2156,Neobassia proceriflora,,Soda Bush,,,577,
Plantae,Flora,Chenopodiaceae,NEOB,Neobassia spp.,,,,,2,
Plantae,Flora,Chenopodiaceae,6919,Osteocarpum acropterum,,Water Weed,,,541,
Plantae,Flora,Chenopodiaceae,6683,Osteocarpum acropterum var. acropterum,,,,,147,
Plantae,Flora,Chenopodiaceae,9665,Osteocarpum acropterum var. deminuta,,Bonefruit,,,357,
Plantae,Flora,Chenopodiaceae,7442,Osteocarpum dipterocarpum,,,,,76,
Plantae,Flora,Chenopodiaceae,7295,Osteocarpum pentapterum,,,E4,,5,
Plantae,Flora,Chenopodiaceae,7323,Osteocarpum salsuginosum,,,,,5,
Plantae,Flora,Chenopodiaceae,7205,Osteocarpum scleropterum,,Squash Bush,E1,,5,
Plantae,Flora,Chenopodiaceae,OSTE,Osteocarpum spp.,,,,,23,
Plantae,Flora,Chenopodiaceae,7808,Rhagodia candolleana subsp. candolleana,,,,,433,
Plantae,Flora,Chenopodiaceae,2160,Rhagodia parabolica,,,,,198,
Plantae,Flora,Chenopodiaceae,2161,Rhagodia spinescens,,Thorny Saltbush,,,6608,
Plantae,Flora,Chenopodiaceae,RHAG,Rhagodia spp.,,,,,69,
Plantae,Flora,Chenopodiaceae,2162,Rhagodia ulicina,,,,,219,
Plantae,Flora,Chenopodiaceae,14594,Salsola australis,,,,,2769,
Plantae,Flora,Chenopodiaceae,7923,Salsola kali var. kali,,Buckbush,,,3465,
Plantae,Flora,Chenopodiaceae,SALS,Salsola spp.,,,,,30,
Plantae,Flora,Chenopodiaceae,11152,Salsola tragus,,"Buckbush,Soft Rolpoly, Saltwort",,,1107,
Plantae,Flora,Chenopodiaceae,11156,Salsola tragus 'strobilifera',,,,,35,
Plantae,Flora,Chenopodiaceae,11154,Salsola tragus subsp. grandiflora,,,,,1,
Plantae,Flora,Chenopodiaceae,11155,Salsola tragus subsp. pontica,,,,,3,
Plantae,Flora,Chenopodiaceae,11153,Salsola tragus subsp. tragus,,"Buckbush,Soft Rolpoly, Saltwort",,,428,
Plantae,Flora,Chenopodiaceae,9423,Sarcocornia quinqueflora subsp. quinqueflora,,,,,1213,
Plantae,Flora,Chenopodiaceae,SARO,Sarcocornia spp.,,Glasswort,,,13,
Plantae,Flora,Chenopodiaceae,2165,Scleroblitum atriplicinum,,Purple Goosefoot,,,1185,
Plantae,Flora,Chenopodiaceae,2167,Sclerolaena anisacanthoides,,Yellow Burr,,,98,
Plantae,Flora,Chenopodiaceae,2168,Sclerolaena articulata,,,,,177,
Plantae,Flora,Chenopodiaceae,2169,Sclerolaena bicornis,,Goathead Burr,,,1303,
Plantae,Flora,Chenopodiaceae,7243,Sclerolaena bicornis var. bicornis,,,,,629,
Plantae,Flora,Chenopodiaceae,12871,Sclerolaena bicornis var. bifidum,,,,,1,
Plantae,Flora,Chenopodiaceae,7321,Sclerolaena bicornis var. horrida,,Goathead Burr,,,595,
Plantae,Flora,Chenopodiaceae,2170,Sclerolaena birchii,,Galvinized Burr,,,4785,
Plantae,Flora,Chenopodiaceae,2171,Sclerolaena blackiana,,,,,15,
Plantae,Flora,Chenopodiaceae,7676,Sclerolaena brachyptera,,Short-winged Copperburr,,,1970,
Plantae,Flora,Chenopodiaceae,2172,Sclerolaena calcarata,,Redburr,,,1205,
Plantae,Flora,Chenopodiaceae,2173,Sclerolaena constricta,,,,,8,
Plantae,Flora,Chenopodiaceae,2174,Sclerolaena convexula,,Tall Copperburr,,,754,
Plantae,Flora,Chenopodiaceae,2175,Sclerolaena cuneata,,,,,384,
Plantae,Flora,Chenopodiaceae,2176,Sclerolaena decurrens,,Green Copperburr,,,753,
Plantae,Flora,Chenopodiaceae,10541,Sclerolaena deserticola,,,,,86,
Plantae,Flora,Chenopodiaceae,2177,Sclerolaena diacantha,,Grey Copperburr,,,7079,
Plantae,Flora,Chenopodiaceae,2178,Sclerolaena divaricata,,Tangled Copperburr,,,2089,
Plantae,Flora,Chenopodiaceae,2179,Sclerolaena eriacantha,,Silky Copperburr,,,330,
Plantae,Flora,Chenopodiaceae,9684,Sclerolaena everistiana,,,,,1,
Plantae,Flora,Chenopodiaceae,2166,Sclerolaena glabra,,,,,89,
Plantae,Flora,Chenopodiaceae,2180,Sclerolaena intricata,,Poverty Bush,,,748,
Plantae,Flora,Chenopodiaceae,2181,Sclerolaena johnsonii,,,,,13,
Plantae,Flora,Chenopodiaceae,2182,Sclerolaena lanicuspis,,Woolly Copperburr,,,987,
Plantae,Flora,Chenopodiaceae,2183,Sclerolaena limbata,,,,,129,
Plantae,Flora,Chenopodiaceae,2184,Sclerolaena longicuspis,,,,,334,
Plantae,Flora,Chenopodiaceae,2185,Sclerolaena muricata,,Black Rolypoly,,,7312,
Plantae,Flora,Chenopodiaceae,7570,Sclerolaena muricata var. muricata,,Black Rolypoly,,,2038,
Plantae,Flora,Chenopodiaceae,7656,Sclerolaena muricata var. semiglabra,,Black Rolypoly,,,1642,
Plantae,Flora,Chenopodiaceae,7799,Sclerolaena muricata var. villosa,,Black Rolypoly,,,1272,
Plantae,Flora,Chenopodiaceae,6371,Sclerolaena napiformis,,Turnip Copperburr,E1,E,1357,
Plantae,Flora,Chenopodiaceae,2186,Sclerolaena obliquicuspis,,,,,2963,
Plantae,Flora,Chenopodiaceae,2188,Sclerolaena parallelicuspis,,,,,184,
Plantae,Flora,Chenopodiaceae,2189,Sclerolaena parviflora,,,,,818,
Plantae,Flora,Chenopodiaceae,2190,Sclerolaena patenticuspis,,,,,1299,
Plantae,Flora,Chenopodiaceae,12873,Sclerolaena sp. A,,,,,39,
Plantae,Flora,Chenopodiaceae,12874,Sclerolaena sp. B,,,,,63,
Plantae,Flora,Chenopodiaceae,SCLR,Sclerolaena spp.,,"Copperburr, Poverty-bush",,,784,
Plantae,Flora,Chenopodiaceae,6750,Sclerolaena stelligera,,Star Copperburr,,,1307,
Plantae,Flora,Chenopodiaceae,2191,Sclerolaena tetracuspis,,Brigalow Burr,,,167,
Plantae,Flora,Chenopodiaceae,2192,Sclerolaena tricuspis,,Giant Redburr,,,2693,
Plantae,Flora,Chenopodiaceae,2193,Sclerolaena tubata,,,,,20,
Plantae,Flora,Chenopodiaceae,2194,Sclerolaena uniflora,,,,,5,
Plantae,Flora,Chenopodiaceae,2195,Sclerolaena ventricosa,,Salt Copperburr,,,444,
Plantae,Flora,Chenopodiaceae,2200,Suaeda australis,,,,,695,
Plantae,Flora,Chenopodiaceae,6373,Suaeda baccifera,*,,,,23,
Plantae,Flora,Chenopodiaceae,SUAE,Suaeda spp.,,,,,2,
Plantae,Flora,Chenopodiaceae,14466,Tecticornia arbuscula,,,,,45,
Plantae,Flora,Chenopodiaceae,14467,Tecticornia disarticulata,,,,,9,
Plantae,Flora,Chenopodiaceae,14278,Tecticornia halocnemoides,,,,,4,
Plantae,Flora,Chenopodiaceae,14279,Tecticornia halocnemoides subsp. halocnemoides,,,,,2,
Plantae,Flora,Chenopodiaceae,14280,Tecticornia halocnemoides subsp. longispicata,,,,,1,
Plantae,Flora,Chenopodiaceae,14275,Tecticornia indica subsp. leiostachya,,,,,24,
Plantae,Flora,Chenopodiaceae,14281,Tecticornia lylei,,,,,37,
Plantae,Flora,Chenopodiaceae,14468,Tecticornia medullosa,,,,,2,
Plantae,Flora,Chenopodiaceae,14283,Tecticornia pergranulata,,,,,194,
Plantae,Flora,Chenopodiaceae,14284,Tecticornia pergranulata subsp. divaricata,,,,,7,
Plantae,Flora,Chenopodiaceae,14285,Tecticornia pergranulata subsp. pergranulata,,,,,76,
Plantae,Flora,Chenopodiaceae,14286,Tecticornia pluriflora,,,,,1,
Plantae,Flora,Chenopodiaceae,14288,Tecticornia pterygosperma subsp. pterygosperma,,,,,8,
Plantae,Flora,Chenopodiaceae,TECT,Tecticornia spp.,,,,,40,
Plantae,Flora,Chenopodiaceae,14465,Tecticornia tenuis,,,,,208,
Plantae,Flora,Chenopodiaceae,14652,Tecticornia triandra,,Desert Glasswort,,,84,
Plantae,Flora,Chenopodiaceae,2201,Threlkeldia inchoata,,Tall Bonefruit,E1,,3,
Plantae,Flora,Chordariaceae,12875,Bactrophora vermicularis,,,,,1,
Plantae,Flora,Cistaceae,12450,Cistus salviifolius,*,Rock Rose,,,2,
Plantae,Flora,Cistaceae,CIST,Cistus spp.,*,Rockrose,,,1,
Plantae,Flora,Cladophoraceae,14525,Cladophora spp.,,,,,1,
Plantae,Flora,Clusiaceae,2202,Hypericum androsaemum,*,Tutsan,,,38,
Plantae,Flora,Clusiaceae,11096,Hypericum bellum subsp. bellum,*,,,,3,
Plantae,Flora,Clusiaceae,11097,Hypericum elodes,*,,,,4,
Plantae,Flora,Clusiaceae,7240,Hypericum gramineum,,Small St John's Wort,,,14313,
Plantae,Flora,Clusiaceae,11098,Hypericum hypericoides,*,,,,6,
Plantae,Flora,Clusiaceae,2203,Hypericum japonicum,,,,,1599,
Plantae,Flora,Clusiaceae,12876,Hypericum kouytchense,*,,,,5,
Plantae,Flora,Clusiaceae,12877,Hypericum patulum,*,,,,4,
Plantae,Flora,Clusiaceae,2204,Hypericum perforatum,*,St. Johns Wort,,,6203,
Plantae,Flora,Clusiaceae,14242,Hypericum perforatum subsp. veronense,*,St John's Wort,,,15,
Plantae,Flora,Clusiaceae,12879,Hypericum perforatum var. perforatum,*,,,,3,
Plantae,Flora,Clusiaceae,HYPE,Hypericum spp.,,,,,104,
Plantae,Flora,Cobaeaceae,6773,Cobaea scandens,*,,,,1,
Plantae,Flora,Colchicaceae,ANGU,Anguillaria spp.,,,,,1,
Plantae,Flora,Colchicaceae,BURC,Burchardia spp.,,,,,6,
Plantae,Flora,Colchicaceae,3533,Burchardia umbellata,,Milkmaids,,,2265,
Plantae,Flora,Colchicaceae,13767,Colchicum autumnale,*,autumn crocus,,,2,
Plantae,Flora,Colchicaceae,3548,Gloriosa superba,*,Glory Lily,,,85,
Plantae,Flora,Colchicaceae,8878,Iphigenia indica,,,,,7,
Plantae,Flora,Colchicaceae,3578,Wurmbea biglandulosa,,,,,306,
Plantae,Flora,Colchicaceae,7699,Wurmbea dioica subsp. dioica,,Early Nancy,,,2065,
Plantae,Flora,Colchicaceae,3580,Wurmbea latifolia,,,,,37,
Plantae,Flora,Colchicaceae,WURM,Wurmbea spp.,,,,,142,
Plantae,Flora,Commelinaceae,2206,Aneilema acuminatum,,,,,643,
Plantae,Flora,Commelinaceae,2207,Aneilema biflorum,,,,,276,
Plantae,Flora,Commelinaceae,ANEI,Aneilema spp.,,,,,17,
Plantae,Flora,Commelinaceae,10434,Callisia fragrans,*,Inch Plant,,,27,
Plantae,Flora,Commelinaceae,10305,Commelina africana,*,,,,8,
Plantae,Flora,Commelinaceae,2208,Commelina benghalensis,*,,,,53,
Plantae,Flora,Commelinaceae,2209,Commelina cyanea,,Native Wandering Jew,,,10749,
Plantae,Flora,Commelinaceae,12880,Commelina diffusa,,,,,48,
Plantae,Flora,Commelinaceae,6954,Commelina ensifolia,,Scurvy Grass,,,56,
Plantae,Flora,Commelinaceae,COMM,Commelina spp.,,,,,61,
Plantae,Flora,Commelinaceae,DICH,Dichorisandra spp.,*,,,,1,
Plantae,Flora,Commelinaceae,2210,Dichorisandra thyrsiflora,*,Blue Ginger,,,8,
Plantae,Flora,Commelinaceae,12328,Gibasis pelludica,*,Tahitian Bridal Veil,,,5,
Plantae,Flora,Commelinaceae,12881,Murdannia gigantea,,,,,1,
Plantae,Flora,Commelinaceae,6788,Murdannia graminea,,,,,843,
Plantae,Flora,Commelinaceae,12216,Murdannia keisak,*,Marsh Dewflower,,,3,
Plantae,Flora,Commelinaceae,2211,Pollia crispata,,,,,624,
Plantae,Flora,Commelinaceae,POLL,Pollia spp.,,,,,1,
Plantae,Flora,Commelinaceae,14050,Tradescantia cerinthoides,*,Flowering Inch Plant,,,2,
Plantae,Flora,Commelinaceae,10508,Tradescantia fluminensis,*,Wandering Jew,,,4201,
Plantae,Flora,Commelinaceae,12262,Tradescantia pallida,*,Purple Queen,,,31,
Plantae,Flora,Commelinaceae,10509,Tradescantia spathacea,*,Boat Lily,,,6,
Plantae,Flora,Commelinaceae,TRAD,Tradescantia spp.,*,,,,38,
Plantae,Flora,Commelinaceae,8969,Tradescantia zebrina,*,Silvery Inch Plant,,,61,
Plantae,Flora,Convallariaceae,11328,Ophiopogon japonicus,*,Dwarf lilyturf,,,35,
Plantae,Flora,Convallariaceae,OPHO,Ophiopogon spp.,*,,,,6,
Plantae,Flora,Convolvulaceae,7268,Bonamia media,,,,,4,
Plantae,Flora,Convolvulaceae,12882,Bonamia media var. villosa,,,,,1,
Plantae,Flora,Convolvulaceae,10435,Calystegia affinis,,Lord Howe Island Morning Glory,E4A,CE,8,
Plantae,Flora,Convolvulaceae,2215,Calystegia marginata,,,,,404,
Plantae,Flora,Convolvulaceae,12231,Calystegia sepium subsp. roseata,,,,,76,
Plantae,Flora,Convolvulaceae,2217,Calystegia silvatica,*,,,,12,
Plantae,Flora,Convolvulaceae,2218,Calystegia soldanella,,,,,117,
Plantae,Flora,Convolvulaceae,CALY,Calystegia spp.,,,,,20,
Plantae,Flora,Convolvulaceae,CONVC,Convolvulaceae indeterminate,*,Morning glories,,,9,
Plantae,Flora,Convolvulaceae,12255,Convolvulus angustissimus,,,,,2390,
Plantae,Flora,Convolvulaceae,2219,Convolvulus arvensis,*,Field Bindweed,,,315,
Plantae,Flora,Convolvulaceae,11840,Convolvulus clementii,,Desert Bindweed,,,590,
Plantae,Flora,Convolvulaceae,12232,Convolvulus crispifolius,,,,,21,
Plantae,Flora,Convolvulaceae,2220,Convolvulus erubescens,,Pink Bindweed,,,5875,
Plantae,Flora,Convolvulaceae,12256,Convolvulus farinosus,*,,,,14,
Plantae,Flora,Convolvulaceae,11616,Convolvulus graminetinus,,,,,671,
Plantae,Flora,Convolvulaceae,10189,Convolvulus microsepalus,,,,,10,
Plantae,Flora,Convolvulaceae,11621,Convolvulus recurvatus subsp. recurvatus,,,,,46,
Plantae,Flora,Convolvulaceae,7697,Convolvulus remotus,,,,,512,
Plantae,Flora,Convolvulaceae,CONV,Convolvulus spp.,,,,,799,
Plantae,Flora,Convolvulaceae,11311,Convolvulus tedmoorei,,Bindweed,E1,,5,
Plantae,Flora,Convolvulaceae,11617,Convolvulus wimmerensis,,,,,3,
Plantae,Flora,Convolvulaceae,11066,Cressa australis,,,,,177,
Plantae,Flora,Convolvulaceae,2286,Cuscuta australis,,Australian Dodder,,,95,
Plantae,Flora,Convolvulaceae,2287,Cuscuta campestris,*,Golden Dodder,,,336,
Plantae,Flora,Convolvulaceae,2288,Cuscuta epithymum,*,,,,4,
Plantae,Flora,Convolvulaceae,2289,Cuscuta racemosa,*,,,,1,
Plantae,Flora,Convolvulaceae,CUSC,Cuscuta spp.,,Dodder,,,77,
Plantae,Flora,Convolvulaceae,2290,Cuscuta suaveolens,*,Fringed Dodder,,,10,
Plantae,Flora,Convolvulaceae,2291,Cuscuta tasmanica,,Tasmanian Dodder,,,13,
Plantae,Flora,Convolvulaceae,10187,Cuscuta victoriana,,,,,19,
Plantae,Flora,Convolvulaceae,2222,Dichondra repens,,Kidney Weed,,,34108,
Plantae,Flora,Convolvulaceae,15127,Dichondra sp. Inglewood,,,,,6563,
Plantae,Flora,Convolvulaceae,DICN,Dichondra spp.,,,,,365,
Plantae,Flora,Convolvulaceae,15352,Duperreya halfordii,,,,,38,
Plantae,Flora,Convolvulaceae,2223,Evolvulus alsinoides,,Bindweed,,,702,
Plantae,Flora,Convolvulaceae,8278,Evolvulus alsinoides var. decumbens,,,,,872,
Plantae,Flora,Convolvulaceae,6938,Evolvulus alsinoides var. villosicalyx,,Bindweed,,,142,
Plantae,Flora,Convolvulaceae,EVOL,Evolvulus spp.,,,,,2,
Plantae,Flora,Convolvulaceae,2224,Ipomoea alba,*,,,,14,
Plantae,Flora,Convolvulaceae,11602,Ipomoea batatas,*,Sweet Potato,,,1,
Plantae,Flora,Convolvulaceae,12139,Ipomoea brasiliensis,,,,,86,
Plantae,Flora,Convolvulaceae,2225,Ipomoea cairica,*,,,,1241,
Plantae,Flora,Convolvulaceae,12884,Ipomoea carnea,*,,,,1,
Plantae,Flora,Convolvulaceae,6980,Ipomoea diamantinensis,,Desert Cow-Vine,E1,,43,
Plantae,Flora,Convolvulaceae,2226,Ipomoea hederifolia,*,,,,3,
Plantae,Flora,Convolvulaceae,2227,Ipomoea indica,*,Morning Glory,,,1202,
Plantae,Flora,Convolvulaceae,2228,Ipomoea lonchophylla,,,,,115,
Plantae,Flora,Convolvulaceae,7638,Ipomoea plebeia,,,,,10,
Plantae,Flora,Convolvulaceae,7818,Ipomoea polymorpha,,Silky Cow-Vine,E1,,347,
Plantae,Flora,Convolvulaceae,2229,Ipomoea purpurea,*,Common Morning Glory,,,153,
Plantae,Flora,Convolvulaceae,2230,Ipomoea quamoclit,*,,,,3,
Plantae,Flora,Convolvulaceae,IPOM,Ipomoea spp.,,,,,57,
Plantae,Flora,Convolvulaceae,12174,Ipomoea wightii var. wightii,*,,,,1,
Plantae,Flora,Convolvulaceae,12885,Operculina aequisepala,,,,,1,
Plantae,Flora,Convolvulaceae,2231,Polymeria calycina,,,,,1961,
Plantae,Flora,Convolvulaceae,2232,Polymeria longifolia,,,,,64,
Plantae,Flora,Convolvulaceae,9806,Polymeria pusilla,,,,,107,
Plantae,Flora,Convolvulaceae,2234,Wilsonia backhousei,,Narrow-leafed Wilsonia,V,,190,
Plantae,Flora,Convolvulaceae,2235,Wilsonia rotundifolia,,Round-leafed Wilsonia,E1,,53,
Plantae,Flora,Convolvulaceae,WILS,Wilsonia spp.,,,,,3,
Plantae,Flora,Cornaceae,6469,Alangium villosum subsp. polyosmoides,,Muskwood,,,610,
Plantae,Flora,Cornaceae,6470,Alangium villosum subsp. tomentosum,,,,,1,
Plantae,Flora,Cornaceae,12886,Cornus capitata,*,,,,2,
Plantae,Flora,Corynocarpaceae,6981,Corynocarpus rupestris,,,,,29,
Plantae,Flora,Corynocarpaceae,9138,Corynocarpus rupestris subsp. arborescens,,,,,11,
Plantae,Flora,Corynocarpaceae,6662,Corynocarpus rupestris subsp. rupestris,,Glenugie Karaka,V,V,21,
Plantae,Flora,Costaceae,12887,Tapeinocheilos ananassae,*,,,,1,
Plantae,Flora,Crassulaceae,14502,Aeonium arboreum,*,,,,6,
Plantae,Flora,Crassulaceae,9935,Bryophyllum daigremontianum,*,,,,26,
Plantae,Flora,Crassulaceae,8813,Bryophyllum delagoense,*,Mother of millions,,,891,
Plantae,Flora,Crassulaceae,12888,Bryophyllum fedtschenkoi,*,,,,1,
Plantae,Flora,Crassulaceae,6827,Bryophyllum pinnatum,*,Resurrection Plant,,,88,
Plantae,Flora,Crassulaceae,BRYO,Bryophyllum spp.,*,,,,35,
Plantae,Flora,Crassulaceae,12440,Bryophyllum x houghtonii,*,,,,9,
Plantae,Flora,Crassulaceae,2236,Cotyledon orbiculata,*,Varkiesblaar,,,13,
Plantae,Flora,Crassulaceae,COTY,Cotyledon spp.,*,,,,1,
Plantae,Flora,Crassulaceae,12101,Crassula colligata subsp. colligata,,,,,4,
Plantae,Flora,Crassulaceae,2237,Crassula colorata,,Dense Stonecrop,,,2697,
Plantae,Flora,Crassulaceae,9395,Crassula colorata var. acuminata,,,,,1265,
Plantae,Flora,Crassulaceae,7521,Crassula colorata var. colorata,,,,,1,
Plantae,Flora,Crassulaceae,7745,Crassula decumbens var. decumbens,,Spreading Stonecrop,,,537,
Plantae,Flora,Crassulaceae,12889,Crassula ericoides,*,,,,1,
Plantae,Flora,Crassulaceae,2238,Crassula helmsii,,Swamp Stonecrop,,,207,
Plantae,Flora,Crassulaceae,2240,Crassula multicava,*,,,,175,
Plantae,Flora,Crassulaceae,11780,Crassula ovata,*,Jade Plant,,,89,
Plantae,Flora,Crassulaceae,6820,Crassula peduncularis,,Purple Stonecrop,,,112,
Plantae,Flora,Crassulaceae,9933,Crassula sarmentosa var. sarmentosa,*,,,,42,
Plantae,Flora,Crassulaceae,2242,Crassula sieberiana,,Australian Stonecrop,,,7614,
Plantae,Flora,Crassulaceae,12258,Crassula spathulata,*,,,,4,
Plantae,Flora,Crassulaceae,CRAS,Crassula spp.,,Stonecrop,,,682,
Plantae,Flora,Crassulaceae,9365,Crassula tetragona subsp. robusta,*,,,,11,
Plantae,Flora,Crassulaceae,12424,Crassula tetramera,,,,,211,
Plantae,Flora,Crassulaceae,2244,Kalanchoe longiflora,*,,,,7,
Plantae,Flora,Crassulaceae,12891,Kalanchoe prolifera,*,,,,1,
Plantae,Flora,Crassulaceae,KALA,Kalanchoe spp.,*,,,,24,
Plantae,Flora,Crassulaceae,2247,Sedum acre,*,Bitter Stonecrop,,,19,
Plantae,Flora,Crassulaceae,10775,Sedum album,*,,,,5,
Plantae,Flora,Crassulaceae,14036,Sedum caespitosum,*,Tiny Stonecrop,,,5,
Plantae,Flora,Crassulaceae,6840,Sedum praealtum,*,,,,15,
Plantae,Flora,Crassulaceae,10776,Sedum rupestre,*,,,,4,
Plantae,Flora,Crassulaceae,SEDU,Sedum spp.,*,,,,23,
Plantae,Flora,Cucurbitaceae,14855,Austrobryonia micrantha,,Desert Cucumber,,,31,
Plantae,Flora,Cucurbitaceae,15126,Citrullus amarus,*,Camel Melon,,,522,
Plantae,Flora,Cucurbitaceae,2249,Citrullus colocynthis,*,Colocynth,,,118,
Plantae,Flora,Cucurbitaceae,11366,Citrullus spp.,*,,,,35,
Plantae,Flora,Cucurbitaceae,14831,Cucumis althaeoides,,,E4A,,5,
Plantae,Flora,Cucurbitaceae,9735,Cucumis anguria var. anguria,*,West Indian Gherkin,,,3,
Plantae,Flora,Cucurbitaceae,2252,Cucumis dipsaceus,*,,,,1,
Plantae,Flora,Cucurbitaceae,7330,Cucumis melo subsp. agrestis,,Ulcardo Melon,,,78,
Plantae,Flora,Cucurbitaceae,12892,Cucumis melo subsp. melo,*,,,,1,
Plantae,Flora,Cucurbitaceae,11071,Cucumis metuliferus,*,,,,1,
Plantae,Flora,Cucurbitaceae,15560,Cucumis myriocarpus subsp. myriocarpus,*,Paddy Melon,,,1696,
Plantae,Flora,Cucurbitaceae,CUCU,Cucumis spp.,,,,,98,
Plantae,Flora,Cucurbitaceae,8820,Cucumis zeyheri,*,,,,26,
Plantae,Flora,Cucurbitaceae,2255,Cucurbita maxima,*,Ironbark Pumpkin,,,45,
Plantae,Flora,Cucurbitaceae,11931,Cucurbita pepo,*,field pumpkin,,,8,
Plantae,Flora,Cucurbitaceae,13904,Cucurbita spp.,*,,,,7,
Plantae,Flora,Cucurbitaceae,CUCRC,Cucurbitaceae indeterminate,*,Gourds and melons,,,6,
Plantae,Flora,Cucurbitaceae,7692,Diplocyclos palmatus,,,,,123,
Plantae,Flora,Cucurbitaceae,2256,Ecballium elaterium,*,Squirting Cucumber,,,2,
Plantae,Flora,Cucurbitaceae,2258,Momordica balsamina,,Balsam Apple,,,7,
Plantae,Flora,Cucurbitaceae,13697,Neoachmandra cunninghamii,,Slender Cucumber,,,361,
Plantae,Flora,Cucurbitaceae,2260,Sechium edule,*,Choko,,,18,
Plantae,Flora,Cucurbitaceae,2261,Sicyos australis,,,,,177,
Plantae,Flora,Cucurbitaceae,SICY,Sicyos spp.,,,,,7,
Plantae,Flora,Cucurbitaceae,2262,Trichosanthes subvelutina,,,,,108,
Plantae,Flora,Cunoniaceae,13805,Ackama paniculosa,,,,,1951,
Plantae,Flora,Cunoniaceae,2265,Acrophyllum australe,,,V,V,112,
Plantae,Flora,Cunoniaceae,2267,Bauera capitata,,,,,235,
Plantae,Flora,Cunoniaceae,7219,Bauera microphylla,,,,,1500,
Plantae,Flora,Cunoniaceae,2268,Bauera rubioides,,River Rose,,,1389,
Plantae,Flora,Cunoniaceae,BAUE,Bauera spp.,,,,,6,
Plantae,Flora,Cunoniaceae,CALD,Caldcluvia spp.,,,,,1,
Plantae,Flora,Cunoniaceae,2270,Callicoma serratifolia,,Black Wattle,,,3823,
Plantae,Flora,Cunoniaceae,12893,Callicoma sp. 'Whian Whian',,,,,2,
Plantae,Flora,Cunoniaceae,2271,Ceratopetalum apetalum,,Coachwood,,,3547,
Plantae,Flora,Cunoniaceae,2272,Ceratopetalum gummiferum,,Christmas Bush,,,3156,
Plantae,Flora,Cunoniaceae,10943,^Davidsonia jerseyana,,Davidson's Plum,"E1,2",E,586,
Plantae,Flora,Cunoniaceae,10944,Davidsonia johnsonii,,Smooth Davidson's Plum,E1,E,150,
Plantae,Flora,Cunoniaceae,DAVI,Davidsonia spp.,,,,,4,
Plantae,Flora,Cunoniaceae,15042,Eucryphia jinksii,,,,,1,
Plantae,Flora,Cunoniaceae,2672,Eucryphia moorei,,Pinkwood,,,295,
Plantae,Flora,Cunoniaceae,EUCR,Eucryphia spp.,,,,,1,
Plantae,Flora,Cunoniaceae,2273,Geissois benthamiana,,Red Carabeen,,,480,
Plantae,Flora,Cunoniaceae,2274,Pseudoweinmannia lachnocarpa,,Rose Marara,,,133,
Plantae,Flora,Cunoniaceae,2275,Schizomeria ovata,,Crabapple,,,2329,
Plantae,Flora,Cunoniaceae,2276,Vesselowskya rubifolia,,Southern Marara,,,88,
Plantae,Flora,Cunoniaceae,VESS,Vesselowskya spp.,,,,,2,
Plantae,Flora,Cunoniaceae,11685,Vesselowskya venusta,,,,,38,
Plantae,Flora,Cupressaceae,2277,Callitris baileyi,,Bailey's Cypress Pine,E1,,59,
Plantae,Flora,Cupressaceae,2278,Callitris columellaris,,,,,295,
Plantae,Flora,Cupressaceae,2279,Callitris endlicheri,,"Black Cypress Pine, Woronora Plateau population",E2,,58,
Plantae,Flora,Cupressaceae,2279,Callitris endlicheri,,Black Cypress Pine,,,9045,
Plantae,Flora,Cupressaceae,6379,Callitris glaucophylla,,White Cypress Pine,,,18885,
Plantae,Flora,Cupressaceae,9448,Callitris glaucophylla x verrucosa,,,,,5,
Plantae,Flora,Cupressaceae,7594,Callitris gracilis,,,,,74,
Plantae,Flora,Cupressaceae,9633,Callitris gracilis subsp. gracilis,,,,,33,
Plantae,Flora,Cupressaceae,9634,Callitris gracilis subsp. murrayensis,,Murray Pine,,,76,
Plantae,Flora,Cupressaceae,2280,Callitris macleayana,,Stringybark Pine,,,120,
Plantae,Flora,Cupressaceae,2281,Callitris monticola,,Steelhead,,,87,
Plantae,Flora,Cupressaceae,2282,Callitris muelleri,,,,,163,
Plantae,Flora,Cupressaceae,2283,Callitris oblonga,,Pygmy Cypress Pine,,,11,
Plantae,Flora,Cupressaceae,9985,Callitris oblonga subsp. corangensis,,,E4A,CE,26,
Plantae,Flora,Cupressaceae,9986,Callitris oblonga subsp. parva,,,E4A,,839,
Plantae,Flora,Cupressaceae,2284,Callitris preissii,,,,,18,
Plantae,Flora,Cupressaceae,2285,Callitris rhomboidea,,Port Jackson Pine,,,477,
Plantae,Flora,Cupressaceae,12894,Callitris rhomboidea subsp. 'dwarf blue',,,,,1,
Plantae,Flora,Cupressaceae,CALR,Callitris spp.,,,,,264,
Plantae,Flora,Cupressaceae,6805,Callitris verrucosa,,Mallee Pine,,,516,
Plantae,Flora,Cupressaceae,12449,Chamaecyparis lawsoniana,*,Lawson's Cypress,,,15,
Plantae,Flora,Cupressaceae,13763,Chamaecyparis obtusa,*,hinoki false cypress,,,14,
Plantae,Flora,Cupressaceae,CCYP,Chamaecyparis spp.,*,Cedar,,,6,
Plantae,Flora,Cupressaceae,11980,Cryptomeria japonica,*,Japanese cedar,,,5,
Plantae,Flora,Cupressaceae,CUPRC,Cupressaceae indeterminate,*,Cypress pines,,,11,
Plantae,Flora,Cupressaceae,12895,Cupressus arizonica var. arizonica,*,,,,4,
Plantae,Flora,Cupressaceae,11982,Cupressus arizonica var. glabra,*,,,,12,
Plantae,Flora,Cupressaceae,12237,Cupressus lusitanica,*,Mexican Cypress,,,18,
Plantae,Flora,Cupressaceae,12008,Cupressus lusitanica subsp. torulosa,*,,,,20,
Plantae,Flora,Cupressaceae,11358,Cupressus macrocarpa,*,Monterey Cypress,,,103,
Plantae,Flora,Cupressaceae,11359,Cupressus sempervirens,*,Italian Cypress,,,93,
Plantae,Flora,Cupressaceae,11428,Cupressus spp.,*,,,,290,
Plantae,Flora,Cupressaceae,12896,Juniperus chinensis,*,,,,1,
Plantae,Flora,Cupressaceae,12130,Juniperus conferta,*,Japanese Shore Juniper,,,4,
Plantae,Flora,Cupressaceae,13716,Juniperus horizontalis,*,,,,1,
Plantae,Flora,Cupressaceae,11361,Juniperus spp.,*,Juniper,,,46,
Plantae,Flora,Cupressaceae,13718,Juniperus virginiana,*,,,,2,
Plantae,Flora,Cupressaceae,11924,Metasequoia glyptostroboides,*,Dawn Redwood,,,7,
Plantae,Flora,Cupressaceae,14298,Thuja plicata,*,western red cedar,,,5,
Plantae,Flora,Cupressaceae,12006,X Cupressocyparis leylandii,*,,,,14,
Plantae,Flora,Cyatheaceae,8074,Cyathea australis,,Rough Treefern,P,,4617,
Plantae,Flora,Cyatheaceae,8075,Cyathea brevipinna,,,P,,29,
Plantae,Flora,Cyatheaceae,8076,Cyathea cooperi,,Straw Treefern,P,,869,
Plantae,Flora,Cyatheaceae,8077,Cyathea cunninghamii,,Slender Treefern,P,,9,
Plantae,Flora,Cyatheaceae,8078,Cyathea howeana,,,P,,34,
Plantae,Flora,Cyatheaceae,8079,Cyathea leichhardtiana,,Prickly Treefern,P,,1331,
Plantae,Flora,Cyatheaceae,8080,Cyathea macarthurii,,,P,,53,
Plantae,Flora,Cyatheaceae,8081,Cyathea robusta,,,P,,42,
Plantae,Flora,Cyatheaceae,CYAT,Cyathea spp.,,,P,,136,
Plantae,Flora,Cycadaceae,12541,Cycas cairnsiana,*,,,,2,
Plantae,Flora,Cycadaceae,11751,Cycas revoluta,*,,,,24,
Plantae,Flora,Cycadaceae,CYCA,Cycas spp.,*,Cycad,,,5,
Plantae,Flora,Cyperaceae,8856,Abildgaardia ovata,,,,,78,
Plantae,Flora,Cyperaceae,9186,Abildgaardia vaginata,,,,,29,
Plantae,Flora,Cyperaceae,2305,Bolboschoenus caldwellii,,,,,667,
Plantae,Flora,Cyperaceae,2306,Bolboschoenus fluviatilis,,Marsh Club-rush,,,403,
Plantae,Flora,Cyperaceae,2307,Bolboschoenus medianus,,,,,70,
Plantae,Flora,Cyperaceae,12897,Bolboschoenus robustus,*,,,,1,
Plantae,Flora,Cyperaceae,BOLB,Bolboschoenus spp.,,,,,81,
Plantae,Flora,Cyperaceae,7748,Bulbostylis barbata,,,,,110,
Plantae,Flora,Cyperaceae,2308,Bulbostylis densa,,,,,183,
Plantae,Flora,Cyperaceae,2309,Bulbostylis pyriformis,,,,,22,
Plantae,Flora,Cyperaceae,BULO,Bulbostylis spp.,,,,,6,
Plantae,Flora,Cyperaceae,9317,Bulbostylis striatella,*,,,,5,
Plantae,Flora,Cyperaceae,2310,Carex appressa,,Tall Sedge,,,7844,
Plantae,Flora,Cyperaceae,10337,Carex archeri,,Archer's Carex,E1,,4,
Plantae,Flora,Cyperaceae,10335,Carex arenaria,*,,,,3,
Plantae,Flora,Cyperaceae,14835,Carex austrocompacta,,Compact Hook-sedge,,,17,
Plantae,Flora,Cyperaceae,14840,Carex austrosulcata,,Small Hook-sedge,,,20,
Plantae,Flora,Cyperaceae,14841,Carex austrotenella,,,,,27,
Plantae,Flora,Cyperaceae,2311,Carex bichenoviana,,,,,317,
Plantae,Flora,Cyperaceae,2312,Carex blakei,,,,,35,
Plantae,Flora,Cyperaceae,2313,Carex breviculmis,,,,,3504,
Plantae,Flora,Cyperaceae,2314,Carex brownii,,,,,25,
Plantae,Flora,Cyperaceae,9019,Carex brunnea,,Greater Brown Sedge,,,357,
Plantae,Flora,Cyperaceae,10903,Carex buxbaumii,*,,,,4,
Plantae,Flora,Cyperaceae,2315,Carex canescens,,,,,31,
Plantae,Flora,Cyperaceae,2317,Carex cephalotes,,Wire-head Sedge,,,81,
Plantae,Flora,Cyperaceae,2318,Carex chlorantha,,,,,41,
Plantae,Flora,Cyperaceae,14836,Carex debilior,,,,,2,
Plantae,Flora,Cyperaceae,2319,Carex declinata,,,,,150,
Plantae,Flora,Cyperaceae,12165,Carex divulsa,*,,,,1,
Plantae,Flora,Cyperaceae,2320,Carex echinata,,Star Sedge,,,56,
Plantae,Flora,Cyperaceae,2321,Carex fascicularis,,Tassel Sedge,,,381,
Plantae,Flora,Cyperaceae,15312,Carex flaccida,,,,,17,
Plantae,Flora,Cyperaceae,2322,Carex gaudichaudiana,,,,,1319,
Plantae,Flora,Cyperaceae,2324,Carex hebes,,,,,246,
Plantae,Flora,Cyperaceae,2325,Carex hubbardii,,,,,65,
Plantae,Flora,Cyperaceae,2326,Carex hypandra,,Alpine Fen-sedge,,,29,
Plantae,Flora,Cyperaceae,7898,Carex incomitata,,,,,683,
Plantae,Flora,Cyperaceae,2327,Carex inversa,,Knob Sedge,,,18136,
Plantae,Flora,Cyperaceae,2328,Carex iynx,,,,,45,
Plantae,Flora,Cyperaceae,2329,Carex jackiana,,,,,41,
Plantae,Flora,Cyperaceae,10902,Carex klaphakei,,Klaphake's Sedge,E1,,39,
Plantae,Flora,Cyperaceae,12322,Carex leporina,*,,,,6,
Plantae,Flora,Cyperaceae,2330,Carex lobolepis,,,,,70,
Plantae,Flora,Cyperaceae,2331,Carex longebrachiata,,,,,2318,
Plantae,Flora,Cyperaceae,2332,Carex lophocarpa,,,,,12,
Plantae,Flora,Cyperaceae,8855,Carex maculata,,,,,285,
Plantae,Flora,Cyperaceae,14838,Carex nemoralis,,,,,11,
Plantae,Flora,Cyperaceae,14839,Carex parvispica,*,,,,6,
Plantae,Flora,Cyperaceae,2334,Carex polyantha,,,,,65,
Plantae,Flora,Cyperaceae,2335,Carex pumila,,,,,136,
Plantae,Flora,Cyperaceae,2336,Carex raleighii,,Raleigh Sedge,E1,,16,
Plantae,Flora,Cyperaceae,14623,Carex rara subsp. capillacea,,,,,38,
Plantae,Flora,Cyperaceae,CARE,Carex spp.,,,,,2963,
Plantae,Flora,Cyperaceae,11975,Carex tasmanica,*,,,,2,
Plantae,Flora,Cyperaceae,2337,Carex tereticaulis,,,,,5721,
Plantae,Flora,Cyperaceae,2338,Carpha alpina,,,,,25,
Plantae,Flora,Cyperaceae,2339,Carpha nivicola,,,,,92,
Plantae,Flora,Cyperaceae,CARP,Carpha spp.,,,,,2,
Plantae,Flora,Cyperaceae,11001,Caustis blakei subsp. blakei,,,P,,122,
Plantae,Flora,Cyperaceae,2341,Caustis flexuosa,,Curly Wig,P,,4184,
Plantae,Flora,Cyperaceae,2342,Caustis pentandra,,Thick Twist Rush,P,,848,
Plantae,Flora,Cyperaceae,2343,Caustis recurvata,,,P,,494,
Plantae,Flora,Cyperaceae,10330,Caustis recurvata var. hirsuta,,,P,,17,
Plantae,Flora,Cyperaceae,9315,Caustis recurvata var. recurvata,,,P,,388,
Plantae,Flora,Cyperaceae,CAUS,Caustis spp.,,,P,,27,
Plantae,Flora,Cyperaceae,2344,Chorizandra cymbaria,,,,,932,
Plantae,Flora,Cyperaceae,2345,Chorizandra sphaerocephala,,Roundhead Bristle-sedge,,,1794,
Plantae,Flora,Cyperaceae,CHOR,Chorizandra spp.,,,,,24,
Plantae,Flora,Cyperaceae,2346,Cladium procerum,,,,,148,
Plantae,Flora,Cyperaceae,CLAD,Cladium spp.,,,,,5,
Plantae,Flora,Cyperaceae,2347,Cyathochaeta diandra,,,,,4836,
Plantae,Flora,Cyperaceae,CYPRC,Cyperaceae indeterminate,*,Sedges,,,331,
Plantae,Flora,Cyperaceae,8845,Cyperus aggregatus,*,,,,368,
Plantae,Flora,Cyperaceae,2348,Cyperus albostriatus,*,,,,31,
Plantae,Flora,Cyperaceae,2349,Cyperus alterniflorus,,,,,58,
Plantae,Flora,Cyperaceae,7013,Cyperus aquatilis,,Water Nutgrass,E1,,92,
Plantae,Flora,Cyperaceae,10331,Cyperus betchei subsp. betchei,,,,,46,
Plantae,Flora,Cyperaceae,2351,Cyperus bifax,,Downs Nutgrass,,,822,
Plantae,Flora,Cyperaceae,2352,Cyperus bowmannii,,,,,2,
Plantae,Flora,Cyperaceae,2353,Cyperus brevifolius,*,,,,1308,
Plantae,Flora,Cyperaceae,2354,Cyperus bulbosus,,,,,14,
Plantae,Flora,Cyperaceae,7790,Cyperus castaneus,,,,,1,
Plantae,Flora,Cyperaceae,12898,Cyperus castaneus var. castaneus,,,,,2,
Plantae,Flora,Cyperaceae,2355,Cyperus clarus,,,,,31,
Plantae,Flora,Cyperaceae,2356,Cyperus compressus,*,,,,22,
Plantae,Flora,Cyperaceae,2357,Cyperus concinnus,,Trim Flat-sedge,,,300,
Plantae,Flora,Cyperaceae,2358,Cyperus congestus,*,,,,330,
Plantae,Flora,Cyperaceae,6693,Cyperus conicus,,,E1,,29,
Plantae,Flora,Cyperaceae,2359,Cyperus cyperoides,,,,,47,
Plantae,Flora,Cyperaceae,6669,Cyperus dactylotes,,,,,5,
Plantae,Flora,Cyperaceae,9143,Cyperus dietrichiae var. brevibracteatus,,,,,2,
Plantae,Flora,Cyperaceae,7143,Cyperus difformis,,Dirty Dora,,,1107,
Plantae,Flora,Cyperaceae,2360,Cyperus disjunctus,,,,,209,
Plantae,Flora,Cyperaceae,2361,Cyperus dubius,*,,,,12,
Plantae,Flora,Cyperaceae,9144,Cyperus eglobosus,,,,,121,
Plantae,Flora,Cyperaceae,2363,Cyperus enervis,,,,,559,
Plantae,Flora,Cyperaceae,2364,Cyperus eragrostis,*,Umbrella Sedge,,,4410,
Plantae,Flora,Cyperaceae,2365,Cyperus esculentus,*,Yellow Nutgrass,,,23,
Plantae,Flora,Cyperaceae,2366,Cyperus exaltatus,,,,,589,
Plantae,Flora,Cyperaceae,2367,Cyperus filipes,,,,,201,
Plantae,Flora,Cyperaceae,2368,Cyperus flaccidus,,Lax Flat-sedge,,,135,
Plantae,Flora,Cyperaceae,2369,Cyperus flavescens,*,,,,27,
Plantae,Flora,Cyperaceae,2370,Cyperus flavidus,,Yellow Flat-sedge,,,63,
Plantae,Flora,Cyperaceae,2372,Cyperus fulvus,,Sticky Sedge,,,1449,
Plantae,Flora,Cyperaceae,2373,Cyperus gilesii,,,,,54,
Plantae,Flora,Cyperaceae,2374,Cyperus gracilis,,Slender Flat-sedge,,,10481,
Plantae,Flora,Cyperaceae,9145,Cyperus gunnii subsp. gunnii,,,,,298,
Plantae,Flora,Cyperaceae,2376,Cyperus gymnocaulos,,,,,374,
Plantae,Flora,Cyperaceae,12533,Cyperus gymnocaulos <--> vaginatus,,,,,1,
Plantae,Flora,Cyperaceae,7535,Cyperus haspan,,,,,78,
Plantae,Flora,Cyperaceae,9146,Cyperus haspan subsp. haspan,,,,,82,
Plantae,Flora,Cyperaceae,9147,Cyperus haspan subsp. juncoides,,,,,17,
Plantae,Flora,Cyperaceae,2377,Cyperus imbecillis,,,,,585,
Plantae,Flora,Cyperaceae,2378,Cyperus involucratus,*,Umbrella Plant,,,52,
Plantae,Flora,Cyperaceae,6716,Cyperus iria,,,,,63,
Plantae,Flora,Cyperaceae,2379,Cyperus laevigatus,,,,,116,
Plantae,Flora,Cyperaceae,2380,Cyperus laevis,,,,,715,
Plantae,Flora,Cyperaceae,2381,Cyperus leiocaulon,,,,,122,
Plantae,Flora,Cyperaceae,15578,Cyperus leptocarpus,,Button Rush,,,1,
Plantae,Flora,Cyperaceae,2382,Cyperus lhotskyanus,,,,,145,
Plantae,Flora,Cyperaceae,2383,Cyperus lucidus,,Leafy Flat Sedge,,,548,
Plantae,Flora,Cyperaceae,2384,Cyperus mirus,,,,,101,
Plantae,Flora,Cyperaceae,12551,Cyperus nervulosus,*,,,,1,
Plantae,Flora,Cyperaceae,9024,Cyperus nutans subsp. eleusinoides,,,,,4,
Plantae,Flora,Cyperaceae,2385,Cyperus odoratus,,,,,43,
Plantae,Flora,Cyperaceae,2386,Cyperus papyrus,*,,,,64,
Plantae,Flora,Cyperaceae,2387,Cyperus pilosus,,,,,36,
Plantae,Flora,Cyperaceae,2388,Cyperus platystylis,,,,,11,
Plantae,Flora,Cyperaceae,8483,Cyperus polystachyos,,,,,1371,
Plantae,Flora,Cyperaceae,2389,Cyperus procerus,,,,,18,
Plantae,Flora,Cyperaceae,12052,Cyperus prolifer,*,,,,13,
Plantae,Flora,Cyperaceae,2390,Cyperus pygmaeus,,Dwarf Flat-sedge,,,53,
Plantae,Flora,Cyperaceae,2391,Cyperus reflexus,*,,,,37,
Plantae,Flora,Cyperaceae,12899,Cyperus reflexus var. reflexus,*,,,,1,
Plantae,Flora,Cyperaceae,7862,Cyperus rigens,*,,,,18,
Plantae,Flora,Cyperaceae,2392,Cyperus rigidellus,,,,,65,
Plantae,Flora,Cyperaceae,2393,Cyperus rotundus,*,Nutgrass,,,319,
Plantae,Flora,Cyperaceae,9107,Cyperus rupicola,,Cliff Sedge,V,,18,
Plantae,Flora,Cyperaceae,2395,Cyperus sanguinolentus,,,,,439,
Plantae,Flora,Cyperaceae,2396,Cyperus scaber,,,,,3,
Plantae,Flora,Cyperaceae,2397,Cyperus sculptus,,,,,4,
Plantae,Flora,Cyperaceae,11074,Cyperus secubans,,,,,24,
Plantae,Flora,Cyperaceae,9677,Cyperus semifertilis,,Missionary Nutgrass,E1,V,25,
Plantae,Flora,Cyperaceae,2398,Cyperus sesquiflorus,*,,,,363,
Plantae,Flora,Cyperaceae,2399,Cyperus sphaeroideus,,,,,424,
Plantae,Flora,Cyperaceae,CYPE,Cyperus spp.,,,,,3168,
Plantae,Flora,Cyperaceae,6625,Cyperus squarrosus,,Bearded Flat-sedge,,,74,
Plantae,Flora,Cyperaceae,2400,Cyperus stradbrokensis,,,,,138,
Plantae,Flora,Cyperaceae,2402,Cyperus subulatus,,Pointed Flat-sedge,,,34,
Plantae,Flora,Cyperaceae,10912,Cyperus teneristolon,*,,,,2,
Plantae,Flora,Cyperaceae,2403,Cyperus tetraphyllus,,,,,955,
Plantae,Flora,Cyperaceae,2404,Cyperus trinervis,,,,,174,
Plantae,Flora,Cyperaceae,2405,Cyperus tuberosus,*,,,,1,
Plantae,Flora,Cyperaceae,2406,Cyperus unioloides,,,,,9,
Plantae,Flora,Cyperaceae,7617,Cyperus vaginatus,,Stiff Flat-sedge,,,169,
Plantae,Flora,Cyperaceae,2407,Cyperus victoriensis,,,,,174,
Plantae,Flora,Cyperaceae,10333,Cyperus vorsteri,*,,,,14,
Plantae,Flora,Cyperaceae,2408,Eleocharis acuta,,,,,9096,
Plantae,Flora,Cyperaceae,2409,Eleocharis atricha,,,,,48,
Plantae,Flora,Cyperaceae,2410,Eleocharis blakeana,,,,,10,
Plantae,Flora,Cyperaceae,2411,Eleocharis cylindrostachys,,,,,171,
Plantae,Flora,Cyperaceae,2412,Eleocharis dietrichiana,,,,,123,
Plantae,Flora,Cyperaceae,7133,Eleocharis dulcis,,,,,18,
Plantae,Flora,Cyperaceae,2413,Eleocharis equisetina,,,,,563,
Plantae,Flora,Cyperaceae,7164,Eleocharis geniculata,,,,,9,
Plantae,Flora,Cyperaceae,2414,Eleocharis gracilis,,,,,273,
Plantae,Flora,Cyperaceae,10329,Eleocharis macbarronii,,,,,18,
Plantae,Flora,Cyperaceae,2415,Eleocharis minuta,*,,,,191,
Plantae,Flora,Cyperaceae,2416,Eleocharis obicis,,Spike-Rush,V,V,572,
Plantae,Flora,Cyperaceae,2417,Eleocharis pachycarpa,*,,,,6,
Plantae,Flora,Cyperaceae,2418,Eleocharis pallens,,Pale Spike Sedge,,,1549,
Plantae,Flora,Cyperaceae,2419,Eleocharis parodii,*,,,,3,
Plantae,Flora,Cyperaceae,11081,Eleocharis parvula,*,,,,3,
Plantae,Flora,Cyperaceae,2420,Eleocharis philippinensis,,,,,31,
Plantae,Flora,Cyperaceae,2421,Eleocharis plana,,Flat Spike-sedge,,,2641,
Plantae,Flora,Cyperaceae,2422,Eleocharis pusilla,,,,,2949,
Plantae,Flora,Cyperaceae,6988,Eleocharis sphacelata,,Tall Spike Rush,,,1540,
Plantae,Flora,Cyperaceae,ELEO,Eleocharis spp.,,"Spike-rush, Spike-sedge",,,2271,
Plantae,Flora,Cyperaceae,2423,Eleocharis tetraquetra,,Square-stemmed Spike-rush,E1,,4406,
Plantae,Flora,Cyperaceae,9109,Exocarya sclerioides,,,,,132,
Plantae,Flora,Cyperaceae,12416,Ficinia nodosa,,Knobby Club-rush,,,1345,
Plantae,Flora,Cyperaceae,2425,Fimbristylis aestivalis,,,,,21,
Plantae,Flora,Cyperaceae,2426,Fimbristylis bisumbellata,,,,,1,
Plantae,Flora,Cyperaceae,6663,Fimbristylis cinnamometorum,,,,,107,
Plantae,Flora,Cyperaceae,12900,Fimbristylis communis,,,,,1,
Plantae,Flora,Cyperaceae,7435,Fimbristylis dichotoma,,Common Fringe-sedge,,,6452,
Plantae,Flora,Cyperaceae,7328,Fimbristylis ferruginea,,,,,143,
Plantae,Flora,Cyperaceae,7406,Fimbristylis neilsonii,,,,,35,
Plantae,Flora,Cyperaceae,7300,Fimbristylis nutans,,,,,47,
Plantae,Flora,Cyperaceae,12901,Fimbristylis pauciflora,,,,,1,
Plantae,Flora,Cyperaceae,7870,Fimbristylis polytrichoides,,,,,7,
Plantae,Flora,Cyperaceae,FIMB,Fimbristylis spp.,,,,,85,
Plantae,Flora,Cyperaceae,2428,Fimbristylis tristachya,,,,,27,
Plantae,Flora,Cyperaceae,2429,Fimbristylis velata,,,,,72,
Plantae,Flora,Cyperaceae,6495,Fuirena ciliaris,,,,,22,
Plantae,Flora,Cyperaceae,2430,Fuirena incrassata,,,,,19,
Plantae,Flora,Cyperaceae,2431,Gahnia aspera,,Rough Saw-sedge,,,8291,
Plantae,Flora,Cyperaceae,2432,Gahnia clarkei,,Tall Saw-sedge,,,5532,
Plantae,Flora,Cyperaceae,2433,Gahnia erythrocarpa,,,,,361,
Plantae,Flora,Cyperaceae,2434,Gahnia filifolia,,,,,383,
Plantae,Flora,Cyperaceae,2435,Gahnia filum,,,,,51,
Plantae,Flora,Cyperaceae,2436,Gahnia grandis,,Brickmaker's Sedge,,,9,
Plantae,Flora,Cyperaceae,12183,Gahnia howeana,,,,,17,
Plantae,Flora,Cyperaceae,2437,Gahnia insignis,,,,,56,
Plantae,Flora,Cyperaceae,2438,Gahnia lanigera,,,,,24,
Plantae,Flora,Cyperaceae,2439,Gahnia melanocarpa,,Black Fruit Saw-sedge,,,2481,
Plantae,Flora,Cyperaceae,2440,Gahnia microstachya,,,,,319,
Plantae,Flora,Cyperaceae,2441,Gahnia radula,,,,,1349,
Plantae,Flora,Cyperaceae,2442,Gahnia sieberiana,,Red-fruit Saw-sedge,P,,5043,
Plantae,Flora,Cyperaceae,GAHN,Gahnia spp.,,,,,1231,
Plantae,Flora,Cyperaceae,2443,Gahnia subaequiglumis,,Bog Saw-sedge,,,138,
Plantae,Flora,Cyperaceae,2445,Gymnoschoenus sphaerocephalus,,Button Grass,,,1674,
Plantae,Flora,Cyperaceae,2446,Isolepis aucklandica,,,,,36,
Plantae,Flora,Cyperaceae,2447,Isolepis australiensis,,,,,46,
Plantae,Flora,Cyperaceae,2448,Isolepis cernua,,Nodding Club-rush,,,303,
Plantae,Flora,Cyperaceae,12902,Isolepis cernua var. cernua,,,,,1,
Plantae,Flora,Cyperaceae,2449,Isolepis congrua,,Slender Club-sedge,,,71,
Plantae,Flora,Cyperaceae,6471,Isolepis crassiuscula,,,,,92,
Plantae,Flora,Cyperaceae,2450,Isolepis fluitans,,Floating Club-rush,,,59,
Plantae,Flora,Cyperaceae,9822,Isolepis gaudichaudiana,,Benambra Club-sedge,,,118,
Plantae,Flora,Cyperaceae,2451,Isolepis habra,,,,,190,
Plantae,Flora,Cyperaceae,2453,Isolepis hystrix,*,,,,13,
Plantae,Flora,Cyperaceae,2454,Isolepis inundata,,Club-rush,,,988,
Plantae,Flora,Cyperaceae,14940,Isolepis levynsiana,*,,,,104,
Plantae,Flora,Cyperaceae,2455,Isolepis marginata,*,,,,63,
Plantae,Flora,Cyperaceae,2456,Isolepis montivaga,,,,,30,
Plantae,Flora,Cyperaceae,14624,Isolepis multicaulis,,,,,179,
Plantae,Flora,Cyperaceae,2458,Isolepis platycarpa,,,,,52,
Plantae,Flora,Cyperaceae,2459,Isolepis producta,,,,,43,
Plantae,Flora,Cyperaceae,2460,Isolepis prolifera,*,,,,316,
Plantae,Flora,Cyperaceae,6455,Isolepis sepulcralis,*,,,,39,
Plantae,Flora,Cyperaceae,ISOL,Isolepis spp.,,Club-rush,,,612,
Plantae,Flora,Cyperaceae,2462,Isolepis stellata,*,,,,4,
Plantae,Flora,Cyperaceae,2463,Isolepis subtilissima,,,,,161,
Plantae,Flora,Cyperaceae,2464,Isolepis victoriensis,,,,,31,
Plantae,Flora,Cyperaceae,8456,Lepidosperma canescens,*,,,,4,
Plantae,Flora,Cyperaceae,12560,Lepidosperma cf. laterale,,,,,7,
Plantae,Flora,Cyperaceae,9314,Lepidosperma clipeicola,,,,,140,
Plantae,Flora,Cyperaceae,8380,Lepidosperma concavum,,,,,1186,
Plantae,Flora,Cyperaceae,8779,Lepidosperma curtisiae,,,,,49,
Plantae,Flora,Cyperaceae,8379,Lepidosperma elatius,,,,,531,
Plantae,Flora,Cyperaceae,12903,Lepidosperma ensiforme,*,,,,1,
Plantae,Flora,Cyperaceae,10320,Lepidosperma evansianum,,Evans Sedge,V,,35,
Plantae,Flora,Cyperaceae,2465,Lepidosperma filiforme,,,,,1797,
Plantae,Flora,Cyperaceae,2467,Lepidosperma forsythii,,,,,256,
Plantae,Flora,Cyperaceae,2468,Lepidosperma gladiatum,,,,,30,
Plantae,Flora,Cyperaceae,8749,Lepidosperma gunnii,,,,,2248,
Plantae,Flora,Cyperaceae,9313,Lepidosperma latens,,,,,160,
Plantae,Flora,Cyperaceae,6402,Lepidosperma laterale,,Variable Sword-sedge,,,23933,
Plantae,Flora,Cyperaceae,2469,Lepidosperma limicola,,,,,4128,
Plantae,Flora,Cyperaceae,2470,Lepidosperma longitudinale,,Pithy Sword-sedge,,,252,
Plantae,Flora,Cyperaceae,2471,Lepidosperma neesii,,,,,2112,
Plantae,Flora,Cyperaceae,12904,Lepidosperma planifolium,,,,,1,
Plantae,Flora,Cyperaceae,2472,Lepidosperma quadrangulatum,,,,,219,
Plantae,Flora,Cyperaceae,2473,Lepidosperma semiteres,,,,,54,
Plantae,Flora,Cyperaceae,14850,Lepidosperma sieberi,,,,,44,
Plantae,Flora,Cyperaceae,LEPD,Lepidosperma spp.,,,,,833,
Plantae,Flora,Cyperaceae,2474,Lepidosperma tortuosum,,,,,207,
Plantae,Flora,Cyperaceae,2475,Lepidosperma urophorum,,,,,2265,
Plantae,Flora,Cyperaceae,11028,Lepidosperma viscidum,,,,,699,
Plantae,Flora,Cyperaceae,2476,Lepironia articulata,,,,,399,
Plantae,Flora,Cyperaceae,6742,Lipocarpha microcephala,,Button Rush,,,68,
Plantae,Flora,Cyperaceae,15318,Machaerina acuta,,Pale Twig-rush,,,542,
Plantae,Flora,Cyperaceae,15319,Machaerina arthrophylla,,,,,75,
Plantae,Flora,Cyperaceae,15320,Machaerina articulata,,Jointed Twig-rush,,,1149,
Plantae,Flora,Cyperaceae,15321,Machaerina gunnii,,,,,132,
Plantae,Flora,Cyperaceae,2477,Machaerina insularis,,,,,9,
Plantae,Flora,Cyperaceae,15322,Machaerina johnsonii,,,,,25,
Plantae,Flora,Cyperaceae,15323,Machaerina juncea,,Bare Twig-rush,,,1470,
Plantae,Flora,Cyperaceae,15324,Machaerina muelleri,,,,,160,
Plantae,Flora,Cyperaceae,15325,Machaerina nuda,,,,,121,
Plantae,Flora,Cyperaceae,15326,Machaerina planifolia,,,,,39,
Plantae,Flora,Cyperaceae,15327,Machaerina rubiginosa,,,,,3459,
Plantae,Flora,Cyperaceae,MACH,Machaerina spp.,,,,,157,
Plantae,Flora,Cyperaceae,15328,Machaerina teretifolia,,,,,1145,
Plantae,Flora,Cyperaceae,15329,Machaerina tetragona,,,,,34,
Plantae,Flora,Cyperaceae,12905,Mesomelaena pseudostygia,*,,,,1,
Plantae,Flora,Cyperaceae,2478,Oreobolus distichus,,,,,100,
Plantae,Flora,Cyperaceae,9773,Oreobolus oxycarpus subsp. oxycarpus,,,,,19,
Plantae,Flora,Cyperaceae,2480,Oreobolus pumilio,,,,,59,
Plantae,Flora,Cyperaceae,8956,Ptilothrix deusta,,,,,5667,
Plantae,Flora,Cyperaceae,2482,Rhynchospora brownii,,Grassy Beak-sedge,,,81,
Plantae,Flora,Cyperaceae,12906,Rhynchospora brownii subsp. brownii,,,,,19,
Plantae,Flora,Cyperaceae,2483,Rhynchospora corymbosa,,,,,23,
Plantae,Flora,Cyperaceae,2484,Rhynchospora rubra,,,,,2,
Plantae,Flora,Cyperaceae,15245,Schoenoplectiella dissachantha,,,,,11,
Plantae,Flora,Cyperaceae,11003,Schoenoplectus californicus,*,,,,8,
Plantae,Flora,Cyperaceae,2486,Schoenoplectus erectus,*,,,,12,
Plantae,Flora,Cyperaceae,7789,Schoenoplectus laevis,,,,,2,
Plantae,Flora,Cyperaceae,2487,Schoenoplectus lineolatus,*,,,,5,
Plantae,Flora,Cyperaceae,6707,Schoenoplectus mucronatus,,,,,425,
Plantae,Flora,Cyperaceae,2489,Schoenoplectus pungens,,,,,34,
Plantae,Flora,Cyperaceae,SCHO,Schoenoplectus spp.,,,,,61,
Plantae,Flora,Cyperaceae,11946,Schoenoplectus subulatus,,,,,87,
Plantae,Flora,Cyperaceae,2490,Schoenoplectus validus,,,,,695,
Plantae,Flora,Cyperaceae,2491,Schoenus apogon,,Fluke Bogrush,,,5456,
Plantae,Flora,Cyperaceae,2492,Schoenus brevifolius,,,,,4744,
Plantae,Flora,Cyperaceae,2493,Schoenus calostachyus,,,,,2,
Plantae,Flora,Cyperaceae,2494,Schoenus calyptratus,,,,,41,
Plantae,Flora,Cyperaceae,9683,Schoenus centralis,,,,,24,
Plantae,Flora,Cyperaceae,2495,Schoenus ericetorum,,,,,1861,
Plantae,Flora,Cyperaceae,11031,Schoenus evansianus,,,,,14,
Plantae,Flora,Cyperaceae,2496,Schoenus imberbis,,,,,1051,
Plantae,Flora,Cyperaceae,2497,Schoenus kennyi,,,,,157,
Plantae,Flora,Cyperaceae,2498,Schoenus latelaminatus,,Medusa Bog Sedge,,,22,
Plantae,Flora,Cyperaceae,9222,Schoenus lepidosperma,,,,,9,
Plantae,Flora,Cyperaceae,9341,Schoenus lepidosperma subsp. lepidosperma,,,,,11,
Plantae,Flora,Cyperaceae,9057,Schoenus lepidosperma subsp. pachylepis,,,,,378,
Plantae,Flora,Cyperaceae,2499,Schoenus maschalinus,,,,,176,
Plantae,Flora,Cyperaceae,2500,Schoenus melanostachys,,,,,2144,
Plantae,Flora,Cyperaceae,2501,Schoenus moorei,,,,,216,
Plantae,Flora,Cyperaceae,2502,Schoenus nitens,,,,,73,
Plantae,Flora,Cyperaceae,2504,Schoenus paludosus,,,,,558,
Plantae,Flora,Cyperaceae,2505,Schoenus scabripes,,,,,47,
Plantae,Flora,Cyperaceae,SCHN,Schoenus spp.,,,,,671,
Plantae,Flora,Cyperaceae,2506,Schoenus subaphyllus,,,,,261,
Plantae,Flora,Cyperaceae,11032,Schoenus tesquorum,,,,,2,
Plantae,Flora,Cyperaceae,2507,Schoenus turbinatus,,,,,210,
Plantae,Flora,Cyperaceae,8899,Schoenus vaginatus,,,,,21,
Plantae,Flora,Cyperaceae,2508,Schoenus villosus,,,,,463,
Plantae,Flora,Cyperaceae,2512,Scirpus polystachyus,,Large-headed Club-rush,,,157,
Plantae,Flora,Cyperaceae,SCIR,Scirpus spp.,,Club-rush,,,17,
Plantae,Flora,Cyperaceae,7207,Scleria levis,,,,,13,
Plantae,Flora,Cyperaceae,2514,Scleria mackaviensis,,,,,2021,
Plantae,Flora,Cyperaceae,7719,Scleria rugosa,,,,,14,
Plantae,Flora,Cyperaceae,14446,Scleria sphacelata,,,,,4,
Plantae,Flora,Cyperaceae,SCLI,Scleria spp.,,,,,11,
Plantae,Flora,Cyperaceae,2515,Scleria tricuspidata,,,,,7,
Plantae,Flora,Cyperaceae,2516,Tetraria capillaris,,,,,938,
Plantae,Flora,Cyperaceae,2517,Trachystylis stradbrokensis,*,,,,1,
Plantae,Flora,Cyperaceae,2518,Tricostularia pauciflora,,,,,222,
Plantae,Flora,Davalliaceae,8084,Arthropteris beckleri,,,,,351,
Plantae,Flora,Davalliaceae,8085,^^Arthropteris palisotii,,Lesser Creeping Fern,"E1,3",,7,
Plantae,Flora,Davalliaceae,ARTH,Arthropteris spp.,,,,,26,
Plantae,Flora,Davalliaceae,8086,Arthropteris tenella,,,,,1822,
Plantae,Flora,Davalliaceae,10647,Davallia solida var. pyxidata,,Hare's Foot Fern,,,1169,
Plantae,Flora,Davalliaceae,8087,Davallia sp. aff. pyxidata,,,,,7,
Plantae,Flora,Davalliaceae,DAVA,Davallia spp.,,,,,1,
Plantae,Flora,Davalliaceae,8088,Nephrolepis cordifolia,,Fishbone Fern,,,1977,
Plantae,Flora,Davalliaceae,NEPH,Nephrolepis spp.,,,,,41,
Plantae,Flora,Davalliaceae,8089,Rumohra adiantiformis,,,,,71,
Plantae,Flora,Dennstaedtiaceae,7411,Dennstaedtia davallioides,,Lacy Ground Fern,,,481,
Plantae,Flora,Dennstaedtiaceae,7271,Histiopteris incisa,,Bat's Wing Fern,,,1170,
Plantae,Flora,Dennstaedtiaceae,7962,Hypolepis amaurorachis,,Austral Ground Fern,,,5,
Plantae,Flora,Dennstaedtiaceae,7478,Hypolepis elegans,,,E4,,38,
Plantae,Flora,Dennstaedtiaceae,7385,Hypolepis glandulifera,,Downy Ground Fern,,,606,
Plantae,Flora,Dennstaedtiaceae,7749,Hypolepis muelleri,,Harsh Ground Fern,,,3212,
Plantae,Flora,Dennstaedtiaceae,7653,Hypolepis rugosula,,Ruddy Ground Fern,,,58,
Plantae,Flora,Dennstaedtiaceae,HYPL,Hypolepis spp.,,,,,65,
Plantae,Flora,Dennstaedtiaceae,6403,Pteridium esculentum,,Bracken,,,31162,
Plantae,Flora,Dennstaedtiaceae,PTED,Pteridium spp.,,,,,32,
Plantae,Flora,Dicksoniaceae,8341,Calochlaena dubia,,Rainbow Fern,,,9911,
Plantae,Flora,Dicksoniaceae,CULC,Culcita spp.,,,,,1,
Plantae,Flora,Dicksoniaceae,8082,Dicksonia antarctica,,Soft Treefern,P,,1706,
Plantae,Flora,Dicksoniaceae,DICK,Dicksonia spp.,,,P,,46,
Plantae,Flora,Dicksoniaceae,8083,Dicksonia youngiae,,Bristly Treefern,P,,65,
Plantae,Bryopsida,Dicranaceae,8210,Dicranoloma robustum var. setosum,,,,,2,
Plantae,Bryopsida,Dicranaceae,DICR,Dicranoloma spp.,,,,,1,
Plantae,Flora,Dilleniaceae,2526,Hibbertia acicularis,,,,,1239,
Plantae,Flora,Dilleniaceae,9173,Hibbertia acuminata,,,,,111,
Plantae,Flora,Dilleniaceae,2527,Hibbertia aspera,,Rough Guinea Flower,,,5071,
Plantae,Flora,Dilleniaceae,10554,Hibbertia aspera subsp. aspera,,,,,985,
Plantae,Flora,Dilleniaceae,10555,Hibbertia aspera subsp. pilosifolia,,,,,59,
Plantae,Flora,Dilleniaceae,2528,Hibbertia bracteata,,,,,886,
Plantae,Flora,Dilleniaceae,2529,Hibbertia calycina,,Lesser Guinea Flower,,,88,
Plantae,Flora,Dilleniaceae,14964,Hibbertia circinata,,Connie's Guinea Flower,E4A,CE,11,
Plantae,Flora,Dilleniaceae,8349,Hibbertia circumdans,,,,,826,
Plantae,Flora,Dilleniaceae,2530,Hibbertia cistiflora,,,,,230,
Plantae,Flora,Dilleniaceae,10556,Hibbertia cistiflora subsp. cistiflora,,,,,43,
Plantae,Flora,Dilleniaceae,2531,Hibbertia cistoidea,,,,,122,
Plantae,Flora,Dilleniaceae,9870,Hibbertia covenyana,,,,,79,
Plantae,Flora,Dilleniaceae,12548,Hibbertia crinita,,,,,466,
Plantae,Flora,Dilleniaceae,10552,Hibbertia decumbens,,,,,16,
Plantae,Flora,Dilleniaceae,2532,Hibbertia dentata,,Twining Guinea Flower,,,3959,
Plantae,Flora,Dilleniaceae,12909,Hibbertia dentata var. calva,,,,,1,
Plantae,Flora,Dilleniaceae,12910,Hibbertia dentata var. dentata,,,,,16,
Plantae,Flora,Dilleniaceae,2533,Hibbertia diffusa,,Wedge Guinea Flower,,,1678,
Plantae,Flora,Dilleniaceae,2534,Hibbertia elata,,,,,11,
Plantae,Flora,Dilleniaceae,10863,Hibbertia empetrifolia subsp. empetrifolia,,,,,3067,
Plantae,Flora,Dilleniaceae,15143,Hibbertia ericifolia subsp. ericifolia,,,,,4,
Plantae,Flora,Dilleniaceae,2536,Hibbertia fasciculata,,,,,696,
Plantae,Flora,Dilleniaceae,14735,Hibbertia fumana,,,E4A,,1153,
Plantae,Flora,Dilleniaceae,2537,Hibbertia hermanniifolia,,,,,75,
Plantae,Flora,Dilleniaceae,2538,Hibbertia hexandra,,Tree Guinea Flower,E1,,125,
Plantae,Flora,Dilleniaceae,9566,Hibbertia kaputarensis,,,,,53,
Plantae,Flora,Dilleniaceae,15635,Hibbertia lignescens,,,,,24,
Plantae,Flora,Dilleniaceae,2539,Hibbertia linearis,,,,,2023,
Plantae,Flora,Dilleniaceae,8591,Hibbertia marginata,,Bordered Guinea Flower,V,V,854,
Plantae,Flora,Dilleniaceae,15636,Hibbertia minysantha,,,,,19,
Plantae,Flora,Dilleniaceae,2540,Hibbertia monogyna,,,,,399,
Plantae,Flora,Dilleniaceae,2541,Hibbertia nitida,,,,,243,
Plantae,Flora,Dilleniaceae,10557,Hibbertia notabilis,,Howe Guinea Flower,,,1,
Plantae,Flora,Dilleniaceae,2542,Hibbertia obtusifolia,,Hoary Guinea Flower,,,14539,
Plantae,Flora,Dilleniaceae,12912,Hibbertia oligodonta,,,,,4,
Plantae,Flora,Dilleniaceae,12549,Hibbertia patens,,,,,2,
Plantae,Flora,Dilleniaceae,2543,Hibbertia pedunculata,,,,,659,
Plantae,Flora,Dilleniaceae,14629,Hibbertia pilifera,,,,,33,
Plantae,Flora,Dilleniaceae,15203,Hibbertia porcata,,,,,10,
Plantae,Flora,Dilleniaceae,11252,Hibbertia praemorsa,,Bundanoon Guinea Flower,E1,E,22,
Plantae,Flora,Dilleniaceae,2544,Hibbertia procumbens,,Spreading Guinea Flower,E1,,2900,
Plantae,Flora,Dilleniaceae,11422,Hibbertia puberula,,,E1,,2264,
Plantae,Flora,Dilleniaceae,15045,Hibbertia puberula subsp. puberula,,,,,439,
Plantae,Flora,Dilleniaceae,14596,Hibbertia pustulata,,,,,2,
Plantae,Flora,Dilleniaceae,10558,Hibbertia rhynchocalyx,,,,,76,
Plantae,Flora,Dilleniaceae,2545,Hibbertia riparia,,,,,3060,
Plantae,Flora,Dilleniaceae,2546,Hibbertia rufa,,Brown Guinea Flower,,,323,
Plantae,Flora,Dilleniaceae,7436,Hibbertia salicifolia,,,,,159,
Plantae,Flora,Dilleniaceae,2547,Hibbertia saligna,,,,,129,
Plantae,Flora,Dilleniaceae,2548,Hibbertia scandens,,Climbing Guinea Flower,,,7946,
Plantae,Flora,Dilleniaceae,12913,Hibbertia scandens var. glabra,,,,,1,
Plantae,Flora,Dilleniaceae,2550,Hibbertia serpyllifolia,,Hairy Guinea Flower,,,722,
Plantae,Flora,Dilleniaceae,13992,Hibbertia simulans,,,,,1,
Plantae,Flora,Dilleniaceae,15201,Hibbertia singularis,,,,,3,
Plantae,Flora,Dilleniaceae,9981,Hibbertia sp. 5 (New England),,,,,3,
Plantae,Flora,Dilleniaceae,12914,Hibbertia sp. A,,,,,2,
Plantae,Flora,Dilleniaceae,8266,Hibbertia sp. aff. hermanniifolia,,,,,2,
Plantae,Flora,Dilleniaceae,14515,Hibbertia sp. aff. obtusifolia (Macleay-Apsley),,,,,2,
Plantae,Flora,Dilleniaceae,11814,Hibbertia sp. aff. riparia,,,,,24,
Plantae,Flora,Dilleniaceae,9565,Hibbertia sp. B,,,,,116,
Plantae,Flora,Dilleniaceae,13902,Hibbertia sp. Bankstown,,,E4A,CE,665,
Plantae,Flora,Dilleniaceae,12915,Hibbertia sp. G,,,,,1,
Plantae,Flora,Dilleniaceae,14733,^Hibbertia spanantha,,Julian's Hibbertia,"E4A,2",CE,82,
Plantae,Flora,Dilleniaceae,HIBB,Hibbertia spp.,,,,,1341,
Plantae,Flora,Dilleniaceae,14564,Hibbertia stricta subsp. furcatula,,,E1,,110,
Plantae,Flora,Dilleniaceae,12916,Hibbertia stricta var. pedunculata,,,,,2,
Plantae,Flora,Dilleniaceae,11250,Hibbertia superans,,,E1,,837,
Plantae,Flora,Dilleniaceae,15641,Hibbertia surcularis,,,,,20,
Plantae,Flora,Dilleniaceae,11259,Hibbertia tenuifolia,,Narrow-leaved Guinea Flower,E1,,P,
Plantae,Flora,Dilleniaceae,12917,Hibbertia tetragona,,,,,1,
Plantae,Flora,Dilleniaceae,2551,Hibbertia vestita,,,,,1495,
Plantae,Flora,Dilleniaceae,8590,Hibbertia villosa,,,,,286,
Plantae,Flora,Dilleniaceae,9398,Hibbertia virgata subsp. virgata,,Twiggy Guinea Flower,,,56,
Plantae,Flora,Dilleniaceae,14595,Hibbertia woronorana,,,,,14,
Plantae,Flora,Dioscoreaceae,6446,Dioscorea transversa,,Native Yam,,,4446,
Plantae,Flora,Dipsacaceae,10196,Dipsacus fullonum subsp. fullonum,*,Wild Teazle,,,13,
Plantae,Flora,Dipsacaceae,SCAB,Scabiosa spp.,*,,,,1,
Plantae,Flora,Dipsacaceae,12918,Sixalix atropurpurea,*,Pincushion,,,34,
Plantae,Flora,Ditrichaceae,13900,Ceratodon purpureus,,,,,6,
Plantae,Flora,Doryanthaceae,1019,Doryanthes excelsa,,Gymea Lily,P,,1358,
Plantae,Flora,Doryanthaceae,1020,Doryanthes palmeri,,Giant Spear Lily,"V,P",,63,
Plantae,Flora,Droseraceae,6434,Aldrovanda vesiculosa,,Waterwheel Plant,E1,,11,
Plantae,Flora,Droseraceae,2555,Drosera arcturi,,,,,53,
Plantae,Flora,Droseraceae,2556,Drosera auriculata,,,,,1454,
Plantae,Flora,Droseraceae,2557,Drosera binata,,Forked Sundew,,,1307,
Plantae,Flora,Droseraceae,12073,Drosera burmanni,,,,,110,
Plantae,Flora,Droseraceae,2558,Drosera glanduligera,,Pimpernel Sundew,,,139,
Plantae,Flora,Droseraceae,14698,Drosera hookeri,,,,,82,
Plantae,Flora,Droseraceae,7329,Drosera indica,,Flycatcher,,,12,
Plantae,Flora,Droseraceae,2559,Drosera peltata,,,,,3138,
Plantae,Flora,Droseraceae,2560,Drosera pygmaea,,Pymgy Sundew,,,219,
Plantae,Flora,Droseraceae,2561,Drosera spatulata,,,,,2096,
Plantae,Flora,Droseraceae,DROS,Drosera spp.,,,,,381,
Plantae,Flora,Dryopteridaceae,8012,Arachniodes aristata,,Prickly Shield Fern,,,235,
Plantae,Flora,Dryopteridaceae,ARAC,Arachniodes spp.,,,,,1,
Plantae,Flora,Dryopteridaceae,12350,Cyrtomium falcatum 'Rochfordii',*,Holly Fern,,,43,
Plantae,Flora,Dryopteridaceae,CYRT,Cyrtomium spp.,*,,,,1,
Plantae,Flora,Dryopteridaceae,8336,Cystopteris tasmanica,,,,,7,
Plantae,Flora,Dryopteridaceae,8014,Lastreopsis acuminata,,Shiny Shield Fern,,,1021,
Plantae,Flora,Dryopteridaceae,8015,Lastreopsis decomposita,,Trim Shield Fern,,,2180,
Plantae,Flora,Dryopteridaceae,8016,^^Lastreopsis hispida,,Bristly Shield Fern,"E1,3",,6,
Plantae,Flora,Dryopteridaceae,9113,Lastreopsis marginans,,Bordered Shield Fern,,,291,
Plantae,Flora,Dryopteridaceae,11102,Lastreopsis microsora subsp. microsora,,Creeping Shield Fern,,,2027,
Plantae,Flora,Dryopteridaceae,8019,Lastreopsis munita,,Naked Shield Fern,,,460,
Plantae,Flora,Dryopteridaceae,8020,Lastreopsis nephrodioides,,,,,39,
Plantae,Flora,Dryopteridaceae,8021,Lastreopsis silvestris,,Mountain Shield Fern,,,26,
Plantae,Flora,Dryopteridaceae,8022,Lastreopsis smithiana,,Smooth Shield Fern,,,30,
Plantae,Flora,Dryopteridaceae,LAST,Lastreopsis spp.,,,,,253,
Plantae,Flora,Dryopteridaceae,8023,Polystichum australiense,,Harsh Shield Fern,,,481,
Plantae,Flora,Dryopteridaceae,8024,Polystichum fallax,,,,,136,
Plantae,Flora,Dryopteridaceae,8025,Polystichum formosum,,Broad Shield Fern,,,236,
Plantae,Flora,Dryopteridaceae,8026,Polystichum moorei,,Rock Shield Fern,E1,E,22,
Plantae,Flora,Dryopteridaceae,8027,Polystichum proliferum,,Mother Shield Fern,,,1398,
Plantae,Flora,Dryopteridaceae,POLS,Polystichum spp.,,,,,21,
Plantae,Flora,Dryopteridaceae,8028,Polystichum whiteleggei,,,,,37,
Plantae,Flora,Ebenaceae,2562,Diospyros australis,,Black Plum,,,2972,
Plantae,Flora,Ebenaceae,2563,Diospyros fasciculosa,,Grey Ebony,,,103,
Plantae,Flora,Ebenaceae,11584,Diospyros kaki,*,,,,10,
Plantae,Flora,Ebenaceae,2564,Diospyros mabacea,,Red-fruited Ebony,E1,E,80,
Plantae,Flora,Ebenaceae,2566,Diospyros pentamera,,Myrtle Ebony,,,1529,
Plantae,Flora,Ebenaceae,DIOS,Diospyros spp.,,,,,18,
Plantae,Flora,Ebenaceae,14710,Diospyros yandina,,Shiny-leaved Ebony,E1,,24,
Plantae,Flora,Elaeagnaceae,12921,Elaeagnus umbellata,*,,,,2,
Plantae,Flora,Elaeocarpaceae,2567,Aristotelia australasica,,Mountain Wineberry,,,118,
Plantae,Flora,Elaeocarpaceae,12922,Aristotelia chilensis,*,,,,2,
Plantae,Flora,Elaeocarpaceae,2568,Elaeocarpus costatus,,,,,19,
Plantae,Flora,Elaeocarpaceae,2569,Elaeocarpus eumundi,,Eumundi Quandong,,,33,
Plantae,Flora,Elaeocarpaceae,2570,Elaeocarpus grandis,,Blue Quandong,,,237,
Plantae,Flora,Elaeocarpaceae,2571,Elaeocarpus holopetalus,,Black Olive Berry,,,355,
Plantae,Flora,Elaeocarpaceae,2572,Elaeocarpus kirtonii,,Silver Quandong,,,264,
Plantae,Flora,Elaeocarpaceae,2573,Elaeocarpus obovatus,,Hard Quandong,,,1365,
Plantae,Flora,Elaeocarpaceae,2574,Elaeocarpus reticulatus,,Blueberry Ash,,,9157,
Plantae,Flora,Elaeocarpaceae,14538,^^Elaeocarpus sedentarius,,Minyon Quandong,"E1,3",E,2464,
Plantae,Flora,Elaeocarpaceae,ELAE,Elaeocarpus spp.,,,,,21,
Plantae,Flora,Elaeocarpaceae,2575,^^Elaeocarpus williamsianus,,Hairy Quandong,"E1,3",E,63,
Plantae,Flora,Elaeocarpaceae,2576,Sloanea australis,,Maiden's Blush,,,1176,
Plantae,Flora,Elaeocarpaceae,SLOA,Sloanea spp.,,,,,2,
Plantae,Flora,Elaeocarpaceae,2577,Sloanea woollsii,,Yellow Carabeen,,,1108,
Plantae,Flora,Elaeocarpaceae,6201,Tetratheca bauerifolia,,,,,745,
Plantae,Flora,Elaeocarpaceae,6202,Tetratheca ciliata,,,,,106,
Plantae,Flora,Elaeocarpaceae,6203,Tetratheca decora,,,,,83,
Plantae,Flora,Elaeocarpaceae,6204,Tetratheca ericifolia,,,,,878,
Plantae,Flora,Elaeocarpaceae,6205,Tetratheca glandulosa,,,V,,2474,
Plantae,Flora,Elaeocarpaceae,6206,Tetratheca juncea,,Black-eyed Susan,V,V,15679,
Plantae,Flora,Elaeocarpaceae,6207,Tetratheca labillardierei,,,,,53,
Plantae,Flora,Elaeocarpaceae,6208,Tetratheca neglecta,,,,,287,
Plantae,Flora,Elaeocarpaceae,6209,Tetratheca pilosa,,,,,175,
Plantae,Flora,Elaeocarpaceae,7991,Tetratheca pilosa subsp. pilosa,,,E4,,1,
Plantae,Flora,Elaeocarpaceae,6210,Tetratheca rubioides,,,,,94,
Plantae,Flora,Elaeocarpaceae,6211,Tetratheca rupicola,,,,,261,
Plantae,Flora,Elaeocarpaceae,6212,Tetratheca shiressii,,,,,143,
Plantae,Flora,Elaeocarpaceae,TETA,Tetratheca spp.,,,,,117,
Plantae,Flora,Elaeocarpaceae,6213,Tetratheca subaphylla,,,,,50,
Plantae,Flora,Elaeocarpaceae,6214,Tetratheca thymifolia,,Black-eyed Susan,,,2700,
Plantae,Flora,Elatinaceae,7564,Bergia ammannioides,,Jerry Water-fire,,,6,
Plantae,Flora,Elatinaceae,9932,Bergia occultipetala,,,,,1,
Plantae,Flora,Elatinaceae,BERG,Bergia spp.,,,,,2,
Plantae,Flora,Elatinaceae,7880,Bergia trimera,,Small Water-fire,,,73,
Plantae,Flora,Elatinaceae,2579,Elatine gratioloides,,Waterwort,,,866,
Plantae,Flora,Equisetaceae,9635,Equisetum arvense,*,Common Horsetail,,,4,
Plantae,Flora,Equisetaceae,12924,Equisetum hyemale,*,,,,2,
Plantae,Flora,Ericaceae,11966,Acrothamnus hookeri,,,,,962,
Plantae,Flora,Ericaceae,12058,Acrothamnus maccraei,,,,,60,
Plantae,Flora,Ericaceae,12059,Acrothamnus montanus,,,,,186,
Plantae,Flora,Ericaceae,2580,Acrotriche aggregata,,Red Cluster Heath,,,513,
Plantae,Flora,Ericaceae,12925,Acrotriche aggregata subsp. group B,,,,,11,
Plantae,Flora,Ericaceae,12926,Acrotriche aggregata subsp. group D,,,,,3,
Plantae,Flora,Ericaceae,2581,Acrotriche divaricata,,,,,1011,
Plantae,Flora,Ericaceae,12927,Acrotriche divaricata subsp. group B,,,,,1,
Plantae,Flora,Ericaceae,8389,Acrotriche latifolia,,,,,5,
Plantae,Flora,Ericaceae,8231,Acrotriche leucocarpa,,,,,42,
Plantae,Flora,Ericaceae,2582,Acrotriche rigida,,,,,1110,
Plantae,Flora,Ericaceae,2583,Acrotriche serrulata,,Honeypots,,,1809,
Plantae,Flora,Ericaceae,ACRT,Acrotriche spp.,,,,,19,
Plantae,Flora,Ericaceae,12005,Agiortia cicatricata,,,,,54,
Plantae,Flora,Ericaceae,12011,Agiortia pedicellata,,,,,83,
Plantae,Flora,Ericaceae,12432,Agiortia pleiosperma,,,,,88,
Plantae,Flora,Ericaceae,11592,Arbutus unedo,*,Strawberry Tree,,,24,
Plantae,Flora,Ericaceae,2584,Astroloma humifusum,,Native Cranberry,,,3908,
Plantae,Flora,Ericaceae,2585,Astroloma pinifolium,,Pine Heath,,,517,
Plantae,Flora,Ericaceae,ASTR,Astroloma spp.,,,,,21,
Plantae,Flora,Ericaceae,2586,Brachyloma daphnoides,,Daphne Heath,,,7107,
Plantae,Flora,Ericaceae,10689,Brachyloma daphnoides subsp. daphnoides,,,,,448,
Plantae,Flora,Ericaceae,10690,Brachyloma daphnoides subsp. glabrum,,,,,588,
Plantae,Flora,Ericaceae,10691,Brachyloma daphnoides subsp. pubescens,,,,,619,
Plantae,Flora,Ericaceae,9295,Brachyloma saxicola,,,,,163,
Plantae,Flora,Ericaceae,2587,Brachyloma scortechinii,,,,,42,
Plantae,Flora,Ericaceae,BRCL,Brachyloma spp.,,Daphne heaths,,,11,
Plantae,Flora,Ericaceae,2588,Dracophyllum fitzgeraldii,,Fitzgerald,,,91,
Plantae,Flora,Ericaceae,10837,Dracophyllum macranthum,,,,,249,
Plantae,Flora,Ericaceae,10838,Dracophyllum oceanicum,,,,,20,
Plantae,Flora,Ericaceae,2589,Dracophyllum secundum,,,,,482,
Plantae,Flora,Ericaceae,11935,"Dracophyllum secundum ""Bulli Tops form""",,,,,2,
Plantae,Flora,Ericaceae,DRAC,Dracophyllum spp.,,,,,10,
Plantae,Flora,Ericaceae,EPACC,Epacridaceae indeterminate,*,Austral heaths,,,108,
Plantae,Flora,Ericaceae,2590,Epacris apiculata,,,,,54,
Plantae,Flora,Ericaceae,2591,Epacris breviflora,,,,,443,
Plantae,Flora,Ericaceae,15038,Epacris browniae,,,,,1,
Plantae,Flora,Ericaceae,2592,Epacris calvertiana,,,,,27,
Plantae,Flora,Ericaceae,7850,Epacris calvertiana var. calvertiana,,,,,97,
Plantae,Flora,Ericaceae,7847,Epacris calvertiana var. versicolor,,,,,26,
Plantae,Flora,Ericaceae,10839,Epacris celata,,,,,31,
Plantae,Flora,Ericaceae,2593,Epacris coriacea,,,,,80,
Plantae,Flora,Ericaceae,2594,Epacris crassifolia,,,,,126,
Plantae,Flora,Ericaceae,10840,Epacris crassifolia subsp. crassifolia,,,,,7,
Plantae,Flora,Ericaceae,10841,Epacris crassifolia subsp. macroflora,,,,,10,
Plantae,Flora,Ericaceae,15175,Epacris decumbens,,,,,13,
Plantae,Flora,Ericaceae,2595,Epacris glacialis,,,,,124,
Plantae,Flora,Ericaceae,15212,Epacris gnidioides,,Budawangs Cliff-heath,V,V,68,
Plantae,Flora,Ericaceae,10842,Epacris gunnii,,,,,183,
Plantae,Flora,Ericaceae,2596,Epacris hamiltonii,,,E1,E,154,
Plantae,Flora,Ericaceae,2597,Epacris impressa,,Common Heath,,,1661,
Plantae,Flora,Ericaceae,10843,Epacris lanuginosa,,,,,1,
Plantae,Flora,Ericaceae,10844,Epacris lithophila,,,,,8,
Plantae,Flora,Ericaceae,2598,Epacris longiflora,,Fuchsia Heath,,,1034,
Plantae,Flora,Ericaceae,2599,Epacris microphylla,,Coral Heath,,,4655,
Plantae,Flora,Ericaceae,2601,Epacris muelleri,,,,,312,
Plantae,Flora,Ericaceae,2602,Epacris obtusifolia,,Blunt-leaf Heath,,,2999,
Plantae,Flora,Ericaceae,2603,Epacris paludosa,,Swamp Heath,,,1884,
Plantae,Flora,Ericaceae,2604,Epacris petrophila,,Snow Heath,,,122,
Plantae,Flora,Ericaceae,15173,Epacris pilosa,,,,,12,
Plantae,Flora,Ericaceae,10845,Epacris pinoidea,,,,,9,
Plantae,Flora,Ericaceae,2605,Epacris pulchella,,Wallum Heath,,,4878,
Plantae,Flora,Ericaceae,2606,Epacris purpurascens,,,,,223,
Plantae,Flora,Ericaceae,11234,Epacris purpurascens var. onosmiflora,,,,,56,
Plantae,Flora,Ericaceae,7752,Epacris purpurascens var. purpurascens,,,V,,6019,
Plantae,Flora,Ericaceae,2607,Epacris reclinata,,Fuchsia Heath,,,151,
Plantae,Flora,Ericaceae,12086,Epacris rhombifolia,,,,,55,
Plantae,Flora,Ericaceae,2608,Epacris rigida,,,,,48,
Plantae,Flora,Ericaceae,2609,Epacris robusta,,Round-leaf Heath,,,63,
Plantae,Flora,Ericaceae,7129,Epacris sparsa,,Sparse Heath,V,E,109,
Plantae,Flora,Ericaceae,EPAC,Epacris spp.,,,,,298,
Plantae,Flora,Ericaceae,15174,Epacris sprengelioides,,,,,61,
Plantae,Flora,Ericaceae,11215,Erica arborea,*,Tree Heath,,,1,
Plantae,Flora,Ericaceae,11090,Erica glandulosa,*,,,,2,
Plantae,Flora,Ericaceae,2665,Erica lusitanica,*,,,,64,
Plantae,Flora,Ericaceae,ERIC,Erica spp.,*,,,,9,
Plantae,Flora,Ericaceae,2666,Gaultheria appressa,,White Waxberry,,,99,
Plantae,Flora,Ericaceae,9195,Gaultheria viridicarpa,,Green Waxberry,E1,E,95,
Plantae,Flora,Ericaceae,12931,Leptecophylla juniperina subsp. juniperina,,,,,2,
Plantae,Flora,Ericaceae,2610,Leucopogon amplexicaulis,,Beard-heath,,,336,
Plantae,Flora,Ericaceae,2611,Leucopogon appressus,,,,,225,
Plantae,Flora,Ericaceae,2612,Leucopogon attenuatus,,,,,953,
Plantae,Flora,Ericaceae,2613,Leucopogon biflorus,,,,,34,
Plantae,Flora,Ericaceae,10194,Leucopogon collinus,,,,,7,
Plantae,Flora,Ericaceae,2614,^^Leucopogon confertus,,Torrington Beard-heath,"E1,3",E,10,
Plantae,Flora,Ericaceae,2615,Leucopogon deformis,,,,,115,
Plantae,Flora,Ericaceae,2616,Leucopogon ericoides,,Pink Beard-heath,,,1980,
Plantae,Flora,Ericaceae,2617,Leucopogon esquamatus,,,,,735,
Plantae,Flora,Ericaceae,15643,Leucopogon excelsus,,,,,1,
Plantae,Flora,Ericaceae,2618,Leucopogon exolasius,,Woronora Beard-heath,V,V,1588,
Plantae,Flora,Ericaceae,2619,Leucopogon fletcheri,,,,,210,
Plantae,Flora,Ericaceae,10195,Leucopogon fletcheri subsp. brevisepalus,,,,,300,
Plantae,Flora,Ericaceae,9569,Leucopogon fletcheri subsp. fletcheri,,,V,,4062,
Plantae,Flora,Ericaceae,2620,Leucopogon fraseri,,,,,520,
Plantae,Flora,Ericaceae,2621,Leucopogon gelidus,,,,,212,
Plantae,Flora,Ericaceae,2623,Leucopogon juniperinus,,Prickly Beard-heath,,,5570,
Plantae,Flora,Ericaceae,2624,Leucopogon lanceolatus,,,,,5933,
Plantae,Flora,Ericaceae,12932,Leucopogon lanceolatus subsp. group A,,,,,32,
Plantae,Flora,Ericaceae,12933,Leucopogon lanceolatus subsp. group B,,,,,21,
Plantae,Flora,Ericaceae,12934,Leucopogon lanceolatus subsp. group C,,,,,21,
Plantae,Flora,Ericaceae,12935,Leucopogon lanceolatus subsp. group D,,,,,18,
Plantae,Flora,Ericaceae,12936,Leucopogon lanceolatus subsp. group E,,,,,48,
Plantae,Flora,Ericaceae,12937,Leucopogon lanceolatus subsp. group F,,,,,52,
Plantae,Flora,Ericaceae,6845,Leucopogon lanceolatus var. gracilis,,,,,733,
Plantae,Flora,Ericaceae,6425,Leucopogon lanceolatus var. lanceolatus,,,,,5521,
Plantae,Flora,Ericaceae,2625,Leucopogon leptospermoides,,,,,613,
Plantae,Flora,Ericaceae,2627,Leucopogon margarodes,,,,,282,
Plantae,Flora,Ericaceae,2628,Leucopogon melaleucoides,,,,,738,
Plantae,Flora,Ericaceae,2629,Leucopogon microphyllus,,,,,1284,
Plantae,Flora,Ericaceae,7216,Leucopogon microphyllus var. microphyllus,,,,,378,
Plantae,Flora,Ericaceae,7287,Leucopogon microphyllus var. pilibundus,,,,,166,
Plantae,Flora,Ericaceae,2630,Leucopogon muticus,,Blunt Beard-heath,,,5275,
Plantae,Flora,Ericaceae,2631,Leucopogon neoanglicus,,,,,545,
Plantae,Flora,Ericaceae,2632,Leucopogon parviflorus,,Coastal Beard-heath,,,552,
Plantae,Flora,Ericaceae,9795,Leucopogon pilifer,,Thready Beard-heath,,,30,
Plantae,Flora,Ericaceae,2635,Leucopogon recurvisepalus,,,,,24,
Plantae,Flora,Ericaceae,2636,Leucopogon rodwayi,,,,,60,
Plantae,Flora,Ericaceae,2637,Leucopogon rufus,,,,,10,
Plantae,Flora,Ericaceae,2638,Leucopogon setiger,,,,,532,
Plantae,Flora,Ericaceae,9178,Leucopogon sp. aff. appressus,,,,,16,
Plantae,Flora,Ericaceae,9842,Leucopogon sp. aff. fraseri,,,,,10,
Plantae,Flora,Ericaceae,13910,Leucopogon sp. aff. setiger,,,,,3,
Plantae,Flora,Ericaceae,LEUC,Leucopogon spp.,,,,,792,
Plantae,Flora,Ericaceae,7971,Leucopogon suaveolens,,,,,6,
Plantae,Flora,Ericaceae,9771,Leucopogon trichostylus,,Daphne Heath,,,80,
Plantae,Flora,Ericaceae,2639,Leucopogon virgatus,,,,,1483,
Plantae,Flora,Ericaceae,12938,Leucopogon virgatus var. virgatus,,,,,1,
Plantae,Flora,Ericaceae,2641,Lissanthe sapida,,Native Cranberry,,,383,
Plantae,Flora,Ericaceae,LISS,Lissanthe spp.,,,,,28,
Plantae,Flora,Ericaceae,2642,Lissanthe strigosa,,Peach Heath,,,6620,
Plantae,Flora,Ericaceae,10713,Lissanthe strigosa subsp. strigosa,,,,,322,
Plantae,Flora,Ericaceae,11108,Lissanthe strigosa subsp. subulata,,Peach Heath,,,1302,
Plantae,Flora,Ericaceae,2643,Melichrus adpressus,,Large Nectar-heath,,,32,
Plantae,Flora,Ericaceae,2644,Melichrus erubescens,,Ruby Urn Heath,,,970,
Plantae,Flora,Ericaceae,15219,Melichrus gibberagee,,Narrow-leaf Melichrus,E4A,CE,861,
Plantae,Flora,Ericaceae,9428,Melichrus hirsutus,,Hairy Melichrus,E1,E,782,
Plantae,Flora,Ericaceae,2645,Melichrus procumbens,,Jam Tarts,,,911,
Plantae,Flora,Ericaceae,MELC,Melichrus spp.,,,,,74,
Plantae,Flora,Ericaceae,2646,Melichrus urceolatus,,Urn Heath,,,9949,
Plantae,Flora,Ericaceae,12943,Melichrus urceolatus subsp. group 1,,,,,61,
Plantae,Flora,Ericaceae,12944,Melichrus urceolatus subsp. group 2,,,,,112,
Plantae,Flora,Ericaceae,12945,Monotoca aenigma,,,,,17,
Plantae,Flora,Ericaceae,9342,Monotoca albens,,,,,9,
Plantae,Flora,Ericaceae,2647,Monotoca elliptica,,Tree Broom-heath,,,2958,
Plantae,Flora,Ericaceae,2648,Monotoca ledifolia,,,,,86,
Plantae,Flora,Ericaceae,12946,Monotoca minutiflora,,,,,5,
Plantae,Flora,Ericaceae,8290,Monotoca rotundifolia,,Trailing Monotoca,E1,E,30,
Plantae,Flora,Ericaceae,2649,Monotoca scoparia,,,,,8312,
Plantae,Flora,Ericaceae,MONO,Monotoca spp.,,,,,65,
Plantae,Flora,Ericaceae,11411,Pentachondra dehiscens,,,,,21,
Plantae,Flora,Ericaceae,2650,Pentachondra pumila,,Carpet Heath,,,178,
Plantae,Flora,Ericaceae,PENT,Pentachondra spp.,,,,,1,
Plantae,Flora,Ericaceae,11799,Rhododendron indicum,*,,,,20,
Plantae,Flora,Ericaceae,12947,Rhododendron ponticum,*,,,,3,
Plantae,Flora,Ericaceae,RDND,Rhododendron spp.,*,"Rhododendron, Azalea",,,98,
Plantae,Flora,Ericaceae,2651,Richea continentis,,Candle Heath,,,200,
Plantae,Flora,Ericaceae,2654,Sprengelia incarnata,,Pink Swamp Heath,P,,1332,
Plantae,Flora,Ericaceae,12948,Sprengelia incarnata f. B,,,P,,14,
Plantae,Flora,Ericaceae,12949,Sprengelia incarnata f. 'incarnata',,,P,,77,
Plantae,Flora,Ericaceae,12950,Sprengelia incarnata var. brevistylis,,,P,,3,
Plantae,Flora,Ericaceae,6507,Sprengelia monticola,,,,,95,
Plantae,Flora,Ericaceae,SPRE,Sprengelia spp.,,,,,7,
Plantae,Flora,Ericaceae,2655,Sprengelia sprengelioides,,,,,312,
Plantae,Flora,Ericaceae,2657,Styphelia adscendens,,,,,22,
Plantae,Flora,Ericaceae,10006,Styphelia angustifolia,,,,,40,
Plantae,Flora,Ericaceae,2658,Styphelia laeta,,,,,214,
Plantae,Flora,Ericaceae,8962,Styphelia laeta subsp. laeta,,,,,150,
Plantae,Flora,Ericaceae,10193,Styphelia laeta subsp. latifolia,,,,,68,
Plantae,Flora,Ericaceae,2659,Styphelia longifolia,,,,,58,
Plantae,Flora,Ericaceae,15642,Styphelia oxyphylla,,,,,3,
Plantae,Flora,Ericaceae,9058,Styphelia perileuca,,Montane Green Five-corners,E1,E,202,
Plantae,Flora,Ericaceae,9302,Styphelia psiloclada,,,,,19,
Plantae,Flora,Ericaceae,15644,Styphelia sparsa,,,,,308,
Plantae,Flora,Ericaceae,STYP,Styphelia spp.,,,,,116,
Plantae,Flora,Ericaceae,2660,Styphelia triflora,,Pink Five-Corners,,,3502,
Plantae,Flora,Ericaceae,12951,Styphelia triflora subsp. group A,,,,,12,
Plantae,Flora,Ericaceae,12952,Styphelia triflora subsp. group B,,,,,17,
Plantae,Flora,Ericaceae,12953,Styphelia triflora subsp. group C,,,,,17,
Plantae,Flora,Ericaceae,12954,Styphelia triflora subsp. group D,,,,,13,
Plantae,Flora,Ericaceae,2661,Styphelia tubiflora,,Red Five-Corner,,,574,
Plantae,Flora,Ericaceae,2662,Styphelia viridis,,,,,244,
Plantae,Flora,Ericaceae,9226,Styphelia viridis subsp. breviflora,,,,,124,
Plantae,Flora,Ericaceae,9227,Styphelia viridis subsp. viridis,,,,,101,
Plantae,Flora,Ericaceae,2663,Trochocarpa laurina,,Tree Heath,,,4256,
Plantae,Flora,Ericaceae,12593,Trochocarpa montana,,,,,178,
Plantae,Flora,Ericaceae,TROC,Trochocarpa spp.,,,,,9,
Plantae,Flora,Ericaceae,2664,Woollsia pungens,,,,,1924,
Plantae,Flora,Ericaceae,WOOL,Woollsia spp.,,,,,3,
Plantae,Flora,Eriocaulaceae,2667,Eriocaulon australasicum,,Austral Pipewort,E1,E,5,
Plantae,Flora,Eriocaulaceae,2668,Eriocaulon australe,,,,,31,
Plantae,Flora,Eriocaulaceae,2669,Eriocaulon carsonii,,Salt Pipewort,E1,E,23,
Plantae,Flora,Eriocaulaceae,12955,Eriocaulon nanum,,,,,1,
Plantae,Flora,Eriocaulaceae,2670,Eriocaulon scariosum,,,,,142,
Plantae,Flora,Escalloniaceae,3220,Abrophyllum ornans,,Native Hydrangea,,,288,
Plantae,Flora,Escalloniaceae,3221,Anopterus macleayanus,,Queensland Laurel,,,371,
Plantae,Flora,Escalloniaceae,3222,Argophyllum nullumense,,Silver Leaf,,,251,
Plantae,Flora,Escalloniaceae,CUTT,Cuttsia spp.,,,,,1,
Plantae,Flora,Escalloniaceae,3225,Cuttsia viburnea,,Elderberry,,,425,
Plantae,Flora,Escalloniaceae,7571,Escallonia bifida,*,,,,1,
Plantae,Flora,Escalloniaceae,3227,Polyosma cunninghamii,,Featherwood,,,1285,
Plantae,Flora,Escalloniaceae,3228,Quintinia sieberi,,Possumwood,,,653,
Plantae,Flora,Escalloniaceae,QUIN,Quintinia spp.,,,,,7,
Plantae,Flora,Escalloniaceae,3229,Quintinia verdonii,,Grey Possumwood,,,781,
Plantae,Flora,Euphorbiaceae,9705,Acalypha australis,*,,,,33,
Plantae,Flora,Euphorbiaceae,2673,Acalypha capillipes,,,,,69,
Plantae,Flora,Euphorbiaceae,9466,Acalypha eremorum,,Acalypha,E1,,40,
Plantae,Flora,Euphorbiaceae,2674,Acalypha nemorum,,,,,118,
Plantae,Flora,Euphorbiaceae,ACAL,Acalypha spp.,,,,,13,
Plantae,Flora,Euphorbiaceae,11367,Acalypha wilkesiana,*,Redleaf,,,8,
Plantae,Flora,Euphorbiaceae,ADRI,Adriana spp.,,,,,1,
Plantae,Flora,Euphorbiaceae,12050,Adriana tomentosa,,,,,8,
Plantae,Flora,Euphorbiaceae,10563,Adriana tomentosa var. hookeri,,Mallee Bitterbush,,,23,
Plantae,Flora,Euphorbiaceae,10564,Adriana tomentosa var. tomentosa,,,,,112,
Plantae,Flora,Euphorbiaceae,8669,Alchornea ilicifolia,,Native Holly,,,760,
Plantae,Flora,Euphorbiaceae,9359,Aleurites moluccana,*,Candle Nut,,,6,
Plantae,Flora,Euphorbiaceae,AMPE,Amperea spp.,,,,,5,
Plantae,Flora,Euphorbiaceae,2677,Amperea xiphoclada,,,,,2106,
Plantae,Flora,Euphorbiaceae,9545,Amperea xiphoclada var. papillata,,,,,55,
Plantae,Flora,Euphorbiaceae,9501,Amperea xiphoclada var. pedicellata,,,E4,X,4,
Plantae,Flora,Euphorbiaceae,9713,Amperea xiphoclada var. xiphoclada,,,,,1382,
Plantae,Flora,Euphorbiaceae,8400,Baloghia inophylla,,Brush Bloodwood,,,1610,
Plantae,Flora,Euphorbiaceae,8325,Baloghia marmorata,,Jointed Baloghia,V,V,41,
Plantae,Flora,Euphorbiaceae,BALO,Baloghia spp.,,,,,4,
Plantae,Flora,Euphorbiaceae,7159,Bertya brownii,,,,,16,
Plantae,Flora,Euphorbiaceae,2681,Bertya cunninghamii,,"Gooma Bush, Wallaby Bush",,,333,
Plantae,Flora,Euphorbiaceae,12370,Bertya cunninghamii subsp. cunninghamii,,,,,26,
Plantae,Flora,Euphorbiaceae,12385,Bertya cunninghamii subsp. rupicola,,,,,7,
Plantae,Flora,Euphorbiaceae,2682,Bertya findlayi,,Mountain Bertya,,,26,
Plantae,Flora,Euphorbiaceae,9190,Bertya glandulosa,,,,,4,
Plantae,Flora,Euphorbiaceae,2683,Bertya gummifera,,,,,91,
Plantae,Flora,Euphorbiaceae,7735,Bertya ingramii,,Narrow-leaved Bertya,E1,E,28,
Plantae,Flora,Euphorbiaceae,12346,Bertya linearifolia,,,,,9,
Plantae,Flora,Euphorbiaceae,2685,Bertya mollissima,,,E1,E,128,
Plantae,Flora,Euphorbiaceae,2686,Bertya oblonga,,,,,38,
Plantae,Flora,Euphorbiaceae,2687,Bertya oleifolia,,,,,102,
Plantae,Flora,Euphorbiaceae,12128,Bertya opponens,,Coolabah Bertya,V,V,660,
Plantae,Flora,Euphorbiaceae,2689,Bertya pomaderroides,,,,,46,
Plantae,Flora,Euphorbiaceae,12386,Bertya riparia,,,,,2,
Plantae,Flora,Euphorbiaceae,2690,Bertya rosmarinifolia,,,,,43,
Plantae,Flora,Euphorbiaceae,12528,"Bertya sp. (Chambigne NR, M. Fatemi 24)",,Chambigne Bertya,E1,,245,
Plantae,Flora,Euphorbiaceae,13782,"Bertya sp. (Clouds Creek, M. Fatemi 4)",,,E1,,65,
Plantae,Flora,Euphorbiaceae,BERT,Bertya spp.,,,,,38,
Plantae,Flora,Euphorbiaceae,12270,Bertya tasmanica,,,,,3,
Plantae,Flora,Euphorbiaceae,13931,Bertya tasmanica var. Glabrous ovary,,,,,1,
Plantae,Flora,Euphorbiaceae,13932,Bertya tasmanica var. Golden hairs,,,,,2,
Plantae,Flora,Euphorbiaceae,2691,Beyeria lasiocarpa,,,,,658,
Plantae,Flora,Euphorbiaceae,11051,Beyeria lechenaultii,,,,,31,
Plantae,Flora,Euphorbiaceae,2693,Beyeria opaca,,,,,621,
Plantae,Flora,Euphorbiaceae,BEYE,Beyeria spp.,,,,,13,
Plantae,Flora,Euphorbiaceae,2694,Beyeria viscosa,,Sticky Wallaby Bush,,,2295,
Plantae,Flora,Euphorbiaceae,9444,Chamaesyce sp. aff. drummondii,,,,,4,
Plantae,Flora,Euphorbiaceae,2697,Chrozophora tinctoria,*,Litmus Plant,,,4,
Plantae,Flora,Euphorbiaceae,2698,Claoxylon australe,,Brittlewood,,,2440,
Plantae,Flora,Euphorbiaceae,CLAO,Claoxylon spp.,,,,,5,
Plantae,Flora,Euphorbiaceae,2699,Cleistanthus cunninghamii,,Cleistanthus,,,688,
Plantae,Flora,Euphorbiaceae,2701,Croton acronychioides,,Thick-leaved Croton,,,69,
Plantae,Flora,Euphorbiaceae,2702,Croton capitatus,*,Woolly Croton,,,1,
Plantae,Flora,Euphorbiaceae,2703,Croton insularis,,Silver Croton,,,219,
Plantae,Flora,Euphorbiaceae,2704,Croton phebalioides,,,,,101,
Plantae,Flora,Euphorbiaceae,12206,Croton setigerus,*,Doveweed,,,5,
Plantae,Flora,Euphorbiaceae,2705,Croton stigmatosus,,White Croton,,,108,
Plantae,Flora,Euphorbiaceae,2706,Croton verreauxii,,Green Native Cascarilla,,,1682,
Plantae,Flora,Euphorbiaceae,7505,Euphorbia australis,,,,,55,
Plantae,Flora,Euphorbiaceae,15637,Euphorbia australis var. erythrantha,,,,,7,
Plantae,Flora,Euphorbiaceae,15252,Euphorbia bifida,,,,,7,
Plantae,Flora,Euphorbiaceae,2709,Euphorbia cyathophora,*,Painted Spurge,,,38,
Plantae,Flora,Euphorbiaceae,2710,Euphorbia dallachyana,,,,,918,
Plantae,Flora,Euphorbiaceae,9752,Euphorbia davidii,*,,,,37,
Plantae,Flora,Euphorbiaceae,9753,Euphorbia depauperata var. pubescens,*,,,,22,
Plantae,Flora,Euphorbiaceae,7628,Euphorbia drummondii,,Caustic Weed,,,12086,
Plantae,Flora,Euphorbiaceae,2714,Euphorbia falcata,*,Sickle-leaved Spurge,,,4,
Plantae,Flora,Euphorbiaceae,2715,Euphorbia helioscopia,*,Sun Spurge,,,52,
Plantae,Flora,Euphorbiaceae,6426,Euphorbia hirta,*,,,,60,
Plantae,Flora,Euphorbiaceae,14912,Euphorbia hyssopifolia,*,"Hyssopleaf Sandmat, Hyssop Leaf Sandmat",,,38,
Plantae,Flora,Euphorbiaceae,15253,Euphorbia inappendiculata,,,,,2,
Plantae,Flora,Euphorbiaceae,15256,Euphorbia inappendiculata var. queenslandica,,,,,31,
Plantae,Flora,Euphorbiaceae,13981,Euphorbia lathyris,*,Caper Spurge,,,107,
Plantae,Flora,Euphorbiaceae,12964,Euphorbia maconochieana,,,,,8,
Plantae,Flora,Euphorbiaceae,15254,Euphorbia maculata,*,Spotted Spurge,,,92,
Plantae,Flora,Euphorbiaceae,2718,Euphorbia marginata,*,Snow-on-the-Mountains,,,2,
Plantae,Flora,Euphorbiaceae,15278,Euphorbia multifaria,,,,,44,
Plantae,Flora,Euphorbiaceae,14914,Euphorbia ophthalmica,*,Florida Hammock Sandmat (USA),,,10,
Plantae,Flora,Euphorbiaceae,15255,Euphorbia papillifolia var. polyandra,,,,,124,
Plantae,Flora,Euphorbiaceae,9899,Euphorbia paralias,*,Sea Spurge,,,28,
Plantae,Flora,Euphorbiaceae,2720,Euphorbia parvicaruncula,,Rough-seeded Spurge,,,149,
Plantae,Flora,Euphorbiaceae,2721,Euphorbia peplus,*,Petty Spurge,,,1760,
Plantae,Flora,Euphorbiaceae,2722,Euphorbia planiticola,,Plains Spurge,,,210,
Plantae,Flora,Euphorbiaceae,2723,Euphorbia prostrata,*,Red Caustic Weed,,,106,
Plantae,Flora,Euphorbiaceae,9385,Euphorbia psammogeton,,Sand spurge,E1,,790,
Plantae,Flora,Euphorbiaceae,11325,Euphorbia pulcherrima,*,Poinsettia,,,50,
Plantae,Flora,Euphorbiaceae,6847,Euphorbia sarcostemmoides,,Climbing Caustic,E1,,3,
Plantae,Flora,Euphorbiaceae,EUPR,Euphorbia spp.,,,,,507,
Plantae,Flora,Euphorbiaceae,2725,Euphorbia stevenii,,Bottle-tree Spurge,,,88,
Plantae,Flora,Euphorbiaceae,2726,Euphorbia tannensis,,,,,20,
Plantae,Flora,Euphorbiaceae,6900,Euphorbia tannensis subsp. eremophila,,,,,581,
Plantae,Flora,Euphorbiaceae,2727,Euphorbia terracina,*,False Caper,,,9,
Plantae,Flora,Euphorbiaceae,15638,Euphorbia thelephora var. australis,,,,,1,
Plantae,Flora,Euphorbiaceae,7217,Euphorbia wheeleri,,Wheeler's Spurge,,,7,
Plantae,Flora,Euphorbiaceae,EUPHC,Euphorbiaceae indeterminate,*,Spurges,,,28,
Plantae,Flora,Euphorbiaceae,7288,Excoecaria agallocha,,Milky Mangrove,,,93,
Plantae,Flora,Euphorbiaceae,2729,Excoecaria dallachyana,,Brush Poison Tree,,,55,
Plantae,Flora,Euphorbiaceae,8333,Fontainea australis,,Southern Fontainea,V,V,42,
Plantae,Flora,Euphorbiaceae,8334,^Fontainea oraria,,Coastal Fontainea,"E4A,2",CE,41,
Plantae,Flora,Euphorbiaceae,15218,Fontainea sp. Coffs Harbour,,,E4A,,11,
Plantae,Flora,Euphorbiaceae,11947,Homalanthus populifolius,,,,,3171,
Plantae,Flora,Euphorbiaceae,13761,Homalanthus spp.,,,,,35,
Plantae,Flora,Euphorbiaceae,13994,Homalanthus stillingiifolius,,,,,57,
Plantae,Flora,Euphorbiaceae,2732,Macaranga tanarius,,Blush Macaranga,,,407,
Plantae,Flora,Euphorbiaceae,2733,Mallotus claoxyloides,,,,,61,
Plantae,Flora,Euphorbiaceae,2734,Mallotus discolor,,White Kamala,,,242,
Plantae,Flora,Euphorbiaceae,15093,Mallotus paniculatus,*,,,,1,
Plantae,Flora,Euphorbiaceae,2735,Mallotus philippensis,,Red Kamala,,,2251,
Plantae,Flora,Euphorbiaceae,MALL,Mallotus spp.,,,,,3,
Plantae,Flora,Euphorbiaceae,11114,Manihot grahamii,*,,,,6,
Plantae,Flora,Euphorbiaceae,2738,Monotaxis linifolia,,,,,298,
Plantae,Flora,Euphorbiaceae,2739,Monotaxis macrophylla,,Large-leafed Monotaxis,E1,,146,
Plantae,Flora,Euphorbiaceae,2758,Ricinocarpos bowmanii,,,,,359,
Plantae,Flora,Euphorbiaceae,14033,Ricinocarpos linearifolius,,,,,3,
Plantae,Flora,Euphorbiaceae,2759,Ricinocarpos pinifolius,,Wedding Bush,,,1618,
Plantae,Flora,Euphorbiaceae,2760,Ricinocarpos speciosus,,,,,41,
Plantae,Flora,Euphorbiaceae,2761,Ricinus communis,*,Castor Oil Plant,,,1191,
Plantae,Flora,Euphorbiaceae,RICI,Ricinus spp.,*,,,,1,
Plantae,Flora,Euphorbiaceae,2765,Tragia novae-hollandiae,,Stinging Vine,,,80,
Plantae,Flora,Euphorbiaceae,11199,Triadica sebifera,*,Chinese Tallowood,,,178,
Plantae,Flora,Euphorbiaceae,2766,Vernicia fordii,,Tung Oil Tree,,,12,
Plantae,Flora,Eupomatiaceae,2767,Eupomatia bennettii,,Small Bolwarra,,,253,
Plantae,Flora,Eupomatiaceae,2768,Eupomatia laurina,,Bolwarra,,,3772,
Plantae,Flora,Eupomatiaceae,EUPO,Eupomatia spp.,,,,,4,
Plantae,Flora,Fabaceae (Caesalpinioideae),11670,Bauhinia galpini,*,African plume,,,3,
Plantae,Flora,Fabaceae (Caesalpinioideae),BAUH,Bauhinia spp.,*,,,,27,
Plantae,Flora,Fabaceae (Caesalpinioideae),8985,Bauhinia variegata,*,Pink Orchid Tree,,,15,
Plantae,Flora,Fabaceae (Caesalpinioideae),14396,Bauhinia x blakeana,*,,,,2,
Plantae,Flora,Fabaceae (Caesalpinioideae),1877,Caesalpinia bonduc,,Knicker Nut,E1,,21,
Plantae,Flora,Fabaceae (Caesalpinioideae),1878,Caesalpinia decapetala,*,Thorny Poinciana,,,44,
Plantae,Flora,Fabaceae (Caesalpinioideae),11805,Caesalpinia ferrea,*,Brazilian Ironwood,,,5,
Plantae,Flora,Fabaceae (Caesalpinioideae),1879,Caesalpinia gilliesii,*,Bird-of-paradise Shrub,,,12,
Plantae,Flora,Fabaceae (Caesalpinioideae),1880,Caesalpinia scortechinii,,Large Prickle-vine,,,60,
Plantae,Flora,Fabaceae (Caesalpinioideae),CAEA,Caesalpinia spp.,,,,,3,
Plantae,Flora,Fabaceae (Caesalpinioideae),1881,Caesalpinia subtropica,,Corky Prickly-vine,,,177,
Plantae,Flora,Fabaceae (Caesalpinioideae),12973,Caesalpinia traceyi,,,,,1,
Plantae,Flora,Fabaceae (Caesalpinioideae),1892,Cassia marksiana,,,E1,,220,
Plantae,Flora,Fabaceae (Caesalpinioideae),CASS,Cassia spp.,,,,,93,
Plantae,Flora,Fabaceae (Caesalpinioideae),1900,Ceratonia siliqua,*,Carob,,,11,
Plantae,Flora,Fabaceae (Caesalpinioideae),10819,Chamaecrista biddulphiana,,,,,6,
Plantae,Flora,Fabaceae (Caesalpinioideae),10820,Chamaecrista maritima,,,,,39,
Plantae,Flora,Fabaceae (Caesalpinioideae),10821,Chamaecrista nomame var. nomame,,,,,148,
Plantae,Flora,Fabaceae (Caesalpinioideae),10822,Chamaecrista rotundifolia var. rotundifolia,*,,,,14,
Plantae,Flora,Fabaceae (Caesalpinioideae),14235,Colvillea racemosa,*,,,,1,
Plantae,Flora,Fabaceae (Caesalpinioideae),7419,Delonix regia,*,Royal Poinciana,,,31,
Plantae,Flora,Fabaceae (Caesalpinioideae),1901,Gleditsia triacanthos,*,Honey Locust,,,232,
Plantae,Flora,Fabaceae (Caesalpinioideae),1903,Lysiphyllum gilvum,,,,,2,
Plantae,Flora,Fabaceae (Caesalpinioideae),7875,Parkinsonia aculeata,*,Jerusalem Thorn,,,15,
Plantae,Flora,Fabaceae (Caesalpinioideae),1905,Petalostylis labicheoides,,Butterfly Bush,,,54,
Plantae,Flora,Fabaceae (Caesalpinioideae),8772,Senna acclinis,,Rainforest Cassia,E1,,280,
Plantae,Flora,Fabaceae (Caesalpinioideae),9221,Senna aciphylla,,Sprawling Cassia,,,146,
Plantae,Flora,Fabaceae (Caesalpinioideae),12327,Senna artemisioides <--> zygophylla,,,,,7,
Plantae,Flora,Fabaceae (Caesalpinioideae),8492,Senna artemisioides subsp. filifolia,,,,,1598,
Plantae,Flora,Fabaceae (Caesalpinioideae),14539,Senna artemisioides subsp. X artemisioides,,,,,1814,
Plantae,Flora,Fabaceae (Caesalpinioideae),14255,Senna artemisioides subsp. X coriacea,,,,,1085,
Plantae,Flora,Fabaceae (Caesalpinioideae),15057,Senna artemisioides subsp. x petiolaris,,Woody Cassia,,,1207,
Plantae,Flora,Fabaceae (Caesalpinioideae),8494,Senna artemisioides subsp. zygophylla,,,,,1320,
Plantae,Flora,Fabaceae (Caesalpinioideae),6644,Senna barclayana,,Smooth Senna,,,332,
Plantae,Flora,Fabaceae (Caesalpinioideae),14602,Senna barronfieldii,,,,,165,
Plantae,Flora,Fabaceae (Caesalpinioideae),12080,Senna circinnata,,,,,112,
Plantae,Flora,Fabaceae (Caesalpinioideae),6991,Senna clavigera,,,,,111,
Plantae,Flora,Fabaceae (Caesalpinioideae),8240,Senna coronilloides,,,,,174,
Plantae,Flora,Fabaceae (Caesalpinioideae),9352,Senna didymobotrya,*,,,,13,
Plantae,Flora,Fabaceae (Caesalpinioideae),12483,Senna form taxon 'alicia',,,,,38,
Plantae,Flora,Fabaceae (Caesalpinioideae),12484,Senna form taxon 'helmsii',,Blunt-leaved Cassia,,,44,
Plantae,Flora,Fabaceae (Caesalpinioideae),12485,Senna form taxon 'oligophylla',,Blunt-leaved Cassia,,,19,
Plantae,Flora,Fabaceae (Caesalpinioideae),12082,Senna form taxon 'pruinosa',,,,,10,
Plantae,Flora,Fabaceae (Caesalpinioideae),12486,Senna form taxon 'quadrifolia',,,,,1,
Plantae,Flora,Fabaceae (Caesalpinioideae),11963,Senna form taxon 'sturtii',,,,,181,
Plantae,Flora,Fabaceae (Caesalpinioideae),6705,Senna multiglandulosa,*,,,,8,
Plantae,Flora,Fabaceae (Caesalpinioideae),14043,Senna multijuga subsp. lindleyana,*,,,,1,
Plantae,Flora,Fabaceae (Caesalpinioideae),11165,Senna notabilis,,,,,1,
Plantae,Flora,Fabaceae (Caesalpinioideae),7090,Senna occidentalis,*,Coffee Senna,,,23,
Plantae,Flora,Fabaceae (Caesalpinioideae),7377,Senna pendula var. glabrata,*,,,,4474,
Plantae,Flora,Fabaceae (Caesalpinioideae),11166,Senna phyllodinea,,,,,406,
Plantae,Flora,Fabaceae (Caesalpinioideae),12977,Senna pleurocarpa var. longifolia,,,,,1,
Plantae,Flora,Fabaceae (Caesalpinioideae),9432,Senna pleurocarpa var. pleurocarpa,,Fire Bush,,,35,
Plantae,Flora,Fabaceae (Caesalpinioideae),10505,Senna septemtrionalis,*,Arsenic Bush,,,707,
Plantae,Flora,Fabaceae (Caesalpinioideae),SENN,Senna spp.,,,,,272,
Plantae,Flora,Fabaceae (Faboideae),12978,Abrus precatorius subsp. africanus,*,,,,6,
Plantae,Flora,Fabaceae (Faboideae),10692,Abrus precatorius subsp. precatorius,*,,,,19,
Plantae,Flora,Fabaceae (Faboideae),15331,Aenictophyton anomalum,,,,,26,
Plantae,Flora,Fabaceae (Faboideae),10693,Aeschynomene brevifolia,,,,,11,
Plantae,Flora,Fabaceae (Faboideae),7513,Aeschynomene indica,,Budda Pea,,,698,
Plantae,Flora,Fabaceae (Faboideae),AESC,Aeschynomene spp.,,,,,1,
Plantae,Flora,Fabaceae (Faboideae),12981,Aeschynomene villosa var. mexicana,,,,,1,
Plantae,Flora,Fabaceae (Faboideae),7633,Alhagi maurorum,*,Camelthorn,,,7,
Plantae,Flora,Fabaceae (Faboideae),8368,Almaleea cambagei,,Torrington Pea,E1,E,101,
Plantae,Flora,Fabaceae (Faboideae),8367,Almaleea capitata,,,,,4,
Plantae,Flora,Fabaceae (Faboideae),8365,Almaleea incurvata,,,,,330,
Plantae,Flora,Fabaceae (Faboideae),8364,Almaleea paludosa,,,,,1048,
Plantae,Flora,Fabaceae (Faboideae),ALMA,Almaleea spp.,,,,,9,
Plantae,Flora,Fabaceae (Faboideae),8366,Almaleea subumbellata,,,,,11,
Plantae,Flora,Fabaceae (Faboideae),2770,Aotus ericoides,,,,,2004,
Plantae,Flora,Fabaceae (Faboideae),2771,Aotus lanigera,,,,,123,
Plantae,Flora,Fabaceae (Faboideae),2772,Aotus mollis,,,,,146,
Plantae,Flora,Fabaceae (Faboideae),AOTU,Aotus spp.,,,,,21,
Plantae,Flora,Fabaceae (Faboideae),2773,Aotus subglauca,,,,,233,
Plantae,Flora,Fabaceae (Faboideae),7926,Aotus subglauca var. filiformis,,,,,190,
Plantae,Flora,Fabaceae (Faboideae),11046,Aotus subglauca var. subglauca,,,,,158,
Plantae,Flora,Fabaceae (Faboideae),6955,Aotus subspinescens,,,,,3,
Plantae,Flora,Fabaceae (Faboideae),2774,Astragalus hamosus,*,Yellow Milk-vetch,,,39,
Plantae,Flora,Fabaceae (Faboideae),9729,Astragalus sesameus,*,Purple Milk-vetch,,,4,
Plantae,Flora,Fabaceae (Faboideae),ASTG,Astragalus spp.,*,,,,1,
Plantae,Flora,Fabaceae (Faboideae),10818,Austrosteenisia blackii var. blackii,,Blood Vine,,,574,
Plantae,Flora,Fabaceae (Faboideae),6807,Austrosteenisia glabristyla,,Giant Blood Vine,,,167,
Plantae,Flora,Fabaceae (Faboideae),13786,Bossiaea bombayensis,,Bombay Bossiaea,E4A,,58,
Plantae,Flora,Fabaceae (Faboideae),2775,Bossiaea bracteosa,,,,,13,
Plantae,Flora,Fabaceae (Faboideae),2776,Bossiaea buxifolia,,,,,1682,
Plantae,Flora,Fabaceae (Faboideae),11323,Bossiaea buxifolia x prostrata,,,,,2,
Plantae,Flora,Fabaceae (Faboideae),2777,Bossiaea cinerea,,,,,23,
Plantae,Flora,Fabaceae (Faboideae),14540,Bossiaea concolor,,,,,250,
Plantae,Flora,Fabaceae (Faboideae),2778,Bossiaea ensata,,Sword Bossiaea,,,1381,
Plantae,Flora,Fabaceae (Faboideae),2779,Bossiaea foliosa,,Leafy Bossiaea,,,902,
Plantae,Flora,Fabaceae (Faboideae),13783,Bossiaea fragrans,,,E4A,CE,197,
Plantae,Flora,Fabaceae (Faboideae),2780,Bossiaea heterophylla,,Variable Bossiaea,,,3852,
Plantae,Flora,Fabaceae (Faboideae),2781,Bossiaea kiamensis,,,,,145,
Plantae,Flora,Fabaceae (Faboideae),2782,Bossiaea lenticularis,,,,,301,
Plantae,Flora,Fabaceae (Faboideae),2783,Bossiaea neo-anglica,,,,,576,
Plantae,Flora,Fabaceae (Faboideae),2784,Bossiaea obcordata,,Spiny Bossiaea,,,3797,
Plantae,Flora,Fabaceae (Faboideae),2785,Bossiaea oligosperma,,Few-seeded Bossiaea,V,V,136,
Plantae,Flora,Fabaceae (Faboideae),2786,Bossiaea prostrata,,,,,1392,
Plantae,Flora,Fabaceae (Faboideae),2787,Bossiaea rhombifolia,,,,,1398,
Plantae,Flora,Fabaceae (Faboideae),2788,Bossiaea riparia,,,,,121,
Plantae,Flora,Fabaceae (Faboideae),6966,Bossiaea rupicola,,,,,15,
Plantae,Flora,Fabaceae (Faboideae),2789,Bossiaea scolopendria,,,,,1064,
Plantae,Flora,Fabaceae (Faboideae),2790,Bossiaea scortechinii,,,,,487,
Plantae,Flora,Fabaceae (Faboideae),14811,Bossiaea sericea,,,,,19,
Plantae,Flora,Fabaceae (Faboideae),11652,Bossiaea sp. aff. riparia (Gulf Plain),,,,,4,
Plantae,Flora,Fabaceae (Faboideae),BOSS,Bossiaea spp.,,,,,234,
Plantae,Flora,Fabaceae (Faboideae),2791,Bossiaea stephensonii,,,,,291,
Plantae,Flora,Fabaceae (Faboideae),2792,Bossiaea walkeri,,Cactus Pea,,,386,
Plantae,Flora,Fabaceae (Faboideae),2794,Cajanus cajan,*,Pigeon Pea,,,5,
Plantae,Flora,Fabaceae (Faboideae),10991,Callerya australis,,Native Wisteria,,,123,
Plantae,Flora,Fabaceae (Faboideae),10992,Callerya megasperma,,Native Wistaria,,,291,
Plantae,Flora,Fabaceae (Faboideae),CALZ,Callerya spp.,,,,,1,
Plantae,Flora,Fabaceae (Faboideae),7248,Canavalia rosea,,Coastal Jack Bean,,,91,
Plantae,Flora,Fabaceae (Faboideae),2795,Carmichaelia exsul,,Lord Howe Island Broom,E4A,,126,
Plantae,Flora,Fabaceae (Faboideae),2796,Castanospermum australe,,Black Bean,,,515,
Plantae,Flora,Fabaceae (Faboideae),9737,Chamaecytisus palmensis,*,Tree Lucerne,,,138,
Plantae,Flora,Fabaceae (Faboideae),12982,Chorizema cordatum,,,,,2,
Plantae,Flora,Fabaceae (Faboideae),2797,Chorizema parviflorum,,Chorizema parviflorum Benth. in the Wollongong and Shellharbour Local Government Areas,E2,,128,
Plantae,Flora,Fabaceae (Faboideae),2797,Chorizema parviflorum,,Eastern Flame Pea,,,554,
Plantae,Flora,Fabaceae (Faboideae),12983,Clitoria ternatea,*,,,,3,
Plantae,Flora,Fabaceae (Faboideae),2799,Coronilla varia,*,Crown Vetch,,,7,
Plantae,Flora,Fabaceae (Faboideae),10088,Crotalaria agatiflora subsp. agatiflora,*,,,,5,
Plantae,Flora,Fabaceae (Faboideae),11068,Crotalaria brevis,,,,,37,
Plantae,Flora,Fabaceae (Faboideae),6901,Crotalaria cunninghamii,,Green Bird Flower,E1,,6,
Plantae,Flora,Fabaceae (Faboideae),9141,Crotalaria dissitiflora subsp. dissitiflora,,Grey Rattlepod,,,31,
Plantae,Flora,Fabaceae (Faboideae),12155,Crotalaria distans subsp. macaulayae,*,,,,1,
Plantae,Flora,Fabaceae (Faboideae),12056,Crotalaria distans subsp. mediocris,*,,,,3,
Plantae,Flora,Fabaceae (Faboideae),7249,Crotalaria eremaea subsp. eremaea,,Bluebush Pea,,,178,
Plantae,Flora,Fabaceae (Faboideae),7577,Crotalaria goreensis,*,Gambia Pea,,,7,
Plantae,Flora,Fabaceae (Faboideae),2804,Crotalaria grahamiana,*,,,,3,
Plantae,Flora,Fabaceae (Faboideae),2805,Crotalaria incana,*,Woolly Rattlepod,,,10,
Plantae,Flora,Fabaceae (Faboideae),9355,Crotalaria incana subsp. incana,*,,,,10,
Plantae,Flora,Fabaceae (Faboideae),10089,Crotalaria incana subsp. purpurascens,*,,,,13,
Plantae,Flora,Fabaceae (Faboideae),7560,Crotalaria juncea,*,Sunhemp,,,3,
Plantae,Flora,Fabaceae (Faboideae),9356,Crotalaria lanceolata subsp. lanceolata,*,,,,61,
Plantae,Flora,Fabaceae (Faboideae),12054,Crotalaria lunata,*,,,,14,
Plantae,Flora,Fabaceae (Faboideae),12173,Crotalaria medicaginea var. neglecta,,Trefoil Rattlepod,,,10,
Plantae,Flora,Fabaceae (Faboideae),2807,Crotalaria mitchellii,,Yellow Rattlepod,,,25,
Plantae,Flora,Fabaceae (Faboideae),6967,Crotalaria mitchellii subsp. laevis,,,,,79,
Plantae,Flora,Fabaceae (Faboideae),6664,Crotalaria mitchellii subsp. mitchellii,,,,,23,
Plantae,Flora,Fabaceae (Faboideae),12020,Crotalaria montana var. angustifolia,,,,,183,
Plantae,Flora,Fabaceae (Faboideae),12984,Crotalaria novae-hollandiae,,,,,1,
Plantae,Flora,Fabaceae (Faboideae),9023,Crotalaria pallida var. obovata,*,Streaked Rattlepod,,,16,
Plantae,Flora,Fabaceae (Faboideae),12088,Crotalaria retusa,*,,,,1,
Plantae,Flora,Fabaceae (Faboideae),2809,Crotalaria semperflorens,*,,,,4,
Plantae,Flora,Fabaceae (Faboideae),2810,Crotalaria smithiana,,,,,4,
Plantae,Flora,Fabaceae (Faboideae),12985,Crotalaria spectabilis subsp. spectabilis,*,,,,2,
Plantae,Flora,Fabaceae (Faboideae),CROT,Crotalaria spp.,,,,,25,
Plantae,Flora,Fabaceae (Faboideae),2812,Crotalaria virgulata,*,,,,2,
Plantae,Flora,Fabaceae (Faboideae),12986,Crotalaria virgulata subsp. grantiana,*,,,,3,
Plantae,Flora,Fabaceae (Faboideae),2813,Crotalaria zanzibarica,*,,,,7,
Plantae,Flora,Fabaceae (Faboideae),10667,Cullen australasicum,,Native Verbine,,,76,
Plantae,Flora,Fabaceae (Faboideae),10668,Cullen cinereum,,Annual Verbine,,,133,
Plantae,Flora,Fabaceae (Faboideae),10669,Cullen discolor,,Grey Scurf-pea,,,23,
Plantae,Flora,Fabaceae (Faboideae),10670,Cullen graveolens,,Native Lucerne,,,110,
Plantae,Flora,Fabaceae (Faboideae),10671,Cullen microcephalum,,Dusky Scurf-pea,,,358,
Plantae,Flora,Fabaceae (Faboideae),10672,Cullen pallidum,,Woolly Scurf-pea,,,70,
Plantae,Flora,Fabaceae (Faboideae),9987,Cullen parvum,,Small Scurf-pea,E1,,18,
Plantae,Flora,Fabaceae (Faboideae),10673,Cullen patens,,Spreading Scurf-pea,,,32,
Plantae,Flora,Fabaceae (Faboideae),CULL,Cullen spp.,,,,,19,
Plantae,Flora,Fabaceae (Faboideae),10674,Cullen tenax,,Emu-foot,,,1203,
Plantae,Flora,Fabaceae (Faboideae),11075,Cytisus scoparius subsp. scoparius,*,English Broom,,,476,
Plantae,Flora,Fabaceae (Faboideae),CYTI,Cytisus spp.,*,,,,8,
Plantae,Flora,Fabaceae (Faboideae),2816,Daviesia acicularis,,,,,660,
Plantae,Flora,Fabaceae (Faboideae),2831,Daviesia alata,,,,,140,
Plantae,Flora,Fabaceae (Faboideae),2817,Daviesia arborea,,,,,240,
Plantae,Flora,Fabaceae (Faboideae),2818,Daviesia arenaria,,,,,31,
Plantae,Flora,Fabaceae (Faboideae),6874,Daviesia benthamii subsp. humilis,,,,,5,
Plantae,Flora,Fabaceae (Faboideae),2820,Daviesia buxifolia,,Box-leaf Bitter-pea,,,144,
Plantae,Flora,Fabaceae (Faboideae),2821,Daviesia corymbosa,,,,,773,
Plantae,Flora,Fabaceae (Faboideae),8823,Daviesia elliptica,,,,,75,
Plantae,Flora,Fabaceae (Faboideae),2822,Daviesia genistifolia,,Broom Bitter Pea,,,1429,
Plantae,Flora,Fabaceae (Faboideae),2823,Daviesia latifolia,,Bitter-pea,,,1773,
Plantae,Flora,Fabaceae (Faboideae),9597,Daviesia leptophylla,,,,,1104,
Plantae,Flora,Fabaceae (Faboideae),2824,Daviesia mimosoides,,,,,707,
Plantae,Flora,Fabaceae (Faboideae),10079,Daviesia mimosoides subsp. acris,,,,,6,
Plantae,Flora,Fabaceae (Faboideae),7211,Daviesia mimosoides subsp. mimosoides,,,,,1156,
Plantae,Flora,Fabaceae (Faboideae),8774,Daviesia nova-anglica,,,,,62,
Plantae,Flora,Fabaceae (Faboideae),2825,Daviesia pubigera,,,,,139,
Plantae,Flora,Fabaceae (Faboideae),DAVE,Daviesia spp.,,,,,143,
Plantae,Flora,Fabaceae (Faboideae),2826,Daviesia squarrosa,,,,,598,
Plantae,Flora,Fabaceae (Faboideae),7947,Daviesia suaveolens,,,,,95,
Plantae,Flora,Fabaceae (Faboideae),2827,Daviesia ulicifolia,,Gorse Bitter Pea,,,5699,
Plantae,Flora,Fabaceae (Faboideae),10827,Daviesia ulicifolia subsp. aridicola,,,,,8,
Plantae,Flora,Fabaceae (Faboideae),10828,Daviesia ulicifolia subsp. pilligensis,,,,,87,
Plantae,Flora,Fabaceae (Faboideae),10829,Daviesia ulicifolia subsp. ruscifolia,,,,,81,
Plantae,Flora,Fabaceae (Faboideae),10830,Daviesia ulicifolia subsp. stenophylla,,,,,111,
Plantae,Flora,Fabaceae (Faboideae),10831,Daviesia ulicifolia subsp. ulicifolia,,,,,1251,
Plantae,Flora,Fabaceae (Faboideae),2828,Daviesia umbellulata,,,,,362,
Plantae,Flora,Fabaceae (Faboideae),8592,Daviesia villifera,,,,,30,
Plantae,Flora,Fabaceae (Faboideae),2830,Daviesia wyattiana,,Long-leaf Bitter-pea,,,103,
Plantae,Flora,Fabaceae (Faboideae),2832,Derris involuta,,,,,789,
Plantae,Flora,Fabaceae (Faboideae),DERR,Derris spp.,,,,,1,
Plantae,Flora,Fabaceae (Faboideae),15647,Desmodiopsis campylocaulon,,Creeping Tick-trefoil,E1,,332,
Plantae,Flora,Fabaceae (Faboideae),9280,Desmodium intortum,*,Green-leaved Desmodium,,,28,
Plantae,Flora,Fabaceae (Faboideae),12987,Desmodium microphyllum,,,,,3,
Plantae,Flora,Fabaceae (Faboideae),DESM,Desmodium spp.,,Tick-trefoil,,,503,
Plantae,Flora,Fabaceae (Faboideae),11886,Desmodium triflorum,*,,,,1,
Plantae,Flora,Fabaceae (Faboideae),8824,Desmodium uncinatum,*,Silver-leaved Desmodium,,,119,
Plantae,Flora,Fabaceae (Faboideae),2841,Dillwynia acicularis,,,,,164,
Plantae,Flora,Fabaceae (Faboideae),7556,Dillwynia brunioides,,,,,126,
Plantae,Flora,Fabaceae (Faboideae),2842,Dillwynia cinerascens,,,,,22,
Plantae,Flora,Fabaceae (Faboideae),10907,Dillwynia crispii,,,,,21,
Plantae,Flora,Fabaceae (Faboideae),11077,Dillwynia elegans,,,,,474,
Plantae,Flora,Fabaceae (Faboideae),12989,Dillwynia ericifolia,,,,,5,
Plantae,Flora,Fabaceae (Faboideae),2843,Dillwynia floribunda,,,,,2415,
Plantae,Flora,Fabaceae (Faboideae),2844,Dillwynia glaberrima,,,,,607,
Plantae,Flora,Fabaceae (Faboideae),10323,Dillwynia glaucula,,Michelago Parrot-pea,E1,,156,
Plantae,Flora,Fabaceae (Faboideae),2845,Dillwynia hispida,,,,,9,
Plantae,Flora,Fabaceae (Faboideae),12990,Dillwynia laxiflora,,,,,1,
Plantae,Flora,Fabaceae (Faboideae),10908,Dillwynia palustris,,,,,28,
Plantae,Flora,Fabaceae (Faboideae),2847,Dillwynia parvifolia,,,,,242,
Plantae,Flora,Fabaceae (Faboideae),7225,Dillwynia phylicoides,,Parrot-pea,,,1680,
Plantae,Flora,Fabaceae (Faboideae),2848,Dillwynia prostrata,,Matted Parrot-pea,,,126,
Plantae,Flora,Fabaceae (Faboideae),2849,Dillwynia ramosissima,,,,,233,
Plantae,Flora,Fabaceae (Faboideae),2850,Dillwynia retorta,,,,,5941,
Plantae,Flora,Fabaceae (Faboideae),7950,Dillwynia rudis,,,,,386,
Plantae,Flora,Fabaceae (Faboideae),12302,Dillwynia rupestris,,,,,54,
Plantae,Flora,Fabaceae (Faboideae),2851,Dillwynia sericea,,"Egg and Bacon Peas, Parrot Peas",,,2164,
Plantae,Flora,Fabaceae (Faboideae),8734,Dillwynia sieberi,,,,,1584,
Plantae,Flora,Fabaceae (Faboideae),12995,Dillwynia sp. nov. 'Ebor',,,,,1,
Plantae,Flora,Fabaceae (Faboideae),11221,Dillwynia sp. 'trichopoda',,,,,139,
Plantae,Flora,Fabaceae (Faboideae),11808,Dillwynia sp. 'Yetholme',,,,,6,
Plantae,Flora,Fabaceae (Faboideae),DILL,Dillwynia spp.,,,,,487,
Plantae,Flora,Fabaceae (Faboideae),2852,Dillwynia stipulifera,,,,,45,
Plantae,Flora,Fabaceae (Faboideae),2853,Dillwynia tenuifolia,,,V,,7256,
Plantae,Flora,Fabaceae (Faboideae),2853,Dillwynia tenuifolia,,Dillwynia tenuifolia Sieber ex D.C. in the Baulkham Hills local government area,"E2,V",,14,
Plantae,Flora,Fabaceae (Faboideae),2853,Dillwynia tenuifolia,,"Dillwynia tenuifolia, Kemps Creek","E2,V",,122,
Plantae,Flora,Fabaceae (Faboideae),2854,Dipogon lignosus,*,Dolichos Pea,,,120,
Plantae,Flora,Fabaceae (Faboideae),9357,Erythrina crista-galli,*,Cockspur Coral Tree,,,435,
Plantae,Flora,Fabaceae (Faboideae),11368,Erythrina indica,*,Indian Coral Tree,,,9,
Plantae,Flora,Fabaceae (Faboideae),13979,Erythrina numerosa,,Pine Mountain Coral Tree,,,6,
Plantae,Flora,Fabaceae (Faboideae),ERYH,Erythrina spp.,,,,,61,
Plantae,Flora,Fabaceae (Faboideae),12997,Erythrina variegata,*,,,,1,
Plantae,Flora,Fabaceae (Faboideae),7825,Erythrina vespertilio,,Bat-wing Coral Tree,,,69,
Plantae,Flora,Fabaceae (Faboideae),8689,Erythrina x sykesii,*,Coral tree,,,920,
Plantae,Flora,Fabaceae (Faboideae),9754,Eutaxia diffusa,,,,,24,
Plantae,Flora,Fabaceae (Faboideae),2855,Eutaxia microphylla,,,,,365,
Plantae,Flora,Fabaceae (Faboideae),12998,Eutaxia myrtifolia,,,,,1,
Plantae,Flora,Fabaceae (Faboideae),EUTA,Eutaxia spp.,,,,,22,
Plantae,Flora,Fabaceae (Faboideae),FABAC,Fabaceae indeterminate,*,Legumes,,,152,
Plantae,Flora,Fabaceae (Faboideae),GALA,Galactia spp.,,,,,7,
Plantae,Flora,Fabaceae (Faboideae),6497,Galactia tenuiflora,,,,,21,
Plantae,Flora,Fabaceae (Faboideae),12265,Galactia tenuiflora var. lucida,,,,,62,
Plantae,Flora,Fabaceae (Faboideae),12264,Galactia tenuiflora var. villosa,,,,,27,
Plantae,Flora,Fabaceae (Faboideae),2856,Genista linifolia,*,Flaxleaf Broom,,,43,
Plantae,Flora,Fabaceae (Faboideae),12999,Genista monosperma,*,,,,1,
Plantae,Flora,Fabaceae (Faboideae),2858,Genista monspessulana,*,Montpellier Broom,,,366,
Plantae,Flora,Fabaceae (Faboideae),GENS,Genista spp.,*,,,,22,
Plantae,Flora,Fabaceae (Faboideae),9756,Genista stenopetala,*,Madeira Broom,,,7,
Plantae,Flora,Fabaceae (Faboideae),13000,Glycine appressa,,,,,26,
Plantae,Flora,Fabaceae (Faboideae),2859,Glycine canescens,,Silky Glycine,,,1147,
Plantae,Flora,Fabaceae (Faboideae),2860,Glycine clandestina,,Twining glycine,,,27725,
Plantae,Flora,Fabaceae (Faboideae),11606,Glycine clandestina (broad leaf form),,Scott's Head Broad-Leaved Glycine,,,3,
Plantae,Flora,Fabaceae (Faboideae),11606,Glycine clandestina (broad leaf form),,Glycine clandestina (broad leaf form) in the Nambucca Local Government Area,E2,,1,
Plantae,Flora,Fabaceae (Faboideae),13001,Glycine clandestina var. sericea,,,,,2,
Plantae,Flora,Fabaceae (Faboideae),13002,Glycine cracens ms.,,,,,3,
Plantae,Flora,Fabaceae (Faboideae),7305,Glycine cyrtoloba,,,,,83,
Plantae,Flora,Fabaceae (Faboideae),8415,Glycine hygrophila,,,,,14,
Plantae,Flora,Fabaceae (Faboideae),8522,Glycine latifolia,,,,,277,
Plantae,Flora,Fabaceae (Faboideae),11274,Glycine latrobeana,,Clover Glycine,E4A,V,182,
Plantae,Flora,Fabaceae (Faboideae),7208,Glycine microphylla,,Small-leaf Glycine,,,4968,
Plantae,Flora,Fabaceae (Faboideae),11615,Glycine pacifica,,,,,156,
Plantae,Flora,Fabaceae (Faboideae),12147,Glycine rubiginosa,,,,,5,
Plantae,Flora,Fabaceae (Faboideae),GLYC,Glycine spp.,,,,,1447,
Plantae,Flora,Fabaceae (Faboideae),11320,Glycine stenophita,,,,,222,
Plantae,Flora,Fabaceae (Faboideae),2861,Glycine tabacina,,Variable Glycine,,,19199,
Plantae,Flora,Fabaceae (Faboideae),13005,Glycine tabacina 'l' form f. 'l',,,,,2,
Plantae,Flora,Fabaceae (Faboideae),7844,Glycine tomentella,,Woolly Glycine,,,690,
Plantae,Flora,Fabaceae (Faboideae),2862,Glycyrrhiza acanthocarpa,,Native Liquorice,,,193,
Plantae,Flora,Fabaceae (Faboideae),2863,Glycyrrhiza glabra,*,Liquorice,,,6,
Plantae,Flora,Fabaceae (Faboideae),13007,Glycyrrhiza psoraleoides,,,,,1,
Plantae,Flora,Fabaceae (Faboideae),13008,Gompholobium aspalathoides,,,,,281,
Plantae,Flora,Fabaceae (Faboideae),13009,Gompholobium ecostatum,,,,,1,
Plantae,Flora,Fabaceae (Faboideae),11094,Gompholobium foliolosum,,Fern-leaved Burtonia,,,43,
Plantae,Flora,Fabaceae (Faboideae),2864,Gompholobium glabratum,,Dainty Wedge Pea,,,874,
Plantae,Flora,Fabaceae (Faboideae),2865,Gompholobium grandiflorum,,Large Wedge Pea,,,1713,
Plantae,Flora,Fabaceae (Faboideae),6921,Gompholobium huegelii,,Pale Wedge Pea,,,1317,
Plantae,Flora,Fabaceae (Faboideae),11026,Gompholobium inconspicuum,,,,,188,
Plantae,Flora,Fabaceae (Faboideae),2866,Gompholobium latifolium,,Golden Glory Pea,,,2262,
Plantae,Flora,Fabaceae (Faboideae),2867,Gompholobium minus,,Dwarf Wedge Pea,,,639,
Plantae,Flora,Fabaceae (Faboideae),2868,Gompholobium pinnatum,,Pinnate Wedge Pea,,,1053,
Plantae,Flora,Fabaceae (Faboideae),GOMP,Gompholobium spp.,,,,,189,
Plantae,Flora,Fabaceae (Faboideae),2869,Gompholobium uncinatum,,Red Wedge Pea,,,141,
Plantae,Flora,Fabaceae (Faboideae),2870,Gompholobium virgatum,,Leafy Wedge Pea,,,483,
Plantae,Flora,Fabaceae (Faboideae),2871,Goodia lotifolia,,,,,1138,
Plantae,Flora,Fabaceae (Faboideae),2872,Goodia medicaginea,,,,,39,
Plantae,Flora,Fabaceae (Faboideae),15710,Grona heterocarpos var. heterocarpos,,,,,24,
Plantae,Flora,Fabaceae (Faboideae),15711,Grona nemorosa,,,,,190,
Plantae,Flora,Fabaceae (Faboideae),15314,Grona varians,,,,,20897,
Plantae,Flora,Fabaceae (Faboideae),10699,Hardenbergia comptoniana,*,,,,8,
Plantae,Flora,Fabaceae (Faboideae),HARD,Hardenbergia spp.,,,,,44,
Plantae,Flora,Fabaceae (Faboideae),2873,Hardenbergia violacea,,False Sarsaparilla,,,18594,
Plantae,Flora,Fabaceae (Faboideae),13010,Hedysarum coronarium,*,,,,7,
Plantae,Flora,Fabaceae (Faboideae),2874,Hovea acutifolia,,,,,234,
Plantae,Flora,Fabaceae (Faboideae),11619,Hovea apiculata,,,,,217,
Plantae,Flora,Fabaceae (Faboideae),12209,Hovea asperifolia subsp. asperifolia,,,,,50,
Plantae,Flora,Fabaceae (Faboideae),11614,Hovea cymbiformis,,,,,26,
Plantae,Flora,Fabaceae (Faboideae),12176,Hovea graniticola,,,,,36,
Plantae,Flora,Fabaceae (Faboideae),11015,Hovea heterophylla,,,,,1450,
Plantae,Flora,Fabaceae (Faboideae),13011,Hovea impressinerva,,,,,3,
Plantae,Flora,Fabaceae (Faboideae),2875,Hovea lanceolata,,,,,1091,
Plantae,Flora,Fabaceae (Faboideae),2876,Hovea linearis,,,,,4431,
Plantae,Flora,Fabaceae (Faboideae),2877,Hovea longifolia,,Rusty Pods,,,350,
Plantae,Flora,Fabaceae (Faboideae),2878,Hovea longipes,,,,,68,
Plantae,Flora,Fabaceae (Faboideae),12175,Hovea lorata,,,,,11,
Plantae,Flora,Fabaceae (Faboideae),9768,Hovea montana,,,,,289,
Plantae,Flora,Fabaceae (Faboideae),2879,Hovea pannosa,,,,,44,
Plantae,Flora,Fabaceae (Faboideae),11014,Hovea pedunculata,,,,,158,
Plantae,Flora,Fabaceae (Faboideae),2880,Hovea purpurea,,,,,317,
Plantae,Flora,Fabaceae (Faboideae),13012,Hovea ramulosa,,,,,39,
Plantae,Flora,Fabaceae (Faboideae),2881,Hovea rosmarinifolia,,,,,64,
Plantae,Flora,Fabaceae (Faboideae),13013,Hovea similis,,,,,42,
Plantae,Flora,Fabaceae (Faboideae),11281,Hovea sp. aff. heterophylla (Kiandra),,,,,18,
Plantae,Flora,Fabaceae (Faboideae),11389,Hovea speciosa,,,,,29,
Plantae,Flora,Fabaceae (Faboideae),HOVE,Hovea spp.,,,,,228,
Plantae,Flora,Fabaceae (Faboideae),7544,Indigofera adesmiifolia,,Tick Indigo,,,990,
Plantae,Flora,Fabaceae (Faboideae),2882,Indigofera australis,,Australian Indigo,,,7505,
Plantae,Flora,Fabaceae (Faboideae),9174,Indigofera baileyi,,Bailey's Indigo,E1,,55,
Plantae,Flora,Fabaceae (Faboideae),2884,Indigofera brevidens,,,,,49,
Plantae,Flora,Fabaceae (Faboideae),6657,Indigofera colutea,,Sticky Indigo,,,68,
Plantae,Flora,Fabaceae (Faboideae),2885,Indigofera coronillifolia,,,,,117,
Plantae,Flora,Fabaceae (Faboideae),11100,Indigofera decora,*,Chinese Indigo,,,12,
Plantae,Flora,Fabaceae (Faboideae),2886,^^Indigofera efoliata,,Leafless Indigo,"E1,3",E,17,
Plantae,Flora,Fabaceae (Faboideae),6518,Indigofera helmsii,,Indigo,E1,,10,
Plantae,Flora,Fabaceae (Faboideae),6808,Indigofera hirsuta,,Hairy Indigo,,,20,
Plantae,Flora,Fabaceae (Faboideae),2887,Indigofera leucotricha,,Silver Indigo,E1,,12,
Plantae,Flora,Fabaceae (Faboideae),7272,Indigofera linifolia,,,,,15,
Plantae,Flora,Fabaceae (Faboideae),7392,Indigofera linnaei,,Birdsville Indigo,,,24,
Plantae,Flora,Fabaceae (Faboideae),9468,Indigofera longibractea,,Showy Indigo,E1,,8,
Plantae,Flora,Fabaceae (Faboideae),8518,Indigofera psammophila,,,,,48,
Plantae,Flora,Fabaceae (Faboideae),13017,Indigofera spicata,*,,,,1,
Plantae,Flora,Fabaceae (Faboideae),INDI,Indigofera spp.,,,,,80,
Plantae,Flora,Fabaceae (Faboideae),12060,Indigofera triflora,,,,,1,
Plantae,Flora,Fabaceae (Faboideae),7188,Isotropis foliosa,,,,,66,
Plantae,Flora,Fabaceae (Faboideae),2890,Isotropis wheeleri,,Wheeler's Lamb-Poison,,,23,
Plantae,Flora,Fabaceae (Faboideae),9770,Jacksonia rhadinoclona,,,,,14,
Plantae,Flora,Fabaceae (Faboideae),2892,Jacksonia scoparia,,Dogwood,,,3480,
Plantae,Flora,Fabaceae (Faboideae),12377,Jacksonia sp. 'Little Plain',,,,,14,
Plantae,Flora,Fabaceae (Faboideae),JACK,Jacksonia spp.,,,,,9,
Plantae,Flora,Fabaceae (Faboideae),2893,Jacksonia stackhousei,,Wallum Dogwood,,,50,
Plantae,Flora,Fabaceae (Faboideae),2895,Kennedia procurrens,,Purple Running Pea,,,67,
Plantae,Flora,Fabaceae (Faboideae),2896,Kennedia prostrata,,Running Postman,,,274,
Plantae,Flora,Fabaceae (Faboideae),2897,Kennedia retrorsa,,,V,V,66,
Plantae,Flora,Fabaceae (Faboideae),2898,Kennedia rubicunda,,Dusky Coral Pea,,,6157,
Plantae,Flora,Fabaceae (Faboideae),KENN,Kennedia spp.,,,,,45,
Plantae,Flora,Fabaceae (Faboideae),2900,Lablab purpureus,*,Indian Bean,,,10,
Plantae,Flora,Fabaceae (Faboideae),2901,Lathyrus angulatus,*,Angular Pea,,,10,
Plantae,Flora,Fabaceae (Faboideae),2902,Lathyrus latifolius,*,Perennial Pea,,,16,
Plantae,Flora,Fabaceae (Faboideae),LATH,Lathyrus spp.,*,,,,5,
Plantae,Flora,Fabaceae (Faboideae),13019,Lathyrus tingitanus,*,,,,8,
Plantae,Flora,Fabaceae (Faboideae),8690,Lespedeza juncea subsp. sericea,,Lespedeza juncea subsp. sericea in the Wollongong Local Government Area,E2,,10,
Plantae,Flora,Fabaceae (Faboideae),8690,Lespedeza juncea subsp. sericea,,,,,1109,
Plantae,Flora,Fabaceae (Faboideae),LESP,Lespedeza spp.,,,,,2,
Plantae,Flora,Fabaceae (Faboideae),7349,Lespedeza striata,*,Japanese Clover,,,30,
Plantae,Flora,Fabaceae (Faboideae),12243,Lessertia frutescens,*,Cancer Bush,,,5,
Plantae,Flora,Fabaceae (Faboideae),2904,Lotononis bainesii,*,,,,10,
Plantae,Flora,Fabaceae (Faboideae),2905,Lotus angustissimus,*,Slender Birds-foot Trefoil,,,396,
Plantae,Flora,Fabaceae (Faboideae),2906,Lotus australis,,Australian Trefoil,,,518,
Plantae,Flora,Fabaceae (Faboideae),13021,Lotus australis var. austroglaber,*,,,,1,
Plantae,Flora,Fabaceae (Faboideae),2907,Lotus corniculatus,*,Birds-foot Trefoil,,,215,
Plantae,Flora,Fabaceae (Faboideae),13023,Lotus corniculatus var. tenuifolius,*,,,,1,
Plantae,Flora,Fabaceae (Faboideae),2908,Lotus cruentus,,Red-flowered Lotus,,,521,
Plantae,Flora,Fabaceae (Faboideae),12378,Lotus preslii,*,Trefoil,,,2,
Plantae,Flora,Fabaceae (Faboideae),LOTU,Lotus spp.,,,,,167,
Plantae,Flora,Fabaceae (Faboideae),12079,Lotus subbiflorus,*,Hairy Birds-foot Trefoil,,,258,
Plantae,Flora,Fabaceae (Faboideae),13024,Lotus tenuis,*,,,,1,
Plantae,Flora,Fabaceae (Faboideae),10071,Lotus tetragonolobus,*,Winged Pea,,,1,
Plantae,Flora,Fabaceae (Faboideae),8928,Lotus uliginosus,*,Birds-foot Trefoil,,,200,
Plantae,Flora,Fabaceae (Faboideae),12557,Lupinus albus,*,,,,1,
Plantae,Flora,Fabaceae (Faboideae),2911,Lupinus angustifolius,*,Narrow-leaved Lupin,,,48,
Plantae,Flora,Fabaceae (Faboideae),2912,Lupinus cosentinii,*,Sandplain Lupin,,,9,
Plantae,Flora,Fabaceae (Faboideae),2914,Lupinus luteus,*,Yellow Lupin,,,12,
Plantae,Flora,Fabaceae (Faboideae),10091,Lupinus pilosus,*,,,,1,
Plantae,Flora,Fabaceae (Faboideae),11029,Lupinus polyphyllus,*,Large-leaf Lupin,,,7,
Plantae,Flora,Fabaceae (Faboideae),LUPI,Lupinus spp.,*,,,,18,
Plantae,Flora,Fabaceae (Faboideae),13025,Maackia amurensis,*,,,,1,
Plantae,Flora,Fabaceae (Faboideae),6550,Macroptilium atropurpureum,*,Siratro,,,133,
Plantae,Flora,Fabaceae (Faboideae),6875,Macroptilium lathyroides,*,Phasey Bean,,,21,
Plantae,Flora,Fabaceae (Faboideae),13026,Macroptilium lathyroides var. semierectum,*,,,,5,
Plantae,Flora,Fabaceae (Faboideae),MACR,Macrotyloma spp.,,,,,2,
Plantae,Flora,Fabaceae (Faboideae),12239,Macrotyloma uniflorum,*,,,,9,
Plantae,Flora,Fabaceae (Faboideae),15369,Maekawaea rhytidophylla,,,,,4624,
Plantae,Flora,Fabaceae (Faboideae),2916,Medicago arabica,*,Spotted Burr Medic,,,518,
Plantae,Flora,Fabaceae (Faboideae),2917,Medicago intertexta,*,Calvary Medic,,,5,
Plantae,Flora,Fabaceae (Faboideae),13029,Medicago italica,*,,,,1,
Plantae,Flora,Fabaceae (Faboideae),2918,Medicago laciniata,*,Cut-leaved Medic,,,2544,
Plantae,Flora,Fabaceae (Faboideae),2919,Medicago lupulina,*,Black Medic,,,471,
Plantae,Flora,Fabaceae (Faboideae),13031,Medicago maculata,*,,,,2,
Plantae,Flora,Fabaceae (Faboideae),2920,Medicago minima,*,Woolly Burr Medic,,,5441,
Plantae,Flora,Fabaceae (Faboideae),2921,Medicago orbicularis,*,Button Medic,,,149,
Plantae,Flora,Fabaceae (Faboideae),2922,Medicago polymorpha,*,Burr Medic,,,9397,
Plantae,Flora,Fabaceae (Faboideae),2923,Medicago praecox,*,Small-leaved Burr Medic,,,709,
Plantae,Flora,Fabaceae (Faboideae),2924,Medicago sativa,*,Lucerne,,,1110,
Plantae,Flora,Fabaceae (Faboideae),2925,Medicago scutellata,*,Snail Medic,,,8,
Plantae,Flora,Fabaceae (Faboideae),MEDI,Medicago spp.,*,,,,2748,
Plantae,Flora,Fabaceae (Faboideae),10078,Medicago tornata,*,Disc Medic,,,3,
Plantae,Flora,Fabaceae (Faboideae),2926,Medicago truncatula,*,Barrel Medic,,,2259,
Plantae,Flora,Fabaceae (Faboideae),2927,Melilotus albus,*,Bokhara,,,115,
Plantae,Flora,Fabaceae (Faboideae),2928,Melilotus indicus,*,Hexham Scent,,,686,
Plantae,Flora,Fabaceae (Faboideae),2930,Melilotus officinalis,*,Common Melilot,,,25,
Plantae,Flora,Fabaceae (Faboideae),12199,Melilotus siculus,*,Mediterranean Melilot,,,1,
Plantae,Flora,Fabaceae (Faboideae),11672,Melilotus spp.,*,,,,37,
Plantae,Flora,Fabaceae (Faboideae),13033,Millettia caffra,*,,,,1,
Plantae,Flora,Fabaceae (Faboideae),MELL,Millettia spp.,,,,,2,
Plantae,Flora,Fabaceae (Faboideae),13034,Mirbelia aotoides,,,,,2,
Plantae,Flora,Fabaceae (Faboideae),2933,Mirbelia baueri,,,,,53,
Plantae,Flora,Fabaceae (Faboideae),2934,Mirbelia confertiflora,,,,,127,
Plantae,Flora,Fabaceae (Faboideae),13035,Mirbelia floribunda,,,,,3,
Plantae,Flora,Fabaceae (Faboideae),2936,Mirbelia platylobioides,,,,,563,
Plantae,Flora,Fabaceae (Faboideae),2937,Mirbelia pungens,,Prickly Mirbelia,,,406,
Plantae,Flora,Fabaceae (Faboideae),2938,Mirbelia rubiifolia,,Heathy Mirbelia,,,2667,
Plantae,Flora,Fabaceae (Faboideae),2939,Mirbelia speciosa,,,,,223,
Plantae,Flora,Fabaceae (Faboideae),9183,Mirbelia speciosa subsp. ringrosei,,,,,2,
Plantae,Flora,Fabaceae (Faboideae),7736,Mirbelia speciosa subsp. speciosa,,,,,163,
Plantae,Flora,Fabaceae (Faboideae),MIRB,Mirbelia spp.,,,,,23,
Plantae,Flora,Fabaceae (Faboideae),12041,Mucuna gigantea subsp. gigantea,,Burny Bean,,,82,
Plantae,Flora,Fabaceae (Faboideae),2940,Muelleranthus stipularis,,Sand Pea,,,25,
Plantae,Flora,Fabaceae (Faboideae),11122,Muelleranthus trifoliatus,,Spinifex Pea,,,5,
Plantae,Flora,Fabaceae (Faboideae),11004,Neonotonia wightii,*,Perennial Soybean,,,14,
Plantae,Flora,Fabaceae (Faboideae),12585,Neonotonia wightii var. wightii,*,Wight's neonotonia,,,7,
Plantae,Flora,Fabaceae (Faboideae),2942,Onobrychis viciifolia,*,Sainfoin,,,1,
Plantae,Flora,Fabaceae (Faboideae),2943,Ornithopus compressus,*,Yellow Serradella,,,56,
Plantae,Flora,Fabaceae (Faboideae),2944,Ornithopus pinnatus,*,SlenderSerradella,,,2,
Plantae,Flora,Fabaceae (Faboideae),2945,Ornithopus sativus,*,French Serradella,,,10,
Plantae,Flora,Fabaceae (Faboideae),2948,Oxylobium arborescens,,Tall Shaggy Pea,,,147,
Plantae,Flora,Fabaceae (Faboideae),2949,Oxylobium cordifolium,,Heart-leaved Shaggy Pea,,,82,
Plantae,Flora,Fabaceae (Faboideae),2950,Oxylobium ellipticum,,Common Shaggy Pea,,,615,
Plantae,Flora,Fabaceae (Faboideae),15585,Oxylobium oxylobioides,,Mountain Oxylobium,,,695,
Plantae,Flora,Fabaceae (Faboideae),2953,Oxylobium pulteneae,,Wiry Shaggy Pea,,,130,
Plantae,Flora,Fabaceae (Faboideae),2954,Oxylobium robustum,,Tree Shaggy Pea,,,121,
Plantae,Flora,Fabaceae (Faboideae),OXYL,Oxylobium spp.,,,,,47,
Plantae,Flora,Fabaceae (Faboideae),15128,Oxytes brachypoda,,Large Tick-trefoil,,,8551,
Plantae,Flora,Fabaceae (Faboideae),15654,Pedleya acanthoclada,,Thorny Pea,V,V,1359,
Plantae,Flora,Fabaceae (Faboideae),11132,Phaseolus lunatus,*,,,,2,
Plantae,Flora,Fabaceae (Faboideae),11585,Phaseolus vulgaris,*,,,,2,
Plantae,Flora,Fabaceae (Faboideae),2956,Phyllota grandiflora,,Heath Phyllota,,,224,
Plantae,Flora,Fabaceae (Faboideae),2957,Phyllota humifusa,,Dwarf Phyllota,V,V,852,
Plantae,Flora,Fabaceae (Faboideae),2958,Phyllota phylicoides,,Heath Phyllota,,,2066,
Plantae,Flora,Fabaceae (Faboideae),13706,Phyllota spp.,,,,,48,
Plantae,Flora,Fabaceae (Faboideae),2959,Phyllota squarrosa,,Dense Phyllota,,,347,
Plantae,Flora,Fabaceae (Faboideae),11139,Pisum sativum var. arvense,*,Field Pea,,,5,
Plantae,Flora,Fabaceae (Faboideae),PISU,Pisum spp.,,,,,1,
Plantae,Flora,Fabaceae (Faboideae),2961,Platylobium formosum,,,,,1851,
Plantae,Flora,Fabaceae (Faboideae),9354,Platylobium formosum subsp. formosum,,,,,956,
Plantae,Flora,Fabaceae (Faboideae),14702,Platylobium parviflorum,,Small-flowered Flat-pea,,,258,
Plantae,Flora,Fabaceae (Faboideae),PLAL,Platylobium spp.,,,,,29,
Plantae,Flora,Fabaceae (Faboideae),15708,Pleurolobus gangeticus,,,,,23,
Plantae,Flora,Fabaceae (Faboideae),10705,Podolobium aciculiferum,,Needle Shaggy Pea,,,197,
Plantae,Flora,Fabaceae (Faboideae),9913,Podolobium aestivum,,,,,56,
Plantae,Flora,Fabaceae (Faboideae),10706,Podolobium alpestre,,Alpine Shaggy Pea,,,320,
Plantae,Flora,Fabaceae (Faboideae),9912,Podolobium ilicifolium,,Prickly Shaggy Pea,,,6302,
Plantae,Flora,Fabaceae (Faboideae),10707,Podolobium procumbens,,Trailing Shaggy Pea,,,137,
Plantae,Flora,Fabaceae (Faboideae),10708,Podolobium scandens,,Netted Shaggy Pea,,,425,
Plantae,Flora,Fabaceae (Faboideae),PODL,Podolobium spp.,,,,,15,
Plantae,Flora,Fabaceae (Faboideae),2969,Psoralea pinnata,*,African Scurf-pea,,,69,
Plantae,Flora,Fabaceae (Faboideae),PSOR,Psoralea spp.,,,,,5,
Plantae,Flora,Fabaceae (Faboideae),13037,Pterocarpus indicus,,,,,1,
Plantae,Flora,Fabaceae (Faboideae),2972,Pueraria lobata,*,Kudzu,,,34,
Plantae,Flora,Fabaceae (Faboideae),13038,Pueraria lobata var. lobata,*,,,,9,
Plantae,Flora,Fabaceae (Faboideae),15315,Pullenia gunnii,,,,,3252,
Plantae,Flora,Fabaceae (Faboideae),15648,^^Pultenaea aculeata,,Olinda Bush-pea,"E1,3",E,55,
Plantae,Flora,Fabaceae (Faboideae),11309,Pultenaea alea,,,,,15,
Plantae,Flora,Fabaceae (Faboideae),2973,Pultenaea altissima,,,,,103,
Plantae,Flora,Fabaceae (Faboideae),2974,Pultenaea aristata,,Prickly Bush-pea,V,V,6033,
Plantae,Flora,Fabaceae (Faboideae),2975,Pultenaea baeuerlenii,,Budawangs Bush-pea,E1,E,21,
Plantae,Flora,Fabaceae (Faboideae),2976,Pultenaea benthamii,,,,,65,
Plantae,Flora,Fabaceae (Faboideae),2977,Pultenaea blakelyi,,,,,265,
Plantae,Flora,Fabaceae (Faboideae),2982,Pultenaea canescens,,,,,146,
Plantae,Flora,Fabaceae (Faboideae),2983,Pultenaea capitellata,,,,,71,
Plantae,Flora,Fabaceae (Faboideae),8517,Pultenaea cinerascens,,,,,681,
Plantae,Flora,Fabaceae (Faboideae),13039,Pultenaea cuneata,,,,,367,
Plantae,Flora,Fabaceae (Faboideae),2985,Pultenaea daphnoides,,Large-leaf Bush-pea,,,2239,
Plantae,Flora,Fabaceae (Faboideae),2986,Pultenaea dentata,,,,,61,
Plantae,Flora,Fabaceae (Faboideae),2987,Pultenaea divaricata,,,,,893,
Plantae,Flora,Fabaceae (Faboideae),2988,Pultenaea echinula,,,,,30,
Plantae,Flora,Fabaceae (Faboideae),12267,^^Pultenaea elusa,,Elusive Bush-pea,"E4A,3",E,123,
Plantae,Flora,Fabaceae (Faboideae),2990,Pultenaea euchila,,,,,425,
Plantae,Flora,Fabaceae (Faboideae),2991,Pultenaea fasciculata,,,,,89,
Plantae,Flora,Fabaceae (Faboideae),2992,Pultenaea ferruginea,,,,,687,
Plantae,Flora,Fabaceae (Faboideae),2993,Pultenaea flexilis,,,,,1631,
Plantae,Flora,Fabaceae (Faboideae),2994,Pultenaea foliolosa,,,,,968,
Plantae,Flora,Fabaceae (Faboideae),2995,Pultenaea glabra,,Smooth Bush-Pea,V,V,531,
Plantae,Flora,Fabaceae (Faboideae),2996,Pultenaea hartmannii,,,,,6,
Plantae,Flora,Fabaceae (Faboideae),2997,Pultenaea hispidula,,,,,159,
Plantae,Flora,Fabaceae (Faboideae),11243,Pultenaea humilis,,Dwarf Bush-pea,V,,30,
Plantae,Flora,Fabaceae (Faboideae),2999,Pultenaea juniperina,,,,,141,
Plantae,Flora,Fabaceae (Faboideae),3000,Pultenaea largiflorens,,,,,95,
Plantae,Flora,Fabaceae (Faboideae),3001,Pultenaea laxiflora,,,,,48,
Plantae,Flora,Fabaceae (Faboideae),3002,Pultenaea linophylla,,,,,1063,
Plantae,Flora,Fabaceae (Faboideae),11644,Pultenaea maritima,,Coast Headland Pea,V,,312,
Plantae,Flora,Fabaceae (Faboideae),3003,Pultenaea microphylla,,,,,1769,
Plantae,Flora,Fabaceae (Faboideae),11407,Pultenaea mollis,,,,,92,
Plantae,Flora,Fabaceae (Faboideae),3004,Pultenaea myrtoides,,,,,431,
Plantae,Flora,Fabaceae (Faboideae),3005,Pultenaea paleacea,,Chaffy Bush-pea,,,931,
Plantae,Flora,Fabaceae (Faboideae),12224,Pultenaea parrisiae,,Parris' Bush-pea,V,V,182,
Plantae,Flora,Fabaceae (Faboideae),3007,Pultenaea parviflora,,,E1,V,2233,
Plantae,Flora,Fabaceae (Faboideae),3008,Pultenaea pedunculata,,Matted Bush-pea,E1,,172,
Plantae,Flora,Fabaceae (Faboideae),3009,Pultenaea petiolaris,,,,,55,
Plantae,Flora,Fabaceae (Faboideae),3010,Pultenaea platyphylla,,,,,1,
Plantae,Flora,Fabaceae (Faboideae),3011,Pultenaea polifolia,,Dusky Bush-pea,,,278,
Plantae,Flora,Fabaceae (Faboideae),15646,^^Pultenaea praecipua praecipua,,Genowlan Bush-pea,"E4A,3",CE,8,
Plantae,Flora,Fabaceae (Faboideae),3012,Pultenaea procumbens,,,,,810,
Plantae,Flora,Fabaceae (Faboideae),3013,Pultenaea pycnocephala,,,,,79,
Plantae,Flora,Fabaceae (Faboideae),3014,Pultenaea retusa,,,,,1899,
Plantae,Flora,Fabaceae (Faboideae),12210,Pultenaea robusta,,,,,65,
Plantae,Flora,Fabaceae (Faboideae),12342,Pultenaea rodwayi,,,,,13,
Plantae,Flora,Fabaceae (Faboideae),3015,Pultenaea rosmarinifolia,,,,,426,
Plantae,Flora,Fabaceae (Faboideae),12204,Pultenaea rostrata,,,,,122,
Plantae,Flora,Fabaceae (Faboideae),3016,Pultenaea scabra,,,,,1161,
Plantae,Flora,Fabaceae (Faboideae),12151,Pultenaea sericea,,Chaffy Bush-pea,,,1,
Plantae,Flora,Fabaceae (Faboideae),11810,Pultenaea setulosa,,,,,449,
Plantae,Flora,Fabaceae (Faboideae),13041,Pultenaea sp. 'Newnes',,,,,5,
Plantae,Flora,Fabaceae (Faboideae),15606,Pultenaea sp. Werrikimbe NP,,Pultenaea sp. Werrikimbe NP,E1,,P,
Plantae,Flora,Fabaceae (Faboideae),3017,Pultenaea spinosa,,,,,1180,
Plantae,Flora,Fabaceae (Faboideae),PULT,Pultenaea spp.,,,,,1155,
Plantae,Flora,Fabaceae (Faboideae),3018,Pultenaea stipularis,,,,,480,
Plantae,Flora,Fabaceae (Faboideae),3020,Pultenaea subspicata,,Low Bush-pea,,,451,
Plantae,Flora,Fabaceae (Faboideae),3021,Pultenaea subternata,,,,,72,
Plantae,Flora,Fabaceae (Faboideae),12552,Pultenaea tarik,,,,,459,
Plantae,Flora,Fabaceae (Faboideae),11386,Pultenaea tuberculata,,,,,2189,
Plantae,Flora,Fabaceae (Faboideae),3022,Pultenaea villifera,,,,,701,
Plantae,Flora,Fabaceae (Faboideae),3022,Pultenaea villifera,,Pultenaea villifera Sieber ex DC. population in the Blue Mountains local government area,E2,,575,
Plantae,Flora,Fabaceae (Faboideae),3023,Pultenaea villosa,,Hairy Bush-pea,,,2790,
Plantae,Flora,Fabaceae (Faboideae),3025,Pultenaea vrolandii,,,,,16,
Plantae,Flora,Fabaceae (Faboideae),9217,Rhynchosia acuminatissima,,Pointed Trefoil,V,,25,
Plantae,Flora,Fabaceae (Faboideae),3026,Rhynchosia australis,,Native Rock Trefoil,,,26,
Plantae,Flora,Fabaceae (Faboideae),7304,Rhynchosia minima,,,,,570,
Plantae,Flora,Fabaceae (Faboideae),RHYN,Rhynchosia spp.,,,,,3,
Plantae,Flora,Fabaceae (Faboideae),3028,Robinia pseudoacacia,*,Black Locust,,,184,
Plantae,Flora,Fabaceae (Faboideae),12588,Robinia pseudoacacia f. frisia,*,,,,3,
Plantae,Flora,Fabaceae (Faboideae),ROBI,Robinia spp.,*,,,,17,
Plantae,Flora,Fabaceae (Faboideae),11158,Scorpiurus muricatus,*,,,,1,
Plantae,Flora,Fabaceae (Faboideae),13046,Scorpiurus vermiculata,*,,,,1,
Plantae,Flora,Fabaceae (Faboideae),7462,Sesbania cannabina var. cannabina,,Sesbania Pea,,,304,
Plantae,Flora,Fabaceae (Faboideae),SESB,Sesbania spp.,,,,,1,
Plantae,Flora,Fabaceae (Faboideae),3030,Sophora fraseri,,Brush Sophora,V,V,165,
Plantae,Flora,Fabaceae (Faboideae),3031,Sophora howinsula,,Lignum Vitae,,,52,
Plantae,Flora,Fabaceae (Faboideae),3032,Sophora tomentosa,,Silverbush,E1,,331,
Plantae,Flora,Fabaceae (Faboideae),12012,Spartium junceum,*,Spanish Broom,,,3,
Plantae,Flora,Fabaceae (Faboideae),9223,Sphaerolobium minus,,,,,198,
Plantae,Flora,Fabaceae (Faboideae),SPHA,Sphaerolobium spp.,,,,,14,
Plantae,Flora,Fabaceae (Faboideae),3033,Sphaerolobium vimineum,,,,,640,
Plantae,Flora,Fabaceae (Faboideae),12044,Stylosanthes guianensis,*,Stylo,,,6,
Plantae,Flora,Fabaceae (Faboideae),13048,Stylosanthes guianensis var. robusta,*,,,,1,
Plantae,Flora,Fabaceae (Faboideae),12031,Stylosanthes humilis,*,,,,1,
Plantae,Flora,Fabaceae (Faboideae),8535,Swainsona adenophylla,,Violet Swainson-Pea,E1,,2,
Plantae,Flora,Fabaceae (Faboideae),9998,Swainsona affinis,,,,,146,
Plantae,Flora,Fabaceae (Faboideae),8564,Swainsona behriana,,,,,197,
Plantae,Flora,Fabaceae (Faboideae),3035,Swainsona brachycarpa,,Slender Swainson-pea,,,114,
Plantae,Flora,Fabaceae (Faboideae),10069,Swainsona bracteata,,,,,68,
Plantae,Flora,Fabaceae (Faboideae),3036,Swainsona burkittii,,,,,29,
Plantae,Flora,Fabaceae (Faboideae),10070,Swainsona cadellii,,,,,94,
Plantae,Flora,Fabaceae (Faboideae),3037,Swainsona campylantha,,,,,67,
Plantae,Flora,Fabaceae (Faboideae),6604,Swainsona colutoides,,Bladder Senna,E1,,30,
Plantae,Flora,Fabaceae (Faboideae),8536,Swainsona extrajacens,,,,,6,
Plantae,Flora,Fabaceae (Faboideae),3038,Swainsona fissimontana,,,,,38,
Plantae,Flora,Fabaceae (Faboideae),3039,Swainsona flavicarinata,,Yellow-Keeled Swainsona,E1,,5,
Plantae,Flora,Fabaceae (Faboideae),9433,Swainsona formosa,,Sturt's Desert Pea,P,,58,
Plantae,Flora,Fabaceae (Faboideae),3040,Swainsona fraseri,,,,,14,
Plantae,Flora,Fabaceae (Faboideae),3041,Swainsona galegifolia,,Smooth Darling Pea,,,4048,
Plantae,Flora,Fabaceae (Faboideae),3042,Swainsona greyana,,Darling Pea,,,218,
Plantae,Flora,Fabaceae (Faboideae),8530,Swainsona laxa,,,,,39,
Plantae,Flora,Fabaceae (Faboideae),3044,Swainsona luteola,,Dwarf Darling-pea,,,55,
Plantae,Flora,Fabaceae (Faboideae),3046,Swainsona microphylla,,,,,49,
Plantae,Flora,Fabaceae (Faboideae),3047,Swainsona monticola,,,,,399,
Plantae,Flora,Fabaceae (Faboideae),3048,Swainsona murrayana,,Slender Darling Pea,V,V,1220,
Plantae,Flora,Fabaceae (Faboideae),3049,Swainsona oligophylla,,,,,32,
Plantae,Flora,Fabaceae (Faboideae),3050,Swainsona oliveri,,,,,5,
Plantae,Flora,Fabaceae (Faboideae),3051,Swainsona oroboides,,,,,90,
Plantae,Flora,Fabaceae (Faboideae),3052,Swainsona parviflora,,,,,31,
Plantae,Flora,Fabaceae (Faboideae),3053,Swainsona phacoides,,Dwarf Swainson-pea,,,102,
Plantae,Flora,Fabaceae (Faboideae),3054,Swainsona plagiotropis,,Red Darling Pea,V,V,1363,
Plantae,Flora,Fabaceae (Faboideae),3055,Swainsona procumbens,,Broughton Pea,,,339,
Plantae,Flora,Fabaceae (Faboideae),8539,Swainsona purpurea,,Purple Swainson-pea,,,48,
Plantae,Flora,Fabaceae (Faboideae),9511,Swainsona pyrophila,,Yellow Swainson-pea,V,V,13,
Plantae,Flora,Fabaceae (Faboideae),11177,Swainsona queenslandica,,Smooth Darling Pea,,,119,
Plantae,Flora,Fabaceae (Faboideae),3056,Swainsona recta,,Small Purple-pea,E1,E,1230,
Plantae,Flora,Fabaceae (Faboideae),8537,Swainsona reticulata,,Kneed Swainson-pea,,,243,
Plantae,Flora,Fabaceae (Faboideae),8538,Swainsona sericea,,Silky Swainson-pea,V,,2980,
Plantae,Flora,Fabaceae (Faboideae),9591,Swainsona similis,,,,,7,
Plantae,Flora,Fabaceae (Faboideae),SWAI,Swainsona spp.,,,,,514,
Plantae,Flora,Fabaceae (Faboideae),3058,Swainsona stipularis,,,,,18,
Plantae,Flora,Fabaceae (Faboideae),3059,Swainsona swainsonioides,,Downy Swainson-pea,,,173,
Plantae,Flora,Fabaceae (Faboideae),3060,Swainsona viridis,,Creeping Darling Pea,E1,,9,
Plantae,Flora,Fabaceae (Faboideae),3061,Templetonia aculeata,,Spiny Mallee Pea,,,165,
Plantae,Flora,Fabaceae (Faboideae),3062,Templetonia egena,,Desert Broombush,,,225,
Plantae,Flora,Fabaceae (Faboideae),TEMP,Templetonia spp.,,,,,4,
Plantae,Flora,Fabaceae (Faboideae),3063,Templetonia stenophylla,,Leafy Templetonia,,,431,
Plantae,Flora,Fabaceae (Faboideae),3064,Templetonia sulcata,,Flat Mallee Pea,,,35,
Plantae,Flora,Fabaceae (Faboideae),7092,Tephrosia bidwillii,,,,,23,
Plantae,Flora,Fabaceae (Faboideae),3065,Tephrosia brachyodon,,,,,56,
Plantae,Flora,Fabaceae (Faboideae),13054,Tephrosia brachyodon var. brachyodon,,,,,9,
Plantae,Flora,Fabaceae (Faboideae),8857,Tephrosia filipes,,,V,,89,
Plantae,Flora,Fabaceae (Faboideae),3066,Tephrosia glomeruliflora,*,,,,30,
Plantae,Flora,Fabaceae (Faboideae),3067,Tephrosia grandiflora,*,,,,33,
Plantae,Flora,Fabaceae (Faboideae),3068,Tephrosia inandensis,*,,,,1,
Plantae,Flora,Fabaceae (Faboideae),13055,Tephrosia leptoclada,,,,,1,
Plantae,Flora,Fabaceae (Faboideae),13057,Tephrosia remotiflora,,,,,1,
Plantae,Flora,Fabaceae (Faboideae),9695,Tephrosia rufula,,,,,5,
Plantae,Flora,Fabaceae (Faboideae),3069,Tephrosia sphaerospora,,,,,118,
Plantae,Flora,Fabaceae (Faboideae),TEPH,Tephrosia spp.,,,,,4,
Plantae,Flora,Fabaceae (Faboideae),11182,Tephrosia supina,,,,,1,
Plantae,Flora,Fabaceae (Faboideae),13058,Tetragonolobus purpureus,*,,,,1,
Plantae,Flora,Fabaceae (Faboideae),11926,Tipuana tipu,*,,,,4,
Plantae,Flora,Fabaceae (Faboideae),11186,Trifolium alexandrinum,*,Berseem Clover,,,5,
Plantae,Flora,Fabaceae (Faboideae),13059,Trifolium alexandrinum var. serotinum,*,,,,6,
Plantae,Flora,Fabaceae (Faboideae),3071,Trifolium ambiguum,*,Kura,,,3,
Plantae,Flora,Fabaceae (Faboideae),3072,Trifolium angustifolium,*,Narrow-leaved Clover,,,2941,
Plantae,Flora,Fabaceae (Faboideae),3073,Trifolium arvense,*,Haresfoot Clover,,,9256,
Plantae,Flora,Fabaceae (Faboideae),3074,Trifolium campestre,*,Hop Clover,,,5088,
Plantae,Flora,Fabaceae (Faboideae),3075,Trifolium cernuum,*,Drooping-flowered Clover,,,355,
Plantae,Flora,Fabaceae (Faboideae),13062,Trifolium cherleri,*,,,,6,
Plantae,Flora,Fabaceae (Faboideae),3076,Trifolium dubium,*,Yellow Suckling Clover,,,2198,
Plantae,Flora,Fabaceae (Faboideae),3077,Trifolium fragiferum,*,Strawberry Clover,,,173,
Plantae,Flora,Fabaceae (Faboideae),3078,Trifolium globosum,*,Globe Clover,,,23,
Plantae,Flora,Fabaceae (Faboideae),3079,Trifolium glomeratum,*,Clustered Clover,,,4687,
Plantae,Flora,Fabaceae (Faboideae),3080,Trifolium hirtum,*,Rose Clover,,,118,
Plantae,Flora,Fabaceae (Faboideae),3081,Trifolium hybridum,*,Alsike Clover,,,21,
Plantae,Flora,Fabaceae (Faboideae),13063,Trifolium hybridum var. hybridum,*,,,,4,
Plantae,Flora,Fabaceae (Faboideae),3082,Trifolium incarnatum,*,Crimson Clover,,,30,
Plantae,Flora,Fabaceae (Faboideae),13064,Trifolium michelianum,*,,,,1,
Plantae,Flora,Fabaceae (Faboideae),13065,Trifolium micranthum,*,,,,2,
Plantae,Flora,Fabaceae (Faboideae),3083,Trifolium ornithopodioides,*,Birds-foot Trefoil,,,14,
Plantae,Flora,Fabaceae (Faboideae),13066,Trifolium pilulare,*,,,,5,
Plantae,Flora,Fabaceae (Faboideae),3084,Trifolium pratense,*,Red Clover,,,296,
Plantae,Flora,Fabaceae (Faboideae),3085,Trifolium repens,*,White Clover,,,8955,
Plantae,Flora,Fabaceae (Faboideae),3086,Trifolium resupinatum,*,Shaftal Clover,,,53,
Plantae,Flora,Fabaceae (Faboideae),13067,Trifolium resupinatum subsp. suaveolens,*,,,,1,
Plantae,Flora,Fabaceae (Faboideae),3087,Trifolium scabrum,*,Rough Clover,,,73,
Plantae,Flora,Fabaceae (Faboideae),TRIF,Trifolium spp.,*,,,,5259,
Plantae,Flora,Fabaceae (Faboideae),13068,Trifolium spumosum,*,,,,5,
Plantae,Flora,Fabaceae (Faboideae),13069,Trifolium stellatum,*,,,,2,
Plantae,Flora,Fabaceae (Faboideae),3088,Trifolium striatum,*,Knotted Clover,,,548,
Plantae,Flora,Fabaceae (Faboideae),3089,Trifolium subterraneum,*,Subterranean Clover,,,2646,
Plantae,Flora,Fabaceae (Faboideae),3090,Trifolium suffocatum,*,Suffocated Clover,,,24,
Plantae,Flora,Fabaceae (Faboideae),3091,Trifolium tomentosum,*,Woolly Clover,,,548,
Plantae,Flora,Fabaceae (Faboideae),10756,Trifolium vesiculosum,*,,,,97,
Plantae,Flora,Fabaceae (Faboideae),3092,Trigonella suavissima,,Coopers Clover,,,246,
Plantae,Flora,Fabaceae (Faboideae),3093,Ulex europaeus,*,Gorse,,,112,
Plantae,Flora,Fabaceae (Faboideae),ULEX,Ulex spp.,*,,,,1,
Plantae,Flora,Fabaceae (Faboideae),10826,Uraria lagopodioides,,,,,1,
Plantae,Flora,Fabaceae (Faboideae),3094,Vicia disperma,*,,,,4,
Plantae,Flora,Fabaceae (Faboideae),12182,Vicia faba,*,Broad Bean,,,4,
Plantae,Flora,Fabaceae (Faboideae),3095,Vicia hirsuta,*,Hairy Vetch,,,140,
Plantae,Flora,Fabaceae (Faboideae),3096,Vicia monantha,*,Square-stemmed Vetch,,,35,
Plantae,Flora,Fabaceae (Faboideae),10072,Vicia monantha subsp. monantha,*,,,,13,
Plantae,Flora,Fabaceae (Faboideae),9397,Vicia monantha subsp. triflora,*,,,,18,
Plantae,Flora,Fabaceae (Faboideae),3097,Vicia sativa,*,Common vetch,,,1386,
Plantae,Flora,Fabaceae (Faboideae),12339,Vicia sativa subsp. cordata,*,,,,2,
Plantae,Flora,Fabaceae (Faboideae),11703,Vicia sativa subsp. nigra,*,Narrow-leaved Vetch,,,442,
Plantae,Flora,Fabaceae (Faboideae),8794,Vicia sativa subsp. sativa,*,Common Vetch,,,293,
Plantae,Flora,Fabaceae (Faboideae),VICI,Vicia spp.,*,Vetch,,,591,
Plantae,Flora,Fabaceae (Faboideae),3098,Vicia tetrasperma,*,Slender Vetch,,,141,
Plantae,Flora,Fabaceae (Faboideae),3099,Vicia villosa,*,Russian Vetch,,,92,
Plantae,Flora,Fabaceae (Faboideae),10074,Vicia villosa subsp. eriocarpa,*,,,,45,
Plantae,Flora,Fabaceae (Faboideae),10076,Vicia villosa subsp. varia,*,,,,2,
Plantae,Flora,Fabaceae (Faboideae),10073,Vicia villosa subsp. villosa,*,,,,14,
Plantae,Flora,Fabaceae (Faboideae),3100,Vigna lanceolata,,Maloga Pea,,,7,
Plantae,Flora,Fabaceae (Faboideae),10067,Vigna lanceolata var. filiformis,,,,,2,
Plantae,Flora,Fabaceae (Faboideae),8904,Vigna lanceolata var. lanceolata,,,,,23,
Plantae,Flora,Fabaceae (Faboideae),10066,Vigna lanceolata var. latifolia,,,,,5,
Plantae,Flora,Fabaceae (Faboideae),3101,Vigna luteola,,Dalrymple Vigna,,,24,
Plantae,Flora,Fabaceae (Faboideae),3102,Vigna marina,,Dune Bean,,,55,
Plantae,Flora,Fabaceae (Faboideae),11188,Vigna racemosa,*,,,,1,
Plantae,Flora,Fabaceae (Faboideae),13070,Vigna radiata var. radiata,*,,,,3,
Plantae,Flora,Fabaceae (Faboideae),10068,Vigna radiata var. setulosa,*,Mung Bean,,,3,
Plantae,Flora,Fabaceae (Faboideae),VIGN,Vigna spp.,,,,,5,
Plantae,Flora,Fabaceae (Faboideae),3104,Vigna vexillata,,,,,19,
Plantae,Flora,Fabaceae (Faboideae),10065,Vigna vexillata var. angustifolia,,Wild Cow Pea,,,40,
Plantae,Flora,Fabaceae (Faboideae),11189,Vigna vexillata var. youngiana,,,,,8,
Plantae,Flora,Fabaceae (Faboideae),3105,Viminaria juncea,,Native Broom,,,983,
Plantae,Flora,Fabaceae (Faboideae),VIMI,Viminaria spp.,,,,,4,
Plantae,Flora,Fabaceae (Faboideae),14240,Virgilia capensis,*,,,,1,
Plantae,Flora,Fabaceae (Faboideae),11698,Wisteria floribunda,*,Japanese Wisteria,,,16,
Plantae,Flora,Fabaceae (Faboideae),11332,Wisteria sinensis,*,Chinese wisteria,,,167,
Plantae,Flora,Fabaceae (Faboideae),WIST,Wisteria spp.,*,,,,51,
Plantae,Flora,Fabaceae (Faboideae),8691,Zornia dyctiocarpa var. dyctiocarpa,,Zornia,,,1343,
Plantae,Flora,Fabaceae (Faboideae),9238,Zornia floribunda,,,,,25,
Plantae,Flora,Fabaceae (Faboideae),8829,Zornia muriculata subsp. angustata,,,,,21,
Plantae,Flora,Fabaceae (Faboideae),ZORN,Zornia spp.,,,,,8,
Plantae,Flora,Fabaceae (Mimosoideae),ABAR,Abarema spp.,,,,,4,
Plantae,Flora,Fabaceae (Mimosoideae),3698,Acacia acanthoclada,,Harrow Wattle,E1,,127,
Plantae,Flora,Fabaceae (Mimosoideae),3699,Acacia acinacea,,Gold-dust Wattle,,,236,
Plantae,Flora,Fabaceae (Mimosoideae),8970,Acacia acrionastes,,Pindari Wattle,E1,,5,
Plantae,Flora,Fabaceae (Mimosoideae),3700,Acacia aculeatissima,,Snake Wattle,,,33,
Plantae,Flora,Fabaceae (Mimosoideae),3701,Acacia adunca,,Wallangarra Wattle,,,87,
Plantae,Flora,Fabaceae (Mimosoideae),9982,Acacia alaticaulis,,,,,23,
Plantae,Flora,Fabaceae (Mimosoideae),3702,Acacia alpina,,Alpine Wattle,,,57,
Plantae,Flora,Fabaceae (Mimosoideae),3703,Acacia amblygona,,Fan Wattle,,,688,
Plantae,Flora,Fabaceae (Mimosoideae),3704,Acacia amoena,,Boomerang Wattle,,,179,
Plantae,Flora,Fabaceae (Mimosoideae),3705,Acacia aneura,,Mulga,,,2508,
Plantae,Flora,Fabaceae (Mimosoideae),13076,Acacia aprepta,,,,,1,
Plantae,Flora,Fabaceae (Mimosoideae),3706,Acacia asparagoides,,,,,176,
Plantae,Flora,Fabaceae (Mimosoideae),3707,Acacia aspera,,Rough Wattle,,,83,
Plantae,Flora,Fabaceae (Mimosoideae),10996,^^Acacia atrox,,Myall Creek Wattle,"E4A,3",,10,
Plantae,Flora,Fabaceae (Mimosoideae),7581,Acacia aulacocarpa,,Salwood,,,299,
Plantae,Flora,Fabaceae (Mimosoideae),10780,Acacia aureocrinita,,,,,53,
Plantae,Flora,Fabaceae (Mimosoideae),3708,Acacia ausfeldii,,Ausfeld's Wattle,V,,5595,
Plantae,Flora,Fabaceae (Mimosoideae),3709,Acacia baeuerlenii,,,,,52,
Plantae,Flora,Fabaceae (Mimosoideae),3710,Acacia baileyana,,Cootamundra Wattle,,,914,
Plantae,Flora,Fabaceae (Mimosoideae),3711,Acacia bakeri,,Marblewood,V,,650,
Plantae,Flora,Fabaceae (Mimosoideae),3712,Acacia barringtonensis,,,,,120,
Plantae,Flora,Fabaceae (Mimosoideae),13077,Acacia basedowii,,,,,10,
Plantae,Flora,Fabaceae (Mimosoideae),3713,Acacia baueri,,,,,22,
Plantae,Flora,Fabaceae (Mimosoideae),6577,Acacia baueri subsp. aspera,,,E1,E,47,
Plantae,Flora,Fabaceae (Mimosoideae),7060,Acacia baueri subsp. baueri,,Tiny Wattle,,,86,
Plantae,Flora,Fabaceae (Mimosoideae),11039,Acacia beadleana,,,E1,,312,
Plantae,Flora,Fabaceae (Mimosoideae),13915,Acacia beckleri subsp. beckleri,,Barrier Range Wattle,,,39,
Plantae,Flora,Fabaceae (Mimosoideae),3715,Acacia betchei,,,,,87,
Plantae,Flora,Fabaceae (Mimosoideae),3716,Acacia binervata,,Two-veined Hickory,,,2289,
Plantae,Flora,Fabaceae (Mimosoideae),3717,Acacia binervia,,Coast Myall,,,1185,
Plantae,Flora,Fabaceae (Mimosoideae),3719,Acacia blakei,,,,,43,
Plantae,Flora,Fabaceae (Mimosoideae),10787,Acacia blakei subsp. blakei,,,,,9,
Plantae,Flora,Fabaceae (Mimosoideae),10788,Acacia blakei subsp. diphylla,,,,,433,
Plantae,Flora,Fabaceae (Mimosoideae),8381,Acacia blayana,,Blay's Wattle,,,36,
Plantae,Flora,Fabaceae (Mimosoideae),3720,Acacia boormanii,,Snowy River Wattle,,,98,
Plantae,Flora,Fabaceae (Mimosoideae),3721,Acacia brachybotrya,,Grey Mulga,,,393,
Plantae,Flora,Fabaceae (Mimosoideae),3722,Acacia brachystachya,,Umbrella Mulga,,,386,
Plantae,Flora,Fabaceae (Mimosoideae),14248,Acacia browniana,,,,,1,
Plantae,Flora,Fabaceae (Mimosoideae),3723,Acacia brownii,,Heath Wattle,,,1638,
Plantae,Flora,Fabaceae (Mimosoideae),3724,Acacia brunioides,,,,,46,
Plantae,Flora,Fabaceae (Mimosoideae),6498,Acacia brunioides subsp. brunioides,,Brown Wattle,,,28,
Plantae,Flora,Fabaceae (Mimosoideae),9240,Acacia brunioides subsp. granitica,,,,,6,
Plantae,Flora,Fabaceae (Mimosoideae),8601,Acacia bulgaensis,,Bulga Wattle,,,81,
Plantae,Flora,Fabaceae (Mimosoideae),3725,Acacia burbidgeae,,,,,39,
Plantae,Flora,Fabaceae (Mimosoideae),8242,Acacia burkittii,,Sandhill Wattle,,,649,
Plantae,Flora,Fabaceae (Mimosoideae),3726,Acacia burrowii,,Burrow's Wattle,,,205,
Plantae,Flora,Fabaceae (Mimosoideae),3727,Acacia buxifolia,,Box-leaved Wattle,,,1669,
Plantae,Flora,Fabaceae (Mimosoideae),14206,Acacia buxifolia <--> leucolobia,,,,,1,
Plantae,Flora,Fabaceae (Mimosoideae),6691,Acacia buxifolia subsp. buxifolia,,Box-leaved Wattle,,,974,
Plantae,Flora,Fabaceae (Mimosoideae),9282,Acacia buxifolia subsp. pubiflora,,Box-leaved Wattle,,,41,
Plantae,Flora,Fabaceae (Mimosoideae),3728,Acacia bynoeana,,Bynoe's Wattle,E1,V,1506,
Plantae,Flora,Fabaceae (Mimosoideae),3729,Acacia caesiella,,Tablelands Wattle,,,290,
Plantae,Flora,Fabaceae (Mimosoideae),3730,Acacia calamifolia,,Wallowa,,,181,
Plantae,Flora,Fabaceae (Mimosoideae),7524,Acacia calcicola,,Shrubby Wattle,,,11,
Plantae,Flora,Fabaceae (Mimosoideae),3731,Acacia cambagei,,Gidgee,,,538,
Plantae,Flora,Fabaceae (Mimosoideae),3732,Acacia cana,,Cabbage-tree Wattle,,,165,
Plantae,Flora,Fabaceae (Mimosoideae),9085,Acacia cangaiensis,,,,,85,
Plantae,Flora,Fabaceae (Mimosoideae),3733,Acacia cardiophylla,,Wyalong Wattle,,,83,
Plantae,Flora,Fabaceae (Mimosoideae),10061,Acacia carneorum,,Purple-wood Wattle,V,V,320,
Plantae,Flora,Fabaceae (Mimosoideae),3735,Acacia caroleae,,,,,309,
Plantae,Flora,Fabaceae (Mimosoideae),3736,Acacia centrinervia,,,,,2,
Plantae,Flora,Fabaceae (Mimosoideae),10324,Acacia cf. blakei,,,,,1,
Plantae,Flora,Fabaceae (Mimosoideae),3737,Acacia chalkeri,,Chalker's Wattle,,,44,
Plantae,Flora,Fabaceae (Mimosoideae),3738,Acacia cheelii,,Motherumbah,,,1086,
Plantae,Flora,Fabaceae (Mimosoideae),3739,Acacia chrysotricha,,Newry Golden Wattle,E4A,,410,
Plantae,Flora,Fabaceae (Mimosoideae),10781,Acacia clandullensis,,,,,51,
Plantae,Flora,Fabaceae (Mimosoideae),3741,Acacia clunies-rossiae,,Kanangra Wattle,V,,215,
Plantae,Flora,Fabaceae (Mimosoideae),3742,Acacia cognata,,Narrow-leaf Bower Wattle,,,520,
Plantae,Flora,Fabaceae (Mimosoideae),3743,Acacia colletioides,,Wait-a-while,,,1486,
Plantae,Flora,Fabaceae (Mimosoideae),3744,Acacia complanata,,Flat-stemmed Wattle,,,404,
Plantae,Flora,Fabaceae (Mimosoideae),3745,Acacia concurrens,,Curracabah,,,977,
Plantae,Flora,Fabaceae (Mimosoideae),3746,Acacia conferta,,Crowded-leaved Wattle,,,333,
Plantae,Flora,Fabaceae (Mimosoideae),3747,Acacia constablei,,Narrabarba Wattle,E4A,CE,164,
Plantae,Flora,Fabaceae (Mimosoideae),3748,Acacia continua,,Thorn Wattle,,,39,
Plantae,Flora,Fabaceae (Mimosoideae),3750,Acacia costiniana,,,,,43,
Plantae,Flora,Fabaceae (Mimosoideae),555,Acacia courtii,,North Brother Wattle,V,V,65,
Plantae,Flora,Fabaceae (Mimosoideae),3751,Acacia covenyi,,,,,51,
Plantae,Flora,Fabaceae (Mimosoideae),3752,Acacia cowleana,,,,,5,
Plantae,Flora,Fabaceae (Mimosoideae),7026,Acacia crassa subsp. crassa,,,,,193,
Plantae,Flora,Fabaceae (Mimosoideae),10782,Acacia cremiflora,,,,,120,
Plantae,Flora,Fabaceae (Mimosoideae),3754,Acacia cultriformis,,Knife-leaved Wattle,,,335,
Plantae,Flora,Fabaceae (Mimosoideae),3755,Acacia curranii,,Curly-bark Wattle,V,V,107,
Plantae,Flora,Fabaceae (Mimosoideae),13081,Acacia cyclops,*,,,,1,
Plantae,Flora,Fabaceae (Mimosoideae),3756,Acacia dallachiana,,Catkin Wattle,,,27,
Plantae,Flora,Fabaceae (Mimosoideae),8971,^^Acacia dangarensis,,,"E4A,3",CE,24,
Plantae,Flora,Fabaceae (Mimosoideae),3757,Acacia dawsonii,,Poverty Wattle,,,284,
Plantae,Flora,Fabaceae (Mimosoideae),3758,Acacia dealbata,,Silver Wattle,,,6071,
Plantae,Flora,Fabaceae (Mimosoideae),11006,Acacia dealbata subsp. dealbata,,Silver Wattle,,,699,
Plantae,Flora,Fabaceae (Mimosoideae),11007,Acacia dealbata subsp. subalpina,,Silver Wattle,,,562,
Plantae,Flora,Fabaceae (Mimosoideae),3759,Acacia deanei,,Green Wattle,,,2150,
Plantae,Flora,Fabaceae (Mimosoideae),8269,Acacia deanei subsp. deanei,,Deane's Wattle,,,1803,
Plantae,Flora,Fabaceae (Mimosoideae),7482,Acacia deanei subsp. paucijuga,,Green Wattle,,,856,
Plantae,Flora,Fabaceae (Mimosoideae),3760,Acacia debilis,,,,,41,
Plantae,Flora,Fabaceae (Mimosoideae),3761,Acacia decora,,Western Silver Wattle,,,4137,
Plantae,Flora,Fabaceae (Mimosoideae),3762,Acacia decurrens,,Black Wattle,,,3570,
Plantae,Flora,Fabaceae (Mimosoideae),3763,Acacia difformis,,Drooping Wattle,,,180,
Plantae,Flora,Fabaceae (Mimosoideae),10786,Acacia disparrima subsp. disparrima,,Brush Ironbark Wattle,,,691,
Plantae,Flora,Fabaceae (Mimosoideae),3765,Acacia doratoxylon,,Currawang,,,2809,
Plantae,Flora,Fabaceae (Mimosoideae),3766,Acacia dorothea,,Dorothy's Wattle,,,154,
Plantae,Flora,Fabaceae (Mimosoideae),9673,Acacia eborensis,,,,,2,
Plantae,Flora,Fabaceae (Mimosoideae),3767,Acacia echinula,,Hedgehog Wattle,,,422,
Plantae,Flora,Fabaceae (Mimosoideae),3768,Acacia elata,,Mountain Cedar Wattle,,,1023,
Plantae,Flora,Fabaceae (Mimosoideae),3769,Acacia elongata,,Swamp Wattle,,,1753,
Plantae,Flora,Fabaceae (Mimosoideae),3770,Acacia excelsa,,Ironwood,,,533,
Plantae,Flora,Fabaceae (Mimosoideae),9698,Acacia excelsa subsp. angusta,,Ironwood,,,143,
Plantae,Flora,Fabaceae (Mimosoideae),9697,Acacia excelsa subsp. excelsa,,Ironwood,,,61,
Plantae,Flora,Fabaceae (Mimosoideae),3771,Acacia falcata,,,,,4506,
Plantae,Flora,Fabaceae (Mimosoideae),3772,Acacia falciformis,,Broad-leaved Hickory,,,6225,
Plantae,Flora,Fabaceae (Mimosoideae),13086,Acacia fauntleroyi,*,,,,1,
Plantae,Flora,Fabaceae (Mimosoideae),3773,Acacia filicifolia,,Fern-leaved Wattle,,,1841,
Plantae,Flora,Fabaceae (Mimosoideae),3774,Acacia fimbriata,,Fringed Wattle,,,1621,
Plantae,Flora,Fabaceae (Mimosoideae),3775,Acacia flexifolia,,Bent-leaved Wattle,,,180,
Plantae,Flora,Fabaceae (Mimosoideae),3776,Acacia flocktoniae,,Flockton Wattle,V,V,355,
Plantae,Flora,Fabaceae (Mimosoideae),3777,Acacia floribunda,,White Sally,,,3660,
Plantae,Flora,Fabaceae (Mimosoideae),3778,Acacia floydii,,,,,48,
Plantae,Flora,Fabaceae (Mimosoideae),3779,Acacia forsythii,,Warrumbungle Range Wattle,,,12,
Plantae,Flora,Fabaceae (Mimosoideae),8441,Acacia frigescens,*,,,,1,
Plantae,Flora,Fabaceae (Mimosoideae),3780,Acacia fulva,,Velvet Wattle,,,115,
Plantae,Flora,Fabaceae (Mimosoideae),3781,Acacia genistifolia,,Early Wattle,,,793,
Plantae,Flora,Fabaceae (Mimosoideae),3782,Acacia georgensis,,Bega Wattle,V,V,164,
Plantae,Flora,Fabaceae (Mimosoideae),3783,Acacia gladiiformis,,Sword Wattle,,,1071,
Plantae,Flora,Fabaceae (Mimosoideae),13087,Acacia glandulicarpa,*,,,,1,
Plantae,Flora,Fabaceae (Mimosoideae),7229,Acacia gordonii,,,E1,E,2351,
Plantae,Flora,Fabaceae (Mimosoideae),3784,Acacia granitica,,,,,139,
Plantae,Flora,Fabaceae (Mimosoideae),3785,Acacia gunnii,,Ploughshare Wattle,,,1296,
Plantae,Flora,Fabaceae (Mimosoideae),3786,Acacia hakeoides,,Hakea Wattle,,,1289,
Plantae,Flora,Fabaceae (Mimosoideae),7863,Acacia halliana,,,,,25,
Plantae,Flora,Fabaceae (Mimosoideae),3787,Acacia hamiltoniana,,Hamilton'sWattle,,,164,
Plantae,Flora,Fabaceae (Mimosoideae),3788,Acacia harpophylla,,Brigalow,,,798,
Plantae,Flora,Fabaceae (Mimosoideae),8929,Acacia havilandiorum,,Haviland's Wattle,,,275,
Plantae,Flora,Fabaceae (Mimosoideae),3790,Acacia hispidula,,,,,332,
Plantae,Flora,Fabaceae (Mimosoideae),3791,Acacia homalophylla,,Yarran,,,409,
Plantae,Flora,Fabaceae (Mimosoideae),12032,Acacia homalophylla <--> melvillei,,,,,127,
Plantae,Flora,Fabaceae (Mimosoideae),3792,Acacia implexa,,Hickory Wattle,,,9388,
Plantae,Flora,Fabaceae (Mimosoideae),13089,Acacia inamabilis,*,,,,1,
Plantae,Flora,Fabaceae (Mimosoideae),3793,Acacia ingramii,,,,,209,
Plantae,Flora,Fabaceae (Mimosoideae),3794,Acacia irrorata,,Green Wattle,,,3098,
Plantae,Flora,Fabaceae (Mimosoideae),6472,Acacia irrorata subsp. irrorata,,Green Wattle,,,2134,
Plantae,Flora,Fabaceae (Mimosoideae),7109,Acacia irrorata subsp. velutinella,,Green Wattle,,,169,
Plantae,Flora,Fabaceae (Mimosoideae),9674,Acacia iteaphylla,*,Flinders Range Wattle,,,8,
Plantae,Flora,Fabaceae (Mimosoideae),3795,Acacia ixiophylla,,,,,376,
Plantae,Flora,Fabaceae (Mimosoideae),3796,Acacia ixodes,,Motherumbung,,,52,
Plantae,Flora,Fabaceae (Mimosoideae),3797,Acacia jennerae,,Coonavittra Wattle,,,25,
Plantae,Flora,Fabaceae (Mimosoideae),13090,Acacia jibberdingensis,*,,,,1,
Plantae,Flora,Fabaceae (Mimosoideae),3798,Acacia johnsonii,,Geereva Wattle,,,19,
Plantae,Flora,Fabaceae (Mimosoideae),3799,Acacia jonesii,,,,,87,
Plantae,Flora,Fabaceae (Mimosoideae),3800,Acacia jucunda,,Yetman Wattle,E1,,18,
Plantae,Flora,Fabaceae (Mimosoideae),9241,Acacia julifera subsp. julifera,,,,,10,
Plantae,Flora,Fabaceae (Mimosoideae),3802,Acacia juncifolia,,Rush-leaved Wattle,,,104,
Plantae,Flora,Fabaceae (Mimosoideae),3803,Acacia kettlewelliae,,,,,88,
Plantae,Flora,Fabaceae (Mimosoideae),9983,Acacia kulnurensis,,,,,96,
Plantae,Flora,Fabaceae (Mimosoideae),3804,Acacia kybeanensis,,Kybean Wattle,,,52,
Plantae,Flora,Fabaceae (Mimosoideae),3805,Acacia kydrensis,,,,,61,
Plantae,Flora,Fabaceae (Mimosoideae),3806,Acacia lanigera,,Woolly Wattle,,,165,
Plantae,Flora,Fabaceae (Mimosoideae),10921,Acacia lanigera var. gracilipes,,,E1,E,7,
Plantae,Flora,Fabaceae (Mimosoideae),10920,Acacia lanigera var. lanigera,,Hairy Wattle,,,121,
Plantae,Flora,Fabaceae (Mimosoideae),13093,Acacia latifolia,,,,,1,
Plantae,Flora,Fabaceae (Mimosoideae),3807,Acacia latisepala,,,,,95,
Plantae,Flora,Fabaceae (Mimosoideae),6597,Acacia leiocalyx subsp. leiocalyx,,Curracabah,,,1663,
Plantae,Flora,Fabaceae (Mimosoideae),3809,Acacia leprosa,,Cinnamon Wattle,,,19,
Plantae,Flora,Fabaceae (Mimosoideae),13916,Acacia leprosa var. graveolens,,Cinnamon Wattle,,,3,
Plantae,Flora,Fabaceae (Mimosoideae),3810,Acacia leptoclada,,Sharp Feather Wattle,,,113,
Plantae,Flora,Fabaceae (Mimosoideae),3811,Acacia leucoclada,,,,,86,
Plantae,Flora,Fabaceae (Mimosoideae),7683,Acacia leucoclada subsp. argentifolia,,,,,21,
Plantae,Flora,Fabaceae (Mimosoideae),7852,Acacia leucoclada subsp. leucoclada,,,,,115,
Plantae,Flora,Fabaceae (Mimosoideae),10789,Acacia leucolobia,,,,,361,
Plantae,Flora,Fabaceae (Mimosoideae),8603,Acacia ligulata,,Sandhill Wattle,,,632,
Plantae,Flora,Fabaceae (Mimosoideae),3812,Acacia linearifolia,,Narrow-leaved Wattle,,,1523,
Plantae,Flora,Fabaceae (Mimosoideae),3813,Acacia lineata,,Streaked Wattle,,,403,
Plantae,Flora,Fabaceae (Mimosoideae),3814,Acacia linifolia,,White Wattle,,,3761,
Plantae,Flora,Fabaceae (Mimosoideae),3815,Acacia loderi,,Nealie,,,320,
Plantae,Flora,Fabaceae (Mimosoideae),3816,Acacia longifolia,,,,,7091,
Plantae,Flora,Fabaceae (Mimosoideae),10790,Acacia longifolia subsp. longifolia,,Sydney Golden Wattle,,,3838,
Plantae,Flora,Fabaceae (Mimosoideae),10791,Acacia longifolia subsp. sophorae,,Coastal Wattle,,,1862,
Plantae,Flora,Fabaceae (Mimosoideae),3817,Acacia longissima,,Long-leaf Wattle,,,1074,
Plantae,Flora,Fabaceae (Mimosoideae),3818,Acacia lucasii,,Lucas's Wattle,,,46,
Plantae,Flora,Fabaceae (Mimosoideae),6748,Acacia lunata,,Lunate-leaved Acacia,,,124,
Plantae,Flora,Fabaceae (Mimosoideae),7028,Acacia mabellae,,Mabel's Wattle,,,665,
Plantae,Flora,Fabaceae (Mimosoideae),3820,Acacia macnuttiana,,MacNutt's Wattle,V,V,91,
Plantae,Flora,Fabaceae (Mimosoideae),3821,Acacia maidenii,,Maiden's Wattle,,,3614,
Plantae,Flora,Fabaceae (Mimosoideae),3822,Acacia maitlandii,,Maitland's Wattle,,,13,
Plantae,Flora,Fabaceae (Mimosoideae),13094,Acacia mariae,,,,,616,
Plantae,Flora,Fabaceae (Mimosoideae),8972,Acacia matthewii,,,,,76,
Plantae,Flora,Fabaceae (Mimosoideae),3823,Acacia mearnsii,,Black Wattle,,,5544,
Plantae,Flora,Fabaceae (Mimosoideae),8973,Acacia meiantha,,Barradam-bang Wattle,E1,E,1923,
Plantae,Flora,Fabaceae (Mimosoideae),3824,Acacia melanoxylon,,Blackwood,,,7827,
Plantae,Flora,Fabaceae (Mimosoideae),3825,Acacia melvillei,,Yarran,,,423,
Plantae,Flora,Fabaceae (Mimosoideae),3826,Acacia microcarpa,,Manna Wattle,,,54,
Plantae,Flora,Fabaceae (Mimosoideae),3827,Acacia mitchellii,,Mitchell's Wattle,,,52,
Plantae,Flora,Fabaceae (Mimosoideae),3828,Acacia mollifolia,,,,,90,
Plantae,Flora,Fabaceae (Mimosoideae),3829,Acacia montana,,Mallee Wattle,,,326,
Plantae,Flora,Fabaceae (Mimosoideae),10058,Acacia mucronata subsp. longifolia,,,,,291,
Plantae,Flora,Fabaceae (Mimosoideae),10064,Acacia muelleriana,,,,,69,
Plantae,Flora,Fabaceae (Mimosoideae),3832,Acacia murrayana,,Murray's Wattle,,,165,
Plantae,Flora,Fabaceae (Mimosoideae),3834,Acacia myrtifolia,,Red-stemmed Wattle,,,3661,
Plantae,Flora,Fabaceae (Mimosoideae),11040,Acacia nana,,Small Red-leaved Wattle,,,22,
Plantae,Flora,Fabaceae (Mimosoideae),3835,Acacia neriifolia,,Silver Wattle,,,1119,
Plantae,Flora,Fabaceae (Mimosoideae),11940,Acacia nilotica,*,Gum Arabic Tree,,,1,
Plantae,Flora,Fabaceae (Mimosoideae),3836,Acacia notabilis,,Mallee Golden Wattle,E1,,7,
Plantae,Flora,Fabaceae (Mimosoideae),11005,Acacia nova-anglica,,New England Hickory,,,98,
Plantae,Flora,Fabaceae (Mimosoideae),9699,Acacia nyssophylla,,,,,20,
Plantae,Flora,Fabaceae (Mimosoideae),13095,Acacia obcordata,,,,,3,
Plantae,Flora,Fabaceae (Mimosoideae),3837,Acacia obliquinervia,,Mountain Hickory,,,786,
Plantae,Flora,Fabaceae (Mimosoideae),3838,Acacia obtusata,,Blunt-leaf Wattle,,,351,
Plantae,Flora,Fabaceae (Mimosoideae),3839,Acacia obtusifolia,,,,,3669,
Plantae,Flora,Fabaceae (Mimosoideae),3840,Acacia olsenii,,,,,25,
Plantae,Flora,Fabaceae (Mimosoideae),3841,Acacia orites,,Mountain Wattle,,,181,
Plantae,Flora,Fabaceae (Mimosoideae),3842,Acacia oshanesii,,,,,110,
Plantae,Flora,Fabaceae (Mimosoideae),3843,Acacia oswaldii,,Miljee,,,1339,
Plantae,Flora,Fabaceae (Mimosoideae),3844,Acacia oxycedrus,,Spike Wattle,,,549,
Plantae,Flora,Fabaceae (Mimosoideae),13098,Acacia papyrocarpa,,,,,2,
Plantae,Flora,Fabaceae (Mimosoideae),3845,Acacia paradoxa,,Kangaroo Thorn,,,1582,
Plantae,Flora,Fabaceae (Mimosoideae),3846,Acacia parramattensis,,Parramatta Wattle,,,4921,
Plantae,Flora,Fabaceae (Mimosoideae),3847,Acacia parvipinnula,,Silver-stemmed Wattle,,,2022,
Plantae,Flora,Fabaceae (Mimosoideae),10792,Acacia pedina,,,,,37,
Plantae,Flora,Fabaceae (Mimosoideae),3848,Acacia pendula,,Acacia pendula population in the Hunter catchment,E2,,2625,
Plantae,Flora,Fabaceae (Mimosoideae),3848,Acacia pendula,,"Weeping Myall, Boree",,,4292,
Plantae,Flora,Fabaceae (Mimosoideae),3849,Acacia penninervis,,Mountain Hickory,,,1044,
Plantae,Flora,Fabaceae (Mimosoideae),10923,Acacia penninervis var. longiracemosa,,Hickory Wattle,,,11,
Plantae,Flora,Fabaceae (Mimosoideae),10922,Acacia penninervis var. penninervis,,Mountain Hickory,,,724,
Plantae,Flora,Fabaceae (Mimosoideae),3850,Acacia petraea,,Lancewood,E1,,3397,
Plantae,Flora,Fabaceae (Mimosoideae),3851,Acacia phasmoides,,Phantom Wattle,V,V,94,
Plantae,Flora,Fabaceae (Mimosoideae),10783,Acacia piligera,,,,,195,
Plantae,Flora,Fabaceae (Mimosoideae),3852,Acacia pilligaensis,,Pilliga Wattle,,,361,
Plantae,Flora,Fabaceae (Mimosoideae),3853,Acacia podalyriifolia,,Queensland Silver Wattle,,,418,
Plantae,Flora,Fabaceae (Mimosoideae),3854,Acacia polybotrya,,Western Silver Wattle,,,327,
Plantae,Flora,Fabaceae (Mimosoideae),3855,Acacia pravifolia,,Coil-pod Wattle,,,195,
Plantae,Flora,Fabaceae (Mimosoideae),3856,Acacia pravissima,,Wedge-leaved Wattle,,,315,
Plantae,Flora,Fabaceae (Mimosoideae),3857,Acacia prominens,,Gosford Wattle,,,526,
Plantae,Flora,Fabaceae (Mimosoideae),3857,Acacia prominens,,"Gosford Wattle, Hurstville and Kogarah Local Government Areas",E2,,15,
Plantae,Flora,Fabaceae (Mimosoideae),3858,Acacia pruinosa,,Frosty Wattle,,,198,
Plantae,Flora,Fabaceae (Mimosoideae),3859,Acacia ptychoclada,,,,,106,
Plantae,Flora,Fabaceae (Mimosoideae),3860,Acacia pubescens,,Downy Wattle,V,V,6263,
Plantae,Flora,Fabaceae (Mimosoideae),14726,Acacia pubescens x baileyana,,,,,1,
Plantae,Flora,Fabaceae (Mimosoideae),9405,Acacia pubifolia,,Velvet Wattle,E1,V,5878,
Plantae,Flora,Fabaceae (Mimosoideae),11041,Acacia pulchella var. pulchella,*,Prickly Moses,,,1,
Plantae,Flora,Fabaceae (Mimosoideae),3861,Acacia pycnantha,,Golden Wattle,,,284,
Plantae,Flora,Fabaceae (Mimosoideae),3862,Acacia pycnostachya,,Bolivia Wattle,V,V,75,
Plantae,Flora,Fabaceae (Mimosoideae),3863,Acacia quadrilateralis,,,,,101,
Plantae,Flora,Fabaceae (Mimosoideae),12042,Acacia ramulosa var. ramulosa,,Horse Mulga,,,75,
Plantae,Flora,Fabaceae (Mimosoideae),3866,Acacia rhigiophylla,,Dagger-leaved Wattle,,,51,
Plantae,Flora,Fabaceae (Mimosoideae),3867,Acacia rigens,,Needle Wattle,,,805,
Plantae,Flora,Fabaceae (Mimosoideae),3868,Acacia rivalis,,Creek Wattle,E1,,9,
Plantae,Flora,Fabaceae (Mimosoideae),3869,Acacia rubida,,Red-stemmed Wattle,,,1668,
Plantae,Flora,Fabaceae (Mimosoideae),3870,Acacia ruppii,,Rupp's Wattle,E1,E,2629,
Plantae,Flora,Fabaceae (Mimosoideae),3871,Acacia saliciformis,,,,,265,
Plantae,Flora,Fabaceae (Mimosoideae),3872,Acacia salicina,,Cooba,,,2070,
Plantae,Flora,Fabaceae (Mimosoideae),3873,Acacia saligna,*,Golden Wreath Wattle,,,866,
Plantae,Flora,Fabaceae (Mimosoideae),8394,Acacia scabra,*,,,,2,
Plantae,Flora,Fabaceae (Mimosoideae),3874,Acacia schinoides,,Green Cedar Wattle,,,371,
Plantae,Flora,Fabaceae (Mimosoideae),6702,Acacia sclerophylla var. sclerophylla,,Hard-leaved Wattle,,,127,
Plantae,Flora,Fabaceae (Mimosoideae),11337,Acacia semilunata,*,,,,1,
Plantae,Flora,Fabaceae (Mimosoideae),15332,Acacia sericophylla,,Wirewood,,,31,
Plantae,Flora,Fabaceae (Mimosoideae),12441,Acacia serpentinicola,,,,,27,
Plantae,Flora,Fabaceae (Mimosoideae),10784,Acacia sertiformis,,,,,387,
Plantae,Flora,Fabaceae (Mimosoideae),12072,Acacia sibirica,,Bastard Mulga,,,87,
Plantae,Flora,Fabaceae (Mimosoideae),3876,Acacia siculiformis,,Dagger Wattle,,,288,
Plantae,Flora,Fabaceae (Mimosoideae),3877,Acacia silvestris,,Bodalla Silver Wattle,,,293,
Plantae,Flora,Fabaceae (Mimosoideae),11934,Acacia simmonsiana var. bacharoides,,,,,18,
Plantae,Flora,Fabaceae (Mimosoideae),14487,Acacia sp. aff. atrox,,,,,9,
Plantae,Flora,Fabaceae (Mimosoideae),11042,Acacia sparsiflora,,,,,18,
Plantae,Flora,Fabaceae (Mimosoideae),3878,Acacia spectabilis,,Mudgee Wattle,,,942,
Plantae,Flora,Fabaceae (Mimosoideae),ACAC,Acacia spp.,,Wattle,,,3879,
Plantae,Flora,Fabaceae (Mimosoideae),3879,Acacia stenophylla,,River Cooba,,,3433,
Plantae,Flora,Fabaceae (Mimosoideae),3880,Acacia stricta,,Straight Wattle,,,624,
Plantae,Flora,Fabaceae (Mimosoideae),3881,Acacia suaveolens,,Sweet Wattle,,,6113,
Plantae,Flora,Fabaceae (Mimosoideae),3882,Acacia subporosa,,River Wattle,,,571,
Plantae,Flora,Fabaceae (Mimosoideae),3883,Acacia subtilinervis,,Net-veined wattle,,,291,
Plantae,Flora,Fabaceae (Mimosoideae),3884,Acacia subulata,,Awl-leaved Wattle,,,141,
Plantae,Flora,Fabaceae (Mimosoideae),3885,Acacia terminalis,,Sunshine Wattle,,,5865,
Plantae,Flora,Fabaceae (Mimosoideae),10793,Acacia terminalis subsp. angustifolia,,,,,662,
Plantae,Flora,Fabaceae (Mimosoideae),10794,Acacia terminalis subsp. aurea,,,,,242,
Plantae,Flora,Fabaceae (Mimosoideae),10795,Acacia terminalis subsp. botrycephala,,,,,4,
Plantae,Flora,Fabaceae (Mimosoideae),15210,Acacia terminalis subsp. Eastern Sydney,,Sunshine wattle,E1,E,2446,
Plantae,Flora,Fabaceae (Mimosoideae),9984,Acacia terminalis subsp. longiaxialis,,,,,206,
Plantae,Flora,Fabaceae (Mimosoideae),8766,Acacia tessellata,,,,,99,
Plantae,Flora,Fabaceae (Mimosoideae),3886,Acacia tetragonophylla,,Dead Finish,,,605,
Plantae,Flora,Fabaceae (Mimosoideae),3888,Acacia torringtonensis,,,,,398,
Plantae,Flora,Fabaceae (Mimosoideae),3889,Acacia trachyphloia,,Bodalla Wattle,,,188,
Plantae,Flora,Fabaceae (Mimosoideae),3890,Acacia trinervata,,Three-veined Wattle,,,162,
Plantae,Flora,Fabaceae (Mimosoideae),3891,Acacia trineura,,Three-nerved Wattle,,,83,
Plantae,Flora,Fabaceae (Mimosoideae),3892,Acacia triptera,,Spurwing Wattle,,,696,
Plantae,Flora,Fabaceae (Mimosoideae),3893,Acacia ulicifolia,,Prickly Moses,,,9634,
Plantae,Flora,Fabaceae (Mimosoideae),3894,Acacia uncinata,,Gold-dust Wattle,,,575,
Plantae,Flora,Fabaceae (Mimosoideae),10785,Acacia undulifolia,,,,,54,
Plantae,Flora,Fabaceae (Mimosoideae),8865,Acacia venulosa,,,,,381,
Plantae,Flora,Fabaceae (Mimosoideae),3895,Acacia verniciflua,,Varnish Wattle,,,954,
Plantae,Flora,Fabaceae (Mimosoideae),11245,Acacia verticillata subsp. verticillata,,,,,84,
Plantae,Flora,Fabaceae (Mimosoideae),3897,Acacia vestita,,Weeping Boree,,,304,
Plantae,Flora,Fabaceae (Mimosoideae),3898,Acacia victoriae,,,,,674,
Plantae,Flora,Fabaceae (Mimosoideae),9701,Acacia victoriae subsp. arida,,Prickly Wattle,,,87,
Plantae,Flora,Fabaceae (Mimosoideae),9700,Acacia victoriae subsp. victoriae,,Elegant Wattle,,,176,
Plantae,Flora,Fabaceae (Mimosoideae),3899,Acacia viscidula,,Sticky Wattle,,,403,
Plantae,Flora,Fabaceae (Mimosoideae),13104,Acacia wattsiana,,,,,1,
Plantae,Flora,Fabaceae (Mimosoideae),3900,Acacia wilhelmiana,,Wilhelm's Wattle,,,407,
Plantae,Flora,Fabaceae (Mimosoideae),10796,Acacia williamsiana,,,,,67,
Plantae,Flora,Fabaceae (Mimosoideae),9675,Acacia williamsonii,,Whirrakee Wattle,,,2,
Plantae,Flora,Fabaceae (Mimosoideae),14701,Acacia yalwalensis,,Yalwal Wattle,,,13,
Plantae,Flora,Fabaceae (Mimosoideae),11909,Albizia julibrissin,*,,,,4,
Plantae,Flora,Fabaceae (Mimosoideae),ALBI,Albizia spp.,*,,,,7,
Plantae,Flora,Fabaceae (Mimosoideae),7894,Archidendron grandiflorum,,Pink Lace Flower,,,320,
Plantae,Flora,Fabaceae (Mimosoideae),7757,Archidendron hendersonii,,White Lace Flower,V,,406,
Plantae,Flora,Fabaceae (Mimosoideae),8324,Archidendron muellerianum,,Veiny Lace Flower,,,468,
Plantae,Flora,Fabaceae (Mimosoideae),12193,Desmanthus virgatus,*,Dwarf Koa,,,1,
Plantae,Flora,Fabaceae (Mimosoideae),11603,Inga edulis,*,Ice cream bean,,,18,
Plantae,Flora,Fabaceae (Mimosoideae),7758,Leucaena leucocephala,*,,,,14,
Plantae,Flora,Fabaceae (Mimosoideae),12225,Mimosa pudica var. hispida,*,Common Sensitive Plant,,,2,
Plantae,Flora,Fabaceae (Mimosoideae),10056,Neptunia dimorphantha,,,,,1,
Plantae,Flora,Fabaceae (Mimosoideae),10823,Neptunia gracilis f. gracilis,,Sensitive Plant,,,627,
Plantae,Flora,Fabaceae (Mimosoideae),NEPT,Neptunia spp.,,,,,18,
Plantae,Flora,Fabaceae (Mimosoideae),8840,Pararchidendron pruinosum var. pruinosum,,Snow Wood,,,584,
Plantae,Flora,Fabaceae (Mimosoideae),11224,Paraserianthes lophantha subsp. lophantha,*,Crested Wattle,,,82,
Plantae,Flora,Fabaceae (Mimosoideae),6612,Prosopis glandulosa var. glandulosa,*,,,,9,
Plantae,Flora,Fabaceae (Mimosoideae),9786,Prosopis juliflora x velutina,*,,,,1,
Plantae,Flora,Fabaceae (Mimosoideae),10905,Prosopis pallida,*,Algaroba,,,2,
Plantae,Flora,Fabaceae (Mimosoideae),PROO,Prosopis spp.,*,,,,2,
Plantae,Flora,Fabaceae (Mimosoideae),3905,Prosopis velutina,*,Velvet Mesquite,,,42,
Plantae,Flora,Fabaceae (Mimosoideae),13108,Serianthes calycina,*,,,,2,
Plantae,Flora,Fabaceae (Mimosoideae),13109,Serianthes sachetae,*,,,,1,
Plantae,Flora,Fabaceae (Mimosoideae),12157,Vachellia farnesiana,*,Mimosa Bush,,,1140,
Plantae,Flora,Fagaceae,11675,Quercus palustris,*,Pin Oak,,,23,
Plantae,Flora,Fagaceae,11330,Quercus robur,*,English Oak,,,114,
Plantae,Flora,Fagaceae,QUER,Quercus spp.,*,,,,76,
Plantae,Flora,Flacourtiaceae,8440,Berberidopsis beckleri,,,,,174,
Plantae,Flora,Flacourtiaceae,13110,Caeseria pachyphylla,*,,,,2,
Plantae,Flora,Flacourtiaceae,3108,Casearia multinervosa,,Casearia,,,110,
Plantae,Flora,Flacourtiaceae,3109,Dovyalis caffra,*,Kei Apple,,,31,
Plantae,Flora,Flacourtiaceae,3110,Scolopia braunii,,Flintwood,,,1061,
Plantae,Flora,Flacourtiaceae,3112,Streptothamnus moorei,,,,,101,
Plantae,Flora,Flacourtiaceae,10513,Xylosma maidenii,,,,,151,
Plantae,Flora,Flacourtiaceae,10514,Xylosma parvifolia,,Mountain Xylosma,E4A,E,63,
Plantae,Flora,Flacourtiaceae,3114,Xylosma terrae-reginae,,Queensland Xylosma,E1,,80,
Plantae,Flora,Flagellariaceae,7106,Flagellaria indica,,Whip Vine,,,1125,
Plantae,Flora,Flagellariaceae,FLAG,Flagellaria spp.,,,,,1,
Plantae,Flora,Fossombroniaceae,11549,Fossombronia spp.,,,,,30,
Plantae,Flora,Frankeniaceae,7362,Frankenia annua,,,,,6,
Plantae,Flora,Frankeniaceae,3116,Frankenia connata,,,,,47,
Plantae,Flora,Frankeniaceae,3117,Frankenia crispa,,,,,1,
Plantae,Flora,Frankeniaceae,7800,Frankenia cupularis,,,,,1,
Plantae,Flora,Frankeniaceae,3118,Frankenia foliosa,,,,,102,
Plantae,Flora,Frankeniaceae,3119,Frankenia gracilis,,,,,22,
Plantae,Flora,Frankeniaceae,7040,Frankenia latior,,,,,1,
Plantae,Flora,Frankeniaceae,6570,Frankenia pauciflora,,,,,2,
Plantae,Flora,Frankeniaceae,7099,Frankenia pulverulenta,*,,,,2,
Plantae,Flora,Frankeniaceae,3121,Frankenia serpyllifolia,,,,,168,
Plantae,Flora,Frankeniaceae,9435,Frankenia sp. A,,,,,2,
Plantae,Flora,Frankeniaceae,FRAN,Frankenia spp.,,,,,49,
Plantae,Flora,Frankeniaceae,3122,Frankenia uncinata,,,,,25,
Plantae,Flora,Frullaniaceae,8195,Frullania falciloba,,,,,3,
Plantae,Flora,Frullaniaceae,FRUL,Frullania spp.,,,,,19,
Plantae,Flora,Fumariaceae,3124,Fumaria bastardii,*,Bastards Fumitory,,,247,
Plantae,Flora,Fumariaceae,7396,Fumaria capreolata subsp. capreolata,*,Climbing Fumitory,,,256,
Plantae,Flora,Fumariaceae,3126,Fumaria densiflora,*,Narrow-leaved Fumitory,,,112,
Plantae,Flora,Fumariaceae,3127,Fumaria indica,*,,,,17,
Plantae,Flora,Fumariaceae,9367,Fumaria muralis subsp. muralis,*,Wall Fumitory,,,1646,
Plantae,Flora,Fumariaceae,3129,Fumaria officinalis,*,,,,93,
Plantae,Flora,Fumariaceae,9649,Fumaria officinalis subsp. officinalis,*,,,,10,
Plantae,Flora,Fumariaceae,3130,Fumaria parviflora,*,Small-flowered Fumitory,,,18,
Plantae,Flora,Fumariaceae,FUMA,Fumaria spp.,*,Fumitory,,,648,
Plantae,Flora,Fumariaceae,13715,Lamprocapnos spectabilis,*,,,,1,
Plantae,Flora,Fumariaceae,9648,Pseudofumaria alba subsp. alba,*,,,,3,
Plantae,Flora,Funariaceae,13738,Funaria hygrometrica,*,,,,4,
Plantae,Flora,Gentianaceae,3131,Centaurium erythraea,*,Common Centaury,,,6226,
Plantae,Flora,Gentianaceae,13111,Centaurium pulchellum,,,,,1,
Plantae,Flora,Gentianaceae,CENA,Centaurium spp.,*,,,,994,
Plantae,Flora,Gentianaceae,3133,Centaurium tenuiflorum,*,"Branched Centaury, Slender centaury",,,2410,
Plantae,Flora,Gentianaceae,13112,Chionogentias diemensis,,,,,1,
Plantae,Flora,Gentianaceae,3134,Cicendia filiformis,*,,,,5,
Plantae,Flora,Gentianaceae,3135,Cicendia quadrangularis,*,,,,167,
Plantae,Flora,Gentianaceae,CICE,Cicendia spp.,*,,,,1,
Plantae,Flora,Gentianaceae,7397,Gentiana baeuerlenii,,Baeuerlen's Gentian,E1,E,2,
Plantae,Flora,Gentianaceae,7416,^Gentiana bredboensis,,Bredbo Gentian,"E4A,2",CE,7,
Plantae,Flora,Gentianaceae,7631,^^Gentiana wingecarribiensis,,Wingecarribee Gentian,"E4A,3",E,39,
Plantae,Flora,Gentianaceae,7787,Gentiana wissmannii,,New England Gentian,E4A,CE,24,
Plantae,Flora,Gentianaceae,14545,Gentianella barringtonensis,,Barrington Snow Gentian,,,10,
Plantae,Flora,Gentianaceae,14547,Gentianella cunninghamii subsp. cunninghamii,,Cunningham's snow-gentian,,,32,
Plantae,Flora,Gentianaceae,3136,Gentianella diemensis,,,,,11,
Plantae,Flora,Gentianaceae,14548,Gentianella muelleriana,,,,,125,
Plantae,Flora,Gentianaceae,14550,Gentianella muelleriana subsp. alpestris,,,,,77,
Plantae,Flora,Gentianaceae,14549,Gentianella muelleriana subsp. jingerensis,,,,,8,
Plantae,Flora,Gentianaceae,14551,Gentianella polysperes,,early forest-gentian,,,8,
Plantae,Flora,Gentianaceae,GENL,Gentianella spp.,,,,,10,
Plantae,Flora,Gentianaceae,14552,Gentianella sylvicola,,Late Forest-gentian,,,14,
Plantae,Flora,Gentianaceae,14606,Schenkia australis,,Spike Centaury,,,132,
Plantae,Flora,Gentianaceae,13834,Schenkia spicata,,Spike Centaury,,,1052,
Plantae,Flora,Gentianaceae,3137,Sebaea ovata,,Yellow Centaury,,,246,
Plantae,Flora,Gentianaceae,SEBA,Sebaea spp.,,,,,2,
Plantae,Flora,Gentianaceae,13113,Sebaea zeyheri subsp. cleistantha,*,,,,3,
Plantae,Flora,Geocalycaceae,11551,Lophocolea spp.,,,,,3,
Plantae,Flora,Geraniaceae,3138,Erodium aureum,*,,,,25,
Plantae,Flora,Geraniaceae,3139,Erodium botrys,*,Long Storksbill,,,453,
Plantae,Flora,Geraniaceae,3140,Erodium brachycarpum,*,Heronsbill,,,65,
Plantae,Flora,Geraniaceae,12382,Erodium carolinianum,,,,,7,
Plantae,Flora,Geraniaceae,3141,Erodium cicutarium,*,Common Crowfoot,,,2945,
Plantae,Flora,Geraniaceae,3142,Erodium crinitum,,Blue Crowfoot,,,6156,
Plantae,Flora,Geraniaceae,7137,Erodium cygnorum subsp. glandulosum,,,,,47,
Plantae,Flora,Geraniaceae,13114,Erodium janszii,*,,,,1,
Plantae,Flora,Geraniaceae,3144,Erodium malacoides,*,,,,77,
Plantae,Flora,Geraniaceae,3145,Erodium moschatum,*,Musky Crowfoot,,,294,
Plantae,Flora,Geraniaceae,EROI,Erodium spp.,,Crowfoot,,,593,
Plantae,Flora,Geraniaceae,3146,Geranium antrorsum,,,,,583,
Plantae,Flora,Geraniaceae,15165,Geranium brevicaule,,,,,23,
Plantae,Flora,Geraniaceae,10096,Geranium dissectum,*,,,,19,
Plantae,Flora,Geraniaceae,14683,Geranium gardneri,,Rough Cranes-bill,,,27,
Plantae,Flora,Geraniaceae,3147,Geranium graniticola,,,,,59,
Plantae,Flora,Geraniaceae,3148,Geranium homeanum,,,,,3672,
Plantae,Flora,Geraniaceae,11792,Geranium lucidum,*,Shining Geranium,,,1,
Plantae,Flora,Geraniaceae,10093,Geranium molle subsp. molle,*,Cranesbill Geranium,,,842,
Plantae,Flora,Geraniaceae,3150,Geranium neglectum,,,,,468,
Plantae,Flora,Geraniaceae,3151,Geranium obtusisepalum,,,,,35,
Plantae,Flora,Geraniaceae,3152,Geranium potentilloides,,,,,1208,
Plantae,Flora,Geraniaceae,6438,Geranium potentilloides var. abditum,,,,,97,
Plantae,Flora,Geraniaceae,7107,Geranium potentilloides var. potentilloides,,,,,1138,
Plantae,Flora,Geraniaceae,10097,Geranium purpureum subsp. purpureum,*,,,,7,
Plantae,Flora,Geraniaceae,3154,Geranium retrorsum,,Cranesbill Geranium,,,1019,
Plantae,Flora,Geraniaceae,11200,Geranium robertianum,*,Herb Robert,,,6,
Plantae,Flora,Geraniaceae,3156,Geranium solanderi,,Native Geranium,,,9472,
Plantae,Flora,Geraniaceae,7407,Geranium solanderi var. grande,,,,,112,
Plantae,Flora,Geraniaceae,8226,Geranium solanderi var. solanderi,,,,,7435,
Plantae,Flora,Geraniaceae,13115,Geranium sp. 2,,,,,1,
Plantae,Flora,Geraniaceae,11658,Geranium sp. 7,*,,,,3,
Plantae,Flora,Geraniaceae,13116,Geranium sp. A,,,,,11,
Plantae,Flora,Geraniaceae,13117,Geranium sp. B,,,,,6,
Plantae,Flora,Geraniaceae,13118,Geranium sp. C,,,,,18,
Plantae,Flora,Geraniaceae,GERA,Geranium spp.,,,,,3573,
Plantae,Flora,Geraniaceae,11129,Pelargonium asperum,*,Rose Geranium,,,9,
Plantae,Flora,Geraniaceae,3157,Pelargonium australe,,Native Storksbill,,,464,
Plantae,Flora,Geraniaceae,13119,Pelargonium australe subsp. australe,,,,,23,
Plantae,Flora,Geraniaceae,3158,Pelargonium capitatum,*,,,,23,
Plantae,Flora,Geraniaceae,8505,Pelargonium domesticum,*,Pelargonium,,,30,
Plantae,Flora,Geraniaceae,3159,Pelargonium fragrans,*,Nutmeg Geranium,,,3,
Plantae,Flora,Geraniaceae,3160,Pelargonium helmsii,,,,,14,
Plantae,Flora,Geraniaceae,3161,Pelargonium inodorum,,,,,394,
Plantae,Flora,Geraniaceae,13122,Pelargonium quercifolium,*,,,,1,
Plantae,Flora,Geraniaceae,3162,Pelargonium rodneyanum,,Magenta Storksbill,,,13,
Plantae,Flora,Geraniaceae,13749,Pelargonium sp. Striatellum,,Omeo Storksbill,E1,E,28,
Plantae,Flora,Geraniaceae,PELA,Pelargonium spp.,,,,,197,
Plantae,Flora,Gesneriaceae,3163,Fieldia australis,,,,,661,
Plantae,Flora,Gesneriaceae,FIEL,Fieldia spp.,,,,,2,
Plantae,Flora,Gesneriaceae,3164,Negria rhabdothamnoides,,Pumpkin Tree,,,32,
Plantae,Flora,Ginkgoaceae,11761,Ginkgo biloba,*,Common Ginkgo,,,13,
Plantae,Flora,Gleicheniaceae,11076,Dicranopteris linearis var. linearis,,,P,,31,
Plantae,Flora,Gleicheniaceae,7138,Gleichenia dicarpa,,Pouched Coral Fern,,,5228,
Plantae,Flora,Gleicheniaceae,9167,Gleichenia mendellii,,,,,43,
Plantae,Flora,Gleicheniaceae,6708,Gleichenia microphylla,,Scrambling Coral Fern,,,1045,
Plantae,Flora,Gleicheniaceae,8093,Gleichenia rupestris,,,,,326,
Plantae,Flora,Gleicheniaceae,GLEI,Gleichenia spp.,,,,,55,
Plantae,Flora,Gleicheniaceae,11175,Sticherus flabellatus var. flabellatus,,Umbrella Fern,P,,1071,
Plantae,Flora,Gleicheniaceae,7035,Sticherus lobatus,,Spreading Shield Fern,,,582,
Plantae,Flora,Gleicheniaceae,STIC,Sticherus spp.,,,,,57,
Plantae,Flora,Gleicheniaceae,10517,Sticherus urceolatus,,Silky Fan Fern,,,60,
Plantae,Flora,Goodeniaceae,1863,Brunonia australis,,Blue Pincushion,,,840,
Plantae,Flora,Goodeniaceae,3166,Coopernookia barbata,,Purple Goodenia,,,461,
Plantae,Flora,Goodeniaceae,3167,Coopernookia chisholmii,,,,,61,
Plantae,Flora,Goodeniaceae,COOP,Coopernookia spp.,,,,,5,
Plantae,Flora,Goodeniaceae,3168,Dampiera adpressa,,Purple Beauty Bush,,,269,
Plantae,Flora,Goodeniaceae,7440,Dampiera fusca,,Kydra Dampiera,E1,,492,
Plantae,Flora,Goodeniaceae,9745,Dampiera lanceolata var. lanceolata,,,,,645,
Plantae,Flora,Goodeniaceae,3172,Dampiera purpurea,,,,,1709,
Plantae,Flora,Goodeniaceae,3173,Dampiera scottiana,,,,,54,
Plantae,Flora,Goodeniaceae,DAMP,Dampiera spp.,,,,,61,
Plantae,Flora,Goodeniaceae,3174,Dampiera stricta,,,,,7353,
Plantae,Flora,Goodeniaceae,6658,Dampiera sylvestris,,,,,203,
Plantae,Flora,Goodeniaceae,3175,Goodenia bellidifolia,,,,,2411,
Plantae,Flora,Goodeniaceae,9078,Goodenia bellidifolia subsp. argentea,,,,,203,
Plantae,Flora,Goodeniaceae,8711,Goodenia bellidifolia subsp. bellidifolia,,,,,1753,
Plantae,Flora,Goodeniaceae,8540,Goodenia berardiana,,,,,35,
Plantae,Flora,Goodeniaceae,3176,Goodenia calcarata,,,,,25,
Plantae,Flora,Goodeniaceae,13123,Goodenia concinna,,,,,1,
Plantae,Flora,Goodeniaceae,3177,Goodenia cycloptera,,Cut-leaf Goodenia,,,1376,
Plantae,Flora,Goodeniaceae,3178,Goodenia decurrens,,,,,218,
Plantae,Flora,Goodeniaceae,9757,Goodenia delicata,,,,,9,
Plantae,Flora,Goodeniaceae,3179,Goodenia dimorpha,,,,,982,
Plantae,Flora,Goodeniaceae,9401,Goodenia dimorpha var. angustifolia,,,,,30,
Plantae,Flora,Goodeniaceae,8874,Goodenia dimorpha var. dimorpha,,,,,30,
Plantae,Flora,Goodeniaceae,3180,Goodenia elongata,,,,,36,
Plantae,Flora,Goodeniaceae,3181,Goodenia fascicularis,,Mallee Goodenia,,,2417,
Plantae,Flora,Goodeniaceae,8593,Goodenia fordiana,,,,,128,
Plantae,Flora,Goodeniaceae,3182,Goodenia glabra,,Smooth Goodenia,,,1367,
Plantae,Flora,Goodeniaceae,3183,Goodenia glauca,,Pale Goodenia,,,722,
Plantae,Flora,Goodeniaceae,3184,Goodenia glomerata,,,,,40,
Plantae,Flora,Goodeniaceae,3185,Goodenia gracilis,,,,,1199,
Plantae,Flora,Goodeniaceae,3186,Goodenia grandiflora,,Large-flowered Goodenia,,,55,
Plantae,Flora,Goodeniaceae,3187,Goodenia havilandii,,,,,180,
Plantae,Flora,Goodeniaceae,3188,Goodenia hederacea,,Ivy Goodenia,,,5992,
Plantae,Flora,Goodeniaceae,7958,Goodenia hederacea subsp. alpestris,,,,,294,
Plantae,Flora,Goodeniaceae,9279,Goodenia hederacea subsp. hederacea,,,,,6839,
Plantae,Flora,Goodeniaceae,3189,Goodenia heteromera,,,,,467,
Plantae,Flora,Goodeniaceae,3190,Goodenia heterophylla,,,,,1573,
Plantae,Flora,Goodeniaceae,8755,Goodenia heterophylla subsp. eglandulosa,,,,,496,
Plantae,Flora,Goodeniaceae,10197,Goodenia heterophylla subsp. heterophylla,,,,,1124,
Plantae,Flora,Goodeniaceae,10198,Goodenia heterophylla subsp. montana,,,,,78,
Plantae,Flora,Goodeniaceae,3191,Goodenia humilis,,,,,14,
Plantae,Flora,Goodeniaceae,7121,Goodenia lunata,,,,,129,
Plantae,Flora,Goodeniaceae,9168,Goodenia macbarronii,,Narrow Goodenia,,,237,
Plantae,Flora,Goodeniaceae,12014,Goodenia nocoleche,,Nocoleche Goodenia,V,,15,
Plantae,Flora,Goodeniaceae,8541,Goodenia occidentalis,,Western Goodenia,E1,,4,
Plantae,Flora,Goodeniaceae,3192,Goodenia ovata,,Hop Goodenia,,,3645,
Plantae,Flora,Goodeniaceae,13125,Goodenia paludicola,,,,,2,
Plantae,Flora,Goodeniaceae,7057,Goodenia paniculata,,,,,1350,
Plantae,Flora,Goodeniaceae,3193,Goodenia pinnatifida,,Scrambles Eggs,,,2215,
Plantae,Flora,Goodeniaceae,3194,Goodenia pusilliflora,,,,,976,
Plantae,Flora,Goodeniaceae,3195,Goodenia rostrivalvis,,,,,38,
Plantae,Flora,Goodeniaceae,3196,Goodenia rotundifolia,,,,,2016,
Plantae,Flora,Goodeniaceae,GOOD,Goodenia spp.,,,,,1962,
Plantae,Flora,Goodeniaceae,3197,Goodenia stelligera,,Spiked Goodenia,,,407,
Plantae,Flora,Goodeniaceae,3198,Goodenia stephensonii,,,,,61,
Plantae,Flora,Goodeniaceae,3199,Goodenia varia,,Sticky Goodenia,,,18,
Plantae,Flora,Goodeniaceae,8489,Goodenia willisiana,,,,,169,
Plantae,Flora,Goodeniaceae,13126,Lechenaultia biloba,,,,,1,
Plantae,Flora,Goodeniaceae,3200,Lechenaultia divaricata,,,,,20,
Plantae,Flora,Goodeniaceae,3201,Scaevola aemula,,Fairy Fan-flower,,,205,
Plantae,Flora,Goodeniaceae,3202,Scaevola albida,,Pale Fan-flower,,,211,
Plantae,Flora,Goodeniaceae,9209,Scaevola albida var. albida,,,,,112,
Plantae,Flora,Goodeniaceae,10199,Scaevola albida var. pallida,,,,,9,
Plantae,Flora,Goodeniaceae,3203,Scaevola calendulacea,,,,,296,
Plantae,Flora,Goodeniaceae,9470,Scaevola collaris,,Fan Flower,E1,,1,
Plantae,Flora,Goodeniaceae,3204,Scaevola depauperata,,Skeleton Fan-flower,,,103,
Plantae,Flora,Goodeniaceae,3205,Scaevola hookeri,,,,,107,
Plantae,Flora,Goodeniaceae,3206,Scaevola humilis,,,,,198,
Plantae,Flora,Goodeniaceae,7150,Scaevola parvibarbata,,,,,66,
Plantae,Flora,Goodeniaceae,3208,Scaevola ramosissima,,Purple Fan-flower,,,1840,
Plantae,Flora,Goodeniaceae,3209,Scaevola spinescens,,,,,316,
Plantae,Flora,Goodeniaceae,SCAE,Scaevola spp.,,,,,52,
Plantae,Flora,Goodeniaceae,3210,Selliera radicans,,Swamp Weed,,,550,
Plantae,Flora,Goodeniaceae,SELL,Selliera spp.,,,,,5,
Plantae,Flora,Goodeniaceae,3211,Velleia arguta,,,,,34,
Plantae,Flora,Goodeniaceae,3212,Velleia connata,,,,,33,
Plantae,Flora,Goodeniaceae,3213,Velleia glabrata,,,,,61,
Plantae,Flora,Goodeniaceae,3214,Velleia lyrata,,,,,46,
Plantae,Flora,Goodeniaceae,3215,Velleia montana,,Mountain Velleia,,,199,
Plantae,Flora,Goodeniaceae,3216,Velleia paradoxa,,,,,728,
Plantae,Flora,Goodeniaceae,3217,Velleia parvisepta,,,,,18,
Plantae,Flora,Goodeniaceae,3218,Velleia perfoliata,,,V,V,112,
Plantae,Flora,Goodeniaceae,3219,Velleia spathulata,,,,,153,
Plantae,Flora,Goodeniaceae,VELL,Velleia spp.,,,,,28,
Plantae,Flora,Grammitidaceae,10518,Grammitis billardierei,,Finger Fern,,,344,
Plantae,Flora,Grammitidaceae,8096,Grammitis diminuta,,,,,20,
Plantae,Flora,Grammitidaceae,10454,Grammitis nudicarpa,,,,,3,
Plantae,Flora,Grammitidaceae,11027,Grammitis poeppigiana,,,,,8,
Plantae,Flora,Grammitidaceae,GRAM,Grammitis spp.,,,,,19,
Plantae,Flora,Grammitidaceae,9471,^^Grammitis stenophylla,,Narrow-leaf Finger Fern,"E1,3",,174,
Plantae,Flora,Grammitidaceae,8098,Grammitis wattsii,,,,,17,
Plantae,Flora,Grossulariaceae,RIBE,Ribes spp.,*,,,,1,
Plantae,Flora,Grossulariaceae,10665,Ribes uva-crispa,*,Gooseberry,,,3,
Plantae,Flora,Gyrostemonaceae,3231,Codonocarpus attenuatus,,Bell-fruit Tree,,,66,
Plantae,Flora,Gyrostemonaceae,3232,Codonocarpus cotinifolius,,Native Poplar,,,104,
Plantae,Flora,Gyrostemonaceae,3233,Codonocarpus pyramidalis,,,E4,V,4,
Plantae,Flora,Gyrostemonaceae,CODO,Codonocarpus spp.,,,,,1,
Plantae,Flora,Gyrostemonaceae,3235,Gyrostemon australasicus,,,,,10,
Plantae,Flora,Gyrostemonaceae,9411,^^Gyrostemon thesioides,,,"E1,3",,233,
Plantae,Flora,Haemodoraceae,12110,Anigozanthos flavidus,*,Tall Kangaroo Paw,,,10,
Plantae,Flora,Haemodoraceae,12566,Anigozanthos rufus,*,,,,1,
Plantae,Flora,Haemodoraceae,ANIG,Anigozanthos spp.,*,,,,13,
Plantae,Flora,Haemodoraceae,9310,Haemodorum austroqueenslandicum,,,,,60,
Plantae,Flora,Haemodoraceae,6435,Haemodorum corymbosum,,,,,668,
Plantae,Flora,Haemodoraceae,3236,Haemodorum planifolium,,,,,1322,
Plantae,Flora,Haemodoraceae,13127,Haemodorum planifolium subsp. brevistylum,,,,,4,
Plantae,Flora,Haemodoraceae,13128,Haemodorum planifolium subsp. planifolium,,,,,30,
Plantae,Flora,Haemodoraceae,HAEM,Haemodorum spp.,,,,,97,
Plantae,Flora,Haemodoraceae,3237,Haemodorum tenuifolium,,,,,31,
Plantae,Flora,Haloragaceae,3238,Glischrocaryon behrii,,Golden Pennants,,,1,
Plantae,Flora,Haloragaceae,9266,Gonocarpus chinensis subsp. verrucosus,,,,,128,
Plantae,Flora,Haloragaceae,3240,Gonocarpus elatus,,,,,3355,
Plantae,Flora,Haloragaceae,12293,Gonocarpus hirtus,,,,,1,
Plantae,Flora,Haloragaceae,3241,Gonocarpus humilis,,,,,478,
Plantae,Flora,Haloragaceae,3242,Gonocarpus longifolius,,,,,176,
Plantae,Flora,Haloragaceae,3243,Gonocarpus micranthus,,,,,2672,
Plantae,Flora,Haloragaceae,8649,Gonocarpus micranthus subsp. micranthus,,,,,720,
Plantae,Flora,Haloragaceae,8648,Gonocarpus micranthus subsp. ramosissimus,,,,,497,
Plantae,Flora,Haloragaceae,3244,Gonocarpus montanus,,,,,175,
Plantae,Flora,Haloragaceae,3245,Gonocarpus oreophilus,,,,,518,
Plantae,Flora,Haloragaceae,3246,Gonocarpus salsoloides,,,,,846,
Plantae,Flora,Haloragaceae,GONO,Gonocarpus spp.,,Raspwort,,,511,
Plantae,Flora,Haloragaceae,3247,Gonocarpus tetragynus,,Poverty Raspwort,,,15836,
Plantae,Flora,Haloragaceae,3248,Gonocarpus teucrioides,,Germander Raspwort,,,9876,
Plantae,Flora,Haloragaceae,HLRGC,Haloragaceae indeterminate,*,Raspworts and milfoils,,,5,
Plantae,Flora,Haloragaceae,3249,Haloragis aspera,,Rough Raspwort,,,848,
Plantae,Flora,Haloragaceae,3250,Haloragis exalata,,,,,23,
Plantae,Flora,Haloragaceae,9512,Haloragis exalata subsp. exalata,,Square Raspwort,V,V,393,
Plantae,Flora,Haloragaceae,11304,Haloragis exalata subsp. exalata var. exalata,,,,,77,
Plantae,Flora,Haloragaceae,11305,Haloragis exalata subsp. exalata var. laevis,,,,,6,
Plantae,Flora,Haloragaceae,9172,Haloragis exalata subsp. velutina,,Tall Velvet Sea-berry,V,V,121,
Plantae,Flora,Haloragaceae,7455,Haloragis glauca f. glauca,,,,,776,
Plantae,Flora,Haloragaceae,3252,Haloragis heterophylla,,Variable Raspwort,,,4694,
Plantae,Flora,Haloragaceae,3253,Haloragis odontocarpa,,,,,155,
Plantae,Flora,Haloragaceae,7443,Haloragis odontocarpa f. octoforma,,,,,8,
Plantae,Flora,Haloragaceae,7816,Haloragis odontocarpa f. pterocarpa,,,,,10,
Plantae,Flora,Haloragaceae,7632,Haloragis odontocarpa f. rugosa,,,,,2,
Plantae,Flora,Haloragaceae,3254,Haloragis serra,,,,,160,
Plantae,Flora,Haloragaceae,HALR,Haloragis spp.,,,,,210,
Plantae,Flora,Haloragaceae,3256,Haloragodendron baeuerlenii,,,,,30,
Plantae,Flora,Haloragaceae,12164,Haloragodendron gibsonii,,,,,18,
Plantae,Flora,Haloragaceae,3257,Haloragodendron lucasii,,,E1,E,124,
Plantae,Flora,Haloragaceae,3258,Haloragodendron monospermum,,,,,60,
Plantae,Flora,Haloragaceae,7915,Myriophyllum alpinum,,,,,34,
Plantae,Flora,Haloragaceae,3259,Myriophyllum aquaticum,*,Parrots Feather,,,205,
Plantae,Flora,Haloragaceae,7123,Myriophyllum caput-medusae,,Cat-tail,,,44,
Plantae,Flora,Haloragaceae,6724,Myriophyllum crispatum,,,,,4536,
Plantae,Flora,Haloragaceae,7051,Myriophyllum glomeratum,,Clustered Water-milfoil,,,3,
Plantae,Flora,Haloragaceae,3261,Myriophyllum gracile,,,,,3,
Plantae,Flora,Haloragaceae,7518,Myriophyllum gracile var. gracile,,,,,11,
Plantae,Flora,Haloragaceae,7456,Myriophyllum gracile var. lineare,,,,,31,
Plantae,Flora,Haloragaceae,7867,^Myriophyllum implicatum,,,"E4A,2",,27,
Plantae,Flora,Haloragaceae,3263,Myriophyllum latifolium,,,,,82,
Plantae,Flora,Haloragaceae,7733,Myriophyllum lophatum,,,,,11,
Plantae,Flora,Haloragaceae,7738,Myriophyllum papillosum,,,,,1303,
Plantae,Flora,Haloragaceae,3264,Myriophyllum pedunculatum,,Water-milfoil,,,88,
Plantae,Flora,Haloragaceae,6433,Myriophyllum pedunculatum subsp. longibracteolatum,,Water-milfoil,,,7,
Plantae,Flora,Haloragaceae,7096,Myriophyllum pedunculatum subsp. pedunculatum,,,,,66,
Plantae,Flora,Haloragaceae,3265,Myriophyllum propinquum,,,,,103,
Plantae,Flora,Haloragaceae,7018,Myriophyllum salsugineum,,,,,4,
Plantae,Flora,Haloragaceae,6677,Myriophyllum simulans,,,,,164,
Plantae,Flora,Haloragaceae,MYRI,Myriophyllum spp.,,,,,693,
Plantae,Flora,Haloragaceae,7059,Myriophyllum striatum,,,,,14,
Plantae,Flora,Haloragaceae,6545,Myriophyllum variifolium,,,,,242,
Plantae,Flora,Haloragaceae,6546,Myriophyllum verrucosum,,Red Water-milfoil,,,360,
Plantae,Flora,Hamamelidaceae,11772,Liquidambar orientalis,*,,,,12,
Plantae,Flora,Hamamelidaceae,11683,Liquidambar spp.,*,,,,33,
Plantae,Flora,Hamamelidaceae,11353,Liquidambar styraciflua,*,Sweetgum,,,395,
Plantae,Flora,Hormosiraceae,14060,Hormosira banksii,,Neptune's Necklace,,,3,
Plantae,Flora,Hyacinthaceae,11999,Eucomis bicolor,*,,,,1,
Plantae,Flora,Hyacinthaceae,12000,Eucomis comosa,*,,,,3,
Plantae,Flora,Hyacinthaceae,11210,Hyacinthoides non-scripta,*,,,,1,
Plantae,Flora,Hyacinthaceae,10263,Muscari armeniacum,*,Common Grape Hyacinth,,,15,
Plantae,Flora,Hyacinthaceae,MUSC,Muscari spp.,*,,,,1,
Plantae,Flora,Hyacinthaceae,10262,Ornithogalum longibracteatum,*,Pregnant Onion,,,1,
Plantae,Flora,Hyacinthaceae,6957,Ornithogalum thyrsoides,*,,,,1,
Plantae,Flora,Hyacinthaceae,3564,Ornithogalum umbellatum,*,Star of Bethlehem,,,10,
Plantae,Flora,Hydatellaceae,3267,Trithuria submersa,,,,,4,
Plantae,Flora,Hydrangeaceae,12113,Deutzia crenata,*,,,,4,
Plantae,Flora,Hydrangeaceae,11742,Hydrangea macrophylla,*,,,,68,
Plantae,Flora,Hydrangeaceae,11663,Hydrangea spp.,*,,,,21,
Plantae,Flora,Hydrocharitaceae,3268,Egeria densa,*,Dense Waterweed,,,33,
Plantae,Flora,Hydrocharitaceae,EGER,Egeria spp.,*,,,,1,
Plantae,Flora,Hydrocharitaceae,3269,Elodea canadensis,*,Elodea,,,41,
Plantae,Flora,Hydrocharitaceae,3270,Halophila decipiens,,,,,7,
Plantae,Flora,Hydrocharitaceae,3271,Halophila ovalis,,,,,56,
Plantae,Flora,Hydrocharitaceae,6772,Hydrilla verticillata,,Hydrilla,,,37,
Plantae,Flora,Hydrocharitaceae,3272,Hydrocharis dubia,,Frogbit,,,4,
Plantae,Flora,Hydrocharitaceae,10855,Ottelia ovalifolia subsp. ovalifolia,,Swamp Lily,,,493,
Plantae,Flora,Hydrocharitaceae,OTTE,Ottelia spp.,,,,,12,
Plantae,Flora,Hydrocharitaceae,14246,Vallisneria australis,,Eelweed,,,215,
Plantae,Flora,Hydrocharitaceae,VALL,Vallisneria spp.,,,,,13,
Plantae,Flora,Hydrophyllaceae,3274,Phacelia tanacetifolia,*,Tansy,,,4,
Plantae,Flora,Hymenophyllaceae,12491,Cephalomanes atrovirens subsp. atrovirens,,,,,1,
Plantae,Flora,Hymenophyllaceae,10438,Cephalomanes bauerianum,,,,,37,
Plantae,Flora,Hymenophyllaceae,12034,Cephalomanes caudatum,,Jungle Bristle Fern,,,137,
Plantae,Flora,Hymenophyllaceae,12134,Cephalomanes obscurum,,,,,3,
Plantae,Flora,Hymenophyllaceae,12518,Crepidomanes saxifragoides,,,,,32,
Plantae,Flora,Hymenophyllaceae,12520,Crepidomanes venosum,,,,,245,
Plantae,Flora,Hymenophyllaceae,12517,Crepidomanes vitiense,,,,,8,
Plantae,Flora,Hymenophyllaceae,8104,Hymenophyllum australe,,,,,69,
Plantae,Flora,Hymenophyllaceae,8106,Hymenophyllum bivalve,,,,,30,
Plantae,Flora,Hymenophyllaceae,8107,Hymenophyllum cupressiforme,,Common Filmy Fern,,,650,
Plantae,Flora,Hymenophyllaceae,8108,Hymenophyllum flabellatum,,Shiny Filmy Fern,,,126,
Plantae,Flora,Hymenophyllaceae,10458,Hymenophyllum howense,,,,,7,
Plantae,Flora,Hymenophyllaceae,12428,Hymenophyllum lyalii,,,,,42,
Plantae,Flora,Hymenophyllaceae,8109,Hymenophyllum marginatum,,Bordered Filmy Fern,,,20,
Plantae,Flora,Hymenophyllaceae,8110,Hymenophyllum moorei,,,,,16,
Plantae,Flora,Hymenophyllaceae,8112,Hymenophyllum peltatum,,Alpine Filmy Fern,,,28,
Plantae,Flora,Hymenophyllaceae,8113,Hymenophyllum pumilum,,,,,13,
Plantae,Flora,Hymenophyllaceae,8114,Hymenophyllum rarum,,Narrow Filmy Fern,,,27,
Plantae,Flora,Hymenophyllaceae,HYME,Hymenophyllum spp.,,,,,20,
Plantae,Flora,Hymenophyllaceae,12522,Trichomanes tahitense,,,,,1,
Plantae,Flora,Hypnodendraceae,11590,Hypnodendron vitiense,,,,,3,
Plantae,Flora,Hypoxidaceae,9142,Curculigo ensifolia var. ensifolia,,,,,22,
Plantae,Flora,Hypoxidaceae,6488,Hypoxis exilis,,Swamp Star,,,21,
Plantae,Flora,Hypoxidaceae,7493,Hypoxis glabella var. glabella,,Tiny Star,,,352,
Plantae,Flora,Hypoxidaceae,3553,Hypoxis hygrometrica,,Golden Weather-grass,,,1071,
Plantae,Flora,Hypoxidaceae,7648,Hypoxis hygrometrica var. hygrometrica,,,,,318,
Plantae,Flora,Hypoxidaceae,13132,Hypoxis hygrometrica var. hypoglaucum,,,,,1,
Plantae,Flora,Hypoxidaceae,7574,Hypoxis hygrometrica var. splendida,,,,,17,
Plantae,Flora,Hypoxidaceae,7561,Hypoxis hygrometrica var. villosisepala,,,,,259,
Plantae,Flora,Hypoxidaceae,7858,Hypoxis pratensis,,Golden Weather-grass,,,31,
Plantae,Flora,Hypoxidaceae,7859,Hypoxis pratensis var. pratensis,,,,,70,
Plantae,Flora,Hypoxidaceae,6897,Hypoxis pratensis var. tuberculata,,,,,5,
Plantae,Flora,Hypoxidaceae,HYPO,Hypoxis spp.,,,,,366,
Plantae,Flora,Hypoxidaceae,10257,Hypoxis vaginata,,Yellow Star,,,4,
Plantae,Flora,Hypoxidaceae,6679,Hypoxis vaginata var. brevistigmata,,,,,9,
Plantae,Flora,Hypoxidaceae,6879,Hypoxis vaginata var. vaginata,,,,,5,
Plantae,Flora,Iridaceae,3277,Anomatheca laxa,*,,,,17,
Plantae,Flora,Iridaceae,9722,Aristea ecklonii,*,,,,104,
Plantae,Flora,Iridaceae,14110,Babiana angustifolia,*,,,,1,
Plantae,Flora,Iridaceae,3278,Babiana stricta,*,,,,14,
Plantae,Flora,Iridaceae,3279,Chasmanthe floribunda,*,African Cornflag,,,8,
Plantae,Flora,Iridaceae,CROC,Crocosmia spp.,*,,,,9,
Plantae,Flora,Iridaceae,10271,Crocosmia x crocosmiiflora,*,Montbretia,,,332,
Plantae,Flora,Iridaceae,3281,Dierama pendulum,*,Elfin Wands,,,4,
Plantae,Flora,Iridaceae,11579,Dietes bicolor,*,,,,75,
Plantae,Flora,Iridaceae,11690,Dietes grandiflora,*,,,,165,
Plantae,Flora,Iridaceae,3283,Dietes robinsoniana,,Lord Howe Wedding Lily,,,14,
Plantae,Flora,Iridaceae,DIET,Dietes spp.,,,,,94,
Plantae,Flora,Iridaceae,11779,Dietes vegeta,*,,,,2,
Plantae,Flora,Iridaceae,7836,Diplarrena moraea,,White Iris,,,85,
Plantae,Flora,Iridaceae,13134,Ferraria crispa,*,Black Flag,,,1,
Plantae,Flora,Iridaceae,14109,Freesia alba x leichtlinii,*,,,,4,
Plantae,Flora,Iridaceae,10698,Freesia hybrid,*,Freesia,,,148,
Plantae,Flora,Iridaceae,FREE,Freesia spp.,*,,,,79,
Plantae,Flora,Iridaceae,3286,Gladiolus angustus,*,,,,4,
Plantae,Flora,Iridaceae,3287,Gladiolus carneus,*,Painted Lady,,,6,
Plantae,Flora,Iridaceae,11693,Gladiolus communis,*,Cornflag,,,1,
Plantae,Flora,Iridaceae,11646,Gladiolus dalenii,*,,,,4,
Plantae,Flora,Iridaceae,3288,Gladiolus gueinzii,*,,,,56,
Plantae,Flora,Iridaceae,13988,Gladiolus hortulanus,*,,,,2,
Plantae,Flora,Iridaceae,GLAD,Gladiolus spp.,*,,,,76,
Plantae,Flora,Iridaceae,3289,Gladiolus undulatus,*,Wild Gladiolus,,,39,
Plantae,Flora,Iridaceae,9767,Herbertia lahue subsp. caerulea,*,,,,59,
Plantae,Flora,Iridaceae,HOME,Homeria spp.,*,,,,1,
Plantae,Flora,Iridaceae,IRID,Iridaceae indeterminate,*,Unidentified Iris family,,,16,
Plantae,Flora,Iridaceae,3296,Iris germanica,*,Tall Bearded Iris,,,38,
Plantae,Flora,Iridaceae,13136,Iris laevigata,*,,,,1,
Plantae,Flora,Iridaceae,IRIS,Iris spp.,*,,,,67,
Plantae,Flora,Iridaceae,3297,Ixia flexuosa,*,Corn Lily,,,3,
Plantae,Flora,Iridaceae,10268,Ixia maculata,*,,,,2,
Plantae,Flora,Iridaceae,10267,Ixia polystachya,*,Variable Ixia,,,5,
Plantae,Flora,Iridaceae,IXIA,Ixia spp.,*,,,,6,
Plantae,Flora,Iridaceae,3298,Libertia paniculata,,Branching Grass-flag,,,573,
Plantae,Flora,Iridaceae,3299,Libertia pulchella,,,,,45,
Plantae,Flora,Iridaceae,LIBE,Libertia spp.,,,,,2,
Plantae,Flora,Iridaceae,10858,Moraea collina,*,,,,4,
Plantae,Flora,Iridaceae,10859,Moraea flaccida,*,One-leaved Cape Tulip,,,11,
Plantae,Flora,Iridaceae,10860,Moraea miniata,*,Two-leaved Cape Tulip,,,21,
Plantae,Flora,Iridaceae,10861,Moraea ochroleuca,*,,,,6,
Plantae,Flora,Iridaceae,10862,Moraea setifolia,*,Thread Iris,,,184,
Plantae,Flora,Iridaceae,3300,Patersonia fragilis,,Swamp Iris,,,895,
Plantae,Flora,Iridaceae,3301,Patersonia glabrata,,Leafy Purple-flag,,,5228,
Plantae,Flora,Iridaceae,3302,Patersonia longifolia,,,,,662,
Plantae,Flora,Iridaceae,3303,Patersonia sericea,,Silky Purple-Flag,,,7047,
Plantae,Flora,Iridaceae,7977,Patersonia sp. aff. fragilis,,,,,32,
Plantae,Flora,Iridaceae,PATE,Patersonia spp.,,,,,343,
Plantae,Flora,Iridaceae,6626,Romulea flava,*,,,,2,
Plantae,Flora,Iridaceae,3304,Romulea minutiflora,*,Small-flowered Onion Grass,,,205,
Plantae,Flora,Iridaceae,7477,Romulea rosea var. australis,*,Onion Grass,,,2849,
Plantae,Flora,Iridaceae,ROMU,Romulea spp.,*,,,,116,
Plantae,Flora,Iridaceae,3306,Sisyrinchium iridifolium,*,Blue Pigroot,,,92,
Plantae,Flora,Iridaceae,14929,Sisyrinchium rosulatum,*,Scourweed,,,565,
Plantae,Flora,Iridaceae,SISR,Sisyrinchium spp.,*,,,,79,
Plantae,Flora,Iridaceae,10270,Sparaxis bulbifera,*,Harlequin Flower,,,3,
Plantae,Flora,Iridaceae,10269,Sparaxis tricolor,*,Tricolor Harlequin Flower,,,1,
Plantae,Flora,Iridaceae,3308,Tritonia lineata,*,Lined Tritonia,,,29,
Plantae,Flora,Iridaceae,TRIT,Tritonia spp.,*,,,,1,
Plantae,Flora,Iridaceae,10265,Watsonia borbonica subsp. ardernei,*,,,,14,
Plantae,Flora,Iridaceae,9237,Watsonia meriana,*,,,,365,
Plantae,Flora,Iridaceae,WATS,Watsonia spp.,*,,,,121,
Plantae,Flora,Isoetaceae,8123,Isoetes drummondii subsp. anomala,,,,,3,
Plantae,Flora,Isoetaceae,8125,Isoetes muelleri,,Quillwort,,,19,
Plantae,Flora,Isoetaceae,ISOE,Isoetes spp.,,,,,6,
Plantae,Flora,Juglandaceae,11369,Carya illinoensis,*,Pecan,,,20,
Plantae,Flora,Juglandaceae,13138,Juglans ailantifolia,*,Japanese Walnut,,,1,
Plantae,Flora,Juglandaceae,12252,Juglans regia,*,Walnut,,,5,
Plantae,Flora,Juncaceae,JUNCC,Juncaceae indeterminate,*,Rushes,,,27,
Plantae,Flora,Juncaceae,3311,Juncus acuminatus,*,,,,44,
Plantae,Flora,Juncaceae,10313,Juncus acutiflorus,*,,,,9,
Plantae,Flora,Juncaceae,9311,Juncus acutus subsp. acutus,*,Sharp Rush,,,959,
Plantae,Flora,Juncaceae,10308,Juncus alexandri,,,,,37,
Plantae,Flora,Juncaceae,10309,Juncus alexandri subsp. alexandri,,,,,18,
Plantae,Flora,Juncaceae,8876,Juncus alexandri subsp. melanobasis,,,,,67,
Plantae,Flora,Juncaceae,3313,Juncus amabilis,,,,,3819,
Plantae,Flora,Juncaceae,3314,Juncus antarcticus,,Cushion Rush,,,30,
Plantae,Flora,Juncaceae,3315,Juncus aridicola,,Tussock Rush,,,2431,
Plantae,Flora,Juncaceae,3316,Juncus articulatus,*,,,,444,
Plantae,Flora,Juncaceae,3317,Juncus australis,,Rush,,,834,
Plantae,Flora,Juncaceae,9035,Juncus brevibracteus,,,,,51,
Plantae,Flora,Juncaceae,3318,Juncus bufonius,,Toad Rush,,,1114,
Plantae,Flora,Juncaceae,3319,Juncus bulbosus,*,,,,43,
Plantae,Flora,Juncaceae,3320,Juncus caespiticius,,,,,33,
Plantae,Flora,Juncaceae,3321,Juncus canadensis,*,,,,9,
Plantae,Flora,Juncaceae,3322,Juncus capensis,*,,,,21,
Plantae,Flora,Juncaceae,3323,Juncus capillaceus,*,,,,72,
Plantae,Flora,Juncaceae,3324,Juncus capitatus,*,,,,327,
Plantae,Flora,Juncaceae,3325,Juncus cognatus,*,,,,759,
Plantae,Flora,Juncaceae,3326,Juncus continuus,,,,,2030,
Plantae,Flora,Juncaceae,8632,Juncus continuus x usitatus,,,,,16,
Plantae,Flora,Juncaceae,10312,Juncus dolichanthus,,,,,10,
Plantae,Flora,Juncaceae,3327,Juncus effusus,*,,,,106,
Plantae,Flora,Juncaceae,3328,Juncus falcatus,,,,,194,
Plantae,Flora,Juncaceae,3329,Juncus filicaulis,,,,,1774,
Plantae,Flora,Juncaceae,9312,Juncus firmus,,,,,77,
Plantae,Flora,Juncaceae,3330,Juncus flavidus,,,,,1551,
Plantae,Flora,Juncaceae,8236,Juncus fockei,,,,,315,
Plantae,Flora,Juncaceae,3331,Juncus gregiflorus,,,,,167,
Plantae,Flora,Juncaceae,3332,Juncus holoschoenus,,,,,390,
Plantae,Flora,Juncaceae,3333,Juncus homalocaulis,,,,,850,
Plantae,Flora,Juncaceae,3334,Juncus imbricatus,*,,,,41,
Plantae,Flora,Juncaceae,3335,Juncus ingens,,Giant Rush,,,6364,
Plantae,Flora,Juncaceae,7430,Juncus kraussii subsp. australiensis,,Sea Rush,,,1809,
Plantae,Flora,Juncaceae,10306,Juncus laeviusculus,,,,,9,
Plantae,Flora,Juncaceae,10307,Juncus laeviusculus subsp. illawarrensis,,,,,22,
Plantae,Flora,Juncaceae,8780,Juncus laeviusculus subsp. laeviusculus,,,,,46,
Plantae,Flora,Juncaceae,3337,Juncus microcephalus,*,,,,95,
Plantae,Flora,Juncaceae,8998,Juncus mollis,,,,,192,
Plantae,Flora,Juncaceae,8941,Juncus ochrocoleus,,,,,228,
Plantae,Flora,Juncaceae,3338,Juncus pallidus,,,,,507,
Plantae,Flora,Juncaceae,3339,Juncus pauciflorus,,,,,365,
Plantae,Flora,Juncaceae,9303,Juncus phaeanthus,,,,,133,
Plantae,Flora,Juncaceae,3340,Juncus planifolius,,,,,1466,
Plantae,Flora,Juncaceae,14473,Juncus polyanthemos x usitatus,,,,,311,
Plantae,Flora,Juncaceae,3341,Juncus polyanthemus,,,,,292,
Plantae,Flora,Juncaceae,3342,Juncus prismatocarpus,,,,,641,
Plantae,Flora,Juncaceae,3343,Juncus procerus,,,,,54,
Plantae,Flora,Juncaceae,10311,Juncus psammophilus,,,,,107,
Plantae,Flora,Juncaceae,3344,Juncus radula,,,,,364,
Plantae,Flora,Juncaceae,8521,Juncus remotiflorus,,,,,740,
Plantae,Flora,Juncaceae,3345,Juncus revolutus,,,,,12,
Plantae,Flora,Juncaceae,3346,Juncus sandwithii,,,,,55,
Plantae,Flora,Juncaceae,3347,Juncus sarophorus,,,,,308,
Plantae,Flora,Juncaceae,10310,Juncus semisolidus,,,,,28,
Plantae,Flora,Juncaceae,JUNC,Juncus spp.,,,,,11221,
Plantae,Flora,Juncaceae,8940,Juncus subglaucus,,Rush,,,247,
Plantae,Flora,Juncaceae,3348,Juncus subsecundus,,Finger Rush,,,3481,
Plantae,Flora,Juncaceae,11648,Juncus subsecundus x usitatus,,,,,2,
Plantae,Flora,Juncaceae,3349,Juncus tenuis,*,,,,99,
Plantae,Flora,Juncaceae,8484,Juncus thompsonianus,,,,,49,
Plantae,Flora,Juncaceae,3350,Juncus usitatus,,,,,7922,
Plantae,Flora,Juncaceae,3351,Juncus vaginatus,,,,,348,
Plantae,Flora,Juncaceae,10317,Luzula acutifolia subsp. nana,,,,,98,
Plantae,Flora,Juncaceae,3353,Luzula alpestris,,,,,183,
Plantae,Flora,Juncaceae,3354,Luzula atrata,,Slender Woodrush,,,39,
Plantae,Flora,Juncaceae,10316,Luzula australasica subsp. dura,,,,,89,
Plantae,Flora,Juncaceae,3356,Luzula densiflora,,Woodrush,,,1377,
Plantae,Flora,Juncaceae,3357,Luzula flaccida,,Woodrush,,,2543,
Plantae,Flora,Juncaceae,15179,Luzula flaccida subsp. flaccida,,,,,97,
Plantae,Flora,Juncaceae,15178,Luzula flaccida subsp. Long Anther,,,,,48,
Plantae,Flora,Juncaceae,3358,Luzula longiflora,,,,,13,
Plantae,Flora,Juncaceae,3359,Luzula meridionalis,,,,,330,
Plantae,Flora,Juncaceae,8567,Luzula modesta,,,,,344,
Plantae,Flora,Juncaceae,3360,Luzula novae-cambriae,,,,,153,
Plantae,Flora,Juncaceae,3361,Luzula ovata,,,,,95,
Plantae,Flora,Juncaceae,LUZU,Luzula spp.,,,,,1439,
Plantae,Flora,Juncaginaceae,15333,Cycnogeton dubium,,,,,69,
Plantae,Flora,Juncaginaceae,15152,Cycnogeton microtuberosum,,,,,189,
Plantae,Flora,Juncaginaceae,15334,Cycnogeton multifructum,,,,,65,
Plantae,Flora,Juncaginaceae,14979,Cycnogeton procerum,,Water Ribbons,,,2973,
Plantae,Flora,Juncaginaceae,CYCN,Cycnogeton spp.,,Water Ribbons,,,47,
Plantae,Flora,Juncaginaceae,3362,Lilaea scilloides,*,Lilaea,,,5,
Plantae,Flora,Juncaginaceae,LILA,Lilaea spp.,*,,,,1,
Plantae,Flora,Juncaginaceae,MAUN,Maundia spp.,,,,,6,
Plantae,Flora,Juncaginaceae,3363,Maundia triglochinoides,,,V,,11144,
Plantae,Flora,Juncaginaceae,3364,Triglochin calcitrapa,,Spurred Arrowgrass,,,42,
Plantae,Flora,Juncaginaceae,3365,Triglochin centrocarpa,,,,,21,
Plantae,Flora,Juncaginaceae,3367,Triglochin hexagona,,Six-pointed Arrowgrass,,,11,
Plantae,Flora,Juncaginaceae,15262,Triglochin isingiana,,,,,14,
Plantae,Flora,Juncaginaceae,9232,Triglochin rheophila,,,,,27,
Plantae,Flora,Juncaginaceae,13143,Triglochin sp. A,,,,,9,
Plantae,Flora,Juncaginaceae,13144,Triglochin sp. B,,,,,9,
Plantae,Flora,Juncaginaceae,TRIG,Triglochin spp.,,,,,609,
Plantae,Flora,Juncaginaceae,3369,Triglochin striata,,Streaked Arrowgrass,,,691,
Plantae,Flora,Juncaginaceae,3370,Triglochin turrifera,,,,,6,
Plantae,Flora,Jungermanniaceae,11554,Jamesoniella spp.,,,,,1,
Plantae,Flora,Lamiaceae,3371,Ajuga australis,,Austral Bugle,,,5763,
Plantae,Flora,Lamiaceae,11333,Ajuga reptans,*,,,,7,
Plantae,Flora,Lamiaceae,AJUG,Ajuga spp.,,,,,18,
Plantae,Flora,Lamiaceae,10239,Ballota nigra subsp. foetida,*,,,,8,
Plantae,Flora,Lamiaceae,6240,Callicarpa pedunculata,,Velvet Leaf,,,116,
Plantae,Flora,Lamiaceae,6241,Chloanthes glandulosa,,,,,18,
Plantae,Flora,Lamiaceae,6242,Chloanthes parviflora,,,,,368,
Plantae,Flora,Lamiaceae,CHLA,Chloanthes spp.,,,,,11,
Plantae,Flora,Lamiaceae,6243,Chloanthes stoechadis,,,,,311,
Plantae,Flora,Lamiaceae,12201,Clerodendrum floribundum var. floribundum,,,,,448,
Plantae,Flora,Lamiaceae,6244,Clerodendrum inerme,,Scrambling Clerodendrum,,,14,
Plantae,Flora,Lamiaceae,CLER,Clerodendrum spp.,,,,,15,
Plantae,Flora,Lamiaceae,6484,Clerodendrum tomentosum,,Hairy Clerodendrum,,,4507,
Plantae,Flora,Lamiaceae,13146,Dicrastylis cordifolia var. cordifolia,*,,,,1,
Plantae,Flora,Lamiaceae,6245,Dicrastylis lewellinii,,,,,30,
Plantae,Flora,Lamiaceae,6246,Dicrastylis verticillata,,Sand-sage,,,25,
Plantae,Flora,Lamiaceae,3374,Dracocephalum moldavica,*,,,,1,
Plantae,Flora,Lamiaceae,13147,Glechoma hederacea,*,Ground Ivy,,,10,
Plantae,Flora,Lamiaceae,6247,Gmelina leichhardtii,,White Beech,,,571,
Plantae,Flora,Lamiaceae,GMEL,Gmelina spp.,,,,,1,
Plantae,Flora,Lamiaceae,3375,Hemigenia cuneifolia,,,,,70,
Plantae,Flora,Lamiaceae,3376,Hemigenia purpurea,,,,,512,
Plantae,Flora,Lamiaceae,LAMIC,Lamiaceae indeterminate,*,Mints and balms,,,52,
Plantae,Flora,Lamiaceae,3377,Lamium amplexicaule,*,Dead Nettle,,,658,
Plantae,Flora,Lamiaceae,13148,Lamium galeobdolon subsp. argentatum,*,,,,1,
Plantae,Flora,Lamiaceae,10701,Lamium purpureum,*,Red Deadnettle,,,13,
Plantae,Flora,Lamiaceae,LAMI,Lamium spp.,*,,,,5,
Plantae,Flora,Lamiaceae,13673,Lavandula angustifolia,*,,,,8,
Plantae,Flora,Lamiaceae,13149,Lavandula latifolia,*,,,,1,
Plantae,Flora,Lamiaceae,11425,Lavandula spp.,*,,,,62,
Plantae,Flora,Lamiaceae,3378,Lavandula stoechas,*,Italian Lavender,,,47,
Plantae,Flora,Lamiaceae,6956,Leonotis leonurus,*,Lion's Ear,,,28,
Plantae,Flora,Lamiaceae,11103,Leonurus cardiaca,*,Motherwort,,,1,
Plantae,Flora,Lamiaceae,12158,Leonurus japonicus,*,,,,23,
Plantae,Flora,Lamiaceae,3380,Lycopus australis,,Australian Gipsywort,,,186,
Plantae,Flora,Lamiaceae,MARR,Marrubium spp.,*,,,,9,
Plantae,Flora,Lamiaceae,3381,Marrubium vulgare,*,White Horehound,,,5725,
Plantae,Flora,Lamiaceae,10238,Melissa officinalis subsp. officinalis,*,Balm,,,24,
Plantae,Flora,Lamiaceae,3383,Mentha australis,,River Mint,,,376,
Plantae,Flora,Lamiaceae,3384,Mentha diemenica,,Slender Mint,,,1359,
Plantae,Flora,Lamiaceae,3385,Mentha laxiflora,,Forest Mint,,,58,
Plantae,Flora,Lamiaceae,3386,Mentha pulegium,*,Pennyroyal,,,109,
Plantae,Flora,Lamiaceae,3387,Mentha satureioides,,Native Pennyroyal,,,2724,
Plantae,Flora,Lamiaceae,MENT,Mentha spp.,,,,,244,
Plantae,Flora,Lamiaceae,9076,Mentha x piperita,*,Peppermint,,,36,
Plantae,Flora,Lamiaceae,10236,Mentha x piperita nothomorph citrata,*,Lemon Mint,,,6,
Plantae,Flora,Lamiaceae,10235,Mentha x piperita nothomorph piperita,*,Peppermint,,,9,
Plantae,Flora,Lamiaceae,10233,Mentha x rotundifolia,*,Round-leaved Mint,,,2,
Plantae,Flora,Lamiaceae,10234,Mentha x spicata,*,Spearmint,,,66,
Plantae,Flora,Lamiaceae,3389,Moluccella laevis,*,Molucca Balm,,,23,
Plantae,Flora,Lamiaceae,3390,Nepeta cataria,*,Catmint,,,10,
Plantae,Flora,Lamiaceae,NEPE,Nepeta spp.,*,,,,1,
Plantae,Flora,Lamiaceae,ONCI,Oncinocalyx spp.,,,,,1,
Plantae,Flora,Lamiaceae,ORIG,Origanum spp.,*,,,,1,
Plantae,Flora,Lamiaceae,10237,Origanum vulgare,*,Wild Majoram,,,4,
Plantae,Flora,Lamiaceae,10229,Orthosiphon aristatus,,Cat's Whiskers,,,3,
Plantae,Flora,Lamiaceae,12140,Physostegia virginiana,*,Obedient Plant,,,4,
Plantae,Flora,Lamiaceae,3391,Plectranthus alloplectus,,Narrow-leaved Plectranthus,E1,,21,
Plantae,Flora,Lamiaceae,9379,Plectranthus amboinicus,*,Five Seasons Herb,,,16,
Plantae,Flora,Lamiaceae,3392,Plectranthus apreptus,,,,,3,
Plantae,Flora,Lamiaceae,3393,Plectranthus argentatus,,,,,37,
Plantae,Flora,Lamiaceae,15048,Plectranthus caldericola,,,,,3,
Plantae,Flora,Lamiaceae,9418,Plectranthus caninus,*,,,,4,
Plantae,Flora,Lamiaceae,7160,Plectranthus ciliatus,*,,,,32,
Plantae,Flora,Lamiaceae,9050,Plectranthus cremnus,,,,,63,
Plantae,Flora,Lamiaceae,12463,Plectranthus ecklonii,*,Cockspur Flower,,,5,
Plantae,Flora,Lamiaceae,3396,Plectranthus graveolens,,,,,861,
Plantae,Flora,Lamiaceae,10231,Plectranthus neochilus,*,,,,3,
Plantae,Flora,Lamiaceae,9051,Plectranthus nitidus,,Nightcap Plectranthus,E1,E,37,
Plantae,Flora,Lamiaceae,10232,Plectranthus ornatus,*,,,,1,
Plantae,Flora,Lamiaceae,3397,Plectranthus parviflorus,,,,,5804,
Plantae,Flora,Lamiaceae,11991,Plectranthus saccatus,*,,,,5,
Plantae,Flora,Lamiaceae,13150,Plectranthus scutellarioides,,,,,1,
Plantae,Flora,Lamiaceae,13151,Plectranthus sp. Point Lookout,,,,,1,
Plantae,Flora,Lamiaceae,PLEC,Plectranthus spp.,,,,,199,
Plantae,Flora,Lamiaceae,3398,Plectranthus suaveolens,,,,,210,
Plantae,Flora,Lamiaceae,10230,Plectranthus verticillatus,*,,,,59,
Plantae,Flora,Lamiaceae,6253,Premna lignum-vitae,,,,,17,
Plantae,Flora,Lamiaceae,PREM,Premna spp.,,,,,1,
Plantae,Flora,Lamiaceae,9885,Prostanthera askania,,Tranquility Mintbush,E1,E,616,
Plantae,Flora,Lamiaceae,3399,Prostanthera aspalathoides,,Scarlet Mint-bush,,,109,
Plantae,Flora,Lamiaceae,3400,Prostanthera caerulea,,,,,83,
Plantae,Flora,Lamiaceae,13152,Prostanthera campbellii,,,,,1,
Plantae,Flora,Lamiaceae,3401,Prostanthera cineolifera,,Singleton Mint Bush,V,V,292,
Plantae,Flora,Lamiaceae,6926,Prostanthera cruciflora,,,,,37,
Plantae,Flora,Lamiaceae,10745,Prostanthera cryptandroides subsp. cryptandroides,,Wollemi Mint-bush,V,V,195,
Plantae,Flora,Lamiaceae,10746,Prostanthera cryptandroides subsp. euphrasioides,,,,,41,
Plantae,Flora,Lamiaceae,3403,Prostanthera cuneata,,Alpine Mint-bush,,,302,
Plantae,Flora,Lamiaceae,8256,Prostanthera decussata,,,,,14,
Plantae,Flora,Lamiaceae,3404,Prostanthera densa,,Villous Mint-bush,V,V,2298,
Plantae,Flora,Lamiaceae,3405,Prostanthera denticulata,,Rough Mint-bush,,,193,
Plantae,Flora,Lamiaceae,3406,Prostanthera discolor,,,V,V,74,
Plantae,Flora,Lamiaceae,15634,Prostanthera floydii,,,,,47,
Plantae,Flora,Lamiaceae,14695,^Prostanthera gilesii,,,"E4A,2",CE,3,
Plantae,Flora,Lamiaceae,3409,Prostanthera granitica,,,,,93,
Plantae,Flora,Lamiaceae,9886,Prostanthera hindii,,,,,51,
Plantae,Flora,Lamiaceae,3410,Prostanthera hirtula,,,,,47,
Plantae,Flora,Lamiaceae,3411,Prostanthera howelliae,,Prostanthera,,,287,
Plantae,Flora,Lamiaceae,3412,Prostanthera incana,,Velvet Mint-bush,,,242,
Plantae,Flora,Lamiaceae,3413,Prostanthera incisa,,Cut-leaved Mint-bush,,,596,
Plantae,Flora,Lamiaceae,9884,Prostanthera junonis,,Somersby Mintbush,E1,E,1569,
Plantae,Flora,Lamiaceae,3414,Prostanthera lanceolata,,,,,15,
Plantae,Flora,Lamiaceae,3415,Prostanthera lasianthos,,Victorian Christmas Bush,,,1306,
Plantae,Flora,Lamiaceae,12494,Prostanthera lasianthos var. subcoriacea,,Victorian Christmas Bush,,,2,
Plantae,Flora,Lamiaceae,12492,Prostanthera lasianthos variant 'typical',,Victorian Christmas Bush,,,3,
Plantae,Flora,Lamiaceae,3417,Prostanthera linearis,,Narrow-leaved Mint-bush,,,240,
Plantae,Flora,Lamiaceae,14696,Prostanthera makinsonii,,,,,2,
Plantae,Flora,Lamiaceae,3418,^^Prostanthera marifolia,,Seaforth Mintbush,"E4A,3",CE,881,
Plantae,Flora,Lamiaceae,3419,Prostanthera melissifolia,,Balm Mint-bush,,,9,
Plantae,Flora,Lamiaceae,6877,Prostanthera monticola,,,,,15,
Plantae,Flora,Lamiaceae,3421,Prostanthera nivea,,Snowy Mint-bush,,,374,
Plantae,Flora,Lamiaceae,8895,Prostanthera nivea var. induta,,,,,17,
Plantae,Flora,Lamiaceae,9380,Prostanthera nivea var. nivea,,,,,92,
Plantae,Flora,Lamiaceae,3423,Prostanthera ovalifolia,,,,,332,
Plantae,Flora,Lamiaceae,9887,^^Prostanthera palustris,,Swamp Mint-bush,"E4A,3",CE,1736,
Plantae,Flora,Lamiaceae,13155,Prostanthera parviflora,,,,,1,
Plantae,Flora,Lamiaceae,12003,Prostanthera petraea,,,,,37,
Plantae,Flora,Lamiaceae,3424,Prostanthera phylicifolia,,,,,47,
Plantae,Flora,Lamiaceae,7256,Prostanthera porcata,,,,,25,
Plantae,Flora,Lamiaceae,3425,Prostanthera prunelloides,,,,,97,
Plantae,Flora,Lamiaceae,3426,Prostanthera rhombea,,,,,84,
Plantae,Flora,Lamiaceae,7660,Prostanthera ringens,,Gaping Mint-bush,,,66,
Plantae,Flora,Lamiaceae,10876,Prostanthera ringens variant 'Broad-leaved',,,,,1,
Plantae,Flora,Lamiaceae,3427,Prostanthera rotundifolia,,Round-leaved Mint-bush,,,169,
Plantae,Flora,Lamiaceae,3428,Prostanthera rugosa,,,,,31,
Plantae,Flora,Lamiaceae,3429,Prostanthera saxicola,,Prostanthera saxicola population in Sutherland and Liverpool local government areas,E2,,6,
Plantae,Flora,Lamiaceae,3429,Prostanthera saxicola,,,,,155,
Plantae,Flora,Lamiaceae,10245,Prostanthera saxicola var. bracteolata,,,,,48,
Plantae,Flora,Lamiaceae,9207,Prostanthera saxicola var. major,,,,,47,
Plantae,Flora,Lamiaceae,10244,Prostanthera saxicola var. montana,,,,,34,
Plantae,Flora,Lamiaceae,10243,Prostanthera saxicola var. saxicola,,,,,8,
Plantae,Flora,Lamiaceae,3430,Prostanthera scutellarioides,,,,,231,
Plantae,Flora,Lamiaceae,13778,Prostanthera sejuncta,,,V,,1538,
Plantae,Flora,Lamiaceae,6479,Prostanthera serpyllifolia subsp. microphylla,,Small-leaved Mint-Bush,,,133,
Plantae,Flora,Lamiaceae,13158,Prostanthera sp. Mt Kaputar,,,,,4,
Plantae,Flora,Lamiaceae,14958,Prostanthera sp. Schofields Gap,,,,,1,
Plantae,Flora,Lamiaceae,13912,Prostanthera sp. 'South Obelisk',,,,,1,
Plantae,Flora,Lamiaceae,13160,Prostanthera sp. 'Tumut',,,,,1,
Plantae,Flora,Lamiaceae,PROS,Prostanthera spp.,,,,,193,
Plantae,Flora,Lamiaceae,3433,^Prostanthera staurophylla,,Moombahlene Mint-bush,"E1,2",CE,9,
Plantae,Flora,Lamiaceae,12132,Prostanthera stenophylla,,,,,16,
Plantae,Flora,Lamiaceae,3434,Prostanthera striatiflora,,Jockey's Cap,,,161,
Plantae,Flora,Lamiaceae,3435,Prostanthera stricta,,Mount Vincent Mint-bush,V,V,1271,
Plantae,Flora,Lamiaceae,14604,Prostanthera tallowa,,,,,36,
Plantae,Flora,Lamiaceae,3436,Prostanthera teretifolia,,Torrington Mint-bush,,,181,
Plantae,Flora,Lamiaceae,7166,Prostanthera violacea,,Violet Mint-bush,,,115,
Plantae,Flora,Lamiaceae,15368,Prostanthera volucris,,,,,6,
Plantae,Flora,Lamiaceae,3438,Prostanthera walteri,,Blotchy Mint-bush,,,10,
Plantae,Flora,Lamiaceae,3439,Prunella laciniata,*,,,,5,
Plantae,Flora,Lamiaceae,14680,Prunella spp.,*,,,,6,
Plantae,Flora,Lamiaceae,3440,Prunella vulgaris,*,Self-heal,,,1157,
Plantae,Flora,Lamiaceae,11331,Rosmarinus officinalis,*,Rosemary,,,47,
Plantae,Flora,Lamiaceae,3441,Salvia aethiopis,*,Woolly Sage,,,2,
Plantae,Flora,Lamiaceae,3442,Salvia coccinea,*,,,,67,
Plantae,Flora,Lamiaceae,3443,Salvia leucantha,*,,,,2,
Plantae,Flora,Lamiaceae,14682,Salvia nemorosa,*,,,,1,
Plantae,Flora,Lamiaceae,11762,Salvia officinalis,*,Sage,,,2,
Plantae,Flora,Lamiaceae,3444,Salvia plebeia,,Austral Sage,,,48,
Plantae,Flora,Lamiaceae,3445,Salvia reflexa,*,Mintweed,,,434,
Plantae,Flora,Lamiaceae,SALA,Salvia spp.,,,,,113,
Plantae,Flora,Lamiaceae,3446,Salvia verbenaca,*,Vervain,,,4003,
Plantae,Flora,Lamiaceae,3447,Scutellaria humilis,,Dwarf Skullcap,,,2451,
Plantae,Flora,Lamiaceae,3448,Scutellaria mollis,,Soft Skullcap,,,146,
Plantae,Flora,Lamiaceae,3449,Scutellaria racemosa,*,,,,41,
Plantae,Flora,Lamiaceae,SCUT,Scutellaria spp.,,,,,34,
Plantae,Flora,Lamiaceae,12277,Sideritis lanata,*,,,,3,
Plantae,Flora,Lamiaceae,3450,Stachys arvensis,*,Stagger Weed,,,1261,
Plantae,Flora,Lamiaceae,6895,Teucrium albicaule,,,,,63,
Plantae,Flora,Lamiaceae,3451,Teucrium argutum,,,,,25,
Plantae,Flora,Lamiaceae,15130,Teucrium betchei,,,,,842,
Plantae,Flora,Lamiaceae,3452,Teucrium corymbosum,,Forest Germander,,,305,
Plantae,Flora,Lamiaceae,15243,Teucrium daucoides,,,,,45,
Plantae,Flora,Lamiaceae,14963,Teucrium junceum,,,,,1190,
Plantae,Flora,Lamiaceae,15622,Teucrium puberulum,,Red Berry Stick Plant,,,191,
Plantae,Flora,Lamiaceae,3453,Teucrium racemosum,,Grey Germander,,,2058,
Plantae,Flora,Lamiaceae,3454,Teucrium sessiliflorum,,Camel Bush,,,4,
Plantae,Flora,Lamiaceae,10246,Teucrium sp. D,,,,,19,
Plantae,Flora,Lamiaceae,TEUC,Teucrium spp.,,,,,71,
Plantae,Flora,Lamiaceae,13164,Vitex lucens,*,,,,2,
Plantae,Flora,Lamiaceae,7807,Vitex trifolia var. trifolia,,,,,6,
Plantae,Flora,Lamiaceae,3455,Westringia amabilis,,,,,65,
Plantae,Flora,Lamiaceae,3456,Westringia blakeana,,,,,56,
Plantae,Flora,Lamiaceae,13165,Westringia brevifolia var. raleighii,,,,,2,
Plantae,Flora,Lamiaceae,3457,Westringia cheelii,,Mallee Rosemary,,,185,
Plantae,Flora,Lamiaceae,7832,Westringia davidii,,David's Westringia,V,V,42,
Plantae,Flora,Lamiaceae,3458,Westringia eremicola,,Slender Westringia,,,219,
Plantae,Flora,Lamiaceae,3459,Westringia fruticosa,,Coastal Rosemary,,,915,
Plantae,Flora,Lamiaceae,3460,Westringia glabra,,,,,23,
Plantae,Flora,Lamiaceae,9473,Westringia kydrensis,,Kydra Westringia,E1,E,145,
Plantae,Flora,Lamiaceae,3461,Westringia longifolia,,Long-leaved Westringia,,,200,
Plantae,Flora,Lamiaceae,3462,Westringia lucida,,Shining Westringia,,,95,
Plantae,Flora,Lamiaceae,14055,Westringia parvifolia,,,,,2,
Plantae,Flora,Lamiaceae,3463,Westringia rigida,,Stiff Westringia,,,534,
Plantae,Flora,Lamiaceae,9686,Westringia rupicola,,,,V,1,
Plantae,Flora,Lamiaceae,6699,Westringia saxatilis,,,,,19,
Plantae,Flora,Lamiaceae,3464,Westringia sericea,,,,,14,
Plantae,Flora,Lamiaceae,14519,Westringia sp. aff. glabra (Macleay-Apsley),,,,,4,
Plantae,Flora,Lamiaceae,WEST,Westringia spp.,,,,,35,
Plantae,Flora,Lamiaceae,10511,Westringia viminalis,,,,,23,
Plantae,Flora,Lardizabalaceae,13167,Akebia quinata,*,,,,1,
Plantae,Flora,Lauraceae,3465,Beilschmiedia elliptica,,Grey Walnut,,,403,
Plantae,Flora,Lauraceae,3466,Beilschmiedia obtusifolia,,Blush Walnut,,,225,
Plantae,Flora,Lauraceae,BEIL,Beilschmiedia spp.,,,,,1,
Plantae,Flora,Lauraceae,7220,Cassytha filiformis,,,,,277,
Plantae,Flora,Lauraceae,3467,Cassytha glabella,,,,,5367,
Plantae,Flora,Lauraceae,9636,Cassytha glabella f. dispar,,,,,31,
Plantae,Flora,Lauraceae,9274,Cassytha glabella f. glabella,,,,,3044,
Plantae,Flora,Lauraceae,3468,Cassytha melantha,,,,,421,
Plantae,Flora,Lauraceae,3469,Cassytha pubescens,,Downy Dodder-laurel,,,6217,
Plantae,Flora,Lauraceae,9255,Cassytha racemosa f. muelleri,,,,,34,
Plantae,Flora,Lauraceae,CASY,Cassytha spp.,,,,,631,
Plantae,Flora,Lauraceae,13650,Cinnamomum baileyanum,*,,,,1,
Plantae,Flora,Lauraceae,3471,Cinnamomum camphora,*,Camphor Laurel,,,6687,
Plantae,Flora,Lauraceae,3472,Cinnamomum oliveri,,Oliver's Sassafras,,,800,
Plantae,Flora,Lauraceae,CINN,Cinnamomum spp.,,,,,6,
Plantae,Flora,Lauraceae,3473,Cinnamomum virens,,Red-barked Sassafras,,,350,
Plantae,Flora,Lauraceae,3474,Cryptocarya bidwillii,,Yellow Laurel,,,87,
Plantae,Flora,Lauraceae,8476,Cryptocarya dorrigoensis,,Dorrigo Laurel,,,77,
Plantae,Flora,Lauraceae,3475,Cryptocarya erythroxylon,,Pigeonberry Ash,,,346,
Plantae,Flora,Lauraceae,3476,Cryptocarya floydii,,Gorge Laurel,,,68,
Plantae,Flora,Lauraceae,3477,Cryptocarya foetida,,Stinking Cryptocarya,V,V,1574,
Plantae,Flora,Lauraceae,3478,Cryptocarya foveolata,,Mountain Walnut,,,296,
Plantae,Flora,Lauraceae,3479,Cryptocarya glaucescens,,Jackwood,,,3279,
Plantae,Flora,Lauraceae,3480,Cryptocarya gregsonii,,Black Plum,,,27,
Plantae,Flora,Lauraceae,3481,Cryptocarya laevigata,,Red-fruited Laurel,,,219,
Plantae,Flora,Lauraceae,8756,Cryptocarya meissneriana,,Thick-leaved Laurel,,,791,
Plantae,Flora,Lauraceae,3483,Cryptocarya microneura,,Murrogun,,,3320,
Plantae,Flora,Lauraceae,8475,Cryptocarya nova-anglica,,Mountain Laurel,,,87,
Plantae,Flora,Lauraceae,3484,Cryptocarya obovata,,Pepperberry,,,1006,
Plantae,Flora,Lauraceae,13169,Cryptocarya onoprienkoana,,Rose Maple,,,1,
Plantae,Flora,Lauraceae,3485,Cryptocarya rigida,,Forest Maple,,,2261,
Plantae,Flora,Lauraceae,15087,Cryptocarya sclerophylla,,,,,2,
Plantae,Flora,Lauraceae,11420,Cryptocarya spp.,,,,,86,
Plantae,Flora,Lauraceae,3486,Cryptocarya triplinervis,,Three-veined Cryptocarya,,,496,
Plantae,Flora,Lauraceae,8390,Cryptocarya triplinervis var. pubens,,,,,99,
Plantae,Flora,Lauraceae,13170,Cryptocarya triplinervis var. riparia,,,,,2,
Plantae,Flora,Lauraceae,9275,Cryptocarya triplinervis var. triplinervis,,,,,289,
Plantae,Flora,Lauraceae,8654,Cryptocarya williwilliana,,Small-leaved Laurel,,,54,
Plantae,Flora,Lauraceae,3487,Endiandra compressa,,White Bark,,,19,
Plantae,Flora,Lauraceae,3488,Endiandra crassiflora,,Dorrigo Maple,,,174,
Plantae,Flora,Lauraceae,3489,Endiandra discolor,,Rose Walnut,,,699,
Plantae,Flora,Lauraceae,8948,Endiandra floydii,,Crystal Creek Walnut,E1,E,318,
Plantae,Flora,Lauraceae,3490,Endiandra globosa,,Black Walnut,,,655,
Plantae,Flora,Lauraceae,3491,Endiandra hayesii,,Rusty Rose Walnut,V,V,377,
Plantae,Flora,Lauraceae,3492,Endiandra introrsa,,Dorrigo Plum,,,90,
Plantae,Flora,Lauraceae,3493,Endiandra muelleri,,Green-leaved Rose Walnut,,,722,
Plantae,Flora,Lauraceae,8480,Endiandra muelleri subsp. bracteata,,Green-leaved Rose Walnut,E1,,675,
Plantae,Flora,Lauraceae,9364,Endiandra muelleri subsp. muelleri,,,,,365,
Plantae,Flora,Lauraceae,3494,Endiandra pubens,,Hairy Walnut,,,397,
Plantae,Flora,Lauraceae,3495,Endiandra sieberi,,Hard Corkwood,,,1373,
Plantae,Flora,Lauraceae,ENDI,Endiandra spp.,,,,,14,
Plantae,Flora,Lauraceae,3496,Endiandra virens,,White Apple,,,85,
Plantae,Flora,Lauraceae,LAURC,Lauraceae indeterminate,,Laurels,,,4,
Plantae,Flora,Lauraceae,14521,Laurus nobilis,*,Bay Laurel,,,15,
Plantae,Flora,Lauraceae,8675,Litsea australis,,Brown Bolly Gum,,,473,
Plantae,Flora,Lauraceae,13172,Litsea glutinosa,*,,,,1,
Plantae,Flora,Lauraceae,3498,Litsea reticulata,,Bolly Gum,,,914,
Plantae,Flora,Lauraceae,LITS,Litsea spp.,,,,,1,
Plantae,Flora,Lauraceae,8386,Neolitsea australiensis,,Green Bolly Gum,,,876,
Plantae,Flora,Lauraceae,3499,Neolitsea dealbata,,Hairy-leaved Bolly Gum,,,2416,
Plantae,Flora,Lauraceae,NEOL,Neolitsea spp.,,,,,3,
Plantae,Flora,Lauraceae,9363,Persea americana,*,Avocado,,,67,
Plantae,Flora,Lemnaceae,7508,Lemna disperma,,,,,473,
Plantae,Flora,Lemnaceae,LEMN,Lemna spp.,,,,,122,
Plantae,Flora,Lemnaceae,3501,Lemna trisulca,,,,,13,
Plantae,Flora,Lemnaceae,7200,Spirodela polyrhiza,,,,,182,
Plantae,Flora,Lemnaceae,7689,Spirodela punctata,,,,,1117,
Plantae,Flora,Lemnaceae,SPIO,Spirodela spp.,,,,,33,
Plantae,Flora,Lentibulariaceae,6667,Utricularia aurea,,Golden Bladderwort,,,28,
Plantae,Flora,Lentibulariaceae,3505,Utricularia australis,,Yellow Bladderwort,,,307,
Plantae,Flora,Lentibulariaceae,10225,Utricularia beaugleholei,,,,,1,
Plantae,Flora,Lentibulariaceae,3506,Utricularia biloba,,Moth Bladderwort,,,6,
Plantae,Flora,Lentibulariaceae,6878,Utricularia caerulea,,Blue Bladderwort,,,7,
Plantae,Flora,Lentibulariaceae,3507,Utricularia dichotoma,,Fairy Aprons,,,431,
Plantae,Flora,Lentibulariaceae,9234,Utricularia gibba,,Floating Bladderwort,,,57,
Plantae,Flora,Lentibulariaceae,3508,Utricularia lateriflora,,Small Bladderwort,,,105,
Plantae,Flora,Lentibulariaceae,3509,Utricularia monanthos,,Tasmanian Bladderwort,,,21,
Plantae,Flora,Lentibulariaceae,UTRI,Utricularia spp.,,,,,38,
Plantae,Flora,Lentibulariaceae,11376,Utricularia stellaris,,,,,1,
Plantae,Flora,Lentibulariaceae,7257,Utricularia uliginosa,,Asian Bladderwort,,,49,
Plantae,Flora,Lentibulariaceae,9235,Utricularia uniflora,,,,,37,
Plantae,Flora,Lepidolaenaceae,11555,Gackstroemia spp.,,,,,1,
Plantae,Flora,Lepidoziaceae,13174,Acromastigum furcatifolium,,,,,3,
Plantae,Flora,Lepidoziaceae,11556,Acromastigum spp.,,,,,1,
Plantae,Flora,Lepidoziaceae,11557,Bazzania spp.,,,,,7,
Plantae,Flora,Lepidoziaceae,11558,Kurzia spp.,,,,,1,
Plantae,Flora,Lepidoziaceae,8209,Lepidoza laevifolia sens.lat.,,,,,1,
Plantae,Flora,Lepidoziaceae,11559,Lepidozia spp.,,,,,1,
Plantae,Flora,Lepidoziaceae,11560,Telaranea centipes,,,,,2,
Plantae,Flora,Lepidoziaceae,13175,Telaranea lindenbergii,,,,,1,
Plantae,Flora,Lepidoziaceae,11561,Zoopsis spp.,,,,,1,
Plantae,Flora,Leptostomataceae,8208,Leptostomum erectum,,,,,2,
Plantae,Flora,Leucobryaceae,11547,Campylopus spp.,,,,,2,
Plantae,Flora,Liliaceae,11436,Aspidistra elatior,*,,,,43,
Plantae,Flora,Liliaceae,LILIC,Liliaceae indeterminate,*,Lilies,,,23,
Plantae,Flora,Liliaceae,3559,Lilium formosanum,*,Formosan Lily,,,640,
Plantae,Flora,Liliaceae,13176,Lilium lancifolium,*,Tiger Lily,,,2,
Plantae,Flora,Liliaceae,LILI,Lilium spp.,*,,,,18,
Plantae,Flora,Liliaceae,11842,Liriope muscari,*,big blue lilyturf,,,27,
Plantae,Flora,Liliaceae,13704,Liriope spp.,*,,,,19,
Plantae,Flora,Limnocharitaceae,13177,Hydrocleys nymphoides,*,,,,1,
Plantae,Flora,Linaceae,3583,Linum marginale,,Native Flax,,,1612,
Plantae,Flora,Linaceae,11753,Linum monogynum,*,,,,2,
Plantae,Flora,Linaceae,LINU,Linum spp.,,,,,62,
Plantae,Flora,Linaceae,3584,Linum trigynum,*,French Flax,,,937,
Plantae,Flora,Linaceae,3585,Linum usitatissimum,*,Flax,,,45,
Plantae,Flora,Linderniaceae,7359,Lindernia alsinoides,,Noah's False Chickweed,E1,,1234,
Plantae,Flora,Linderniaceae,9378,Lindernia procumbens,*,,,,4,
Plantae,Flora,Lindsaeaceae,8126,^^Lindsaea brachypoda,,Short-footed Screw Fern,"E1,3",,17,
Plantae,Flora,Lindsaeaceae,8127,Lindsaea dimorpha,,,,,42,
Plantae,Flora,Lindsaeaceae,13178,Lindsaea ensifolia subsp. ensifolia,,,,,16,
Plantae,Flora,Lindsaeaceae,8129,^^Lindsaea fraseri,,Fraser's Screw Fern,"E1,3",,6,
Plantae,Flora,Lindsaeaceae,8128,^^Lindsaea incisa,,Slender Screw Fern,"E1,3",,761,
Plantae,Flora,Lindsaeaceae,6406,Lindsaea linearis,,Screw Fern,,,5473,
Plantae,Flora,Lindsaeaceae,6401,Lindsaea microphylla,,Lacy Wedge Fern,,,2777,
Plantae,Flora,Lindsaeaceae,LIND,Lindsaea spp.,,,,,33,
Plantae,Flora,Lindsaeaceae,8130,Lindsaea trichomanoides,,Oval Wedge-fern,,,18,
Plantae,Flora,Loganiaceae,13183,Chilianthus oleaceus,*,,,,1,
Plantae,Flora,Loganiaceae,3586,Gelsemium sempervirens,*,Yellow Jessamine,,,26,
Plantae,Flora,Loganiaceae,GELS,Gelsemium spp.,*,,,,1,
Plantae,Flora,Loganiaceae,10452,Geniostoma huttonii,,Hutton's Geniostoma,E4A,E,58,
Plantae,Flora,Loganiaceae,3587,Geniostoma petiolosum,,Boar Tree,,,103,
Plantae,Flora,Loganiaceae,3588,Logania albiflora,,,,,1043,
Plantae,Flora,Loganiaceae,13184,Logania albiflora subsp. A,,,,,15,
Plantae,Flora,Loganiaceae,13185,Logania albiflora subsp. IE,,,,,4,
Plantae,Flora,Loganiaceae,13186,Logania albiflora subsp. IS,,,,,25,
Plantae,Flora,Loganiaceae,13187,Logania albiflora subsp. W,,,,,3,
Plantae,Flora,Loganiaceae,12435,Logania granitica,,,,,1,
Plantae,Flora,Loganiaceae,10200,Logania sp. A,,,,,6,
Plantae,Flora,Loganiaceae,LOGA,Logania spp.,,,,,10,
Plantae,Flora,Loganiaceae,3591,Mitrasacme alsinoides,,,,,97,
Plantae,Flora,Loganiaceae,3592,Mitrasacme paludosa,,,,,199,
Plantae,Flora,Loganiaceae,3594,Mitrasacme pilosa,,,,,273,
Plantae,Flora,Loganiaceae,10201,Mitrasacme pilosa var. pilosa,,,,,102,
Plantae,Flora,Loganiaceae,10202,Mitrasacme pilosa var. stuartii,,,,,5,
Plantae,Flora,Loganiaceae,3595,Mitrasacme polymorpha,,,,,2475,
Plantae,Flora,Loganiaceae,11121,Mitrasacme pygmaea,,Pygmy Bishop's Hat,E1,,5,
Plantae,Flora,Loganiaceae,3596,Mitrasacme serpyllifolia,,,,,445,
Plantae,Flora,Loganiaceae,MITR,Mitrasacme spp.,,,,,78,
Plantae,Flora,Loganiaceae,15350,Orianthera nuda,,,,,10,
Plantae,Flora,Loganiaceae,15351,Orianthera pusilla,,,,,437,
Plantae,Flora,Loganiaceae,11136,Phyllangium sulcatum,,Rock Mitrewort,,,84,
Plantae,Flora,Loganiaceae,3598,Strychnos arborea,,,,,26,
Plantae,Flora,Lophocoleaceae,13737,Chiloscyphus semiteres,,,,,4,
Plantae,Flora,Lophocoleaceae,11550,Heteroscyphus spp.,,,,,1,
Plantae,Flora,Loranthaceae,6393,Amyema bifurcata,,,,,63,
Plantae,Flora,Loranthaceae,3599,Amyema cambagei,,Needle-leaf Mistletoe,,,475,
Plantae,Flora,Loranthaceae,6856,Amyema congener subsp. congener,,,,,493,
Plantae,Flora,Loranthaceae,8429,Amyema congener subsp. rotundifolia,,,,,10,
Plantae,Flora,Loranthaceae,6977,Amyema conspicua subsp. conspicua,,,,,12,
Plantae,Flora,Loranthaceae,3602,Amyema gaudichaudii,,,,,240,
Plantae,Flora,Loranthaceae,15700,Amyema linophylla subsp. orientalis,,Buloke Mistletoe,,,278,
Plantae,Flora,Loranthaceae,3604,Amyema lucasii,,Yellow-flowered Mistletoe,,,107,
Plantae,Flora,Loranthaceae,3605,Amyema maidenii,,,,,64,
Plantae,Flora,Loranthaceae,7629,Amyema maidenii subsp. angustifolia,,,,,49,
Plantae,Flora,Loranthaceae,7543,Amyema maidenii subsp. maidenii,,,,,262,
Plantae,Flora,Loranthaceae,6394,Amyema miquelii,,Box Mistletoe,,,2815,
Plantae,Flora,Loranthaceae,7922,Amyema miraculosum subsp. boormanii,,,,,529,
Plantae,Flora,Loranthaceae,3607,Amyema pendula,,,,,1223,
Plantae,Flora,Loranthaceae,7198,Amyema pendula subsp. longifolia,,,,,113,
Plantae,Flora,Loranthaceae,7308,Amyema pendula subsp. pendula,,,,,672,
Plantae,Flora,Loranthaceae,11890,Amyema plicatula,,,E1,E,16,
Plantae,Flora,Loranthaceae,3608,Amyema preissii,,,,,191,
Plantae,Flora,Loranthaceae,3609,Amyema quandang,,Grey Mistletoe,,,370,
Plantae,Flora,Loranthaceae,7754,Amyema quandang var. bancroftii,,,,,39,
Plantae,Flora,Loranthaceae,7630,Amyema quandang var. quandang,,Grey Mistletoe,,,541,
Plantae,Flora,Loranthaceae,AMYE,Amyema spp.,,Mistletoe,,,1650,
Plantae,Flora,Loranthaceae,3610,Amylotheca dictyophleba,,,,,188,
Plantae,Flora,Loranthaceae,AMYL,Amylotheca spp.,,,,,1,
Plantae,Flora,Loranthaceae,3611,Atkinsonia ligustrina,,,,,140,
Plantae,Flora,Loranthaceae,3612,Benthamina alyxifolia,,,,,57,
Plantae,Flora,Loranthaceae,6710,Dendrophthoe glabrescens,,,,,212,
Plantae,Flora,Loranthaceae,DENR,Dendrophthoe spp.,,,,,23,
Plantae,Flora,Loranthaceae,3613,Dendrophthoe vitellina,,,,,781,
Plantae,Flora,Loranthaceae,3614,Diplatia grandibractea,,,,,17,
Plantae,Flora,Loranthaceae,LRNTC,Loranthaceae indeterminate,*,Mistletoes,,,14,
Plantae,Flora,Loranthaceae,3615,Lysiana exocarpi,,,,,210,
Plantae,Flora,Loranthaceae,8227,Lysiana exocarpi subsp. exocarpi,,,,,283,
Plantae,Flora,Loranthaceae,6462,Lysiana exocarpi subsp. tenuis,,,,,146,
Plantae,Flora,Loranthaceae,3616,Lysiana linearifolia,,,,,35,
Plantae,Flora,Loranthaceae,3617,Lysiana murrayi,,,,,61,
Plantae,Flora,Loranthaceae,LYSA,Lysiana spp.,,,,,13,
Plantae,Flora,Loranthaceae,7910,Lysiana subfalcata,,,,,193,
Plantae,Flora,Loranthaceae,3618,Muellerina bidwillii,,,,,83,
Plantae,Flora,Loranthaceae,3619,Muellerina celastroides,,,,,399,
Plantae,Flora,Loranthaceae,3620,Muellerina eucalyptoides,,,,,664,
Plantae,Flora,Loranthaceae,3621,Muellerina myrtifolia,,Myrtle-leaf Mistletoe,E1,,5,
Plantae,Flora,Loranthaceae,MUEL,Muellerina spp.,,,,,12,
Plantae,Flora,Lunulariaceae,11562,Lunularia cruciata,,,,,1,
Plantae,Flora,Luzuriagaceae,3546,Drymophila cyanocarpa,,Turquoise Berry,,,135,
Plantae,Flora,Luzuriagaceae,3547,Drymophila moorei,,Orange Berry,,,541,
Plantae,Flora,Luzuriagaceae,6015,Eustrephus latifolius,,Wombat Berry,,,14794,
Plantae,Flora,Luzuriagaceae,EUST,Eustrephus spp.,,,,,7,
Plantae,Flora,Luzuriagaceae,6016,Geitonoplesium cymosum,,Scrambling Lily,,,12722,
Plantae,Flora,Luzuriagaceae,GEIT,Geitonoplesium spp.,,,,,29,
Plantae,Flora,Luzuriagaceae,LUZRC,Luzuriagaceae indeterminate,,,,,1,
Plantae,Flora,Lycopodiaceae,10456,Huperzia australiana,,Fir Clubmoss,,,6,
Plantae,Flora,Lycopodiaceae,9679,Huperzia phlegmaria,,,,,1,
Plantae,Flora,Lycopodiaceae,10457,Huperzia varia,,Long Clubmoss,,,24,
Plantae,Flora,Lycopodiaceae,10641,Lycopodiella cernua,,Scrambling Clubmoss,,,72,
Plantae,Flora,Lycopodiaceae,13191,Lycopodiella diffusa,,,,,5,
Plantae,Flora,Lycopodiaceae,9293,Lycopodiella lateralis,,Slender Clubmoss,,,425,
Plantae,Flora,Lycopodiaceae,10642,Lycopodiella serpentina,,Bog Clubmoss,,,7,
Plantae,Flora,Lycopodiaceae,6409,Lycopodium deuterodensum,,Bushy Clubmoss,P,,507,
Plantae,Flora,Lycopodiaceae,8133,Lycopodium fastigiatum,,Mountain Clubmoss,P,,159,
Plantae,Flora,Lycopodiaceae,LYCO,Lycopodium spp.,,,P,,50,
Plantae,Flora,Lythraceae,7877,Ammannia multiflora,,Jerry-jerry,,,211,
Plantae,Flora,Lythraceae,3622,Cuphea carthagenensis,*,,,,204,
Plantae,Flora,Lythraceae,10041,Cuphea hyssopifolia,*,,,,10,
Plantae,Flora,Lythraceae,11362,Lagerstroemia indica,*,,,,239,
Plantae,Flora,Lythraceae,LAGS,Lagerstroemia spp.,*,,,,33,
Plantae,Flora,Lythraceae,3623,Lythrum hyssopifolia,,Hyssop Loosestrife,,,2445,
Plantae,Flora,Lythraceae,12084,Lythrum paradoxum,,,,,1,
Plantae,Flora,Lythraceae,7974,Lythrum salicaria,,Purple Loosestrife,,,264,
Plantae,Flora,Lythraceae,LYTH,Lythrum spp.,,,,,36,
Plantae,Flora,Lythraceae,10042,Lythrum wilsonii,,,,,20,
Plantae,Flora,Lythraceae,13193,Rotala occultiflora,,,,,1,
Plantae,Flora,Lythraceae,10040,Rotala rotundifolia,*,,,,4,
Plantae,Flora,Lythraceae,11643,Rotala tripartita,,,E1,,383,
Plantae,Flora,Magnoliaceae,11593,Liriodendron tulipifera,*,Tulip Poplar,,,5,
Plantae,Flora,Magnoliaceae,11666,Magnolia grandiflora,*,Southern Magnolia,,,74,
Plantae,Flora,Magnoliaceae,11856,Magnolia macrophylla,*,Bigleaf magnolia,,,1,
Plantae,Flora,Magnoliaceae,MAGN,Magnolia spp.,*,,,,71,
Plantae,Flora,Magnoliaceae,13705,Magnolia x soulangeana,*,,,,10,
Plantae,Flora,Magnoliaceae,13194,Michelia doltsopa,*,,,,2,
Plantae,Flora,Magnoliaceae,11741,Michelia figo,*,,,,24,
Plantae,Flora,Magnoliaceae,MICH,Michelia spp.,*,,,,3,
Plantae,Flora,Malaceae,13195,Cotoneaster coriaceus,*,,,,22,
Plantae,Flora,Malaceae,8640,Cotoneaster franchetii,*,,,,97,
Plantae,Flora,Malaceae,5612,Cotoneaster glaucophyllus,*,,,,641,
Plantae,Flora,Malaceae,13196,Cotoneaster horizontalis,*,,,,2,
Plantae,Flora,Malaceae,5613,Cotoneaster microphyllus,*,,,,4,
Plantae,Flora,Malaceae,5614,Cotoneaster pannosus,*,,,,304,
Plantae,Flora,Malaceae,5615,Cotoneaster rotundifolius,*,,,,10,
Plantae,Flora,Malaceae,12065,Cotoneaster simonsii,*,Himalayan Cotoneaster,,,3,
Plantae,Flora,Malaceae,COTO,Cotoneaster spp.,*,,,,455,
Plantae,Flora,Malaceae,5616,Crataegus monogyna,*,Hawthorn,,,1358,
Plantae,Flora,Malaceae,13197,Crataegus monogyna subsp. monogyna,*,,,,11,
Plantae,Flora,Malaceae,13198,Crataegus phaenopyrum,*,,,,1,
Plantae,Flora,Malaceae,CRAT,Crataegus spp.,*,,,,59,
Plantae,Flora,Malaceae,13656,Cydonia oblonga,*,Quince,,,6,
Plantae,Flora,Malaceae,5618,Eriobotrya japonica,*,Loquat,,,269,
Plantae,Flora,Malaceae,7596,Malus domestica,*,Apple,,,292,
Plantae,Flora,Malaceae,13830,Malus floribunda,*,Japanese flowering crabapple,,,4,
Plantae,Flora,Malaceae,11390,Malus pumila,*,Apple,,,35,
Plantae,Flora,Malaceae,MALU,Malus spp.,*,,,,73,
Plantae,Flora,Malaceae,11355,Photinia glabra,*,Japanese Photinia,,,32,
Plantae,Flora,Malaceae,9939,Photinia serratifolia,*,Chinese Photinia,,,90,
Plantae,Flora,Malaceae,PHOT,Photinia spp.,*,,,,104,
Plantae,Flora,Malaceae,11755,Photinia x fraseri,*,,,,18,
Plantae,Flora,Malaceae,5627,Pyracantha angustifolia,*,Orange Firethorn,,,283,
Plantae,Flora,Malaceae,14722,Pyracantha coccinea,*,Scarlet Firethorn,,,6,
Plantae,Flora,Malaceae,12465,Pyracantha crenatoserrata,*,,,,56,
Plantae,Flora,Malaceae,5628,Pyracantha crenulata,*,,,,56,
Plantae,Flora,Malaceae,5630,Pyracantha rogersiana,*,,,,27,
Plantae,Flora,Malaceae,PYRA,Pyracantha spp.,*,,,,192,
Plantae,Flora,Malaceae,11857,Pyrus calleryana,*,Callery pear,,,27,
Plantae,Flora,Malaceae,11594,Pyrus communis,*,Common Pear,,,18,
Plantae,Flora,Malaceae,PYRU,Pyrus spp.,*,,,,32,
Plantae,Flora,Malaceae,12587,Pyrus ussuriensis,*,Chinese pear,,,8,
Plantae,Flora,Malaceae,5631,Rhaphiolepis indica,*,Indian Hawthorn,,,271,
Plantae,Flora,Malaceae,RHAP,Rhaphiolepis spp.,*,,,,9,
Plantae,Flora,Malaceae,11992,Rhaphiolepis umbellata,*,Japanese Hawthorn,,,13,
Plantae,Flora,Malaceae,13199,Sorbus aucuparia,*,,,,2,
Plantae,Flora,Malaceae,5649,Sorbus domestica,*,Service Tree,,,15,
Plantae,Flora,Malaceae,SORB,Sorbus spp.,*,,,,4,
Plantae,Flora,Malaceae,11862,Spiraea cantoniensis,*,Reeves' meadowsweet,,,43,
Plantae,Flora,Malaceae,13200,Spiraea douglasii var. menziesii,*,,,,4,
Plantae,Flora,Malaceae,5650,Spiraea prunifolia,*,Bridalwreath,,,3,
Plantae,Flora,Malaceae,SPIR,Spiraea spp.,*,,,,11,
Plantae,Flora,Malvaceae,11038,Abelmoschus manihot subsp. manihot,*,,,,3,
Plantae,Flora,Malvaceae,9878,Abelmoschus moschatus subsp. moschatus,*,,,,7,
Plantae,Flora,Malvaceae,3626,Abutilon cryptopetalum,,,,,82,
Plantae,Flora,Malvaceae,3627,Abutilon fraseri,,Dwarf Lantern-flower,,,501,
Plantae,Flora,Malvaceae,3628,Abutilon grandifolium,*,,,,60,
Plantae,Flora,Malvaceae,3629,Abutilon halophilum,,,,,284,
Plantae,Flora,Malvaceae,6608,Abutilon leucopetalum,,,,,295,
Plantae,Flora,Malvaceae,3630,Abutilon macrum,,,,,32,
Plantae,Flora,Malvaceae,3631,Abutilon malvifolium,,,,,275,
Plantae,Flora,Malvaceae,7184,Abutilon otocarpum,,Desert Lantern,,,1587,
Plantae,Flora,Malvaceae,3632,Abutilon oxycarpum,,Straggly Lantern-bush,,,3060,
Plantae,Flora,Malvaceae,13201,Abutilon pictum,*,,,,5,
Plantae,Flora,Malvaceae,ABUT,Abutilon spp.,,Lantern-bush,,,387,
Plantae,Flora,Malvaceae,3633,Abutilon theophrasti,*,,,,196,
Plantae,Flora,Malvaceae,3634,Abutilon tubulosum,,,,,101,
Plantae,Flora,Malvaceae,7802,Alcea rosea,*,Hollyhock,,,4,
Plantae,Flora,Malvaceae,15689,Androcalva fraseri,,Brush Kurrajong,,,1044,
Plantae,Flora,Malvaceae,15247,Androcalva procumbens,,,V,V,594,
Plantae,Flora,Malvaceae,15651,Androcalva rosea,,,E1,E,68,
Plantae,Flora,Malvaceae,3636,Anoda cristata,*,Anoda Weed,,,22,
Plantae,Flora,Malvaceae,8408,Argyrodendron actinophyllum,,,,,1124,
Plantae,Flora,Malvaceae,8401,Argyrodendron trifoliolatum,,,,,671,
Plantae,Flora,Malvaceae,6126,Brachychiton acerifolius,,Illawarra Flame Tree,,,1752,
Plantae,Flora,Malvaceae,13610,Brachychiton australis,*,,,,2,
Plantae,Flora,Malvaceae,6127,Brachychiton discolor,,Lacebark Tree,,,237,
Plantae,Flora,Malvaceae,6128,Brachychiton populneus,,Kurrajong,,,5290,
Plantae,Flora,Malvaceae,8961,Brachychiton populneus subsp. populneus,,,,,3066,
Plantae,Flora,Malvaceae,9445,Brachychiton populneus subsp. trilobus,,,,,220,
Plantae,Flora,Malvaceae,11899,Brachychiton rupestris,*,,,,8,
Plantae,Flora,Malvaceae,BRAH,Brachychiton spp.,,,,,32,
Plantae,Flora,Malvaceae,11055,Brachychiton x vinicolor,,,,,1,
Plantae,Flora,Malvaceae,6129,Commersonia bartramia,,Brown Kurrajong,,,404,
Plantae,Flora,Malvaceae,14590,Commersonia dasyphylla,,,,,294,
Plantae,Flora,Malvaceae,14591,Commersonia hermanniifolia,,,,,119,
Plantae,Flora,Malvaceae,14618,Commersonia prostrata,,Dwarf Kerrawang,E1,E,340,
Plantae,Flora,Malvaceae,14593,Commersonia rugosa,,,,,21,
Plantae,Flora,Malvaceae,14592,Commersonia salviifolia,,,,,36,
Plantae,Flora,Malvaceae,13611,Commersonia sp. 'Mt Tinbeerwah',,,,,1,
Plantae,Flora,Malvaceae,COMR,Commersonia spp.,,,,,210,
Plantae,Flora,Malvaceae,6131,Gilesia biniflora,,Western Tarvine,,,25,
Plantae,Flora,Malvaceae,9875,Gossypium barbadense,*,Sea Island Cotton,,,7,
Plantae,Flora,Malvaceae,9874,Gossypium hirsutum,*,Cotton,,,9,
Plantae,Flora,Malvaceae,GOSS,Gossypium spp.,,,,,2,
Plantae,Flora,Malvaceae,3638,Gossypium sturtianum,,Sturt's Desert Rose,,,16,
Plantae,Flora,Malvaceae,9872,Gossypium sturtianum var. nandewarense,,,,,6,
Plantae,Flora,Malvaceae,6684,Gossypium sturtianum var. sturtianum,,,,,2,
Plantae,Flora,Malvaceae,9873,Gossypium thurberi,*,,,,1,
Plantae,Flora,Malvaceae,3639,Gynatrix pulchella,,Hempbush,,,187,
Plantae,Flora,Malvaceae,6132,Hannafordia bissillii,,,,,34,
Plantae,Flora,Malvaceae,13612,Hannafordia bissillii subsp. bissillii,,,,,9,
Plantae,Flora,Malvaceae,3640,Hibiscus brachysiphonius,,Low Hibiscus,,,386,
Plantae,Flora,Malvaceae,3641,Hibiscus diversifolius,,Swamp Hibiscus,,,144,
Plantae,Flora,Malvaceae,8877,Hibiscus heterophyllus subsp. heterophyllus,,Native Rosella,,,1339,
Plantae,Flora,Malvaceae,3643,Hibiscus krichauffianus,,Velvet-leaf Hibiscus,,,228,
Plantae,Flora,Malvaceae,3644,Hibiscus mutabilis,*,,,,8,
Plantae,Flora,Malvaceae,11695,Hibiscus rosa-sinensis,*,Chinese Hibiscus,,,38,
Plantae,Flora,Malvaceae,11694,Hibiscus schizopetalus,*,Fringed Rosemallow,,,2,
Plantae,Flora,Malvaceae,3645,Hibiscus splendens,,Pink Hibiscus,,,129,
Plantae,Flora,Malvaceae,HIBI,Hibiscus spp.,,,,,252,
Plantae,Flora,Malvaceae,3646,Hibiscus sturtii,,Hill Hibiscus,,,385,
Plantae,Flora,Malvaceae,13202,Hibiscus sturtii var. campylochlamys,,,,,1,
Plantae,Flora,Malvaceae,7522,Hibiscus sturtii var. grandiflorus,,,,,157,
Plantae,Flora,Malvaceae,7296,Hibiscus sturtii var. sturtii,,Hill Hibiscus,,,353,
Plantae,Flora,Malvaceae,13769,Hibiscus syriacus,*,"althea, rose of Sharon",,,10,
Plantae,Flora,Malvaceae,3647,Hibiscus tiliaceus,,Cottonwood Hibiscus,,,137,
Plantae,Flora,Malvaceae,15250,Hibiscus tridactylites,,Narrow Leaf Bladder Ketmia,,,13,
Plantae,Flora,Malvaceae,3648,Hibiscus trionum,,Flower-of-an-hour,,,468,
Plantae,Flora,Malvaceae,13203,Hibiscus trionum var. trionum,,,,,18,
Plantae,Flora,Malvaceae,13204,Hibiscus trionum var. vesicarius,,,,,16,
Plantae,Flora,Malvaceae,3649,Howittia trilocularis,,,,,285,
Plantae,Flora,Malvaceae,3650,Lagunaria patersonia,,Norfolk Island Hibiscus,,,261,
Plantae,Flora,Malvaceae,10462,Lagunaria patersonia subsp. bracteatus,*,,,,5,
Plantae,Flora,Malvaceae,10461,Lagunaria patersonia subsp. patersonia,,Sally Wood,,,93,
Plantae,Flora,Malvaceae,LAGU,Lagunaria spp.,,,,,2,
Plantae,Flora,Malvaceae,6138,Lasiopetalum baueri,,,,,11,
Plantae,Flora,Malvaceae,10559,Lasiopetalum behrii,,Pink Velvet Bush,E4A,,2,
Plantae,Flora,Malvaceae,6139,Lasiopetalum ferrugineum,,,,,1032,
Plantae,Flora,Malvaceae,9175,Lasiopetalum ferrugineum var. cordatum,,,,,211,
Plantae,Flora,Malvaceae,9008,Lasiopetalum ferrugineum var. ferrugineum,,,,,670,
Plantae,Flora,Malvaceae,6140,Lasiopetalum joyceae,,,V,V,2015,
Plantae,Flora,Malvaceae,6141,Lasiopetalum longistamineum,,,V,V,120,
Plantae,Flora,Malvaceae,6142,Lasiopetalum macrophyllum,,Shrubby Velvet-bush,,,261,
Plantae,Flora,Malvaceae,6143,Lasiopetalum parviflorum,,,,,222,
Plantae,Flora,Malvaceae,15639,Lasiopetalum prodigiosum,,,,,14,
Plantae,Flora,Malvaceae,6144,Lasiopetalum rufum,,,,,198,
Plantae,Flora,Malvaceae,15658,Lasiopetalum sp. Coochin Hills (L.S.Smith 14050),,,,,19,
Plantae,Flora,Malvaceae,LASI,Lasiopetalum spp.,,,,,85,
Plantae,Flora,Malvaceae,LAVA,Lavatera spp.,*,,,,1,
Plantae,Flora,Malvaceae,9876,Lavatera trimestris,*,,,,1,
Plantae,Flora,Malvaceae,6797,Lawrencia glomerata,,,,,16,
Plantae,Flora,Malvaceae,12166,Lawrencia spicata,,,,,6,
Plantae,Flora,Malvaceae,6578,Lawrencia squamata,,,,,90,
Plantae,Flora,Malvaceae,11112,Malva dendromorpha,*,Tree Mallow,,,9,
Plantae,Flora,Malvaceae,11113,Malva linnaei,*,Cretan Hollyhock,,,6,
Plantae,Flora,Malvaceae,3655,Malva neglecta,*,Dwarf Mallow,,,230,
Plantae,Flora,Malvaceae,3656,Malva nicaeensis,*,Mallow of Nice,,,30,
Plantae,Flora,Malvaceae,3657,Malva parviflora,*,Small-flowered Mallow,,,4351,
Plantae,Flora,Malvaceae,13837,Malva preissiana,,Native Hollyhock,,,460,
Plantae,Flora,Malvaceae,MALV,Malva spp.,,Mallow,,,507,
Plantae,Flora,Malvaceae,3658,Malva sylvestris,*,Tall Mallow,,,111,
Plantae,Flora,Malvaceae,9877,Malva verticillata,*,,,,8,
Plantae,Flora,Malvaceae,MALVC,Malvaceae indeterminate,*,"Mallows, jutes and lantern bushes",,,121,
Plantae,Flora,Malvaceae,7206,Malvastrum americanum,*,Spiked Malvastrum,,,2766,
Plantae,Flora,Malvaceae,3659,Malvastrum coromandelianum,,Prickly Malvastrum,,,483,
Plantae,Flora,Malvaceae,11765,Malvaviscus arboreus,*,,,,8,
Plantae,Flora,Malvaceae,13206,Malvaviscus arboreus var. penduliflorus,*,,,,2,
Plantae,Flora,Malvaceae,13615,Melhania incana,,,,,2,
Plantae,Flora,Malvaceae,6645,Melhania oblongifolia,,,,,128,
Plantae,Flora,Malvaceae,MELH,Melhania spp.,,,,,2,
Plantae,Flora,Malvaceae,3660,Modiola caroliniana,*,Red-flowered Mallow,,,5588,
Plantae,Flora,Malvaceae,MODI,Modiola spp.,*,,,,54,
Plantae,Flora,Malvaceae,7267,Pavonia hastata,*,,,,740,
Plantae,Flora,Malvaceae,PAVO,Pavonia spp.,*,,,,4,
Plantae,Flora,Malvaceae,13207,Plagianthus microphyllus,,,,,1,
Plantae,Flora,Malvaceae,3661,Radyera farragei,,Bush Hibiscus,,,60,
Plantae,Flora,Malvaceae,6151,Seringia arborescens,,,,,123,
Plantae,Flora,Malvaceae,13617,Seringia collina,,,,,2,
Plantae,Flora,Malvaceae,13618,Seringia corollata,,,,,27,
Plantae,Flora,Malvaceae,14939,Seringia denticulata,,Seringia denticulata in the Hawkesbury local government area,E2,,6,
Plantae,Flora,Malvaceae,14939,Seringia denticulata,,,,,24,
Plantae,Flora,Malvaceae,13619,Seringia hillii,,,,,57,
Plantae,Flora,Malvaceae,13620,Seringia hookeriana,,,,,7,
Plantae,Flora,Malvaceae,15335,Seringia nephrosperma,,,,,41,
Plantae,Flora,Malvaceae,9880,Sida acuta,*,Spinyhead Sida,,,16,
Plantae,Flora,Malvaceae,3663,Sida ammophila,,Sand Sida,,,726,
Plantae,Flora,Malvaceae,10326,Sida argentea,*,,,,1,
Plantae,Flora,Malvaceae,13208,Sida atherophora,,,,,6,
Plantae,Flora,Malvaceae,15701,Sida brachypoda,,,,,6,
Plantae,Flora,Malvaceae,6780,Sida cordifolia,,,,,26,
Plantae,Flora,Malvaceae,3664,Sida corrugata,,Corrugated Sida,,,11193,
Plantae,Flora,Malvaceae,3666,Sida cunninghamii,,Ridge Sida,,,3279,
Plantae,Flora,Malvaceae,6711,Sida fibulifera,,Pin Sida,,,1564,
Plantae,Flora,Malvaceae,3667,Sida filiformis,,,,,741,
Plantae,Flora,Malvaceae,3668,Sida goniocarpa,,,,,113,
Plantae,Flora,Malvaceae,14631,Sida hackettiana,,"Golden Rod, Spiked Sida, Queensland Hemp",,,1040,
Plantae,Flora,Malvaceae,3669,Sida intricata,,,,,973,
Plantae,Flora,Malvaceae,13209,Sida mollis,*,,,,1,
Plantae,Flora,Malvaceae,3671,Sida petrophila,,,,,364,
Plantae,Flora,Malvaceae,9789,Sida phaeotricha,,,,,16,
Plantae,Flora,Malvaceae,3672,Sida platycalyx,,Lifesaver Burr,,,71,
Plantae,Flora,Malvaceae,8340,Sida pleiantha,,,,,4,
Plantae,Flora,Malvaceae,3673,Sida rhombifolia,*,Paddy's Lucerne,,,12284,
Plantae,Flora,Malvaceae,7575,Sida rohlenae,,Shrub Sida,E1,,16,
Plantae,Flora,Malvaceae,8283,Sida sp. A,,,,,192,
Plantae,Flora,Malvaceae,9538,Sida sp. aff. corrugata,,,,,1,
Plantae,Flora,Malvaceae,9881,Sida sp. B,,,,,22,
Plantae,Flora,Malvaceae,8520,Sida sp. C,,,,,21,
Plantae,Flora,Malvaceae,7612,Sida spinosa,*,,,,1698,
Plantae,Flora,Malvaceae,14615,Sida spodochroma,,Limestone Sida,,,43,
Plantae,Flora,Malvaceae,SIDA,Sida spp.,,,,,1782,
Plantae,Flora,Malvaceae,3674,Sida trichopoda,,High Sida,,,3906,
Plantae,Flora,Malvaceae,13211,Sida virgata,,,,,3,
Plantae,Flora,Malvaceae,7343,Sterculia quadrifida,,Red-fruited Kurrajong,,,84,
Plantae,Flora,Malvaceae,6781,Urena lobata,*,Conga Jute,,,17,
Plantae,Flora,Marantaceae,12568,Ctenanthe compressa,*,,,,5,
Plantae,Flora,Marantaceae,CTEN,Ctenanthe spp.,*,,,,8,
Plantae,Flora,Marattiaceae,8141,^Angiopteris evecta,,Giant Fern,"E1,2",,5,
Plantae,Flora,Marattiaceae,10470,Marattia howeana,,King Fern,,,16,
Plantae,Flora,Marchantiaceae,11563,Marchantia pileata,,,,,1,
Plantae,Flora,Marsileaceae,9632,Marsilea costulifera,,,,,1025,
Plantae,Flora,Marsileaceae,8803,Marsilea drummondii,,Common Nardoo,,,6779,
Plantae,Flora,Marsileaceae,8137,Marsilea exarata,,Swayback Nardoo,,,90,
Plantae,Flora,Marsileaceae,8138,Marsilea hirsuta,,Short-fruited Nardoo,,,355,
Plantae,Flora,Marsileaceae,8139,Marsilea mutica,,,,,207,
Plantae,Flora,Marsileaceae,MARI,Marsilea spp.,,,,,270,
Plantae,Flora,Marsileaceae,8140,^^Pilularia novae-hollandiae,,Austral Pillwort,"E1,3",,153,
Plantae,Flora,Marsileaceae,PILU,Pilularia spp.,,,,,1,
Plantae,Flora,Martyniaceae,8935,Ibicella lutea,*,Yellow-flowered Devil's Claw,,,46,
Plantae,Flora,Martyniaceae,4652,Martynia annua,*,Small-fruited Devil's Claw,,,2,
Plantae,Flora,Martyniaceae,4653,Proboscidea fragrans,*,,,,3,
Plantae,Flora,Martyniaceae,13212,Proboscidea jussieui,*,,,,4,
Plantae,Flora,Martyniaceae,4654,Proboscidea louisianica,*,Purple-flowered Devil's Claw,,,74,
Plantae,Flora,Melastomataceae,3675,Melastoma affine,,Blue Tongue,,,176,
Plantae,Flora,Melastomataceae,MELS,Melastoma spp.,,,,,2,
Plantae,Flora,Melastomataceae,TIBO,Tibouchina spp.,*,,,,48,
Plantae,Flora,Melastomataceae,11738,Tibouchina urvilleana,*,Lasiandra,,,65,
Plantae,Flora,Meliaceae,8598,Anthocarapa nitidula,,Incense Cedar,,,341,
Plantae,Flora,Meliaceae,ANTH,Anthocarpa spp.,,,,,1,
Plantae,Flora,Meliaceae,3676,Dysoxylum fraserianum,,Rosewood,,,1323,
Plantae,Flora,Meliaceae,11079,Dysoxylum mollissimum subsp. molle,,Red Bean,,,492,
Plantae,Flora,Meliaceae,3678,Dysoxylum pachyphyllum,,Island Apple,,,93,
Plantae,Flora,Meliaceae,3679,Dysoxylum rufum,,Hairy Rosewood,,,715,
Plantae,Flora,Meliaceae,DYSO,Dysoxylum spp.,,,,,5,
Plantae,Flora,Meliaceae,3680,Melia azedarach,,White Cedar,,,2566,
Plantae,Flora,Meliaceae,MELI,Melia spp.,,,,,9,
Plantae,Flora,Meliaceae,3681,Owenia acidula,,Gruie,,,91,
Plantae,Flora,Meliaceae,3682,Owenia cepiodora,,Onion Cedar,V,V,723,
Plantae,Flora,Meliaceae,12409,Owenia reliqua,,Bellata Owenia,,,3,
Plantae,Flora,Meliaceae,OWEN,Owenia spp.,,,,,2,
Plantae,Flora,Meliaceae,11178,Synoum glandulosum subsp. glandulosum,,Scentless Rosewood,,,7039,
Plantae,Flora,Meliaceae,SYNO,Synoum spp.,,,,,6,
Plantae,Flora,Meliaceae,8839,Toona ciliata,,Red Cedar,,,1408,
Plantae,Flora,Meliaceae,TOON,Toona spp.,,,,,3,
Plantae,Flora,Meliaceae,13215,Turraea obtusifolia,*,,,,1,
Plantae,Flora,Meliaceae,9233,Turraea pubescens,,,,,1,
Plantae,Flora,Melianthaceae,3684,Melianthus major,*,Cape Honey Flower,,,3,
Plantae,Flora,Menispermaceae,3685,Carronia multisepalea,,,,,299,
Plantae,Flora,Menispermaceae,11933,Echinostephia aculeata,,,,,370,
Plantae,Flora,Menispermaceae,8452,Hypserpa decumbens,,,,,31,
Plantae,Flora,Menispermaceae,3686,Legnephora moorei,,Round-leaf Vine,,,775,
Plantae,Flora,Menispermaceae,3687,Pleogyne australis,,,,,1,
Plantae,Flora,Menispermaceae,3688,Sarcopetalum harveyanum,,Pearl Vine,,,3069,
Plantae,Flora,Menispermaceae,3690,Stephania japonica,,Snake vine,,,3379,
Plantae,Flora,Menispermaceae,8428,Stephania japonica var. discolor,,Snake Vine,,,3638,
Plantae,Flora,Menispermaceae,11724,Stephania japonica var. japonica,*,,,,13,
Plantae,Flora,Menispermaceae,10506,Stephania japonica var. timoriensis,,,,,34,
Plantae,Flora,Menispermaceae,STEP,Stephania spp.,,,,,2,
Plantae,Flora,Menispermaceae,7167,Tinospora smilacina,,Tinospora Vine,E1,,63,
Plantae,Flora,Menispermaceae,3691,Tinospora tinosporoides,,Arrow-head Vine,V,,848,
Plantae,Flora,Menyanthaceae,14804,Liparophyllum exaltatum,,,,,671,
Plantae,Flora,Menyanthaceae,7725,Nymphoides crenata,,Wavy Marshwort,,,843,
Plantae,Flora,Menyanthaceae,7615,Nymphoides geminata,,Entire Marshwort,,,84,
Plantae,Flora,Menyanthaceae,7891,Nymphoides indica,,Water Snowflake,,,116,
Plantae,Flora,Menyanthaceae,7600,Nymphoides montana,,Marshwort,,,58,
Plantae,Flora,Menyanthaceae,9991,Nymphoides spinulosperma,,Marbled Marshwort,,,2,
Plantae,Flora,Menyanthaceae,14272,Nymphoides spp.,,,,,8,
Plantae,Flora,Menyanthaceae,14805,Ornduffia reniformis,,,,,49,
Plantae,Flora,Menyanthaceae,VILL,Villarsia spp.,,,,,9,
Plantae,Flora,Meteoriaceae,8207,Papillaria crocea,,,,,9,
Plantae,Flora,Monimiaceae,3910,Atherosperma moschatum,,Black Sassafras,,,69,
Plantae,Flora,Monimiaceae,13216,Atherosperma moschatum subsp. integrifolium,,,,,33,
Plantae,Flora,Monimiaceae,13217,Atherosperma moschatum subsp. moschatum,,,,,20,
Plantae,Flora,Monimiaceae,ATHE,Atherosperma spp.,,,,,1,
Plantae,Flora,Monimiaceae,13218,Daphnandra apatela,,,,,783,
Plantae,Flora,Monimiaceae,13219,Daphnandra johnsonii,,Illawarra Socketwood,E1,E,288,
Plantae,Flora,Monimiaceae,13220,Daphnandra melasmena,,,,,44,
Plantae,Flora,Monimiaceae,3911,Daphnandra micrantha,,,,,670,
Plantae,Flora,Monimiaceae,DAPH,Daphnandra spp.,,,,,58,
Plantae,Flora,Monimiaceae,3912,Daphnandra tenuipes,,Red-flowered Socketwood,,,184,
Plantae,Flora,Monimiaceae,3913,Doryphora sassafras,,Sassafras,,,3488,
Plantae,Flora,Monimiaceae,DORY,Doryphora spp.,,,,,4,
Plantae,Flora,Monimiaceae,3914,Hedycarya angustifolia,,Native Mulberry,,,1248,
Plantae,Flora,Monimiaceae,13221,Palmeria foremanii,,,,,40,
Plantae,Flora,Monimiaceae,3915,Palmeria scandens,,Anchor Vine,,,1716,
Plantae,Flora,Monimiaceae,PALM,Palmeria spp.,,,,,5,
Plantae,Flora,Monimiaceae,3917,Wilkiea austroqueenslandica,,Smooth Wilkiea,,,237,
Plantae,Flora,Monimiaceae,3918,Wilkiea huegeliana,,Veiny Wilkiea,,,3397,
Plantae,Flora,Monimiaceae,3919,Wilkiea macrophylla,,Large-leaved Wilkiea,,,92,
Plantae,Flora,Monimiaceae,WILK,Wilkiea spp.,,,,,9,
Plantae,Flora,Moraceae,11429,Ficus benjamina,*,Weeping Fig,,,90,
Plantae,Flora,Moraceae,11662,Ficus carica,*,Common Fig,,,49,
Plantae,Flora,Moraceae,7479,Ficus coronata,,Creek Sandpaper Fig,,,4854,
Plantae,Flora,Moraceae,13222,Ficus damaropsis,*,,,,1,
Plantae,Flora,Moraceae,13223,Ficus drupacea,*,,,,1,
Plantae,Flora,Moraceae,8778,Ficus elastica,*,,,,72,
Plantae,Flora,Moraceae,3921,Ficus fraseri,,Sandpaper Fig,,,495,
Plantae,Flora,Moraceae,11430,Ficus lyrata,*,,,,10,
Plantae,Flora,Moraceae,3922,Ficus macrophylla,,,,,668,
Plantae,Flora,Moraceae,10451,Ficus macrophylla subsp. columnaris,,Banyan,,,83,
Plantae,Flora,Moraceae,8841,Ficus macrophylla subsp. macrophylla,,Moreton Bay Fig,,,154,
Plantae,Flora,Moraceae,8446,Ficus microcarpa,*,,,,90,
Plantae,Flora,Moraceae,7301,Ficus obliqua,,Small-leaved Fig,,,700,
Plantae,Flora,Moraceae,7788,Ficus obliqua var. obliqua,,,,,53,
Plantae,Flora,Moraceae,3923,Ficus pumila,*,Creeping Fig,,,96,
Plantae,Flora,Moraceae,3924,Ficus rubiginosa,,Port Jackson Fig,,,2463,
Plantae,Flora,Moraceae,13225,Ficus rubiginosa f. glabrescens,,,,,36,
Plantae,Flora,Moraceae,11720,Ficus rubiginosa f. rubiginosa,,,,,242,
Plantae,Flora,Moraceae,FICU,Ficus spp.,,,,,254,
Plantae,Flora,Moraceae,8407,Ficus superba var. henneana,,Deciduous Fig,,,297,
Plantae,Flora,Moraceae,8426,Ficus virens var. sublanceolata,,,,,75,
Plantae,Flora,Moraceae,3927,Ficus watkinsiana,,Strangling Fig,,,774,
Plantae,Flora,Moraceae,3928,Maclura cochinchinensis,,Cockspur Thorn,,,2599,
Plantae,Flora,Moraceae,3929,Maclura pomifera,*,Osage Orange,,,62,
Plantae,Flora,Moraceae,MACL,Maclura spp.,,,,,6,
Plantae,Flora,Moraceae,3930,Morus alba,*,White Mulberry,,,568,
Plantae,Flora,Moraceae,8693,Morus nigra,*,Black Mulberry,,,75,
Plantae,Flora,Moraceae,MORU,Morus spp.,*,,,,71,
Plantae,Flora,Moraceae,3931,Streblus brunonianus,,Whalebone Tree,,,2200,
Plantae,Flora,Moraceae,10416,Trophis scandens,,Burny Vine,,,1194,
Plantae,Flora,Moraceae,10510,Trophis scandens subsp. megacarpa,,,,,41,
Plantae,Flora,Moraceae,10417,Trophis scandens subsp. scandens,,Burny Vine,,,376,
Plantae,Flora,Musaceae,11327,Musa acuminata,*,Edible banana,,,118,
Plantae,Flora,Musaceae,11783,Musa paradisiaca,*,,,,16,
Plantae,Flora,Musaceae,MUSA,Musa spp.,*,Banana,,,74,
Plantae,Flora,Myrtaceae,8977,Acmena hemilampra subsp. hemilampra,,Broad-leaved Lilly Pilly,,,151,
Plantae,Flora,Myrtaceae,6640,Acmena ingens,,Red Apple,,,266,
Plantae,Flora,Myrtaceae,3968,Acmena smithii,,Lilly Pilly,,,8907,
Plantae,Flora,Myrtaceae,10033,Acmena smithii (Rheophytic race),,,,,7,
Plantae,Flora,Myrtaceae,10032,Acmena smithii (Small-leaved Race),,,,,3,
Plantae,Flora,Myrtaceae,10031,Acmena smithii (Type form),,,,,55,
Plantae,Flora,Myrtaceae,ACME,Acmena spp.,,,,,37,
Plantae,Flora,Myrtaceae,11432,Agonis flexuosa,*,,,,89,
Plantae,Flora,Myrtaceae,10999,Anetholea anisata,,Aniseed Tree,,,110,
Plantae,Flora,Myrtaceae,3969,Angophora bakeri,,Narrow-leaved Apple,,,2580,
Plantae,Flora,Myrtaceae,3970,Angophora costata,,Sydney Red Gum,,,12731,
Plantae,Flora,Myrtaceae,15082,Angophora costata x floribunda,,,,,1,
Plantae,Flora,Myrtaceae,13826,Angophora costata x hispida,,,,,1,
Plantae,Flora,Myrtaceae,9012,Angophora crassifolia,,,,,230,
Plantae,Flora,Myrtaceae,9717,Angophora euryphylla,,,,,175,
Plantae,Flora,Myrtaceae,9718,^^Angophora exul,,Gibraltar Rock Apple,"E1,3",,11,
Plantae,Flora,Myrtaceae,15083,Angophora exul x floribunda,,,,,1,
Plantae,Flora,Myrtaceae,3971,Angophora floribunda,,Rough-barked Apple,,,19869,
Plantae,Flora,Myrtaceae,12563,Angophora floribunda x inopina,,,,,1,
Plantae,Flora,Myrtaceae,12532,Angophora floribunda x leiocarpa,,,,,4,
Plantae,Flora,Myrtaceae,14522,Angophora floribunda x subvelutina,,,,,4,
Plantae,Flora,Myrtaceae,3972,Angophora hispida,,Dwarf Apple,,,1428,
Plantae,Flora,Myrtaceae,9619,Angophora inopina,,Charmhaven Apple,V,V,6555,
Plantae,Flora,Myrtaceae,13234,Angophora jungens,,,,,5,
Plantae,Flora,Myrtaceae,9094,Angophora leiocarpa,,,,,637,
Plantae,Flora,Myrtaceae,3973,Angophora melanoxylon,,Coolabah Apple,,,108,
Plantae,Flora,Myrtaceae,8712,Angophora paludosa,,,,,155,
Plantae,Flora,Myrtaceae,8724,Angophora robur,,Sandstone Rough-barked Apple,V,V,2293,
Plantae,Flora,Myrtaceae,11371,Angophora robur x subvelutina,,,,,3,
Plantae,Flora,Myrtaceae,ANGO,Angophora spp.,,,,,128,
Plantae,Flora,Myrtaceae,3974,Angophora subvelutina,,Broad-leaved Apple,,,2237,
Plantae,Flora,Myrtaceae,3975,Angophora woodsiana,,,,,452,
Plantae,Flora,Myrtaceae,3976,Archirhodomyrtus beckleri,,Rose Myrtle,,,1471,
Plantae,Flora,Myrtaceae,ARCH,Archirhodomyrtus spp.,,,,,4,
Plantae,Flora,Myrtaceae,3979,Austromyrtus dulcis,,Midgen Berry,,,639,
Plantae,Flora,Myrtaceae,15656,Austromyrtus glabra,,,,,34,
Plantae,Flora,Myrtaceae,AUST,Austromyrtus spp.,,,,,31,
Plantae,Flora,Myrtaceae,3982,Austromyrtus tenuifolia,,,,,227,
Plantae,Flora,Myrtaceae,BABN,Babingtonia spp.,,,,,7,
Plantae,Flora,Myrtaceae,13235,Backhousia angustifolia,,Narrow Leaf Myrtle,,,2,
Plantae,Flora,Myrtaceae,11750,Backhousia citriodora,*,,,,21,
Plantae,Flora,Myrtaceae,15187,Backhousia leptopetala,,Brush Turpentine,,,407,
Plantae,Flora,Myrtaceae,3984,Backhousia myrtifolia,,Grey Myrtle,,,5267,
Plantae,Flora,Myrtaceae,3985,Backhousia sciadophora,,Shatterwood,,,490,
Plantae,Flora,Myrtaceae,BACK,Backhousia spp.,,,,,34,
Plantae,Flora,Myrtaceae,15211,^^Backhousia subargentea,,Giant Ironwood,"E1,3",,78,
Plantae,Flora,Myrtaceae,3986,Baeckea brevifolia,,,,,419,
Plantae,Flora,Myrtaceae,3989,Baeckea crassifolia,,Desert Heath-myrtle,,,56,
Plantae,Flora,Myrtaceae,3993,Baeckea diosmifolia,,Fringed Baeckea,,,835,
Plantae,Flora,Myrtaceae,9835,Baeckea frutescens,,,,,362,
Plantae,Flora,Myrtaceae,3994,Baeckea gunniana,,Alpine Baeckea,,,240,
Plantae,Flora,Myrtaceae,3995,Baeckea imbricata,,,,,1977,
Plantae,Flora,Myrtaceae,9837,^^Baeckea kandos,,,"E1,3",E,23,
Plantae,Flora,Myrtaceae,9838,Baeckea latifolia,,,,,5,
Plantae,Flora,Myrtaceae,3997,Baeckea linifolia,,Weeping Baeckea,P,,3468,
Plantae,Flora,Myrtaceae,9836,Baeckea omissa,,,,,217,
Plantae,Flora,Myrtaceae,BAEC,Baeckea spp.,,,,,90,
Plantae,Flora,Myrtaceae,4000,Baeckea utilis,,Mountain Baeckea,,,910,
Plantae,Flora,Myrtaceae,4002,Callistemon acuminatus,,Tapering-leaved Bottlebrush,,,70,
Plantae,Flora,Myrtaceae,4003,Callistemon brachyandrus,,Prickly Bottlebrush,,,22,
Plantae,Flora,Myrtaceae,4004,Callistemon citrinus,,Crimson Bottlebrush,,,2065,
Plantae,Flora,Myrtaceae,4005,Callistemon comboynensis,,Cliff Bottlebrush,,,121,
Plantae,Flora,Myrtaceae,4006,Callistemon flavovirens,,Green Bottlebrush,,,46,
Plantae,Flora,Myrtaceae,15084,Callistemon formosus,,,,,1,
Plantae,Flora,Myrtaceae,13237,Callistemon lilacinus,,,,,3,
Plantae,Flora,Myrtaceae,4007,^^Callistemon linearifolius,,Netted Bottle Brush,"V,3",,2375,
Plantae,Flora,Myrtaceae,4008,Callistemon linearis,,Narrow-leaved Bottlebrush,,,1756,
Plantae,Flora,Myrtaceae,14329,Callistemon megalongensis,,Megalong Valley Bottlebrush,E4A,CE,475,
Plantae,Flora,Myrtaceae,4009,Callistemon montanus,,Mountain Bottlebrush,,,20,
Plantae,Flora,Myrtaceae,4010,Callistemon pachyphyllus,,Wallum Bottlebrush,,,793,
Plantae,Flora,Myrtaceae,4011,Callistemon pallidus,,Lemon Bottlebrush,,,235,
Plantae,Flora,Myrtaceae,4013,Callistemon pinifolius,,Pine-leaved Bottlebrush,,,334,
Plantae,Flora,Myrtaceae,7943,Callistemon pityoides,,Alpine Bottlebrush,,,555,
Plantae,Flora,Myrtaceae,9126,Callistemon pungens,,,,V,123,
Plantae,Flora,Myrtaceae,14330,Callistemon purpurascens,,,E4A,CE,115,
Plantae,Flora,Myrtaceae,4014,Callistemon rigidus,,Stiff Bottlebrush,,,596,
Plantae,Flora,Myrtaceae,4015,Callistemon salignus,,Willow Bottlebrush,,,4176,
Plantae,Flora,Myrtaceae,15085,Callistemon serpentinus,,,,,1,
Plantae,Flora,Myrtaceae,4016,Callistemon shiressii,,,,,250,
Plantae,Flora,Myrtaceae,4017,Callistemon sieberi,,River Bottlebrush,,,547,
Plantae,Flora,Myrtaceae,14189,Callistemon sp. aff. flavovirens,,,,,9,
Plantae,Flora,Myrtaceae,8359,Callistemon sp. aff. pallidus,,,,,10,
Plantae,Flora,Myrtaceae,12119,Callistemon sp. aff. pallidus 'Gibraltar Range',,,,,1,
Plantae,Flora,Myrtaceae,8202,Callistemon sp. nov. Ben Halls Gap SF,,,,,4,
Plantae,Flora,Myrtaceae,13238,Callistemon sp. Rock of Gibraltar,,,,,2,
Plantae,Flora,Myrtaceae,CALL,Callistemon spp.,,,,,775,
Plantae,Flora,Myrtaceae,4018,Callistemon subulatus,,,,,115,
Plantae,Flora,Myrtaceae,4019,Callistemon viminalis,,Weeping Bottlebrush,,,938,
Plantae,Flora,Myrtaceae,13239,Calothamnus quadrifidus,*,,,,1,
Plantae,Flora,Myrtaceae,13240,Calytrix achaeta,,,,,2,
Plantae,Flora,Myrtaceae,13241,Calytrix acutifolia,*,,,,1,
Plantae,Flora,Myrtaceae,4020,Calytrix longiflora,,,,,72,
Plantae,Flora,Myrtaceae,CALX,Calytrix spp.,,,,,13,
Plantae,Flora,Myrtaceae,4021,Calytrix tetragona,,Common Fringe-myrtle,,,5220,
Plantae,Flora,Myrtaceae,11758,Corymbia calophylla,*,,,,3,
Plantae,Flora,Myrtaceae,11748,Corymbia citriodora,*,Lemon-scented Gum,,,614,
Plantae,Flora,Myrtaceae,9738,Corymbia dolichocarpa,,Long-fruited Bloodwood,,,200,
Plantae,Flora,Myrtaceae,9743,Corymbia eximia,,Yellow Bloodwood,,,2050,
Plantae,Flora,Myrtaceae,11752,Corymbia ficifolia,*,Red-flowering Gum,,,29,
Plantae,Flora,Myrtaceae,9687,Corymbia gummifera,,Red Bloodwood,,,17572,
Plantae,Flora,Myrtaceae,9689,Corymbia henryi,,Large-leaved Spotted Gum,,,1206,
Plantae,Flora,Myrtaceae,9601,Corymbia intermedia,,Pink Bloodwood,,,6693,
Plantae,Flora,Myrtaceae,9692,Corymbia maculata,,Spotted Gum,,,14453,
Plantae,Flora,Myrtaceae,12536,Corymbia ptychocarpa,*,,,,1,
Plantae,Flora,Myrtaceae,CRYM,Corymbia spp.,,,,,142,
Plantae,Flora,Myrtaceae,9744,Corymbia tessellaris,,Carbeen,,,231,
Plantae,Flora,Myrtaceae,12526,Corymbia torelliana,*,Cadaghi,,,192,
Plantae,Flora,Myrtaceae,9739,Corymbia trachyphloia,,White Bloodwood,,,595,
Plantae,Flora,Myrtaceae,9741,Corymbia trachyphloia subsp. amphistomatica,,,,,1369,
Plantae,Flora,Myrtaceae,9740,Corymbia trachyphloia subsp. trachyphloia,,,,,36,
Plantae,Flora,Myrtaceae,9742,Corymbia tumescens,,,,,203,
Plantae,Flora,Myrtaceae,9688,Corymbia variegata,,,,,663,
Plantae,Flora,Myrtaceae,4024,Darwinia biflora,,,V,V,2056,
Plantae,Flora,Myrtaceae,9553,Darwinia briggsiae,,,,,16,
Plantae,Flora,Myrtaceae,4025,Darwinia camptostylis,,,,,166,
Plantae,Flora,Myrtaceae,4026,Darwinia diminuta,,,,,173,
Plantae,Flora,Myrtaceae,4027,Darwinia fascicularis,,,,,413,
Plantae,Flora,Myrtaceae,6508,Darwinia fascicularis subsp. fascicularis,,,,,282,
Plantae,Flora,Myrtaceae,7135,Darwinia fascicularis subsp. oligantha,,Darwinia fascicularis subsp. oligantha population in the Baulkham Hills and Hornsby Local Government Areas,E2,,14,
Plantae,Flora,Myrtaceae,7135,Darwinia fascicularis subsp. oligantha,,,,,77,
Plantae,Flora,Myrtaceae,4028,Darwinia glaucophylla,,,E1,,1095,
Plantae,Flora,Myrtaceae,4029,Darwinia grandiflora,,,,,262,
Plantae,Flora,Myrtaceae,4030,Darwinia leptantha,,,,,275,
Plantae,Flora,Myrtaceae,4031,Darwinia peduncularis,,,V,,480,
Plantae,Flora,Myrtaceae,4032,Darwinia procera,,,,,166,
Plantae,Flora,Myrtaceae,DARW,Darwinia spp.,,,,,16,
Plantae,Flora,Myrtaceae,4033,Darwinia taxifolia,,,,,7,
Plantae,Flora,Myrtaceae,10039,Darwinia taxifolia subsp. macrolaena,,,,,27,
Plantae,Flora,Myrtaceae,10038,Darwinia taxifolia subsp. taxifolia,,,,,39,
Plantae,Flora,Myrtaceae,8442,Decaspermum humile,,Silky Myrtle,,,176,
Plantae,Flora,Myrtaceae,DECA,Decaspermum spp.,,,,,1,
Plantae,Flora,Myrtaceae,4035,Eucalyptus acaciiformis,,Wattle-leaved Peppermint,,,410,
Plantae,Flora,Myrtaceae,7027,Eucalyptus acmenoides,,White Mahogany,,,5043,
Plantae,Flora,Myrtaceae,14076,Eucalyptus acmenoides x pilularis,,,,,2,
Plantae,Flora,Myrtaceae,9620,Eucalyptus aenea,,,,,53,
Plantae,Flora,Myrtaceae,4037,Eucalyptus agglomerata,,Blue-leaved Stringybark,,,7310,
Plantae,Flora,Myrtaceae,4038,Eucalyptus aggregata,,Eucalyptus aggregata population in the Wingecaribee local government area,"E2,V",V,47,
Plantae,Flora,Myrtaceae,4038,Eucalyptus aggregata,,Black Gum,V,V,1173,
Plantae,Flora,Myrtaceae,4039,Eucalyptus albens,,White Box,,,11519,
Plantae,Flora,Myrtaceae,10722,Eucalyptus albens <--> moluccana,,,,,566,
Plantae,Flora,Myrtaceae,11290,Eucalyptus albens x crebra,,,,,3,
Plantae,Flora,Myrtaceae,10949,Eucalyptus alligatrix subsp. alligatrix,,,V,V,173,
Plantae,Flora,Myrtaceae,4040,Eucalyptus amplifolia,,Cabbage Gum,,,2162,
Plantae,Flora,Myrtaceae,9007,Eucalyptus amplifolia subsp. amplifolia,,,,,655,
Plantae,Flora,Myrtaceae,8695,Eucalyptus amplifolia subsp. sessiliflora,,,,,111,
Plantae,Flora,Myrtaceae,8617,Eucalyptus ancophila,,,,,62,
Plantae,Flora,Myrtaceae,4041,Eucalyptus andrewsii,,Gum-topped Peppermint,,,1063,
Plantae,Flora,Myrtaceae,4042,Eucalyptus angophoroides,,Apple-topped Gum,,,681,
Plantae,Flora,Myrtaceae,4043,Eucalyptus apiculata,,,,,217,
Plantae,Flora,Myrtaceae,10024,Eucalyptus apothalassica,,Inland White Mahogany,,,17,
Plantae,Flora,Myrtaceae,11260,Eucalyptus apothalassica x chloroclada,,,,,1,
Plantae,Flora,Myrtaceae,4044,Eucalyptus approximans,,Barren Mountain Mallee,,,43,
Plantae,Flora,Myrtaceae,8850,Eucalyptus aquatica,,Broad-leaved Sally,E4A,CE,369,
Plantae,Flora,Myrtaceae,4046,Eucalyptus badjensis,,,,,90,
Plantae,Flora,Myrtaceae,4047,Eucalyptus baeuerlenii,,Baeuerlen's Gum,,,69,
Plantae,Flora,Myrtaceae,4048,Eucalyptus baileyana,,Bailey's Stringybark,,,255,
Plantae,Flora,Myrtaceae,4049,Eucalyptus bakeri,,Baker's Mallee,,,19,
Plantae,Flora,Myrtaceae,4050,Eucalyptus bancroftii,,Orange Gum,,,290,
Plantae,Flora,Myrtaceae,4051,Eucalyptus banksii,,Tenterfield Woollybutt,,,386,
Plantae,Flora,Myrtaceae,7189,Eucalyptus baueriana,,Blue Box,,,981,
Plantae,Flora,Myrtaceae,4053,Eucalyptus baxteri,,Brown Stringybark,,,220,
Plantae,Flora,Myrtaceae,4054,Eucalyptus behriana,,Bull Mallee,,,71,
Plantae,Flora,Myrtaceae,8330,Eucalyptus bensonii,,,,,31,
Plantae,Flora,Myrtaceae,4055,Eucalyptus benthamii,,Camden White Gum,E4A,CE,1070,
Plantae,Flora,Myrtaceae,15088,Eucalyptus benthamii x viminalis,,,,,1,
Plantae,Flora,Myrtaceae,8356,Eucalyptus beyeriana,,,,,632,
Plantae,Flora,Myrtaceae,14172,Eucalyptus beyeriana <--> crebra,,,,,33,
Plantae,Flora,Myrtaceae,8450,Eucalyptus bicostata,,Eurabbie,,,287,
Plantae,Flora,Myrtaceae,7585,Eucalyptus biturbinata,,Grey Gum,,,1042,
Plantae,Flora,Myrtaceae,4057,Eucalyptus blakelyi,,Blakely's Red Gum,,,12084,
Plantae,Flora,Myrtaceae,11385,Eucalyptus blakelyi <--> dealbata,,,,,95,
Plantae,Flora,Myrtaceae,14198,Eucalyptus blakelyi <--> tereticornis,,,,,102,
Plantae,Flora,Myrtaceae,12561,Eucalyptus blakelyi x chloroclada,,,,,7,
Plantae,Flora,Myrtaceae,14173,Eucalyptus blakelyi x dwyeri,,,,,9,
Plantae,Flora,Myrtaceae,4058,Eucalyptus blaxlandii,,Blaxland's Stringybark,,,863,
Plantae,Flora,Myrtaceae,11294,Eucalyptus boliviana,,Bolivia Stringybark,E4A,,28,
Plantae,Flora,Myrtaceae,4059,Eucalyptus bosistoana,,Coast Grey Box,,,3467,
Plantae,Flora,Myrtaceae,4060,Eucalyptus botryoides,,Bangalay,,,4251,
Plantae,Flora,Myrtaceae,9959,Eucalyptus botryoides <--> saligna,,,,,1098,
Plantae,Flora,Myrtaceae,4061,Eucalyptus bridgesiana,,Apple Box,,,6478,
Plantae,Flora,Myrtaceae,8681,Eucalyptus brunnea,,,,,571,
Plantae,Flora,Myrtaceae,13248,Eucalyptus burdettiana,*,,,,1,
Plantae,Flora,Myrtaceae,4062,Eucalyptus burgessiana,,Faulconbridge Mallee Ash,,,180,
Plantae,Flora,Myrtaceae,4063,Eucalyptus caleyi,,,,,403,
Plantae,Flora,Myrtaceae,9350,Eucalyptus caleyi subsp. caleyi,,,,,780,
Plantae,Flora,Myrtaceae,9517,Eucalyptus caleyi subsp. ovendenii,,Ovenden's Ironbark,V,V,119,
Plantae,Flora,Myrtaceae,15131,Eucalyptus calidissima,,,,,26,
Plantae,Flora,Myrtaceae,4064,Eucalyptus caliginosa,,Broad-leaved Stringybark,,,2618,
Plantae,Flora,Myrtaceae,12530,Eucalyptus caliginosa <--> laevopinea,,,,,6,
Plantae,Flora,Myrtaceae,4065,Eucalyptus calycogona,,Gooseberry Mallee,,,3,
Plantae,Flora,Myrtaceae,6360,Eucalyptus camaldulensis,,River Red Gum,,,16139,
Plantae,Flora,Myrtaceae,6360,Eucalyptus camaldulensis,,Eucalyptus camaldulensis population in the Hunter catchment,E2,,2019,
Plantae,Flora,Myrtaceae,10889,Eucalyptus camaldulensis <--> chloroclada,,,,,130,
Plantae,Flora,Myrtaceae,15316,Eucalyptus camaldulensis subsp. acuta,,,,,4,
Plantae,Flora,Myrtaceae,15231,Eucalyptus camaldulensis subsp. arida,,,,,42,
Plantae,Flora,Myrtaceae,4066,Eucalyptus cameronii,,Diehard Stringybark,,,1463,
Plantae,Flora,Myrtaceae,8871,Eucalyptus cameronii x mckiei,,,,,1,
Plantae,Flora,Myrtaceae,4067,Eucalyptus camfieldii,,Camfield's Stringybark,V,V,2695,
Plantae,Flora,Myrtaceae,11533,Eucalyptus camfieldii x capitellata,,,,,8,
Plantae,Flora,Myrtaceae,8652,Eucalyptus campanulata,,New England Blackbutt,,,3464,
Plantae,Flora,Myrtaceae,4068,Eucalyptus camphora,,Broad-leaved Sally,,,53,
Plantae,Flora,Myrtaceae,9973,Eucalyptus camphora subsp. camphora,,,,,43,
Plantae,Flora,Myrtaceae,9974,Eucalyptus camphora subsp. humeana,,,,,238,
Plantae,Flora,Myrtaceae,9161,Eucalyptus camphora subsp. relicta,,Warra Broad-leaved Sally,E1,,388,
Plantae,Flora,Myrtaceae,7768,Eucalyptus canaliculata,,Large-fruited Grey Gum,,,518,
Plantae,Flora,Myrtaceae,10249,Eucalyptus canaliculata <--> punctata,,,,,84,
Plantae,Flora,Myrtaceae,8326,Eucalyptus cannonii,,Capertee Stringybark,V,,987,
Plantae,Flora,Myrtaceae,11600,Eucalyptus cannonii <--> macrorhyncha,,,,,63,
Plantae,Flora,Myrtaceae,10890,Eucalyptus canobolensis,,Silver-Leaf Candlebark,E1,E,186,
Plantae,Flora,Myrtaceae,4069,Eucalyptus capitellata,,Brown Stringybark,,,1757,
Plantae,Flora,Myrtaceae,8599,Eucalyptus carnea,,Thick-leaved Mahogany,,,2289,
Plantae,Flora,Myrtaceae,13251,Eucalyptus casca,,,,,1,
Plantae,Flora,Myrtaceae,11612,Eucalyptus castrensis,,Singleton Mallee,E1,,162,
Plantae,Flora,Myrtaceae,6509,Eucalyptus cephalocarpa,,Mealy Stringybark,,,3,
Plantae,Flora,Myrtaceae,4070,Eucalyptus chapmaniana,,Bogong Gum,,,19,
Plantae,Flora,Myrtaceae,6798,Eucalyptus chloroclada,,Dirty Gum,,,1573,
Plantae,Flora,Myrtaceae,4071,Eucalyptus cinerea,,Argyle Apple,,,748,
Plantae,Flora,Myrtaceae,11313,Eucalyptus cladocalyx,*,Sugar Gum,,,111,
Plantae,Flora,Myrtaceae,8328,Eucalyptus codonocarpa,,,,,127,
Plantae,Flora,Myrtaceae,4072,Eucalyptus conica,,Fuzzy Box,,,839,
Plantae,Flora,Myrtaceae,8357,Eucalyptus conjuncta,,,,,30,
Plantae,Flora,Myrtaceae,4073,Eucalyptus consideniana,,Yertchuk,,,1531,
Plantae,Flora,Myrtaceae,8362,Eucalyptus conspicua,,,,,21,
Plantae,Flora,Myrtaceae,8930,Eucalyptus coolabah,,Coolibah,,,5539,
Plantae,Flora,Myrtaceae,8933,Eucalyptus coolabah subsp. arida,,,,,58,
Plantae,Flora,Myrtaceae,8931,Eucalyptus coolabah subsp. coolabah,,,,,349,
Plantae,Flora,Myrtaceae,8932,Eucalyptus coolabah subsp. excerata,,,,,19,
Plantae,Flora,Myrtaceae,8849,^^Eucalyptus copulans,,,"E1,3",E,24,
Plantae,Flora,Myrtaceae,10020,Eucalyptus corticosa,,Creswick Apple Box,V,,183,
Plantae,Flora,Myrtaceae,9287,Eucalyptus costata,,Ridge-fruited Mallee,,,577,
Plantae,Flora,Myrtaceae,4074,Eucalyptus crebra,,Narrow-leaved Ironbark,,,14236,
Plantae,Flora,Myrtaceae,11291,Eucalyptus crebra x fibrosa,,,,,15,
Plantae,Flora,Myrtaceae,11261,Eucalyptus crebra x microcarpa,,,,,1,
Plantae,Flora,Myrtaceae,14174,Eucalyptus crebra x nubila,,,,,10,
Plantae,Flora,Myrtaceae,13775,Eucalyptus crenulata,,,,,3,
Plantae,Flora,Myrtaceae,8352,Eucalyptus croajingolensis,,East Gippsland Peppermint,,,94,
Plantae,Flora,Myrtaceae,13253,Eucalyptus croajingolensis subsp. blanda,,,,,1,
Plantae,Flora,Myrtaceae,15649,Eucalyptus cryptica,,,E4A,CE,841,
Plantae,Flora,Myrtaceae,6473,Eucalyptus cunninghamii,,Cliff Mallee Ash,,,117,
Plantae,Flora,Myrtaceae,6959,Eucalyptus cyanophylla,*,,,,3,
Plantae,Flora,Myrtaceae,4075,Eucalyptus cypellocarpa,,Monkey Gum,,,7913,
Plantae,Flora,Myrtaceae,4076,Eucalyptus dalrympleana,,Mountain Gum,,,2513,
Plantae,Flora,Myrtaceae,7309,Eucalyptus dalrympleana subsp. dalrympleana,,,,,2238,
Plantae,Flora,Myrtaceae,7361,Eucalyptus dalrympleana subsp. heptantha,,,,,859,
Plantae,Flora,Myrtaceae,4077,Eucalyptus dawsonii,,Slaty Gum,,,735,
Plantae,Flora,Myrtaceae,4078,Eucalyptus dealbata,,Tumbledown Red Gum,,,3670,
Plantae,Flora,Myrtaceae,14176,Eucalyptus dealbata x dwyeri,,,,,11,
Plantae,Flora,Myrtaceae,4079,Eucalyptus deanei,,Mountain Blue Gum,,,1019,
Plantae,Flora,Myrtaceae,9970,Eucalyptus debeuzevillei,,,,,108,
Plantae,Flora,Myrtaceae,6885,Eucalyptus delegatensis subsp. delegatensis,,,,,755,
Plantae,Flora,Myrtaceae,4081,Eucalyptus dendromorpha,,,,,174,
Plantae,Flora,Myrtaceae,10019,Eucalyptus denticulata,,,,,2,
Plantae,Flora,Myrtaceae,6824,Eucalyptus deuaensis,,Mongamulla Mallee,,,23,
Plantae,Flora,Myrtaceae,9719,^^Eucalyptus dissita,,Gibraltar Mallee,"V,3",,79,
Plantae,Flora,Myrtaceae,4082,Eucalyptus dives,,Broad-leaved Peppermint,,,10426,
Plantae,Flora,Myrtaceae,8327,Eucalyptus dorrigoensis,,Dorrigo White Gum,,,188,
Plantae,Flora,Myrtaceae,4083,Eucalyptus dumosa,,White Mallee,,,2543,
Plantae,Flora,Myrtaceae,4084,Eucalyptus dunnii,,Dunn's White Gum,,,575,
Plantae,Flora,Myrtaceae,4085,Eucalyptus dwyeri,,Dwyer's Red Gum,,,2883,
Plantae,Flora,Myrtaceae,4086,Eucalyptus elata,,River Peppermint,,,2984,
Plantae,Flora,Myrtaceae,12547,Eucalyptus elegans,,,,,12,
Plantae,Flora,Myrtaceae,8682,Eucalyptus elliptica,,Bendemeer White Gum,,,232,
Plantae,Flora,Myrtaceae,4087,Eucalyptus eugenioides,,Thin-leaved Stringybark,,,4836,
Plantae,Flora,Myrtaceae,11723,Eucalyptus eugenioides x globoidea,,,,,5,
Plantae,Flora,Myrtaceae,14226,Eucalyptus expressa,,,,,27,
Plantae,Flora,Myrtaceae,4089,Eucalyptus exserta,,Peppermint,,,16,
Plantae,Flora,Myrtaceae,13255,Eucalyptus exserta subsp. umbellata,,,,,1,
Plantae,Flora,Myrtaceae,4090,Eucalyptus fastigata,,Brown Barrel,,,4208,
Plantae,Flora,Myrtaceae,9820,Eucalyptus fergusonii,,,,,63,
Plantae,Flora,Myrtaceae,8354,Eucalyptus fergusonii subsp. dorsiventralis,,,,,459,
Plantae,Flora,Myrtaceae,8355,Eucalyptus fergusonii subsp. fergusonii,,,,,240,
Plantae,Flora,Myrtaceae,4091,Eucalyptus fibrosa,,Red Ironbark,,,7763,
Plantae,Flora,Myrtaceae,15039,Eucalyptus forresterae,,,,,1,
Plantae,Flora,Myrtaceae,9720,Eucalyptus fracta,,Broken Back Ironbark,E1,,132,
Plantae,Flora,Myrtaceae,4093,Eucalyptus fraxinoides,,White Mountain Ash,,,471,
Plantae,Flora,Myrtaceae,8329,Eucalyptus fusiformis,,Grey Ironbark,,,157,
Plantae,Flora,Myrtaceae,4094,Eucalyptus gillii,,Curly Mallee,,,47,
Plantae,Flora,Myrtaceae,4095,Eucalyptus glaucescens,,Tingiringi Gum,,,72,
Plantae,Flora,Myrtaceae,4096,Eucalyptus glaucina,,Slaty Red Gum,V,V,1900,
Plantae,Flora,Myrtaceae,4097,Eucalyptus globoidea,,White Stringybark,,,15213,
Plantae,Flora,Myrtaceae,15089,Eucalyptus globoidea x yangoura,,,,,1,
Plantae,Flora,Myrtaceae,4098,Eucalyptus globulus,,,,,529,
Plantae,Flora,Myrtaceae,4099,Eucalyptus goniocalyx,,Bundy,,,2930,
Plantae,Flora,Myrtaceae,13256,Eucalyptus goniocalyx subsp. goniocalyx,,,,,1,
Plantae,Flora,Myrtaceae,4100,Eucalyptus gracilis,,Snap and Rattle,,,1498,
Plantae,Flora,Myrtaceae,13257,Eucalyptus gracilis subsp. gracilis,,,,,78,
Plantae,Flora,Myrtaceae,4101,Eucalyptus grandis,,Flooded Gum,,,2471,
Plantae,Flora,Myrtaceae,4102,Eucalyptus gregsoniana,,Wolgan Snow Gum,,,118,
Plantae,Flora,Myrtaceae,13258,Eucalyptus gregsoniana subsp. pauciflora,,,,,1,
Plantae,Flora,Myrtaceae,13259,Eucalyptus gymnanthera,,,,,1,
Plantae,Flora,Myrtaceae,4104,Eucalyptus haemastoma,,Broad-leaved Scribbly Gum,,,3240,
Plantae,Flora,Myrtaceae,12527,Eucalyptus haemastoma x racemosa,,,,,28,
Plantae,Flora,Myrtaceae,8552,Eucalyptus hypostomatica,,,,,156,
Plantae,Flora,Myrtaceae,8361,Eucalyptus ignorabilis,,,,,20,
Plantae,Flora,Myrtaceae,10026,Eucalyptus imitans,,,,,66,
Plantae,Flora,Myrtaceae,4106,^^Eucalyptus imlayensis,,Imlay Mallee,"E4A,3",CE,19,
Plantae,Flora,Myrtaceae,8830,Eucalyptus interstans,,,,,58,
Plantae,Flora,Myrtaceae,4109,Eucalyptus intertexta,,Gum Coolibah,,,1297,
Plantae,Flora,Myrtaceae,4110,Eucalyptus kartzoffiana,,Araluen Gum,V,V,101,
Plantae,Flora,Myrtaceae,4111,Eucalyptus kybeanensis,,Kybean Mallee Ash,,,67,
Plantae,Flora,Myrtaceae,9556,Eucalyptus lacrimans,,Weeping Snow Gum,,,52,
Plantae,Flora,Myrtaceae,4112,Eucalyptus laevopinea,,Silver-top Stringybark,,,2996,
Plantae,Flora,Myrtaceae,9518,Eucalyptus langleyi,,Eucalyptus langleyi population north of the Shoalhaven River in the Shoalhaven local government area,"E2,V",V,155,
Plantae,Flora,Myrtaceae,9518,Eucalyptus langleyi,,Albatross Mallee,V,V,155,
Plantae,Flora,Myrtaceae,10030,Eucalyptus laophila,,,,,48,
Plantae,Flora,Myrtaceae,4113,Eucalyptus largeana,,Craven Grey Box,E1,E,801,
Plantae,Flora,Myrtaceae,4114,Eucalyptus largiflorens,,Black Box,,,5024,
Plantae,Flora,Myrtaceae,15659,Eucalyptus largiflorens x populnea,,,,,15,
Plantae,Flora,Myrtaceae,8396,Eucalyptus latiuscula,,,,,47,
Plantae,Flora,Myrtaceae,8498,Eucalyptus leptophylla,,Narrow-leaved Red Mallee,,,666,
Plantae,Flora,Myrtaceae,6960,Eucalyptus leucoxylon subsp. leucoxylon,*,,,,1,
Plantae,Flora,Myrtaceae,6961,Eucalyptus leucoxylon subsp. pruinosa,,Yellow Gum,V,,21,
Plantae,Flora,Myrtaceae,4117,Eucalyptus ligustrina,,Privet-leaved Stringybark,,,285,
Plantae,Flora,Myrtaceae,4118,Eucalyptus longifolia,,Woollybutt,,,10631,
Plantae,Flora,Myrtaceae,4116,Eucalyptus luehmanniana,,Yellow Top Mallee Ash,,,522,
Plantae,Flora,Myrtaceae,4119,Eucalyptus macarthurii,,Paddy's River Box,E1,E,1758,
Plantae,Flora,Myrtaceae,7940,Eucalyptus mackintii,,,,,12,
Plantae,Flora,Myrtaceae,13261,Eucalyptus macleayana,,,,,2,
Plantae,Flora,Myrtaceae,4120,Eucalyptus macrorhyncha,,Red Stringybark,,,13273,
Plantae,Flora,Myrtaceae,8713,Eucalyptus magnificata,,Northern Blue Box,E1,,41,
Plantae,Flora,Myrtaceae,7953,Eucalyptus maidenii,,Maiden's Gum,,,1015,
Plantae,Flora,Myrtaceae,8454,Eucalyptus major,,Grey Gum,,,9,
Plantae,Flora,Myrtaceae,7230,Eucalyptus malacoxylon,,Moonbi Apple Box,,,170,
Plantae,Flora,Myrtaceae,4122,Eucalyptus mannifera,,Brittle Gum,,,6882,
Plantae,Flora,Myrtaceae,7582,Eucalyptus mannifera subsp. gullickii,,,,,225,
Plantae,Flora,Myrtaceae,7827,Eucalyptus mannifera subsp. mannifera,,Brittle Gum,,,448,
Plantae,Flora,Myrtaceae,4123,Eucalyptus mckieana,,McKie's Stringybark,V,V,269,
Plantae,Flora,Myrtaceae,4124,Eucalyptus melanophloia,,Silver-leaved Ironbark,,,2344,
Plantae,Flora,Myrtaceae,4125,Eucalyptus melliodora,,Yellow Box,,,14035,
Plantae,Flora,Myrtaceae,13264,Eucalyptus melliodora var. rosea,,,,,6,
Plantae,Flora,Myrtaceae,4126,Eucalyptus michaeliana,,Brittle Gum,,,292,
Plantae,Flora,Myrtaceae,4127,Eucalyptus microcarpa,,Western Grey Box,,,4309,
Plantae,Flora,Myrtaceae,14180,Eucalyptus microcarpa <--> viridis,,,,,2,
Plantae,Flora,Myrtaceae,14179,Eucalyptus microcarpa x pilligaensis,,,,,4,
Plantae,Flora,Myrtaceae,9028,Eucalyptus microcodon,,Border Mallee,E1,,297,
Plantae,Flora,Myrtaceae,4128,Eucalyptus microcorys,,Tallowwood,,,10039,
Plantae,Flora,Myrtaceae,4129,Eucalyptus moluccana,,Grey Box,,,8972,
Plantae,Flora,Myrtaceae,4130,Eucalyptus moorei,,,,,118,
Plantae,Flora,Myrtaceae,14814,Eucalyptus moorei subsp. moorei,,,,,1,
Plantae,Flora,Myrtaceae,4131,Eucalyptus morrisii,,Grey Mallee,,,208,
Plantae,Flora,Myrtaceae,4132,Eucalyptus muelleriana,,Yellow Stringybark,,,16443,
Plantae,Flora,Myrtaceae,4133,Eucalyptus multicaulis,,Whipstick Ash,,,186,
Plantae,Flora,Myrtaceae,9557,Eucalyptus nandewarica,,,,,30,
Plantae,Flora,Myrtaceae,4134,Eucalyptus nicholii,,Narrow-leaved Black Peppermint,V,V,478,
Plantae,Flora,Myrtaceae,9969,Eucalyptus niphophila,,,,,587,
Plantae,Flora,Myrtaceae,4136,Eucalyptus nitens,,Shining Gum,,,345,
Plantae,Flora,Myrtaceae,8618,Eucalyptus nobilis,,Forest Ribbon Gum,,,1221,
Plantae,Flora,Myrtaceae,13266,Eucalyptus nobilis subsp. nobilis,,,,,3,
Plantae,Flora,Myrtaceae,4137,Eucalyptus nortonii,,Large-flowered Bundy,,,1511,
Plantae,Flora,Myrtaceae,4138,Eucalyptus notabilis,,Mountain Mahogany,,,424,
Plantae,Flora,Myrtaceae,4139,Eucalyptus nova-anglica,,New England Peppermint,,,562,
Plantae,Flora,Myrtaceae,9283,Eucalyptus nubila,,Blue-leaved Ironbark,,,675,
Plantae,Flora,Myrtaceae,13267,Eucalyptus nubila subsp. nubila,,,,,3,
Plantae,Flora,Myrtaceae,4140,Eucalyptus obliqua,,Messmate,,,4348,
Plantae,Flora,Myrtaceae,4141,Eucalyptus oblonga,,"Eucalyptus oblonga population at Bateau Bay, Forresters Beach and Tumbi Umbi in the Wyong local government area",E2,,18,
Plantae,Flora,Myrtaceae,4141,Eucalyptus oblonga,,Stringybark,,,1096,
Plantae,Flora,Myrtaceae,10029,Eucalyptus obstans,,Port Jackson Mallee,,,246,
Plantae,Flora,Myrtaceae,13268,Eucalyptus obtusa,,,,,45,
Plantae,Flora,Myrtaceae,13269,Eucalyptus obtusa subsp. obtusa,,,,,2,
Plantae,Flora,Myrtaceae,4143,Eucalyptus ochrophloia,,Yapunyah,,,115,
Plantae,Flora,Myrtaceae,13270,Eucalyptus odorata,,,,,1,
Plantae,Flora,Myrtaceae,10891,Eucalyptus oleosa subsp. oleosa,,Red Mallee,,,550,
Plantae,Flora,Myrtaceae,8331,Eucalyptus olida,,,,,156,
Plantae,Flora,Myrtaceae,7450,Eucalyptus olsenii,,,,,35,
Plantae,Flora,Myrtaceae,9029,Eucalyptus ophitica,,,,,23,
Plantae,Flora,Myrtaceae,4145,Eucalyptus oreades,,Blue Mountains Ash,,,819,
Plantae,Flora,Myrtaceae,10888,Eucalyptus oresbia,,Small-fruited Mountain Gum,V,,49,
Plantae,Flora,Myrtaceae,4146,Eucalyptus ovata,,Swamp Gum,,,661,
Plantae,Flora,Myrtaceae,13271,Eucalyptus ovata subsp. ovata,,,,,1,
Plantae,Flora,Myrtaceae,9925,^^Eucalyptus pachycalyx subsp. banyabba,,Banyabba Shiny-barked Gum,"E1,3",E,43,
Plantae,Flora,Myrtaceae,4147,Eucalyptus paliformis,,,,,71,
Plantae,Flora,Myrtaceae,4148,Eucalyptus panda,,,,,9,
Plantae,Flora,Myrtaceae,4149,Eucalyptus paniculata,,Grey Ironbark,,,2303,
Plantae,Flora,Myrtaceae,9162,Eucalyptus paniculata subsp. matutina,,,,,44,
Plantae,Flora,Myrtaceae,8831,Eucalyptus paniculata subsp. paniculata,,,,,1424,
Plantae,Flora,Myrtaceae,4150,Eucalyptus parramattensis,,Parramatta Red Gum,,,3651,
Plantae,Flora,Myrtaceae,9163,Eucalyptus parramattensis subsp. decadens,,,V,V,3628,
Plantae,Flora,Myrtaceae,8959,Eucalyptus parramattensis subsp. parramattensis,,,,,438,
Plantae,Flora,Myrtaceae,8959,Eucalyptus parramattensis subsp. parramattensis,,Eucalyptus parramattensis C. Hall. subsp. parramattensis in Wyong and Lake Macquarie local government areas,E2,,124,
Plantae,Flora,Myrtaceae,9519,Eucalyptus parvula,,Small-leaved Gum,E1,V,212,
Plantae,Flora,Myrtaceae,4151,Eucalyptus pauciflora,,White Sally,,,7920,
Plantae,Flora,Myrtaceae,13272,Eucalyptus permixta,,,,,15,
Plantae,Flora,Myrtaceae,4153,Eucalyptus perriniana,,Spinning Gum,,,69,
Plantae,Flora,Myrtaceae,4154,Eucalyptus pilligaensis,,Narrow-leaved Grey Box,,,860,
Plantae,Flora,Myrtaceae,4155,Eucalyptus pilularis,,Blackbutt,,,11197,
Plantae,Flora,Myrtaceae,11802,Eucalyptus pilularis x piperita,,,,,3,
Plantae,Flora,Myrtaceae,4156,Eucalyptus piperita,,Sydney Peppermint,,,8950,
Plantae,Flora,Myrtaceae,8853,Eucalyptus placita,,,,,163,
Plantae,Flora,Myrtaceae,4157,Eucalyptus planchoniana,,Bastard Tallowwood,,,744,
Plantae,Flora,Myrtaceae,4158,Eucalyptus polyanthemos,,Red Box,,,2522,
Plantae,Flora,Myrtaceae,9749,Eucalyptus polyanthemos subsp. polyanthemos,,,,,857,
Plantae,Flora,Myrtaceae,9613,Eucalyptus polyanthemos subsp. vestita,,,,,193,
Plantae,Flora,Myrtaceae,4159,Eucalyptus polybractea,,Blue Mallee,,,89,
Plantae,Flora,Myrtaceae,10023,Eucalyptus populnea subsp. bimbil,,Bimble Box,,,6859,
Plantae,Flora,Myrtaceae,4161,Eucalyptus porosa,,Mallee Box,,,93,
Plantae,Flora,Myrtaceae,10022,Eucalyptus praecox,,Brittle Gum,,,156,
Plantae,Flora,Myrtaceae,13273,Eucalyptus praecox subsp. praecox,,,,,2,
Plantae,Flora,Myrtaceae,8721,Eucalyptus prava,,Orange Gum,,,1262,
Plantae,Flora,Myrtaceae,8416,Eucalyptus prominula,,Stringybark,,,201,
Plantae,Flora,Myrtaceae,4162,Eucalyptus propinqua,,Small-fruited Grey Gum,,,4296,
Plantae,Flora,Myrtaceae,8722,Eucalyptus psammitica,,Bastard White Mahogany,,,165,
Plantae,Flora,Myrtaceae,7954,Eucalyptus pseudoglobulus,,Bastard Eurabbie,,,56,
Plantae,Flora,Myrtaceae,4163,Eucalyptus pulverulenta,,Silver-leafed Gum,V,V,257,
Plantae,Flora,Myrtaceae,4164,Eucalyptus pumila,,Pokolbin Mallee,V,V,146,
Plantae,Flora,Myrtaceae,4165,Eucalyptus punctata,,Grey Gum,,,10433,
Plantae,Flora,Myrtaceae,13274,Eucalyptus punctata subsp. arenicola,,,,,6,
Plantae,Flora,Myrtaceae,13275,Eucalyptus punctata subsp. dimidiata,,,,,6,
Plantae,Flora,Myrtaceae,13276,Eucalyptus punctata subsp. punctata,,,,,159,
Plantae,Flora,Myrtaceae,13277,Eucalyptus punctata subsp. wianamattica,,,,,19,
Plantae,Flora,Myrtaceae,4166,Eucalyptus pyrocarpa,,Large-fruited Blackbutt,,,420,
Plantae,Flora,Myrtaceae,4167,Eucalyptus quadrangulata,,White-topped Box,,,969,
Plantae,Flora,Myrtaceae,10766,Eucalyptus quinniorum,,Monkey Gum,,,107,
Plantae,Flora,Myrtaceae,4168,Eucalyptus racemosa,,Narrow-leaved Scribbly Gum,,,1550,
Plantae,Flora,Myrtaceae,4169,Eucalyptus radiata,,Narrow-leaved Peppermint,,,3711,
Plantae,Flora,Myrtaceae,7338,Eucalyptus radiata subsp. radiata,,,,,1639,
Plantae,Flora,Myrtaceae,8696,Eucalyptus radiata subsp. sejuncta,,,,,620,
Plantae,Flora,Myrtaceae,10027,Eucalyptus ralla,,,,,47,
Plantae,Flora,Myrtaceae,13278,Eucalyptus ravida,*,,,,37,
Plantae,Flora,Myrtaceae,7598,^Eucalyptus recurva,,Mongarlowe Mallee,"E4A,2",CE,24,
Plantae,Flora,Myrtaceae,15630,Eucalyptus regnans,,Mountain Ash,,,261,
Plantae,Flora,Myrtaceae,4170,Eucalyptus resinifera,,Red Mahogany,,,2604,
Plantae,Flora,Myrtaceae,8694,Eucalyptus resinifera subsp. hemilampra,,,,,459,
Plantae,Flora,Myrtaceae,9450,Eucalyptus resinifera subsp. resinifera,,,,,853,
Plantae,Flora,Myrtaceae,8571,Eucalyptus retinens,,,,,202,
Plantae,Flora,Myrtaceae,9950,Eucalyptus robertsonii,,Robertson's Peppermint,,,191,
Plantae,Flora,Myrtaceae,9520,Eucalyptus robertsonii subsp. hemisphaerica,,Robertson's Peppermint,V,V,25,
Plantae,Flora,Myrtaceae,9951,Eucalyptus robertsonii subsp. robertsonii,,,,,1123,
Plantae,Flora,Myrtaceae,4171,Eucalyptus robusta,,Swamp Mahogany,,,5251,
Plantae,Flora,Myrtaceae,4172,Eucalyptus rossii,,Inland Scribbly Gum,,,8435,
Plantae,Flora,Myrtaceae,4173,Eucalyptus rubida,,Candlebark,,,2837,
Plantae,Flora,Myrtaceae,9164,Eucalyptus rubida subsp. barbigerorum,,Blackbutt Candlebark,V,V,703,
Plantae,Flora,Myrtaceae,9750,Eucalyptus rubida subsp. rubida,,,,,1251,
Plantae,Flora,Myrtaceae,9751,Eucalyptus rubida subsp. septemflora,,,,,1,
Plantae,Flora,Myrtaceae,4174,Eucalyptus rudderi,,Rudder's Box,,,38,
Plantae,Flora,Myrtaceae,4175,Eucalyptus rummeryi,,Steel Box,,,209,
Plantae,Flora,Myrtaceae,4177,Eucalyptus saligna,,Sydney Blue Gum,,,6511,
Plantae,Flora,Myrtaceae,8382,Eucalyptus saxatilis,,Suggan Buggan Mallee,E1,,5,
Plantae,Flora,Myrtaceae,11247,Eucalyptus saxicola,,Mt Canobolas Box,,,3,
Plantae,Flora,Myrtaceae,8950,Eucalyptus scias,,Large-fruited Red Mahogany,,,203,
Plantae,Flora,Myrtaceae,8832,Eucalyptus scias subsp. apoda,,,,,39,
Plantae,Flora,Myrtaceae,9954,Eucalyptus scias subsp. callimastha,,,,,263,
Plantae,Flora,Myrtaceae,9953,Eucalyptus scias subsp. scias,,,,,133,
Plantae,Flora,Myrtaceae,13279,Eucalyptus scias subsp. tanyula,,,,,2,
Plantae,Flora,Myrtaceae,4178,Eucalyptus sclerophylla,,Hard-leaved Scribbly Gum,,,3072,
Plantae,Flora,Myrtaceae,13280,Eucalyptus sclerophylla subsp. inland form,,,,,1,
Plantae,Flora,Myrtaceae,8907,Eucalyptus scoparia,,Wallangarra White Gum,E1,V,237,
Plantae,Flora,Myrtaceae,9988,Eucalyptus scopulorum,,,,,11,
Plantae,Flora,Myrtaceae,4179,Eucalyptus seeana,,Eucalyptus seeana population in the Greater Taree local government area,E2,,501,
Plantae,Flora,Myrtaceae,4179,Eucalyptus seeana,,Narrow-leaved Red Gum,,,826,
Plantae,Flora,Myrtaceae,8736,Eucalyptus serpentinicola,,,,,36,
Plantae,Flora,Myrtaceae,4180,Eucalyptus siderophloia,,Grey Ironbark,,,5561,
Plantae,Flora,Myrtaceae,13281,Eucalyptus siderophloia subsp. (glaucous form),,,,,3,
Plantae,Flora,Myrtaceae,4181,Eucalyptus sideroxylon,,Mugga Ironbark,,,3346,
Plantae,Flora,Myrtaceae,14182,Eucalyptus sideroxylon <--> viridis,,,,,2,
Plantae,Flora,Myrtaceae,4182,Eucalyptus sieberi,,Silvertop Ash,,,17521,
Plantae,Flora,Myrtaceae,4183,Eucalyptus signata,,Scribbly Gum,,,1130,
Plantae,Flora,Myrtaceae,4184,Eucalyptus smithii,,Ironbark Peppermint,,,2169,
Plantae,Flora,Myrtaceae,4185,Eucalyptus socialis,,Red Mallee,,,3076,
Plantae,Flora,Myrtaceae,13680,Eucalyptus sp. aff. agglomerata,,,,,30,
Plantae,Flora,Myrtaceae,14514,Eucalyptus sp. aff. cameronii (Macleay-Apsley),,,,,1,
Plantae,Flora,Myrtaceae,9841,Eucalyptus sp. aff. cypellocarpa sp. nov.,,,,,2,
Plantae,Flora,Myrtaceae,14082,Eucalyptus sp. aff. dwyeri,,,,,11,
Plantae,Flora,Myrtaceae,14295,Eucalyptus sp. aff. fibrosa (Yarrawa),,,,,9,
Plantae,Flora,Myrtaceae,8259,Eucalyptus sp. aff. globoidea,,,,,1,
Plantae,Flora,Myrtaceae,14083,Eucalyptus sp. aff. macrorhyncha,,,,,12,
Plantae,Flora,Myrtaceae,7955,Eucalyptus sp. aff. radiata,,,,,50,
Plantae,Flora,Myrtaceae,11893,Eucalyptus sp. Howes Swamp Creek,,,,,12,
Plantae,Flora,Myrtaceae,8353,Eucalyptus sparsifolia,,Narrow-leaved Stringybark,,,3050,
Plantae,Flora,Myrtaceae,9558,Eucalyptus spectatrix,,,,,72,
Plantae,Flora,Myrtaceae,EUCA,Eucalyptus spp.,,,,,4775,
Plantae,Flora,Myrtaceae,4186,Eucalyptus squamosa,,Scaly Bark,,,415,
Plantae,Flora,Myrtaceae,4187,Eucalyptus stellulata,,Black Sally,,,1639,
Plantae,Flora,Myrtaceae,4188,Eucalyptus stenostoma,,Jillaga Ash,E1,E,83,
Plantae,Flora,Myrtaceae,4189,Eucalyptus stricta,,Blue Mountains Mallee Ash,,,615,
Plantae,Flora,Myrtaceae,15632,Eucalyptus strzeleckii,,Strzelecki Gum,,,9,
Plantae,Flora,Myrtaceae,4190,Eucalyptus sturgissiana,,Ettrema Mallee,V,,303,
Plantae,Flora,Myrtaceae,10666,Eucalyptus subcaerulea,,,,,11,
Plantae,Flora,Myrtaceae,13282,Eucalyptus subdita,,,,,1,
Plantae,Flora,Myrtaceae,8650,Eucalyptus subtilior,,,,,326,
Plantae,Flora,Myrtaceae,10028,Eucalyptus tenella,,Stringybark,,,101,
Plantae,Flora,Myrtaceae,4191,Eucalyptus tereticornis,,Forest Red Gum,,,15476,
Plantae,Flora,Myrtaceae,15216,Eucalyptus tereticornis subsp. basaltica,,,,,3,
Plantae,Flora,Myrtaceae,13283,Eucalyptus tereticornis subsp. tereticornis,,,,,35,
Plantae,Flora,Myrtaceae,11341,Eucalyptus terrica,*,,,,2,
Plantae,Flora,Myrtaceae,4193,Eucalyptus tetrapleura,,Square-fruited Ironbark,V,V,1104,
Plantae,Flora,Myrtaceae,6364,Eucalyptus tindaliae,,Stringybark,,,566,
Plantae,Flora,Myrtaceae,9304,Eucalyptus tricarpa,,,,,2722,
Plantae,Flora,Myrtaceae,4195,Eucalyptus triflora,,Pigeon House Ash,,,80,
Plantae,Flora,Myrtaceae,10021,Eucalyptus triplex,,,,,28,
Plantae,Flora,Myrtaceae,4196,Eucalyptus umbra,,Broad-leaved White Mahogany,,,2958,
Plantae,Flora,Myrtaceae,10018,Eucalyptus vicina,,,,,170,
Plantae,Flora,Myrtaceae,4197,Eucalyptus viminalis,,Ribbon Gum,,,7928,
Plantae,Flora,Myrtaceae,13286,Eucalyptus viminalis subsp. luxurians,,,,,3,
Plantae,Flora,Myrtaceae,13287,Eucalyptus viminalis subsp. maculosa,,,,,1,
Plantae,Flora,Myrtaceae,4198,Eucalyptus viridis,,Green Mallee,,,712,
Plantae,Flora,Myrtaceae,9165,Eucalyptus volcanica,,,,,102,
Plantae,Flora,Myrtaceae,6923,Eucalyptus wilcoxii,,,,,50,
Plantae,Flora,Myrtaceae,8683,Eucalyptus williamsiana,,,,,198,
Plantae,Flora,Myrtaceae,15631,Eucalyptus willisii,,Shining Peppermint,,,1,
Plantae,Flora,Myrtaceae,14119,Eucalyptus x beasleyi,,,,,4,
Plantae,Flora,Myrtaceae,14120,Eucalyptus x bipileata,,,,,10,
Plantae,Flora,Myrtaceae,13254,Eucalyptus x dixsonii,,,,,12,
Plantae,Flora,Myrtaceae,14137,Eucalyptus x kirtoniana,,,,,105,
Plantae,Flora,Myrtaceae,14161,Eucalyptus x tenandrensis,,,,,9,
Plantae,Flora,Myrtaceae,14166,Eucalyptus x vitrea,,,,,50,
Plantae,Flora,Myrtaceae,10025,Eucalyptus yangoura,,Southern White Stringybark,,,7,
Plantae,Flora,Myrtaceae,4199,Eucalyptus youmanii,,Youman's Stringybark,,,552,
Plantae,Flora,Myrtaceae,11438,Eugenia uniflora,*,Brazilian Cherry,,,29,
Plantae,Flora,Myrtaceae,11667,Euryomyrtus denticulata,,,,,128,
Plantae,Flora,Myrtaceae,11217,Euryomyrtus ramosissima,,Rosy Baeckea,,,176,
Plantae,Flora,Myrtaceae,11219,Euryomyrtus ramosissima subsp. prostrata,,,,,8,
Plantae,Flora,Myrtaceae,11218,Euryomyrtus ramosissima subsp. ramosissima,,,,,279,
Plantae,Flora,Myrtaceae,12574,Feijoa sellowiana,*,feijoa,,,12,
Plantae,Flora,Myrtaceae,15650,Gaudium deanei,,,V,V,61,
Plantae,Flora,Myrtaceae,11397,Gossia acmenoides,,Scrub Ironwood,,,191,
Plantae,Flora,Myrtaceae,11397,Gossia acmenoides,,Gossia acmenoides population in the Sydney Basin Bioregion south of the Georges River,E2,,26,
Plantae,Flora,Myrtaceae,11398,Gossia bidwillii,,Python Tree,,,485,
Plantae,Flora,Myrtaceae,11894,Gossia fragrantissima,,Sweet Myrtle,E1,E,385,
Plantae,Flora,Myrtaceae,11400,Gossia hillii,,Scaly Myrtle,,,129,
Plantae,Flora,Myrtaceae,11399,Gossia punctata,,,,,23,
Plantae,Flora,Myrtaceae,13289,Harmogia densifolia,,,,,652,
Plantae,Flora,Myrtaceae,12555,Homoranthus bebo,,,E4A,CE,657,
Plantae,Flora,Myrtaceae,9268,Homoranthus biflorus,,,,,22,
Plantae,Flora,Myrtaceae,11251,Homoranthus binghiensis,,Binghi Homoranthus,E1,,484,
Plantae,Flora,Myrtaceae,15121,Homoranthus bruhlii,,,E4A,CE,107,
Plantae,Flora,Myrtaceae,9567,Homoranthus cernuus,,,,,52,
Plantae,Flora,Myrtaceae,10322,Homoranthus croftianus,,Bolivia Homoranthus,E4A,,16,
Plantae,Flora,Myrtaceae,4201,Homoranthus darwinioides,,Fairy Bells,V,V,276,
Plantae,Flora,Myrtaceae,15122,Homoranthus elusus,,,E4A,CE,1,
Plantae,Flora,Myrtaceae,4202,Homoranthus flavescens,,,,,696,
Plantae,Flora,Myrtaceae,9033,Homoranthus floydii,,,V,V,137,
Plantae,Flora,Myrtaceae,9034,Homoranthus lunatus,,Crescent-leaved Homoranthus,V,V,55,
Plantae,Flora,Myrtaceae,11095,Homoranthus melanostictus,,,,,4,
Plantae,Flora,Myrtaceae,9522,Homoranthus prolixus,,Granite Homoranthus,V,V,182,
Plantae,Flora,Myrtaceae,HOMO,Homoranthus spp.,,,,,14,
Plantae,Flora,Myrtaceae,11684,Homoranthus thomasii,*,,,,1,
Plantae,Flora,Myrtaceae,4203,Homoranthus virgatus,,,,,323,
Plantae,Flora,Myrtaceae,14233,Kardomia granitica,,Granite Kardomia (formerly Granite Babingtonia),,V,P,
Plantae,Flora,Myrtaceae,13996,Kardomia jucunda,,,,,2,
Plantae,Flora,Myrtaceae,13291,Kardomia odontocalyx,,,,,261,
Plantae,Flora,Myrtaceae,13292,Kardomia prominens,,,E4A,CE,24,
Plantae,Flora,Myrtaceae,13293,Kardomia silvestris,,Woodland Babingtonia,E1,,86,
Plantae,Flora,Myrtaceae,4204,Kunzea ambigua,,Tick Bush,P,,5543,
Plantae,Flora,Myrtaceae,15091,Kunzea ambigua x aristulata,,,,,1,
Plantae,Flora,Myrtaceae,15176,Kunzea aristulata,,,,,7,
Plantae,Flora,Myrtaceae,15337,Kunzea axillaris,,,,,26,
Plantae,Flora,Myrtaceae,15144,Kunzea badjaensis,,,,,84,
Plantae,Flora,Myrtaceae,4205,Kunzea bracteolata,,,,,250,
Plantae,Flora,Myrtaceae,4206,Kunzea cambagei,,Cambage Kunzea,V,V,59,
Plantae,Flora,Myrtaceae,4207,Kunzea capitata,,,P,,1199,
Plantae,Flora,Myrtaceae,15563,Kunzea capitata subsp. capitata,,,,,1,
Plantae,Flora,Myrtaceae,15564,Kunzea capitata subsp. seminuda,,,,,1,
Plantae,Flora,Myrtaceae,4208,Kunzea ericoides,,Burgan,,,1401,
Plantae,Flora,Myrtaceae,15060,Kunzea juniperoides subsp. juniperoides,,,,,1,
Plantae,Flora,Myrtaceae,15061,Kunzea juniperoides subsp. pernervosa,,,,,2,
Plantae,Flora,Myrtaceae,4209,Kunzea muelleri,,,,,156,
Plantae,Flora,Myrtaceae,8646,Kunzea obovata,,,,,166,
Plantae,Flora,Myrtaceae,15336,Kunzea occidentalis,,,,,141,
Plantae,Flora,Myrtaceae,4210,Kunzea opposita,,,,,62,
Plantae,Flora,Myrtaceae,4211,Kunzea parvifolia,,Violet Kunzea,,,846,
Plantae,Flora,Myrtaceae,4212,Kunzea rupestris,,,V,V,210,
Plantae,Flora,Myrtaceae,12344,Kunzea sp. 'Braidwood',,,,,3,
Plantae,Flora,Myrtaceae,KUNZ,Kunzea spp.,,,,,131,
Plantae,Flora,Myrtaceae,11401,Lenwebbia prominens,,Velvet Myrtle,,,45,
Plantae,Flora,Myrtaceae,14849,Lenwebbia sp. Main Range,,,E4A,CE,49,
Plantae,Flora,Myrtaceae,4213,Leptospermum arachnoides,,,,,1503,
Plantae,Flora,Myrtaceae,8310,Leptospermum argenteum,,,,,36,
Plantae,Flora,Myrtaceae,12325,Leptospermum benwellii,,,,,7,
Plantae,Flora,Myrtaceae,8312,Leptospermum blakelyi,,,,,29,
Plantae,Flora,Myrtaceae,4215,Leptospermum brachyandrum,,,,,163,
Plantae,Flora,Myrtaceae,4216,Leptospermum brevipes,,Slender Tea-tree,,,1510,
Plantae,Flora,Myrtaceae,7970,Leptospermum continentale,,Prickly Teatree,,,1651,
Plantae,Flora,Myrtaceae,4217,Leptospermum coriaceum,,Green Tea-tree,,,130,
Plantae,Flora,Myrtaceae,8338,Leptospermum crassifolium,,,,,11,
Plantae,Flora,Myrtaceae,8319,Leptospermum deuense,,,,,22,
Plantae,Flora,Myrtaceae,7274,Leptospermum divaricatum,,,,,644,
Plantae,Flora,Myrtaceae,4218,Leptospermum emarginatum,,Twin-flower Tea-tree,,,161,
Plantae,Flora,Myrtaceae,4219,Leptospermum epacridoideum,,,,,170,
Plantae,Flora,Myrtaceae,8377,Leptospermum glabrescens,,,,,4,
Plantae,Flora,Myrtaceae,7766,Leptospermum grandifolium,,Woolly Teatree,,,3464,
Plantae,Flora,Myrtaceae,8647,Leptospermum gregarium,,,,,228,
Plantae,Flora,Myrtaceae,4221,Leptospermum juniperinum,,Prickly Tea-tree,,,3270,
Plantae,Flora,Myrtaceae,4222,Leptospermum laevigatum,,Coast Teatree,,,1977,
Plantae,Flora,Myrtaceae,4223,Leptospermum lanigerum,,Woolly Teatree,P,,555,
Plantae,Flora,Myrtaceae,4224,Leptospermum liversidgei,,Olive Tea-tree,,,575,
Plantae,Flora,Myrtaceae,10036,Leptospermum macrocarpum,,,,,118,
Plantae,Flora,Myrtaceae,4225,Leptospermum microcarpum,,,,,183,
Plantae,Flora,Myrtaceae,4226,Leptospermum micromyrtus,,Button Tea-tree,,,65,
Plantae,Flora,Myrtaceae,4227,Leptospermum minutifolium,,,,,122,
Plantae,Flora,Myrtaceae,8399,Leptospermum morrisonii,,,,,373,
Plantae,Flora,Myrtaceae,4228,Leptospermum multicaule,,Silver Tea-tree,,,262,
Plantae,Flora,Myrtaceae,4229,Leptospermum myrsinoides,,Heath Tea-tree,,,26,
Plantae,Flora,Myrtaceae,4230,Leptospermum myrtifolium,,,,,933,
Plantae,Flora,Myrtaceae,15177,Leptospermum namadgiense,,,,,23,
Plantae,Flora,Myrtaceae,8478,Leptospermum novae-angliae,,,,,547,
Plantae,Flora,Myrtaceae,4232,Leptospermum obovatum,,,,,1017,
Plantae,Flora,Myrtaceae,4233,Leptospermum parvifolium,,,,,1539,
Plantae,Flora,Myrtaceae,4234,Leptospermum petersonii,,Lemon-scented Teatree,,,401,
Plantae,Flora,Myrtaceae,8311,Leptospermum petraeum,,,E4A,CE,79,
Plantae,Flora,Myrtaceae,9080,Leptospermum polyanthum,,,,,393,
Plantae,Flora,Myrtaceae,7245,Leptospermum polygalifolium,,Tantoon,,,7187,
Plantae,Flora,Myrtaceae,8199,Leptospermum polygalifolium subsp. cismontanum,,,,,1561,
Plantae,Flora,Myrtaceae,8200,Leptospermum polygalifolium subsp. howense,,,,,14,
Plantae,Flora,Myrtaceae,8198,Leptospermum polygalifolium subsp. montanum,,,,,243,
Plantae,Flora,Myrtaceae,8197,Leptospermum polygalifolium subsp. polygalifolium,,,,,2614,
Plantae,Flora,Myrtaceae,8201,Leptospermum polygalifolium subsp. transmontanum,,,,,622,
Plantae,Flora,Myrtaceae,9958,Leptospermum rotundifolium,,,P,,392,
Plantae,Flora,Myrtaceae,8315,Leptospermum rupicola,,,,,29,
Plantae,Flora,Myrtaceae,4235,Leptospermum scoparium,,Manuka,,,164,
Plantae,Flora,Myrtaceae,8313,Leptospermum sejunctum,,,,,660,
Plantae,Flora,Myrtaceae,4236,Leptospermum semibaccatum,,,,,182,
Plantae,Flora,Myrtaceae,11282,Leptospermum sp. aff. grandifolium,,,,,3,
Plantae,Flora,Myrtaceae,4237,Leptospermum speciosum,,,,,32,
Plantae,Flora,Myrtaceae,8318,Leptospermum spectabile,,,P,,12,
Plantae,Flora,Myrtaceae,4238,Leptospermum sphaerocarpum,,,,,283,
Plantae,Flora,Myrtaceae,LEPT,Leptospermum spp.,,Tea-tree,,,1450,
Plantae,Flora,Myrtaceae,4239,Leptospermum squarrosum,,,,,1822,
Plantae,Flora,Myrtaceae,8316,Leptospermum subglabratum,,,,,31,
Plantae,Flora,Myrtaceae,8317,Leptospermum thompsonii,,Monga Tea Tree,V,V,47,
Plantae,Flora,Myrtaceae,8486,Leptospermum trinervium,,Slender Tea-tree,,,11742,
Plantae,Flora,Myrtaceae,14582,Leptospermum trinervium narrow-leaved form,,Slender Tea-tree (narrow-leaved form),,,120,
Plantae,Flora,Myrtaceae,8600,Leptospermum variabile,,,,,170,
Plantae,Flora,Myrtaceae,4241,Leptospermum whitei,,,,,215,
Plantae,Flora,Myrtaceae,4242,Lophostemon confertus,,Brush Box,,,7730,
Plantae,Flora,Myrtaceae,12571,Lophostemon spp.,,,,,8,
Plantae,Flora,Myrtaceae,4243,Lophostemon suaveolens,,"Swamp Mahogany, Swamp Turpentine",,,2858,
Plantae,Flora,Myrtaceae,11116,Melaleuca acuminata subsp. acuminata,,Mallee Honey-myrtle,,,1,
Plantae,Flora,Myrtaceae,4245,Melaleuca alternifolia,,,,,439,
Plantae,Flora,Myrtaceae,11117,Melaleuca armillaris subsp. armillaris,,Bracelet Honey-myrtle,,,1600,
Plantae,Flora,Myrtaceae,6809,Melaleuca biconvexa,,Biconvex Paperbark,V,V,5945,
Plantae,Flora,Myrtaceae,6390,Melaleuca bracteata,,Black Tea-tree,,,378,
Plantae,Flora,Myrtaceae,4247,Melaleuca capitata,,,,,137,
Plantae,Flora,Myrtaceae,13294,Melaleuca citrolens,,,,,1,
Plantae,Flora,Myrtaceae,4248,Melaleuca deanei,,Deane's Paperbark,V,V,486,
Plantae,Flora,Myrtaceae,4249,Melaleuca decora,,,,,3080,
Plantae,Flora,Myrtaceae,13295,Melaleuca decussata,,,,,1,
Plantae,Flora,Myrtaceae,8254,Melaleuca densispicata,,,,,45,
Plantae,Flora,Myrtaceae,6391,Melaleuca ericifolia,,Swamp Paperbark,,,1448,
Plantae,Flora,Myrtaceae,4250,Melaleuca erubescens,,Pink Honeymyrtle,,,614,
Plantae,Flora,Myrtaceae,4251,Melaleuca glomerata,,Desert Honey-myrtle,,,8,
Plantae,Flora,Myrtaceae,4252,Melaleuca groveana,,Grove's Paperbark,V,,451,
Plantae,Flora,Myrtaceae,4253,Melaleuca howeana,,,,,105,
Plantae,Flora,Myrtaceae,4254,Melaleuca hypericifolia,,Hillock bush,,,430,
Plantae,Flora,Myrtaceae,12417,Melaleuca interioris,,,,,8,
Plantae,Flora,Myrtaceae,4255,Melaleuca irbyana,,Weeping Paperbark,E1,,354,
Plantae,Flora,Myrtaceae,4256,Melaleuca lanceolata,,Moonah,,,157,
Plantae,Flora,Myrtaceae,4257,Melaleuca linariifolia,,Flax-leaved Paperbark,,,4838,
Plantae,Flora,Myrtaceae,4258,Melaleuca nodosa,,,,,5598,
Plantae,Flora,Myrtaceae,6777,Melaleuca parvistaminea,,,,,207,
Plantae,Flora,Myrtaceae,4260,Melaleuca quinquenervia,,Broad-leaved Paperbark,,,7276,
Plantae,Flora,Myrtaceae,4261,Melaleuca sieberi,,,,,2412,
Plantae,Flora,Myrtaceae,MELA,Melaleuca spp.,,,,,474,
Plantae,Flora,Myrtaceae,4262,Melaleuca squamea,,Swamp Honey-myrtle,,,164,
Plantae,Flora,Myrtaceae,4263,Melaleuca squarrosa,,Scented Paperbark,,,743,
Plantae,Flora,Myrtaceae,4264,Melaleuca styphelioides,,Prickly-leaved Tea Tree,,,4488,
Plantae,Flora,Myrtaceae,4266,Melaleuca thymifolia,,Thyme Honey-myrtle,,,2327,
Plantae,Flora,Myrtaceae,7695,Melaleuca tortifolia,,,,,41,
Plantae,Flora,Myrtaceae,4267,Melaleuca trichostachya,,,,,57,
Plantae,Flora,Myrtaceae,4268,Melaleuca uncinata,,Broombush,,,871,
Plantae,Flora,Myrtaceae,11326,Metrosideros excelsa,*,New Zealand Christmas Bush,,,56,
Plantae,Flora,Myrtaceae,14071,Metrosideros kermadecensis,*,,,,6,
Plantae,Flora,Myrtaceae,4269,Metrosideros nervulosa,,,,,186,
Plantae,Flora,Myrtaceae,10474,Metrosideros sclerocarpa,,,,,159,
Plantae,Flora,Myrtaceae,METR,Metrosideros spp.,,,,,8,
Plantae,Flora,Myrtaceae,11987,Metrosideros tomentosa,*,,,,6,
Plantae,Flora,Myrtaceae,4271,Micromyrtus blakelyi,,,V,V,758,
Plantae,Flora,Myrtaceae,4272,Micromyrtus ciliata,,Fringed Heath-myrtle,,,789,
Plantae,Flora,Myrtaceae,9617,^^Micromyrtus grandis,,Severn River Heath-myrtle,"E1,3",E,543,
Plantae,Flora,Myrtaceae,4273,Micromyrtus hexamera,,,,,112,
Plantae,Flora,Myrtaceae,4274,Micromyrtus minutiflora,,,E1,V,1028,
Plantae,Flora,Myrtaceae,4275,Micromyrtus sessilis,,,,,342,
Plantae,Flora,Myrtaceae,11403,Micromyrtus spp.,,,,,101,
Plantae,Flora,Myrtaceae,4276,Micromyrtus striata,,,,,164,
Plantae,Flora,Myrtaceae,MYRTC,Myrtaceae indeterminate,,Myrtles and gums,,,25,
Plantae,Flora,Myrtaceae,6949,Ochrosperma citriodorum,,,,,89,
Plantae,Flora,Myrtaceae,6474,Ochrosperma lineare,,,,,284,
Plantae,Flora,Myrtaceae,10680,Ochrosperma oligomerum,,,,,84,
Plantae,Flora,Myrtaceae,4277,Pilidiostigma glabrum,,,,,672,
Plantae,Flora,Myrtaceae,PILI,Pilidiostigma spp.,,,,,5,
Plantae,Flora,Myrtaceae,15304,Psidium cattleyanum var. cattleyanum,*,Strawberry Guava,,,71,
Plantae,Flora,Myrtaceae,4279,Psidium guajava,*,Common Guava,,,71,
Plantae,Flora,Myrtaceae,PSID,Psidium spp.,*,,,,5,
Plantae,Flora,Myrtaceae,4280,Rhodamnia argentea,,Silver Myrtle,,,155,
Plantae,Flora,Myrtaceae,4282,Rhodamnia maideniana,,Smooth Scrub Turpentine,E4A,CE,283,
Plantae,Flora,Myrtaceae,4283,Rhodamnia rubescens,,Scrub Turpentine,E4A,CE,11075,
Plantae,Flora,Myrtaceae,7567,Rhodamnia whiteana,,White Malletwood,,,16,
Plantae,Flora,Myrtaceae,4284,Rhodomyrtus psidioides,,Native Guava,E4A,CE,1336,
Plantae,Flora,Myrtaceae,RHOD,Rhodomyrtus spp.,,,,,5,
Plantae,Flora,Myrtaceae,13905,Sannantha angusta,,,,,121,
Plantae,Flora,Myrtaceae,13297,Sannantha collina,,,,,24,
Plantae,Flora,Myrtaceae,13906,Sannantha crassa,,,,,53,
Plantae,Flora,Myrtaceae,13298,Sannantha cunninghamii,,,,,595,
Plantae,Flora,Myrtaceae,13751,Sannantha pluriflora,,,,,815,
Plantae,Flora,Myrtaceae,13299,Sannantha similis,,,,,130,
Plantae,Flora,Myrtaceae,15200,Sannantha whitei,,,E4A,CE,2,
Plantae,Flora,Myrtaceae,6688,Syncarpia glomulifera,,Turpentine,,,11250,
Plantae,Flora,Myrtaceae,10747,Syncarpia glomulifera subsp. glabra,,,,,73,
Plantae,Flora,Myrtaceae,10748,Syncarpia glomulifera subsp. glomulifera,,,,,1863,
Plantae,Flora,Myrtaceae,11308,Syncarpia hillii,,,,,1,
Plantae,Flora,Myrtaceae,SYNC,Syncarpia spp.,,,,,11,
Plantae,Flora,Myrtaceae,13300,Syncarpia vertholenii,*,,,,1,
Plantae,Flora,Myrtaceae,6778,Syzygium australe,,Brush Cherry,,,1238,
Plantae,Flora,Myrtaceae,4286,Syzygium corynanthum,,Sour Cherry,,,176,
Plantae,Flora,Myrtaceae,4287,Syzygium crebrinerve,,Rose Satinash,,,296,
Plantae,Flora,Myrtaceae,13301,Syzygium fibrosum,,,,,4,
Plantae,Flora,Myrtaceae,4289,Syzygium francisii,,Giant Water Gum,,,329,
Plantae,Flora,Myrtaceae,11179,Syzygium fullagarii,,Scalybark,,,130,
Plantae,Flora,Myrtaceae,4290,Syzygium hodgkinsoniae,,Red Lilly Pilly,V,V,635,
Plantae,Flora,Myrtaceae,12573,Syzygium jambos,*,rose-apple,,,2,
Plantae,Flora,Myrtaceae,4291,Syzygium luehmannii,,Small-leaved Lilly Pilly,,,416,
Plantae,Flora,Myrtaceae,4292,Syzygium moorei,,Durobby,V,V,820,
Plantae,Flora,Myrtaceae,7201,Syzygium oleosum,,Blue Lilly Pilly,,,1235,
Plantae,Flora,Myrtaceae,4293,Syzygium paniculatum,,Magenta Lilly Pilly,V,V,1192,
Plantae,Flora,Myrtaceae,SYZY,Syzygium spp.,,,,,259,
Plantae,Flora,Myrtaceae,11816,Syzygium wilsonii,*,,,,4,
Plantae,Flora,Myrtaceae,7654,Thryptomene hexandra,,,,,96,
Plantae,Flora,Myrtaceae,9670,Triplarina imbricata,,Creek Triplarina,E1,E,47,
Plantae,Flora,Myrtaceae,9618,Triplarina nowraensis,,Nowra Heath Myrtle,E1,E,567,
Plantae,Flora,Myrtaceae,4295,Tristania neriifolia,,Water Gum,,,197,
Plantae,Flora,Myrtaceae,4296,Tristaniopsis collina,,Mountain Water Gum,,,1151,
Plantae,Flora,Myrtaceae,4297,Tristaniopsis laurina,,Kanooka,,,2086,
Plantae,Flora,Myrtaceae,14611,Tristaniopsis spp.,,,,,4,
Plantae,Flora,Myrtaceae,4298,Uromyrtus australis,,Peach Myrtle,E1,E,340,
Plantae,Flora,Myrtaceae,12249,Uromyrtus lamingtonensis,,,,,3,
Plantae,Flora,Myrtaceae,6799,Waterhousea floribunda,,Weeping Lilly Pilly,,,603,
Plantae,Flora,Myrtaceae,WATE,Waterhousea spp.,,,,,1,
Plantae,Flora,Najadaceae,9307,Najas browniana,,Waternymph,,,5,
Plantae,Flora,Najadaceae,4299,Najas marina,,Prickly Waternymph,,,2,
Plantae,Flora,Najadaceae,9185,Najas marina subsp. armata,,,,,7,
Plantae,Flora,Najadaceae,9249,Najas marina subsp. latior,,,,,2,
Plantae,Flora,Najadaceae,6985,Najas tenuifolia,,Waternymph,,,32,
Plantae,Flora,Nandinaceae,9645,Nandina domestica,*,Japanese Sacred Bamboo,,,471,
Plantae,Flora,Nandinaceae,11532,Nandina spp.,*,,,,8,
Plantae,Flora,Nelumbonaceae,13302,Nelumbo nucifera,*,,,,5,
Plantae,Flora,Nitrariaceae,6345,Nitraria billardierei,,Dillon Bush,,,1203,
Plantae,Flora,Nitrariaceae,NITR,Nitraria spp.,,,,,4,
Plantae,Flora,Nothofagaceae,3107,Nothofagus moorei,,Antarctic Beech,,,389,
Plantae,Flora,Nyctaginaceae,6753,Boerhavia coccinea,,Tarvine,,,238,
Plantae,Flora,Nyctaginaceae,6841,Boerhavia dominii,,Tarvine,,,7138,
Plantae,Flora,Nyctaginaceae,11939,Boerhavia erecta,*,Erect Spiderling,,,2,
Plantae,Flora,Nyctaginaceae,9656,Boerhavia repleta,,Tarvine,,,25,
Plantae,Flora,Nyctaginaceae,12248,Boerhavia schomburgkiana,,Tarvine,,,6,
Plantae,Flora,Nyctaginaceae,BOER,Boerhavia spp.,,,,,208,
Plantae,Flora,Nyctaginaceae,8468,Bougainvillea glabra,*,,,,30,
Plantae,Flora,Nyctaginaceae,BOUG,Bougainvillea spp.,*,,,,101,
Plantae,Flora,Nyctaginaceae,4300,Mirabilis jalapa,*,Four-o'clock Flower,,,41,
Plantae,Flora,Nyctaginaceae,MIRA,Mirabilis spp.,*,,,,1,
Plantae,Flora,Nyctaginaceae,4301,Pisonia aculeata,,Thorny Pisonia,,,20,
Plantae,Flora,Nyctaginaceae,10493,Pisonia brunoniana,,Pumpwood,,,16,
Plantae,Flora,Nyctaginaceae,4302,Pisonia umbellifera,,Birdlime Tree,,,60,
Plantae,Flora,Nymphaeaceae,4303,Nymphaea alba,*,,,,11,
Plantae,Flora,Nymphaeaceae,10779,Nymphaea caerulea subsp. zanzibarensis,*,Cape Waterlily,,,275,
Plantae,Flora,Nymphaeaceae,7460,Nymphaea gigantea,,Giant Waterlily,,,48,
Plantae,Flora,Nymphaeaceae,4305,Nymphaea mexicana,*,Yellow Waterlily,,,35,
Plantae,Flora,Nymphaeaceae,13303,Nymphaea nouchali,*,,,,3,
Plantae,Flora,Nymphaeaceae,NYMP,Nymphaea spp.,,,,,82,
Plantae,Flora,Nymphaeaceae,13652,Nymphaea violacea,*,,,,3,
Plantae,Flora,Ochnaceae,4306,Ochna serrulata,*,Mickey Mouse Plant,,,3927,
Plantae,Flora,Ochnaceae,OCHN,Ochna spp.,*,,,,20,
Plantae,Flora,Olacaceae,7557,Olax angulata,,Square-stemmed Olax,V,V,1245,
Plantae,Flora,Olacaceae,4307,Olax retusa,,,,,71,
Plantae,Flora,Olacaceae,OLAX,Olax spp.,,,,,2,
Plantae,Flora,Olacaceae,6407,Olax stricta,,,,,689,
Plantae,Flora,Oleaceae,4308,Chionanthus quadristamineus,,Blue Plum,,,100,
Plantae,Flora,Oleaceae,12177,Fraxinus angustifolia subsp. angustifolia,*,Desert Ash,,,151,
Plantae,Flora,Oleaceae,14237,Fraxinus angustifolia subsp. oxycarpa,*,,,,6,
Plantae,Flora,Oleaceae,12579,Fraxinus excelsior,*,European ash,,,40,
Plantae,Flora,Oleaceae,11424,Fraxinus spp.,*,,,,94,
Plantae,Flora,Oleaceae,7718,Jasminum dallachii,,,,,92,
Plantae,Flora,Oleaceae,10459,Jasminum didymum subsp. didymum,,,,,46,
Plantae,Flora,Oleaceae,6398,Jasminum lineare,,Desert Jasmine,,,1314,
Plantae,Flora,Oleaceae,10761,Jasminum mesnyi,*,Primrose Jasmine,,,36,
Plantae,Flora,Oleaceae,11790,Jasminum officinale,*,,,,20,
Plantae,Flora,Oleaceae,10913,Jasminum polyanthum,*,White Jasmine,,,374,
Plantae,Flora,Oleaceae,6849,Jasminum simplicifolium,,,,,2,
Plantae,Flora,Oleaceae,JASM,Jasminum spp.,,,,,48,
Plantae,Flora,Oleaceae,4310,Jasminum suavissimum,,,,,656,
Plantae,Flora,Oleaceae,4311,Jasminum volubile,,,,,693,
Plantae,Flora,Oleaceae,4312,Ligustrum lucidum,*,Large-leaved Privet,,,4507,
Plantae,Flora,Oleaceae,4313,Ligustrum sinense,*,Small-leaved Privet,,,7135,
Plantae,Flora,Oleaceae,LIGU,Ligustrum spp.,*,,,,193,
Plantae,Flora,Oleaceae,4314,Ligustrum vulgare,*,European Privet,,,45,
Plantae,Flora,Oleaceae,4315,Nestegis ligustrina,,Privet Mock-olive,,,58,
Plantae,Flora,Oleaceae,4316,Notelaea johnsonii,,Veinless Mock-olive,,,140,
Plantae,Flora,Oleaceae,4317,Notelaea linearis,,,,,240,
Plantae,Flora,Oleaceae,4318,Notelaea longifolia,,Large Mock-olive,,,6914,
Plantae,Flora,Oleaceae,6653,Notelaea longifolia f. glabra,,,,,56,
Plantae,Flora,Oleaceae,6909,Notelaea longifolia f. intermedia,,,,,455,
Plantae,Flora,Oleaceae,6423,Notelaea longifolia f. longifolia,,,,,2249,
Plantae,Flora,Oleaceae,4319,Notelaea microcarpa,,Native Olive,,,3813,
Plantae,Flora,Oleaceae,6695,Notelaea microcarpa var. microcarpa,,,,,4693,
Plantae,Flora,Oleaceae,6696,Notelaea microcarpa var. velutina,,,,,140,
Plantae,Flora,Oleaceae,4320,Notelaea neglecta,,,,,122,
Plantae,Flora,Oleaceae,4321,Notelaea ovata,,,,,858,
Plantae,Flora,Oleaceae,8670,Notelaea sp. A,,,,,224,
Plantae,Flora,Oleaceae,NOTE,Notelaea spp.,,,,,242,
Plantae,Flora,Oleaceae,4322,Notelaea venosa,,Veined Mock-olive,,,4067,
Plantae,Flora,Oleaceae,4324,Olea europaea,*,Common Olive,,,938,
Plantae,Flora,Oleaceae,11220,Olea europaea subsp. cuspidata,*,African Olive,,,3695,
Plantae,Flora,Oleaceae,7688,Olea europaea subsp. europaea,*,Olive,,,130,
Plantae,Flora,Oleaceae,4325,Olea paniculata,,Native Olive,,,646,
Plantae,Flora,Onagraceae,4326,Epilobium billardierianum,,,,,1997,
Plantae,Flora,Onagraceae,7951,Epilobium billardierianum subsp. billardierianum,,,,,25,
Plantae,Flora,Onagraceae,7952,Epilobium billardierianum subsp. cinereum,,,,,1372,
Plantae,Flora,Onagraceae,7605,Epilobium billardierianum subsp. hydrophilum,,,,,254,
Plantae,Flora,Onagraceae,10043,Epilobium billardierianum subsp. intermedium,,,,,1,
Plantae,Flora,Onagraceae,4327,Epilobium ciliatum,*,,,,34,
Plantae,Flora,Onagraceae,4328,Epilobium curtisiae,,,,,20,
Plantae,Flora,Onagraceae,4329,Epilobium gunnianum,,Gunn's Willow-herb,,,289,
Plantae,Flora,Onagraceae,4330,Epilobium hirtigerum,,,,,469,
Plantae,Flora,Onagraceae,4331,Epilobium pallidiflorum,,,,,43,
Plantae,Flora,Onagraceae,4332,Epilobium sarmentaceum,,Mountain Willow-herb,,,23,
Plantae,Flora,Onagraceae,EPIL,Epilobium spp.,,,,,490,
Plantae,Flora,Onagraceae,4333,Epilobium tasmanicum,,Snow Willow-herb,,,37,
Plantae,Flora,Onagraceae,10773,Fuchsia magellanica,*,Hardy Fuchsia,,,4,
Plantae,Flora,Onagraceae,11110,Ludwigia longifolia,*,,,,35,
Plantae,Flora,Onagraceae,7297,Ludwigia octovalvis,,Willow Primrose,,,539,
Plantae,Flora,Onagraceae,4336,Ludwigia palustris,*,,,,318,
Plantae,Flora,Onagraceae,7375,Ludwigia peploides subsp. montevidensis,,Water Primrose,,,5210,
Plantae,Flora,Onagraceae,4338,Ludwigia peruviana,*,,,,237,
Plantae,Flora,Onagraceae,13305,Ludwigia repens,*,Red Ludwigia,,,5,
Plantae,Flora,Onagraceae,LUDW,Ludwigia spp.,,,,,57,
Plantae,Flora,Onagraceae,4339,Oenothera affinis,*,,,,56,
Plantae,Flora,Onagraceae,12462,Oenothera biennis,*,Evening Primrose,,,15,
Plantae,Flora,Onagraceae,14002,Oenothera curtiflora,*,Clockweed,,,5,
Plantae,Flora,Onagraceae,4340,Oenothera drummondii,*,,,,45,
Plantae,Flora,Onagraceae,13306,Oenothera drummondii subsp. drummondii,*,,,,1,
Plantae,Flora,Onagraceae,7724,Oenothera glazioviana,*,,,,26,
Plantae,Flora,Onagraceae,6837,Oenothera indecora subsp. bonariensis,*,,,,76,
Plantae,Flora,Onagraceae,7298,Oenothera laciniata subsp. laciniata,*,,,,7,
Plantae,Flora,Onagraceae,14003,Oenothera lindheimeri,*,Clockweed,,,9,
Plantae,Flora,Onagraceae,4343,Oenothera longiflora,*,,,,6,
Plantae,Flora,Onagraceae,13307,Oenothera longiflora subsp. longiflora,*,,,,6,
Plantae,Flora,Onagraceae,4344,Oenothera mollissima,*,,,,211,
Plantae,Flora,Onagraceae,4345,Oenothera rosea,*,,,,37,
Plantae,Flora,Onagraceae,4346,Oenothera speciosa,*,White Evening Primrose,,,9,
Plantae,Flora,Onagraceae,OENO,Oenothera spp.,*,,,,77,
Plantae,Flora,Onagraceae,8808,Oenothera stricta subsp. stricta,*,,,,416,
Plantae,Flora,Onagraceae,4348,Oenothera tetraptera,*,,,,10,
Plantae,Flora,Ophioglossaceae,8144,Botrychium australe,,Parsley Fern,,,264,
Plantae,Flora,Ophioglossaceae,8145,Botrychium lunaria,,Moonwort,,,9,
Plantae,Flora,Ophioglossaceae,10482,Ophioglossum lusitanicum,,Adder's Tongue,,,619,
Plantae,Flora,Ophioglossaceae,8146,Ophioglossum pendulum,,,,,37,
Plantae,Flora,Ophioglossaceae,8147,Ophioglossum polyphyllum,,Upright Adder's-tongue,,,23,
Plantae,Flora,Ophioglossaceae,8149,Ophioglossum reticulatum,,,,,4,
Plantae,Flora,Ophioglossaceae,OPHI,Ophioglossum spp.,,,,,41,
Plantae,Flora,Orchidaceae,13308,Acianthella amplexicaulis,,,P,,72,
Plantae,Flora,Orchidaceae,8974,Acianthus apprimus,,,P,,71,
Plantae,Flora,Orchidaceae,4351,Acianthus caudatus,,Mayfly Orchid,P,,113,
Plantae,Flora,Orchidaceae,9087,Acianthus collinus,,Hooded Mosquito-orchid,P,,110,
Plantae,Flora,Orchidaceae,8975,Acianthus exiguus,,,P,,16,
Plantae,Flora,Orchidaceae,4352,Acianthus exsertus,,Mosquito Orchid,P,,375,
Plantae,Flora,Orchidaceae,4353,Acianthus fornicatus,,Pixie Caps,P,,1430,
Plantae,Flora,Orchidaceae,9088,Acianthus pusillus,,Gnat Orchid,P,,104,
Plantae,Flora,Orchidaceae,ACIA,Acianthus spp.,,Mosquito Orchid,P,,1214,
Plantae,Flora,Orchidaceae,4356,Adenochilus nortonii,,,P,,104,
Plantae,Flora,Orchidaceae,4357,Arthrochilus huntianus,,Elbow Orchid,P,,45,
Plantae,Flora,Orchidaceae,9014,Arthrochilus prolixus,,,P,,163,
Plantae,Flora,Orchidaceae,ARTO,Arthrochilus spp.,,,P,,2,
Plantae,Flora,Orchidaceae,7185,Bulbophyllum argyropus,,One-Leaf Orchid,P,,7,
Plantae,Flora,Orchidaceae,4360,Bulbophyllum bracteatum,,,P,,9,
Plantae,Flora,Orchidaceae,4362,Bulbophyllum elisae,,Pineapple Orchid,P,,68,
Plantae,Flora,Orchidaceae,4363,Bulbophyllum exiguum,,,P,,298,
Plantae,Flora,Orchidaceae,4364,^Bulbophyllum globuliforme,,Hoop Pine Orchid,"V,P,2",V,P,
Plantae,Flora,Orchidaceae,14088,Bulbophyllum lamingtonense,,,P,,3,
Plantae,Flora,Orchidaceae,4365,Bulbophyllum minutissimum,,,P,,15,
Plantae,Flora,Orchidaceae,9018,Bulbophyllum schillerianum,,Red Rope Orchid,P,,34,
Plantae,Flora,Orchidaceae,6859,Bulbophyllum shepherdii,,Wheat-leaved Orchid,P,,140,
Plantae,Flora,Orchidaceae,BULB,Bulbophyllum spp.,,,P,,16,
Plantae,Flora,Orchidaceae,4367,Bulbophyllum weinthalii,,,P,,7,
Plantae,Flora,Orchidaceae,4368,Burnettia cuneata,,Lizard Orchid,P,,19,
Plantae,Flora,Orchidaceae,10927,Caladenia actensis,,,P,,2,
Plantae,Flora,Orchidaceae,6838,Caladenia alata,,Fairy Orchid,P,,51,
Plantae,Flora,Orchidaceae,10712,Caladenia alpina,,,P,,108,
Plantae,Flora,Orchidaceae,10928,^Caladenia amnicola,,,"E1,P,2",,14,
Plantae,Flora,Orchidaceae,6800,^Caladenia arenaria,,Sand-hill Spider Orchid,"E1,P,2",E,1462,
Plantae,Flora,Orchidaceae,11655,Caladenia arenaria x concinna,,,P,,8,
Plantae,Flora,Orchidaceae,11681,Caladenia arenaria x stellata,,,P,,1,
Plantae,Flora,Orchidaceae,15133,^Caladenia atroclavia,,Black-clubbed Spider-orchid,"P,2",E,P,
Plantae,Flora,Orchidaceae,13944,Caladenia atrovespa,,,P,,38,
Plantae,Flora,Orchidaceae,11233,^Caladenia attenuata,,Duramana Fingers,"E4A,P,2",CE,3,
Plantae,Flora,Orchidaceae,13945,Caladenia branwhitei,,,P,,1,
Plantae,Flora,Orchidaceae,10851,^Caladenia callitrophila,,,"E4A,P,2",,17,
Plantae,Flora,Orchidaceae,11246,Caladenia capillata,,Fringed Spider Orchid,P,,17,
Plantae,Flora,Orchidaceae,12289,Caladenia cardiochila,,Heart-lip Spider Orchid,P,,1,
Plantae,Flora,Orchidaceae,4373,Caladenia carnea,,Pink Fingers,P,,1324,
Plantae,Flora,Orchidaceae,6703,Caladenia catenata,,White Caladenia,P,,992,
Plantae,Flora,Orchidaceae,9548,Caladenia clarkiae,,,P,,4,
Plantae,Flora,Orchidaceae,4374,Caladenia clavigera,,Clubbed Spider Orchid,P,,12,
Plantae,Flora,Orchidaceae,9590,Caladenia concinna,,,P,,102,
Plantae,Flora,Orchidaceae,9523,^Caladenia concolor,,Crimson Spider Orchid,"E1,P,2",V,540,
Plantae,Flora,Orchidaceae,4375,Caladenia congesta,,Black Tongue Caladenia,P,,37,
Plantae,Flora,Orchidaceae,4376,Caladenia cucullata,,Hooded Caladenia,P,,105,
Plantae,Flora,Orchidaceae,9549,Caladenia curtisepala,,,P,,5,
Plantae,Flora,Orchidaceae,4379,Caladenia dimorpha,,,P,,67,
Plantae,Flora,Orchidaceae,4380,Caladenia filamentosa,,Daddy Longlegs,P,,28,
Plantae,Flora,Orchidaceae,10299,Caladenia fitzgeraldii,,,P,,19,
Plantae,Flora,Orchidaceae,10293,Caladenia flaccida,,,P,,8,
Plantae,Flora,Orchidaceae,13311,Caladenia fragrantissima,,,P,,1,
Plantae,Flora,Orchidaceae,7231,Caladenia fuscata,,Dusky Fingers,P,,588,
Plantae,Flora,Orchidaceae,9123,Caladenia gracilis,,Musky Caladenia,P,,309,
Plantae,Flora,Orchidaceae,12292,Caladenia gracillima,,,P,,2,
Plantae,Flora,Orchidaceae,10300,Caladenia hildae,,,P,,7,
Plantae,Flora,Orchidaceae,10929,Caladenia hillmanii,,,P,,42,
Plantae,Flora,Orchidaceae,10294,Caladenia leptoclavia,,,P,,3,
Plantae,Flora,Orchidaceae,13947,Caladenia mentiens,,,P,,4,
Plantae,Flora,Orchidaceae,11851,^Caladenia montana,,,"V,P,2",,171,
Plantae,Flora,Orchidaceae,13312,Caladenia parva,,,P,,1,
Plantae,Flora,Orchidaceae,10295,Caladenia phaeoclavia,,Brown-clubbed Spider Orchid,P,,65,
Plantae,Flora,Orchidaceae,7588,Caladenia picta,,,P,,84,
Plantae,Flora,Orchidaceae,12069,Caladenia platichila,,,P,,10,
Plantae,Flora,Orchidaceae,12068,Caladenia praecox,,Early Caladenia,P,,10,
Plantae,Flora,Orchidaceae,10302,Caladenia pusilla,,Tiny Caladenia,P,,3,
Plantae,Flora,Orchidaceae,9124,Caladenia quadrifaria,,,P,,71,
Plantae,Flora,Orchidaceae,10931,Caladenia rileyi,,,"E1,P",,66,
Plantae,Flora,Orchidaceae,9477,^Caladenia rosella,,Rosella Spider Orchid,"E4,P,2",E,1,
Plantae,Flora,Orchidaceae,9192,Caladenia sp. A,,Veined Spider Orchid,P,,10,
Plantae,Flora,Orchidaceae,11884,Caladenia sp. aff montana,,,P,,1,
Plantae,Flora,Orchidaceae,11707,Caladenia sp. aff. carnea,,,P,,4,
Plantae,Flora,Orchidaceae,11875,Caladenia sp. aff. pusilla,,,P,,1,
Plantae,Flora,Orchidaceae,13907,Caladenia sp. 'Mt Warning',,,P,,1,
Plantae,Flora,Orchidaceae,CALA,Caladenia spp.,,,P,,576,
Plantae,Flora,Orchidaceae,10298,Caladenia stellata,,,P,,37,
Plantae,Flora,Orchidaceae,10932,Caladenia subtilis,,,P,,1,
Plantae,Flora,Orchidaceae,9593,Caladenia tentaculata,,Fringed Spider Orchid,P,,182,
Plantae,Flora,Orchidaceae,4386,^Caladenia tessellata,,Thick Lip Spider Orchid,"V,P,2",V,91,
Plantae,Flora,Orchidaceae,4387,Caladenia testacea,,Honey Caladenia,P,,82,
Plantae,Flora,Orchidaceae,13313,Caladenia transitoria,,Bronzed Caladenia,P,,24,
Plantae,Flora,Orchidaceae,13952,Caladenia ustulata,,,P,,3,
Plantae,Flora,Orchidaceae,10296,Caladenia verrucosa,,,P,,21,
Plantae,Flora,Orchidaceae,4388,Calanthe triplicata,,Christmas Orchid,P,,356,
Plantae,Flora,Orchidaceae,4389,Caleana major,,Large Duck Orchid,P,,356,
Plantae,Flora,Orchidaceae,CALE,Caleana spp.,,,P,,10,
Plantae,Flora,Orchidaceae,4390,Calochilus campestris,,Copper Beard Orchid,P,,204,
Plantae,Flora,Orchidaceae,4391,Calochilus gracillimus,,Slender Beard Orchid,P,,38,
Plantae,Flora,Orchidaceae,4392,Calochilus grandiflorus,,Giant Beard Orchid,P,,21,
Plantae,Flora,Orchidaceae,13314,Calochilus herbaceus,,,P,,1,
Plantae,Flora,Orchidaceae,4394,Calochilus paludosus,,Red Beard Orchid,P,,287,
Plantae,Flora,Orchidaceae,13657,^Calochilus pulchellus,,Pretty Beard Orchid,"E1,P,2",E,90,
Plantae,Flora,Orchidaceae,4395,Calochilus robertsonii,,Purplish Beard Orchid,P,,509,
Plantae,Flora,Orchidaceae,11967,Calochilus robertsonii (golden form),,,P,,3,
Plantae,Flora,Orchidaceae,11866,Calochilus sp. aff. gracillimus,,,P,,1,
Plantae,Flora,Orchidaceae,CALO,Calochilus spp.,,,P,,362,
Plantae,Flora,Orchidaceae,14090,Cestichis coelogynoides,,,P,,70,
Plantae,Flora,Orchidaceae,14091,Cestichis reflexa,,,P,,277,
Plantae,Flora,Orchidaceae,14092,Cestichis swenssonii,,,P,,20,
Plantae,Flora,Orchidaceae,9911,Cheirostylis notialis,,,P,,14,
Plantae,Flora,Orchidaceae,4396,Cheirostylis ovata,,,P,,18,
Plantae,Flora,Orchidaceae,9020,^Chiloglottis anaticeps,,Bird Orchid,"E1,P,2",E,75,
Plantae,Flora,Orchidaceae,10290,Chiloglottis chlorantha,,,P,,5,
Plantae,Flora,Orchidaceae,4397,Chiloglottis cornuta,,Green Bird Orchid,P,,4,
Plantae,Flora,Orchidaceae,7814,Chiloglottis diphylla,,,P,,129,
Plantae,Flora,Orchidaceae,4399,Chiloglottis formicifera,,Ant Orchid,P,,109,
Plantae,Flora,Orchidaceae,9021,Chiloglottis palachila,,,P,,14,
Plantae,Flora,Orchidaceae,9022,Chiloglottis platyptera,,Barrington Tops Ant Orchid,P,,20,
Plantae,Flora,Orchidaceae,8946,Chiloglottis pluricallata,,,P,,135,
Plantae,Flora,Orchidaceae,4402,Chiloglottis reflexa,,,P,,233,
Plantae,Flora,Orchidaceae,10291,Chiloglottis seminuda,,,P,,47,
Plantae,Flora,Orchidaceae,11867,Chiloglottis sp. aff valida #2 Sphagnum,,,P,,1,
Plantae,Flora,Orchidaceae,9849,Chiloglottis sp. aff. pluricallata,,,P,,2,
Plantae,Flora,Orchidaceae,13653,Chiloglottis sphaerula,,,P,,1,
Plantae,Flora,Orchidaceae,8868,Chiloglottis sphyrnoides,,,P,,67,
Plantae,Flora,Orchidaceae,CHIL,Chiloglottis spp.,,,P,,906,
Plantae,Flora,Orchidaceae,6881,Chiloglottis sylvestris,,,P,,60,
Plantae,Flora,Orchidaceae,4403,Chiloglottis trapeziformis,,Thick-lip Bird Orchid,P,,113,
Plantae,Flora,Orchidaceae,6525,Chiloglottis trilabra,,,P,,121,
Plantae,Flora,Orchidaceae,12218,Chiloglottis truncata,,,P,,2,
Plantae,Flora,Orchidaceae,9550,Chiloglottis turfosa,,,P,,7,
Plantae,Flora,Orchidaceae,10289,Chiloglottis valida,,Large Bird Orchid,P,,339,
Plantae,Flora,Orchidaceae,10292,Chiloglottis x pescottiana,,Bronze Bird Orchid,P,,1,
Plantae,Flora,Orchidaceae,4404,Corybas aconitiflorus,,Spurred Helmet Orchid,P,,277,
Plantae,Flora,Orchidaceae,7444,Corybas barbarae,,,P,,34,
Plantae,Flora,Orchidaceae,4406,Corybas dilatatus,,Stately Helmet Orchid,P,,9,
Plantae,Flora,Orchidaceae,11806,^Corybas dowlingii,,Red Helmet Orchid,"E1,P,2",,2802,
Plantae,Flora,Orchidaceae,4407,Corybas fimbriatus,,Fringed Helmet Orchid,P,,157,
Plantae,Flora,Orchidaceae,4408,Corybas fordhamii,,Banded Helmet Orchid,P,,91,
Plantae,Flora,Orchidaceae,4409,Corybas hispidus,,Bristly Helmet Orchid,P,,31,
Plantae,Flora,Orchidaceae,7834,Corybas incurvus,,Slaty Helmet Orchid,P,,6,
Plantae,Flora,Orchidaceae,4410,Corybas pruinosus,,Toothed Helmet Orchid,P,,81,
Plantae,Flora,Orchidaceae,9819,Corybas sp. A,,,P,,1,
Plantae,Flora,Orchidaceae,CORY,Corybas spp.,,,P,,488,
Plantae,Flora,Orchidaceae,4411,Corybas undulatus,,Tailed Helmet Orchid,P,,27,
Plantae,Flora,Orchidaceae,4412,Corybas unguiculatus,,Small Helmet Orchid,P,,47,
Plantae,Flora,Orchidaceae,4414,Cryptostylis erecta,,Tartan Tongue Orchid,P,,1387,
Plantae,Flora,Orchidaceae,4415,^Cryptostylis hunteriana,,Leafless Tongue Orchid,"V,P,2",V,1447,
Plantae,Flora,Orchidaceae,4416,Cryptostylis leptochila,,Small Tongue Orchid,P,,206,
Plantae,Flora,Orchidaceae,CRYT,Cryptostylis spp.,,,P,,606,
Plantae,Flora,Orchidaceae,4417,Cryptostylis subulata,,Large Tongue Orchid,P,,1604,
Plantae,Flora,Orchidaceae,11228,Cyanicula caerulea,,Blue Caladenia,P,,476,
Plantae,Flora,Orchidaceae,6399,^Cymbidium canaliculatum,,Cymbidium canaliculatum population in the Hunter Catchment,"E2,P,2",,289,
Plantae,Flora,Orchidaceae,6399,^Cymbidium canaliculatum,,Tiger Orchid,"P,2",,733,
Plantae,Flora,Orchidaceae,13318,Cymbidium iridifolium,,,P,,1,
Plantae,Flora,Orchidaceae,4418,Cymbidium madidum,,,P,,116,
Plantae,Flora,Orchidaceae,CYMB,Cymbidium spp.,,,P,,61,
Plantae,Flora,Orchidaceae,4419,Cymbidium suave,,Snake Orchid,P,,1586,
Plantae,Flora,Orchidaceae,6889,Cyrtostylis reniformis,,Gnat Orchid,P,,228,
Plantae,Flora,Orchidaceae,CYRO,Cyrtostylis spp.,,,P,,5,
Plantae,Flora,Orchidaceae,14485,Danhatchia australis,,,P,,1,
Plantae,Flora,Orchidaceae,15562,^Danhatchia copelandii,,Bonville Leafless Orchid,"E4A,2",,P,
Plantae,Flora,Orchidaceae,4420,Dendrobium aemulum,,Ironbark Orchid,P,,411,
Plantae,Flora,Orchidaceae,6945,Dendrobium bowmanii,,,P,,37,
Plantae,Flora,Orchidaceae,4422,Dendrobium cucumerinum,,Cucumber Orchid,P,,52,
Plantae,Flora,Orchidaceae,9149,Dendrobium dolichophyllum,,Rat's Tail Orchid,P,,6,
Plantae,Flora,Orchidaceae,7387,Dendrobium fairfaxii,,Rat's Tail Orchid,P,,195,
Plantae,Flora,Orchidaceae,4423,Dendrobium falcorostrum,,Beech Orchid,P,,72,
Plantae,Flora,Orchidaceae,4424,Dendrobium gracilicaule,,,P,,502,
Plantae,Flora,Orchidaceae,13967,Dendrobium gracilicaule var. howeanum,,,P,,28,
Plantae,Flora,Orchidaceae,4425,Dendrobium kingianum,,Pink Rock Orchid,P,,274,
Plantae,Flora,Orchidaceae,4426,Dendrobium linguiforme,,Tongue Orchid,P,,471,
Plantae,Flora,Orchidaceae,4427,Dendrobium monophyllum,,Lily-of-the-valley Orchid,P,,40,
Plantae,Flora,Orchidaceae,4428,Dendrobium moorei,,Moorei Orchid,P,,31,
Plantae,Flora,Orchidaceae,4429,Dendrobium mortii,,,P,,77,
Plantae,Flora,Orchidaceae,4430,Dendrobium pugioniforme,,Dagger Orchid,P,,757,
Plantae,Flora,Orchidaceae,13319,Dendrobium rex,,,P,,1,
Plantae,Flora,Orchidaceae,4431,Dendrobium schneiderae,,,P,,7,
Plantae,Flora,Orchidaceae,6697,Dendrobium schoeninum,,Pencil Orchid,P,,252,
Plantae,Flora,Orchidaceae,4432,Dendrobium speciosum,,Rock Lily,P,,903,
Plantae,Flora,Orchidaceae,8943,Dendrobium speciosum var. hillii,,King Orchid,P,,212,
Plantae,Flora,Orchidaceae,11984,Dendrobium speciosum var. speciosum,,Rock Orchid,P,,56,
Plantae,Flora,Orchidaceae,DEND,Dendrobium spp.,,,P,,124,
Plantae,Flora,Orchidaceae,4433,Dendrobium striolatum,,Streaked Rock Orchid,P,,252,
Plantae,Flora,Orchidaceae,4435,Dendrobium teretifolium,,Rat's Tail Orchid,P,,399,
Plantae,Flora,Orchidaceae,4436,Dendrobium tetragonum,,Tree Spider Orchid,P,,177,
Plantae,Flora,Orchidaceae,15653,^Dendrobium tetragonum var. melaleucaphilum,,Spider Orchid,"E1,P,2",,534,
Plantae,Flora,Orchidaceae,9120,Dendrobium x gracillimum,,,P,,10,
Plantae,Flora,Orchidaceae,10304,Dendrobium x kestevenii,,,P,,1,
Plantae,Flora,Orchidaceae,9153,Dipodium atropurpureum,,,P,,26,
Plantae,Flora,Orchidaceae,4437,Dipodium hamiltonianum,,Yellow Hyacinth-orchid,P,,44,
Plantae,Flora,Orchidaceae,9154,Dipodium pulchellum,,,P,,11,
Plantae,Flora,Orchidaceae,7887,Dipodium punctatum,,,P,,716,
Plantae,Flora,Orchidaceae,9155,Dipodium roseum,,,P,,268,
Plantae,Flora,Orchidaceae,DIPO,Dipodium spp.,,,P,,263,
Plantae,Flora,Orchidaceae,7888,Dipodium variegatum,,,P,,602,
Plantae,Flora,Orchidaceae,13968,Diteilis simmondsii,,,P,,2,
Plantae,Flora,Orchidaceae,4438,Diuris abbreviata,,Lemon Doubletail,P,,76,
Plantae,Flora,Orchidaceae,4439,^Diuris aequalis,,Buttercup Doubletail,"E1,P,2",E,732,
Plantae,Flora,Orchidaceae,6749,Diuris alba,,,P,,38,
Plantae,Flora,Orchidaceae,10765,^Diuris arenaria,,Sand Doubletail,"E1,P,2",,7238,
Plantae,Flora,Orchidaceae,4441,Diuris aurea,,,P,,143,
Plantae,Flora,Orchidaceae,11454,Diuris behrii,,,P,,72,
Plantae,Flora,Orchidaceae,4442,^Diuris bracteata,,,"E1,P,2",X,41,
Plantae,Flora,Orchidaceae,4444,Diuris brevissima,,,P,,1,
Plantae,Flora,Orchidaceae,14732,^Diuris byronensis,,Byron Bay Diuris,"E1,P,2",,69,
Plantae,Flora,Orchidaceae,7473,Diuris chrysantha,,,P,,12,
Plantae,Flora,Orchidaceae,11232,Diuris chryseopsis,,Small Snake Orchid,P,,258,
Plantae,Flora,Orchidaceae,13753,Diuris curta,,,P,,3,
Plantae,Flora,Orchidaceae,9074,Diuris dendrobioides,,,P,,93,
Plantae,Flora,Orchidaceae,9025,^Diuris disposita,,Willawarrin Doubletail,"E4A,P,2",,102,
Plantae,Flora,Orchidaceae,14212,^Diuris eborensis,,,"E1,P,2",E,1102,
Plantae,Flora,Orchidaceae,9026,^Diuris flavescens,,Pale Yellow Doubletail,"E4A,P,2",CE,831,
Plantae,Flora,Orchidaceae,12213,Diuris fucosa,,,P,,442,
Plantae,Flora,Orchidaceae,4445,Diuris goonooensis,,Western Donkey Orchid,P,,208,
Plantae,Flora,Orchidaceae,9156,Diuris lanceolata,,Snake Orchid,P,,46,
Plantae,Flora,Orchidaceae,4447,Diuris maculata,,Spotted Doubletail,P,,253,
Plantae,Flora,Orchidaceae,13327,Diuris minor,,,P,,8,
Plantae,Flora,Orchidaceae,11272,Diuris monticola,,,P,,175,
Plantae,Flora,Orchidaceae,13969,Diuris nigromontana,,,P,,3,
Plantae,Flora,Orchidaceae,11649,^Diuris ochroma,,Pale Golden Moths,"E1,P,2",V,190,
Plantae,Flora,Orchidaceae,13328,Diuris palachila,,,P,,3,
Plantae,Flora,Orchidaceae,13329,Diuris palustris,,,P,,1,
Plantae,Flora,Orchidaceae,10272,Diuris pardina,,Leopard Orchid,P,,147,
Plantae,Flora,Orchidaceae,4450,^Diuris pedunculata,,Small Snake Orchid,"E1,P,2",E,323,
Plantae,Flora,Orchidaceae,4451,Diuris platichila,,,P,,49,
Plantae,Flora,Orchidaceae,9027,^Diuris praecox,,Rough Doubletail,"V,P,2",V,4261,
Plantae,Flora,Orchidaceae,4453,Diuris punctata,,Purple Donkey Orchid,P,,121,
Plantae,Flora,Orchidaceae,9157,Diuris punctata var. punctata,,,P,,15,
Plantae,Flora,Orchidaceae,10273,Diuris semilunulata,,,P,,62,
Plantae,Flora,Orchidaceae,11197,"^Diuris sp. (Oaklands, D.L. Jones 5380)",,Oaklands Diuris,"E1,P,2",,1294,
Plantae,Flora,Orchidaceae,9850,Diuris sp. aff. ochroma,,,P,,4,
Plantae,Flora,Orchidaceae,13332,Diuris sp. 'Colo River',,,P,,1,
Plantae,Flora,Orchidaceae,DIUR,Diuris spp.,,,P,,365,
Plantae,Flora,Orchidaceae,13971,Diuris subalpina,,,P,,32,
Plantae,Flora,Orchidaceae,4456,Diuris sulphurea,,Tiger Orchid,P,,1124,
Plantae,Flora,Orchidaceae,4457,^Diuris tricolor,,Pine Donkey Orchid,"V,P,2",,5047,
Plantae,Flora,Orchidaceae,4457,^Diuris tricolor,,Pine Donkey Orchid population in the Muswellbrook local government area,"E2,V,P,2",,4146,
Plantae,Flora,Orchidaceae,4458,^Diuris venosa,,Veined Doubletail,"V,P,2",V,271,
Plantae,Flora,Orchidaceae,10274,Diuris x polymorpha,,,P,,3,
Plantae,Flora,Orchidaceae,13976,Empusa habenarina,,,P,,8,
Plantae,Flora,Orchidaceae,12238,Epidendrum radicans x secundum hybrid complex,*,Crucifix Orchid,,,116,
Plantae,Flora,Orchidaceae,EPID,Epidendrum spp.,*,,,,22,
Plantae,Flora,Orchidaceae,4459,Epipogium roseum,,Drooping Orchid,P,,12,
Plantae,Flora,Orchidaceae,4460,Eriochilus cucullatus,,Parson's Bands,P,,688,
Plantae,Flora,Orchidaceae,13978,Eriochilus magenteus,,,P,,11,
Plantae,Flora,Orchidaceae,13334,Eriochilus sp. 'New England',,,P,,1,
Plantae,Flora,Orchidaceae,ERIH,Eriochilus spp.,,,P,,32,
Plantae,Flora,Orchidaceae,8949,Erythrorchis cassythoides,,Climbing Orchid,P,,94,
Plantae,Flora,Orchidaceae,9821,Gastrodia procera,,,P,,30,
Plantae,Flora,Orchidaceae,4463,Gastrodia sesamoides,,Cinnamon Bells,P,,196,
Plantae,Flora,Orchidaceae,GASR,Gastrodia spp.,,,P,,10,
Plantae,Flora,Orchidaceae,13986,Gastrodia surcula,,,P,,2,
Plantae,Flora,Orchidaceae,9196,Genoplesium acuminatum,,,P,,15,
Plantae,Flora,Orchidaceae,9783,Genoplesium apostasioides,,,P,,14,
Plantae,Flora,Orchidaceae,9197,Genoplesium archeri,,Variable Midge Orchid,P,,27,
Plantae,Flora,Orchidaceae,4464,^Genoplesium baueri,,Bauer's Midge Orchid,"E1,P,2",E,487,
Plantae,Flora,Orchidaceae,12408,Genoplesium bishopii,,,P,,4,
Plantae,Flora,Orchidaceae,15652,^Genoplesium branwhiteorum,,Charmhaven Midge Orchid,"E4A,2",CE,412,
Plantae,Flora,Orchidaceae,9559,Genoplesium citriodorum,,,P,,4,
Plantae,Flora,Orchidaceae,15338,Genoplesium clivicola,,,P,,12,
Plantae,Flora,Orchidaceae,15154,Genoplesium densum ined.,,,P,,9,
Plantae,Flora,Orchidaceae,8951,Genoplesium despectans,,Sharp Midge Orchid,P,,6,
Plantae,Flora,Orchidaceae,10767,Genoplesium ectopum,,,P,,4,
Plantae,Flora,Orchidaceae,9782,Genoplesium eriochilum,,,P,,11,
Plantae,Flora,Orchidaceae,9198,Genoplesium filiforme,,,P,,36,
Plantae,Flora,Orchidaceae,8872,Genoplesium fimbriatum,,Fringed Midge Orchid,P,,167,
Plantae,Flora,Orchidaceae,13335,Genoplesium formosum,,,P,,3,
Plantae,Flora,Orchidaceae,13987,^Genoplesium insigne,,Variable Midge Orchid,"E4A,P,2",CE,1050,
Plantae,Flora,Orchidaceae,14087,Genoplesium laminatum ined.,,,P,,1,
Plantae,Flora,Orchidaceae,12407,^Genoplesium littorale,,Tuncurry Midge Orchid,"E4A,P,2",CE,1120,
Plantae,Flora,Orchidaceae,9560,Genoplesium morinum,,,P,,4,
Plantae,Flora,Orchidaceae,9785,Genoplesium morrisii,,Bearded Midge Orchid,P,,23,
Plantae,Flora,Orchidaceae,9781,Genoplesium nigricans,,Mallee Midge Orchid,P,,9,
Plantae,Flora,Orchidaceae,8873,Genoplesium nudiscapum,,Dense Midge Orchid,P,,26,
Plantae,Flora,Orchidaceae,9199,Genoplesium nudum,,Tiny Midge Orchid,P,,37,
Plantae,Flora,Orchidaceae,13336,Genoplesium oliganthum,,,P,,9,
Plantae,Flora,Orchidaceae,13337,Genoplesium ostrinum,,,P,,19,
Plantae,Flora,Orchidaceae,9780,Genoplesium pedersonii,,,P,,4,
Plantae,Flora,Orchidaceae,9671,^Genoplesium plumosum,,Tallong Midge Orchid,"E4A,P,2",E,56,
Plantae,Flora,Orchidaceae,9200,Genoplesium pumilum,,Green Midge Orchid,P,,55,
Plantae,Flora,Orchidaceae,8337,^Genoplesium rhyoliticum,,Rhyolite Midge Orchid,"E1,P,2",E,216,
Plantae,Flora,Orchidaceae,9201,Genoplesium rufum,,Red Midge Orchid,P,,110,
Plantae,Flora,Orchidaceae,12362,Genoplesium ruppii,,,P,,32,
Plantae,Flora,Orchidaceae,9543,Genoplesium sagittiferum,,,P,,19,
Plantae,Flora,Orchidaceae,9784,Genoplesium simulans,,,P,,18,
Plantae,Flora,Orchidaceae,GENO,Genoplesium spp.,,,P,,223,
Plantae,Flora,Orchidaceae,9561,^Genoplesium superbum,,Superb Midge Orchid,"E1,P,2",,565,
Plantae,Flora,Orchidaceae,9562,Genoplesium systenum,,,P,,2,
Plantae,Flora,Orchidaceae,14086,Genoplesium trifidum ined.,,,P,,4,
Plantae,Flora,Orchidaceae,9563,Genoplesium turfosum,,,P,,4,
Plantae,Flora,Orchidaceae,11258,^Genoplesium vernale,,East Lynne Midge Orchid,"V,P,2",V,245,
Plantae,Flora,Orchidaceae,9544,Genoplesium woollsii,,,P,,34,
Plantae,Flora,Orchidaceae,6672,^Geodorum densiflorum,,Pink Nodding Orchid,"E1,P,2",,293,
Plantae,Flora,Orchidaceae,4465,Glossodia major,,Waxlip Orchid,P,,647,
Plantae,Flora,Orchidaceae,4466,Glossodia minor,,Small Waxlip Orchid,P,,219,
Plantae,Flora,Orchidaceae,GLOO,Glossodia spp.,,,P,,19,
Plantae,Flora,Orchidaceae,LIPA,Liparis spp.,,,P,,3,
Plantae,Flora,Orchidaceae,LYPE,Lyperanthus spp.,,,P,,8,
Plantae,Flora,Orchidaceae,4472,Lyperanthus suaveolens,,Brown Beaks,P,,211,
Plantae,Flora,Orchidaceae,9616,^Microtis angusii,,Angus's Onion Orchid,"E1,P,2",E,184,
Plantae,Flora,Orchidaceae,7621,Microtis oblonga,,,P,,7,
Plantae,Flora,Orchidaceae,7622,Microtis parviflora,,Slender Onion Orchid,P,,552,
Plantae,Flora,Orchidaceae,7101,Microtis rara,,Scented Onion Orchid,P,,85,
Plantae,Flora,Orchidaceae,11710,Microtis sp. aff. unifolia,,,P,,13,
Plantae,Flora,Orchidaceae,MICO,Microtis spp.,,,P,,991,
Plantae,Flora,Orchidaceae,4473,Microtis unifolia,,Common Onion Orchid,P,,1837,
Plantae,Flora,Orchidaceae,6990,^Oberonia complanata,,Yellow-flowered King of the Fairies,"E1,P,2",,12,
Plantae,Flora,Orchidaceae,7077,^Oberonia titania,,Red-flowered King of the Fairies,"V,P,2",,84,
Plantae,Flora,Orchidaceae,ORCHC,Orchidaceae indeterminate,,Orchids,,,252,
Plantae,Flora,Orchidaceae,4476,Orthoceras strictum,,Bird's-mouth Orchid,P,,160,
Plantae,Flora,Orchidaceae,4477,Papillilabium beckleri,,,P,,74,
Plantae,Flora,Orchidaceae,4478,Paracaleana minor,,Small Duck Orchid,P,,119,
Plantae,Flora,Orchidaceae,4479,^Peristeranthus hillii,,Brown Fairy-chain Orchid,"V,P,2",,51,
Plantae,Flora,Orchidaceae,11839,Petalochilus minor,,,P,,14,
Plantae,Flora,Orchidaceae,4480,^Phaius australis,,Southern Swamp Orchid,"E1,P,2",E,159,
Plantae,Flora,Orchidaceae,PHAI,Phaius spp.,,,P,,3,
Plantae,Flora,Orchidaceae,13340,Pheladenia deformis,,Blue Fairy,P,,9,
Plantae,Flora,Orchidaceae,4482,Plectorrhiza erecta,,,P,,9,
Plantae,Flora,Orchidaceae,15693,Plectorrhiza purpurata,,,,,31,
Plantae,Flora,Orchidaceae,4483,Plectorrhiza tridentata,,Tangle Orchid,P,,711,
Plantae,Flora,Orchidaceae,7779,^Prasophyllum affine,,Jervis Bay Leek Orchid,"E1,P,2",E,434,
Plantae,Flora,Orchidaceae,11712,Prasophyllum alpestre,,,P,,51,
Plantae,Flora,Orchidaceae,10282,Prasophyllum appendiculatum,,,P,,6,
Plantae,Flora,Orchidaceae,4491,Prasophyllum australe,,Southern Leek Orchid,P,,42,
Plantae,Flora,Orchidaceae,14017,^Prasophyllum bagoense,,,"E4A,P,2",CE,615,
Plantae,Flora,Orchidaceae,4494,Prasophyllum brevilabre,,Short-lipped Leek Orchid,P,,132,
Plantae,Flora,Orchidaceae,8524,Prasophyllum campestre,,,P,,50,
Plantae,Flora,Orchidaceae,10934,^Prasophyllum canaliculatum,,Summer Leek Orchid,"E4A,P,2",,112,
Plantae,Flora,Orchidaceae,10280,Prasophyllum candidum,,,P,,24,
Plantae,Flora,Orchidaceae,13343,Prasophyllum caricetum,,,P,,113,
Plantae,Flora,Orchidaceae,12162,Prasophyllum caudiculum,,,P,,3,
Plantae,Flora,Orchidaceae,9053,Prasophyllum dossenum,,,P,,5,
Plantae,Flora,Orchidaceae,4497,Prasophyllum elatum,,Tall Leek Orchid,P,,143,
Plantae,Flora,Orchidaceae,9054,Prasophyllum exilis,,,P,,1,
Plantae,Flora,Orchidaceae,4501,Prasophyllum fitzgeraldii,,Fitzgerald's Leek Orchid,P,,1,
Plantae,Flora,Orchidaceae,4502,Prasophyllum flavum,,Yellow Leek Orchid,P,,60,
Plantae,Flora,Orchidaceae,4503,Prasophyllum frenchii,,,P,,2,
Plantae,Flora,Orchidaceae,4504,^Prasophyllum fuscum,,Slaty Leek Orchid,"E4A,P,2",V,664,
Plantae,Flora,Orchidaceae,13344,Prasophyllum gracile,,,P,,2,
Plantae,Flora,Orchidaceae,15051,Prasophyllum helophilum,,,P,,1,
Plantae,Flora,Orchidaceae,12601,^Prasophyllum innubum,,,"E4A,P,2",CE,134,
Plantae,Flora,Orchidaceae,12602,^Prasophyllum keltonii,,Kelton's Leek Orchid,"E4A,P,2",CE,443,
Plantae,Flora,Orchidaceae,9580,Prasophyllum montanum,,Mountain Leek Orchid,P,,3,
Plantae,Flora,Orchidaceae,4516,Prasophyllum odoratum,,Rogers Scented Leek Orchid,P,,68,
Plantae,Flora,Orchidaceae,13823,^Prasophyllum pallens,,Musty Leek Orchid,"V,P,2",,111,
Plantae,Flora,Orchidaceae,4517,Prasophyllum patens,,Broad-lipped Leek Orchid,P,,73,
Plantae,Flora,Orchidaceae,9478,^Prasophyllum petilum,,Tarengo Leek Orchid,"E1,P,2",E,436,
Plantae,Flora,Orchidaceae,12067,Prasophyllum pyriforme,,Graceful leek orchid,P,,1,
Plantae,Flora,Orchidaceae,11301,^Prasophyllum retroflexum,,Kiandra Leek Orchid,"V,P,2",V,42,
Plantae,Flora,Orchidaceae,4520,Prasophyllum rogersii,,Marsh Leek Orchid,P,,14,
Plantae,Flora,Orchidaceae,15209,^Prasophyllum sandrae,,Majors Creek Leek Orchid,"E4A,P,2",,K,
Plantae,Flora,Orchidaceae,12319,Prasophyllum solstitium,,,P,,3,
Plantae,Flora,Orchidaceae,11714,Prasophyllum sp. aff. odoratum,,,P,,62,
Plantae,Flora,Orchidaceae,13681,^Prasophyllum sp. Moama,,,"E4A,P,2",,557,
Plantae,Flora,Orchidaceae,10935,Prasophyllum sphacelatum,,,P,,76,
Plantae,Flora,Orchidaceae,PRAS,Prasophyllum spp.,,,P,,341,
Plantae,Flora,Orchidaceae,4524,Prasophyllum striatum,,Streaked Leek Orchid,P,,53,
Plantae,Flora,Orchidaceae,4525,Prasophyllum suttonii,,Mauve Leek Orchid,P,,56,
Plantae,Flora,Orchidaceae,10281,Prasophyllum sylvestre,,Forest Leek Orchid,P,,10,
Plantae,Flora,Orchidaceae,10711,Prasophyllum tadgellianum,,,P,,206,
Plantae,Flora,Orchidaceae,4528,Prasophyllum truncatum,,,P,,1,
Plantae,Flora,Orchidaceae,14019,Prasophyllum viriosum,,,P,,5,
Plantae,Flora,Orchidaceae,12318,Prasophyllum wilkinsoniorum,,,P,,95,
Plantae,Flora,Orchidaceae,8965,Pseudovanilla foliata,,Great Climbing Orchid,P,,32,
Plantae,Flora,Orchidaceae,8897,Pterostylis abrupta,,,P,,93,
Plantae,Flora,Orchidaceae,7364,Pterostylis aciculiformis,,Slender Ruddyhood,P,,24,
Plantae,Flora,Orchidaceae,4535,Pterostylis acuminata,,Pointed Greenhood,P,,231,
Plantae,Flora,Orchidaceae,7854,Pterostylis aestiva,,Long-tongue Summer Greenhood,P,,14,
Plantae,Flora,Orchidaceae,4537,^Pterostylis alpina,,Alpine Greenhood,"V,P,2",,8,
Plantae,Flora,Orchidaceae,4538,Pterostylis alveata,,Coastal Greenhood,P,,19,
Plantae,Flora,Orchidaceae,15258,Pterostylis ampliata,,,P,,106,
Plantae,Flora,Orchidaceae,14020,Pterostylis aneba,,,P,,3,
Plantae,Flora,Orchidaceae,10925,Pterostylis atrans,,Dark-tip Greenhood,P,,6,
Plantae,Flora,Orchidaceae,4539,Pterostylis baptistii,,King Greenhood,P,,138,
Plantae,Flora,Orchidaceae,13346,Pterostylis barbata,,,P,,2,
Plantae,Flora,Orchidaceae,12545,Pterostylis barringtonensis,,,P,,1,
Plantae,Flora,Orchidaceae,6712,Pterostylis bicolor,,Black-tip Greenhood,P,,132,
Plantae,Flora,Orchidaceae,13913,^Pterostylis bicornis,,Horned Greenhood,"E1,P,2",V,2,
Plantae,Flora,Orchidaceae,4540,Pterostylis biseta,,Rustyhood,P,,79,
Plantae,Flora,Orchidaceae,4541,Pterostylis boormanii,,,P,,79,
Plantae,Flora,Orchidaceae,13347,Pterostylis brevisepala,,,P,,1,
Plantae,Flora,Orchidaceae,6598,Pterostylis calceolus,,,P,,16,
Plantae,Flora,Orchidaceae,6536,^Pterostylis chaetophora,,,"V,P,2",,689,
Plantae,Flora,Orchidaceae,13348,Pterostylis chocolatina,,,P,,3,
Plantae,Flora,Orchidaceae,7457,^Pterostylis cobarensis,,Greenhood Orchid,"V,P,2",,642,
Plantae,Flora,Orchidaceae,7502,Pterostylis coccina,,,P,,203,
Plantae,Flora,Orchidaceae,7390,Pterostylis collina,,,P,,9,
Plantae,Flora,Orchidaceae,4544,Pterostylis concinna,,Trim Greenhood,P,,282,
Plantae,Flora,Orchidaceae,14022,Pterostylis crassicaulis,,,P,,1,
Plantae,Flora,Orchidaceae,4545,Pterostylis curta,,Blunt Greenhood,P,,420,
Plantae,Flora,Orchidaceae,7895,Pterostylis cycnocephala,,Swan Greenhood,P,,97,
Plantae,Flora,Orchidaceae,4546,Pterostylis daintreana,,,P,,106,
Plantae,Flora,Orchidaceae,4547,Pterostylis decurva,,Summer Grasshood,P,,190,
Plantae,Flora,Orchidaceae,11821,^Pterostylis despectans,,,"E4A,P,2",E,3,
Plantae,Flora,Orchidaceae,9914,^Pterostylis elegans,,Elegant Greenhood,"V,P,2",,29,
Plantae,Flora,Orchidaceae,7025,Pterostylis erecta,,Erect Maroonhood,P,,93,
Plantae,Flora,Orchidaceae,4549,Pterostylis fischii,,Fisch's Greenhood,P,,42,
Plantae,Flora,Orchidaceae,4550,^Pterostylis foliata,,Slender Greenhood,"V,P,2",,13,
Plantae,Flora,Orchidaceae,4551,Pterostylis furcata,,Sickle Greenhood,P,,69,
Plantae,Flora,Orchidaceae,15157,Pterostylis furva,,,P,,4,
Plantae,Flora,Orchidaceae,4553,^Pterostylis gibbosa,,Illawarra Greenhood,"E1,P,2",E,332,
Plantae,Flora,Orchidaceae,4554,Pterostylis grandiflora,,Cobra Greenhood,P,,222,
Plantae,Flora,Orchidaceae,4555,Pterostylis hamata,,Hooked Greenhood,P,,52,
Plantae,Flora,Orchidaceae,10926,Pterostylis hians,,Opera House Greenhood,P,,1,
Plantae,Flora,Orchidaceae,4556,Pterostylis hildae,,Rainforest Greenhood,P,,34,
Plantae,Flora,Orchidaceae,7616,Pterostylis hispidula,,Small Nodding Greenhood,P,,67,
Plantae,Flora,Orchidaceae,14023,Pterostylis jonesii,,,P,,4,
Plantae,Flora,Orchidaceae,4557,Pterostylis laxa,,Antelope Greenhood,P,,39,
Plantae,Flora,Orchidaceae,13351,Pterostylis lineata,,,P,,2,
Plantae,Flora,Orchidaceae,7036,Pterostylis lingua,,Large-tongue Rustyhood,P,,10,
Plantae,Flora,Orchidaceae,4558,Pterostylis longicurva,,Long-tongued Greenhood,P,,47,
Plantae,Flora,Orchidaceae,4559,Pterostylis longifolia,,Tall Greenhood,P,,713,
Plantae,Flora,Orchidaceae,7004,Pterostylis longipetala,,,P,,15,
Plantae,Flora,Orchidaceae,14025,Pterostylis macrosepala,,,P,,1,
Plantae,Flora,Orchidaceae,9915,^Pterostylis metcalfei,,Metcalfe's Greenhood,"E1,P,2",,345,
Plantae,Flora,Orchidaceae,7091,Pterostylis mitchellii,,Mitchell's Rustyhood,P,,8,
Plantae,Flora,Orchidaceae,11030,Pterostylis monticola,,Mountain Greenhood,P,,240,
Plantae,Flora,Orchidaceae,4560,Pterostylis mutica,,Midget Greenhood,P,,667,
Plantae,Flora,Orchidaceae,4561,Pterostylis nana,,Dwarf Greenhood,P,,210,
Plantae,Flora,Orchidaceae,7324,^Pterostylis nigricans,,Dark Greenhood,"V,P,2",,40,
Plantae,Flora,Orchidaceae,4562,Pterostylis nutans,,Nodding Greenhood,P,,867,
Plantae,Flora,Orchidaceae,13354,Pterostylis oblonga,,,P,,14,
Plantae,Flora,Orchidaceae,4563,Pterostylis obtusa,,Blue-tongue Greenhood,P,,152,
Plantae,Flora,Orchidaceae,4564,Pterostylis ophioglossa,,Snake Tongue Greenhood,P,,74,
Plantae,Flora,Orchidaceae,4565,^Pterostylis oreophila,,Blue-tongued Greenhood,"E4A,P,2",CE,9,
Plantae,Flora,Orchidaceae,13355,Pterostylis parca,,,P,,5,
Plantae,Flora,Orchidaceae,4566,Pterostylis parviflora,,Tiny Greenhood,P,,388,
Plantae,Flora,Orchidaceae,4567,Pterostylis pedoglossa,,Prawn Greenhood,P,,24,
Plantae,Flora,Orchidaceae,4568,Pterostylis pedunculata,,Maroonhood,P,,318,
Plantae,Flora,Orchidaceae,9582,Pterostylis petrosa,,,P,,4,
Plantae,Flora,Orchidaceae,4569,Pterostylis plumosa,,Bearded Greenhood,P,,18,
Plantae,Flora,Orchidaceae,8795,Pterostylis praetermissa,,,P,,48,
Plantae,Flora,Orchidaceae,4570,^Pterostylis pulchella,,Waterfall Greenhood,"V,P,2",V,74,
Plantae,Flora,Orchidaceae,10285,Pterostylis pusilla,,Ruddyhood,P,,11,
Plantae,Flora,Orchidaceae,4571,Pterostylis reflexa,,Small Autumn Greenhood,P,,124,
Plantae,Flora,Orchidaceae,4572,Pterostylis revoluta,,,P,,103,
Plantae,Flora,Orchidaceae,14215,^Pterostylis riparia,,,"V,P,2",V,3,
Plantae,Flora,Orchidaceae,9787,Pterostylis robusta,,,P,,7,
Plantae,Flora,Orchidaceae,13356,Pterostylis rubescens,,,P,,12,
Plantae,Flora,Orchidaceae,4573,Pterostylis rufa,,Rusty Hood,P,,93,
Plantae,Flora,Orchidaceae,7498,Pterostylis russellii,,,P,,4,
Plantae,Flora,Orchidaceae,9615,^Pterostylis saxicola,,Sydney Plains Greenhood,"E1,P,2",E,149,
Plantae,Flora,Orchidaceae,7644,Pterostylis setifera,,Sikh's Whsikers,P,,25,
Plantae,Flora,Orchidaceae,14027,Pterostylis smaragdyna,,,P,,11,
Plantae,Flora,Orchidaceae,14580,Pterostylis sp. aff. alata (New England),,,P,,2,
Plantae,Flora,Orchidaceae,14098,Pterostylis sp. aff. biseta,,,P,,1,
Plantae,Flora,Orchidaceae,9848,Pterostylis sp. aff. cycnocephala (Bishop),,,P,,7,
Plantae,Flora,Orchidaceae,14097,Pterostylis sp. aff. hamata (NT),,,P,,7,
Plantae,Flora,Orchidaceae,14199,Pterostylis sp. aff. longifolia 'Carabost',,,P,,12,
Plantae,Flora,Orchidaceae,11876,Pterostylis sp. aff. parviflora,,,P,,4,
Plantae,Flora,Orchidaceae,14223,Pterostylis sp. aff. parviflora (Ebor),,,P,,12,
Plantae,Flora,Orchidaceae,11437,Pterostylis sp. aff. revoluta,,,P,,34,
Plantae,Flora,Orchidaceae,11402,Pterostylis sp. aff. tunstallii,,,P,,5,
Plantae,Flora,Orchidaceae,9479,^Pterostylis sp. Botany Bay,,Botany Bay Bearded Orchid,"E1,P,2",E,13,
Plantae,Flora,Orchidaceae,PTER,Pterostylis spp.,,Greenhood,P,,3431,
Plantae,Flora,Orchidaceae,13360,Pterostylis squamata,,Southern Rustyhood,P,,8,
Plantae,Flora,Orchidaceae,14028,Pterostylis stenosepala,,,P,,1,
Plantae,Flora,Orchidaceae,7767,Pterostylis striata,,Striped Greenhood,P,,11,
Plantae,Flora,Orchidaceae,13361,Pterostylis tenuis,,,P,,8,
Plantae,Flora,Orchidaceae,9916,Pterostylis torquata,,Collared Greenhood,P,,13,
Plantae,Flora,Orchidaceae,4575,Pterostylis truncata,,Little Dumplings,P,,101,
Plantae,Flora,Orchidaceae,10283,Pterostylis tunstallii,,Granite Greenhood,P,,10,
Plantae,Flora,Orchidaceae,13362,Pterostylis uliginosa,,Marsh Greenhood,P,,3,
Plantae,Flora,Orchidaceae,14259,^Pterostylis ventricosa,,,"E4A,P,2",,481,
Plantae,Flora,Orchidaceae,14260,^Pterostylis vernalis,,,"E4A,P,2",CE,58,
Plantae,Flora,Orchidaceae,4576,Pterostylis woollsii,,Long-tailed Greenhood,P,,36,
Plantae,Flora,Orchidaceae,10286,Pterostylis x conoglossa,,,P,,1,
Plantae,Flora,Orchidaceae,10287,Pterostylis x furcillata,,,P,,2,
Plantae,Flora,Orchidaceae,10288,Pterostylis x ingens,,,P,,8,
Plantae,Flora,Orchidaceae,10853,Pyrorchis nigricans,,,P,,45,
Plantae,Flora,Orchidaceae,4577,Rhinerrhiza divitiflora,,Raspy Root Orchid,P,,107,
Plantae,Flora,Orchidaceae,7000,^Rhizanthella slateri,,Rhizanthella slateri (Rupp) M.A. Clem. & Cribb in the Great Lakes local government area,"E2,V,P,2",E,3,
Plantae,Flora,Orchidaceae,7000,^Rhizanthella slateri,,Eastern Australian Underground Orchid,"V,P,2",E,11,
Plantae,Flora,Orchidaceae,RHIZ,Rhizanthella spp.,,,P,,1,
Plantae,Flora,Orchidaceae,4578,Rimacola elliptica,,Green Rock Orchid,P,,74,
Plantae,Flora,Orchidaceae,9219,Sarcochilus aequalis,,Boulder Orchid,P,,8,
Plantae,Flora,Orchidaceae,4579,Sarcochilus australis,,Butterfly Orchid,P,,67,
Plantae,Flora,Orchidaceae,4580,Sarcochilus ceciliae,,Fairy Bells,P,,34,
Plantae,Flora,Orchidaceae,4581,^Sarcochilus dilatatus,,Brown Butterfly Orchid,"E1,P,2",,52,
Plantae,Flora,Orchidaceae,4582,Sarcochilus falcatus,,Orange Blossom Orchid,P,,664,
Plantae,Flora,Orchidaceae,4583,^Sarcochilus fitzgeraldii,,Ravine Orchid,"V,P,2",V,84,
Plantae,Flora,Orchidaceae,4584,^Sarcochilus hartmannii,,Hartman's Sarcochilus,"V,P,2",V,29,
Plantae,Flora,Orchidaceae,4585,Sarcochilus hillii,,,P,,154,
Plantae,Flora,Orchidaceae,6489,Sarcochilus parviflorus,,Lawyer Orchid,P,,171,
Plantae,Flora,Orchidaceae,7144,Sarcochilus spathulatus,,Small Butterfly Orchid,P,,53,
Plantae,Flora,Orchidaceae,SARC,Sarcochilus spp.,,,P,,68,
Plantae,Flora,Orchidaceae,4587,^Sarcochilus weinthalii,,Blotched Sarcochilus,"V,P,2",V,8,
Plantae,Flora,Orchidaceae,11877,Spiranthes australis,,Ladies' Tresses,P,,420,
Plantae,Flora,Orchidaceae,11878,Stegostyla sp. aff gracilis,,,P,,2,
Plantae,Flora,Orchidaceae,7110,Taeniophyllum muelleri,,,P,,11,
Plantae,Flora,Orchidaceae,11448,^Thelymitra adorata,,Wyong Sun Orchid,"E4A,P,2",CE,648,
Plantae,Flora,Orchidaceae,14627,^Thelymitra alpicola,,Alpine Sun-orchid,"V,P,2",,22,
Plantae,Flora,Orchidaceae,13366,Thelymitra alpina,,,P,,8,
Plantae,Flora,Orchidaceae,11449,Thelymitra angustifolia,,,P,,26,
Plantae,Flora,Orchidaceae,4591,Thelymitra aristata,,Great Sun Orchid,P,,9,
Plantae,Flora,Orchidaceae,11638,^Thelymitra atronitida,,Black-hooded Sun Orchid,"E4A,P,2",,10,
Plantae,Flora,Orchidaceae,11637,Thelymitra brevifolia,,,P,,16,
Plantae,Flora,Orchidaceae,4592,Thelymitra carnea,,Tiny Sun Orchid,P,,111,
Plantae,Flora,Orchidaceae,4594,Thelymitra circumsepta,,Naked Sun Orchid,P,,22,
Plantae,Flora,Orchidaceae,7365,Thelymitra cyanea,,Veined Sun Orchid,P,,65,
Plantae,Flora,Orchidaceae,7366,Thelymitra decora,,Sun Orchid,P,,20,
Plantae,Flora,Orchidaceae,8302,^Thelymitra epipactoides,,,"E4,P,2",E,K,
Plantae,Flora,Orchidaceae,7334,Thelymitra fragrans,,,P,,22,
Plantae,Flora,Orchidaceae,11641,Thelymitra holmesii,,,P,,1,
Plantae,Flora,Orchidaceae,14887,Thelymitra incurva,,,P,,1,
Plantae,Flora,Orchidaceae,8968,Thelymitra ixioides var. ixioides,,Dotted Sun Orchid,P,,600,
Plantae,Flora,Orchidaceae,13368,Thelymitra ixioides var. truncata,,,P,,1,
Plantae,Flora,Orchidaceae,13369,^Thelymitra kangaloonica,,Kangaloon Sun Orchid,"E4A,P,2",CE,320,
Plantae,Flora,Orchidaceae,13370,Thelymitra longiloba,,,P,,3,
Plantae,Flora,Orchidaceae,7037,Thelymitra malvina,,Mauve-tuft Sun Orchid,P,,13,
Plantae,Flora,Orchidaceae,10275,Thelymitra media var. media,,Tall Sun Orchid,P,,50,
Plantae,Flora,Orchidaceae,7042,Thelymitra megcalyptra,,Scented Sun Orchid,P,,36,
Plantae,Flora,Orchidaceae,4601,Thelymitra nuda,,Plain Sun Orchid,P,,65,
Plantae,Flora,Orchidaceae,4602,Thelymitra pauciflora,,Slender Sun Orchid,P,,635,
Plantae,Flora,Orchidaceae,11639,Thelymitra peniculata,,,P,,48,
Plantae,Flora,Orchidaceae,11640,Thelymitra planicola,,,P,,33,
Plantae,Flora,Orchidaceae,7393,Thelymitra pulchella,,,P,,2,
Plantae,Flora,Orchidaceae,4603,Thelymitra purpurata,,Wallum Sun Orchid,P,,17,
Plantae,Flora,Orchidaceae,10277,Thelymitra rubra,,Red Sun Orchid,P,,15,
Plantae,Flora,Orchidaceae,11865,Thelymitra simulata,,,P,,6,
Plantae,Flora,Orchidaceae,12506,Thelymitra sp. aff. malvina,,,P,,1,
Plantae,Flora,Orchidaceae,THEL,Thelymitra spp.,,,P,,1190,
Plantae,Flora,Orchidaceae,4604,Thelymitra venosa,,Large Veined Sun Orchid,P,,50,
Plantae,Flora,Orchidaceae,10278,Thelymitra x irregularis,,,P,,10,
Plantae,Flora,Orchidaceae,4605,Zeuxine oblonga,,,P,,27,
Plantae,Flora,Orobanchaceae,7884,Centranthera cochinchinensis,,Swamp Foxglove,E1,,139,
Plantae,Flora,Orobanchaceae,5953,Euphrasia alsa,,,,,41,
Plantae,Flora,Orobanchaceae,5954,Euphrasia arguta,,,E4A,CE,140,
Plantae,Flora,Orobanchaceae,8332,Euphrasia bella,,Pretty Eyebright,V,V,21,
Plantae,Flora,Orobanchaceae,5955,Euphrasia bowdeniae,,Blue Mountains Cliff Eyebright,V,V,1450,
Plantae,Flora,Orobanchaceae,5956,Euphrasia caudata,,,,,56,
Plantae,Flora,Orobanchaceae,5957,Euphrasia ciliolata,,Polblue Eyebright,V,,205,
Plantae,Flora,Orobanchaceae,5958,Euphrasia collina,,,,,197,
Plantae,Flora,Orobanchaceae,7429,Euphrasia collina subsp. collina,,,,,34,
Plantae,Flora,Orobanchaceae,7279,Euphrasia collina subsp. diversicolor,,,,,115,
Plantae,Flora,Orobanchaceae,7811,Euphrasia collina subsp. glacialis,,,,,41,
Plantae,Flora,Orobanchaceae,7838,Euphrasia collina subsp. lapidosa,,,,,13,
Plantae,Flora,Orobanchaceae,9166,Euphrasia collina subsp. muelleri,,Mueller's Eyebright,E1,E,K,
Plantae,Flora,Orobanchaceae,7839,Euphrasia collina subsp. nandewarensis,,,,,12,
Plantae,Flora,Orobanchaceae,7778,Euphrasia collina subsp. paludosa,,Eyebright,,,274,
Plantae,Flora,Orobanchaceae,7739,Euphrasia collina subsp. speciosa,,,,,55,
Plantae,Flora,Orobanchaceae,5959,Euphrasia orthocheila,,,,,1,
Plantae,Flora,Orobanchaceae,6523,Euphrasia orthocheila subsp. orthocheila,,,,,16,
Plantae,Flora,Orobanchaceae,7019,Euphrasia orthocheila subsp. peraspera,,Tenterfield Eyebright,E1,,9,
Plantae,Flora,Orobanchaceae,5960,Euphrasia ramulosa,,,,,26,
Plantae,Flora,Orobanchaceae,5961,^^Euphrasia scabra,,Rough Eyebright,"E1,3",,221,
Plantae,Flora,Orobanchaceae,EUPH,Euphrasia spp.,,,,,47,
Plantae,Flora,Osmundaceae,8150,Leptopteris fraseri,,Crepe Fern,,,77,
Plantae,Flora,Osmundaceae,10464,Leptopteris moorei,,,,,20,
Plantae,Flora,Osmundaceae,11576,Leptopteris spp.,,,,,1,
Plantae,Flora,Osmundaceae,13374,Leptopteris superba,,,,,1,
Plantae,Flora,Osmundaceae,8151,Todea barbara,,King Fern,P,,992,
Plantae,Flora,Osmundaceae,TODE,Todea spp.,,,,,3,
Plantae,Flora,Oxalidaceae,4608,Oxalis articulata,*,,,,176,
Plantae,Flora,Oxalidaceae,4609,Oxalis bifurca,*,,,,4,
Plantae,Flora,Oxalidaceae,4610,Oxalis bowiei,*,,,,23,
Plantae,Flora,Oxalidaceae,4611,Oxalis brasiliensis,*,,,,10,
Plantae,Flora,Oxalidaceae,4612,Oxalis chnoodes,,,,,3187,
Plantae,Flora,Oxalidaceae,4613,Oxalis corniculata,*,Creeping Oxalis,,,3687,
Plantae,Flora,Oxalidaceae,13375,Oxalis corniculata subsp. corniculata,*,,,,1,
Plantae,Flora,Oxalidaceae,13376,Oxalis corniculata subsp. pilosa,*,,,,1,
Plantae,Flora,Oxalidaceae,9250,Oxalis debilis var. corymbosa,*,,,,174,
Plantae,Flora,Oxalidaceae,4615,Oxalis exilis,,,,,3853,
Plantae,Flora,Oxalidaceae,4616,Oxalis flava,*,,,,2,
Plantae,Flora,Oxalidaceae,13378,Oxalis hirta,*,,,,1,
Plantae,Flora,Oxalidaceae,4617,Oxalis incarnata,*,,,,55,
Plantae,Flora,Oxalidaceae,4618,Oxalis latifolia,*,,,,328,
Plantae,Flora,Oxalidaceae,4620,Oxalis perdicaria,*,,,,7,
Plantae,Flora,Oxalidaceae,4621,Oxalis perennans,,,,,27818,
Plantae,Flora,Oxalidaceae,4622,Oxalis pes-caprae,*,Soursob,,,756,
Plantae,Flora,Oxalidaceae,4623,Oxalis purpurea,*,,,,94,
Plantae,Flora,Oxalidaceae,4624,Oxalis radicosa,,,,,1356,
Plantae,Flora,Oxalidaceae,4625,Oxalis rubens,,,,,222,
Plantae,Flora,Oxalidaceae,OXAL,Oxalis spp.,,,,,5213,
Plantae,Flora,Oxalidaceae,9292,Oxalis thompsoniae,*,,,,381,
Plantae,Flora,Oxalidaceae,13380,Oxalis vallicola,*,,,,1,
Plantae,Flora,Pallaviciniaceae,13810,Symphyogyna podophylla,,,,,1,
Plantae,Flora,Pallaviciniaceae,11565,Symphyogyna spp.,,,,,2,
Plantae,Flora,Pandanaceae,4627,Freycinetia excelsa,,,,,14,
Plantae,Flora,Pandanaceae,4628,Pandanus forsteri,,Forky-tree,P,,106,
Plantae,Flora,Pandanaceae,PANA,Pandanus spp.,,,P,,7,
Plantae,Flora,Pandanaceae,9349,Pandanus tectorius var. australianus,,Screw Pine,P,,70,
Plantae,Flora,Papaveraceae,7115,Argemone ochroleuca subsp. ochroleuca,*,Mexican Poppy,,,516,
Plantae,Flora,Papaveraceae,ARGE,Argemone spp.,*,,,,9,
Plantae,Flora,Papaveraceae,9362,Argemone subfusiformis subsp. subfusiformis,*,American Poppy,,,11,
Plantae,Flora,Papaveraceae,4632,Eschscholzia californica,*,California Poppy,,,65,
Plantae,Flora,Papaveraceae,4633,Glaucium corniculatum,*,Bristly Horned Poppy,,,15,
Plantae,Flora,Papaveraceae,4634,Glaucium flavum,*,Yellow Horned-poppy,,,2,
Plantae,Flora,Papaveraceae,4635,Papaver aculeatum,*,Native Poppy,,,62,
Plantae,Flora,Papaveraceae,4636,Papaver argemone,*,,,,1,
Plantae,Flora,Papaveraceae,4637,Papaver dubium,*,Longhead Poppy,,,26,
Plantae,Flora,Papaveraceae,4638,Papaver hybridum,*,Rough Poppy,,,127,
Plantae,Flora,Papaveraceae,4639,Papaver rhoeas,*,Flanders Poppy,,,5,
Plantae,Flora,Papaveraceae,4640,Papaver somniferum,*,Opium Poppy,,,114,
Plantae,Flora,Papaveraceae,9647,Papaver somniferum subsp. setigerum,*,,,,82,
Plantae,Flora,Papaveraceae,9646,Papaver somniferum subsp. somniferum,*,,,,14,
Plantae,Flora,Papaveraceae,PAPA,Papaver spp.,*,,,,23,
Plantae,Flora,Papaveraceae,9644,Romneya trichocalyx,*,Matilda Poppy,,,1,
Plantae,Flora,Parkeriaceae,8152,Ceratopteris thalictroides,,Water Fern,,,1,
Plantae,Flora,Passifloraceae,7687,Passiflora aurantia var. aurantia,,Blunt-leaved Passionfruit,,,151,
Plantae,Flora,Passifloraceae,6994,Passiflora caerulea,*,Blue Passionflower,,,166,
Plantae,Flora,Passifloraceae,4642,Passiflora cinnabarina,,Red Passionfruit,,,237,
Plantae,Flora,Passifloraceae,4643,Passiflora edulis,*,Common Passionfruit,,,1449,
Plantae,Flora,Passifloraceae,4644,Passiflora filamentosa,*,,,,14,
Plantae,Flora,Passifloraceae,8697,Passiflora foetida var. hispida,*,Stinking Passionflower,,,49,
Plantae,Flora,Passifloraceae,4646,Passiflora herbertiana,,,,,657,
Plantae,Flora,Passifloraceae,8886,Passiflora herbertiana subsp. herbertiana,,Native Passionfruit,,,403,
Plantae,Flora,Passifloraceae,10487,Passiflora herbertiana subsp. insulae-howei,,,,,1,
Plantae,Flora,Passifloraceae,12437,Passiflora miniata,*,Red Grenadilla,,,3,
Plantae,Flora,Passifloraceae,4648,Passiflora morifolia,*,,,,44,
Plantae,Flora,Passifloraceae,PASS,Passiflora spp.,,,,,256,
Plantae,Flora,Passifloraceae,4649,Passiflora suberosa,*,Cork Passionfruit,,,643,
Plantae,Flora,Passifloraceae,4650,Passiflora subpeltata,*,White Passionflower,,,1014,
Plantae,Flora,Passifloraceae,12133,Passiflora tarminiana,*,Banana Passionfruit,,,47,
Plantae,Flora,Pedaliaceae,6521,Josephinia eugeniae,,Josephinia Burr,,,13,
Plantae,Flora,Pedaliaceae,10774,Sesamum indicum,*,Sesame,,,2,
Plantae,Flora,Peganaceae,6346,Peganum harmala,*,African Rue,,,6,
Plantae,Flora,Pennantiaceae,3276,Pennantia cunninghamii,,Brown Beech,,,829,
Plantae,Flora,Peperomiaceae,11131,Peperomia blanda var. floribunda,,,,,300,
Plantae,Flora,Peperomiaceae,PEPE,Peperomia spp.,,,,,9,
Plantae,Flora,Peperomiaceae,4664,Peperomia tetraphylla,,Four-leaved Peperomia,,,390,
Plantae,Flora,Peperomiaceae,4665,Peperomia urvilleana,,Two-leaved Peperomia,,,15,
Plantae,Flora,Petermanniaceae,6017,Petermannia cirrosa,,,,,408,
Plantae,Flora,Philydraceae,4655,Helmholtzia glaberrima,,Flax Lily,,,335,
Plantae,Flora,Philydraceae,7065,Philydrum lanuginosum,,Frogsmouth,,,1228,
Plantae,Flora,Phormiaceae,11426,Phormium tenax,*,New Zealand Flax,,,42,
Plantae,Flora,Phormiaceae,3569,Stypandra glauca,,Nodding Blue Lily,,,4492,
Plantae,Flora,Phormiaceae,7664,Thelionema caespitosum,,Tufted Blue-lily,,,465,
Plantae,Flora,Phormiaceae,8301,Thelionema grande,,,,,106,
Plantae,Flora,Phormiaceae,THLI,Thelionema spp.,,,,,14,
Plantae,Flora,Phormiaceae,6461,Thelionema umbellatum,,,,,128,
Plantae,Flora,Phrymaceae,5952,Elacholoma hornii,,,,,4,
Plantae,Flora,Phrymaceae,15339,Elacholoma prostrata,,Small Monkey-flower,,,154,
Plantae,Flora,Phrymaceae,14791,Erythranthe moschata,*,,,,5,
Plantae,Flora,Phrymaceae,5982,Mimulus gracilis,,Slender Monkey-flower,,,392,
Plantae,Flora,Phrymaceae,5983,Mimulus guttatus,*,Monkey-flower,,,4,
Plantae,Flora,Phrymaceae,5984,Mimulus moschatus,*,Musk Monkey-flower,,,72,
Plantae,Flora,Phrymaceae,MIMU,Mimulus spp.,,,,,7,
Plantae,Flora,Phrymaceae,9776,Peplidium foecundum,,,,,9,
Plantae,Flora,Phrymaceae,14731,Thyridia repens,,Creeping Monkey-flower,,,115,
Plantae,Flora,Phyllanthaceae,12956,Actephila grandifolia,,,,,99,
Plantae,Flora,Phyllanthaceae,2675,Actephila lindleyi,,Actephila,,,343,
Plantae,Flora,Phyllanthaceae,ACTE,Actephila spp.,,,,,4,
Plantae,Flora,Phyllanthaceae,10696,Breynia cernua,,,,,598,
Plantae,Flora,Phyllanthaceae,12961,Breynia nivosa,*,,,,1,
Plantae,Flora,Phyllanthaceae,2695,Breynia oblongifolia,,Coffee Bush,,,15684,
Plantae,Flora,Phyllanthaceae,BREY,Breynia spp.,,,,,24,
Plantae,Flora,Phyllanthaceae,2696,Bridelia exaltata,,Brush Ironbark,,,326,
Plantae,Flora,Phyllanthaceae,7866,Glochidion ferdinandi,,Cheese Tree,,,8031,
Plantae,Flora,Phyllanthaceae,9360,Glochidion ferdinandi var. ferdinandi,,Cheese Tree,,,2696,
Plantae,Flora,Phyllanthaceae,8821,Glochidion ferdinandi var. pubens,,Hairy Cheese Tree,,,225,
Plantae,Flora,Phyllanthaceae,GLOC,Glochidion spp.,,,,,23,
Plantae,Flora,Phyllanthaceae,8464,Glochidion sumatranum,,Umbrella Cheese Tree,,,574,
Plantae,Flora,Phyllanthaceae,9829,Phyllanthus amarus,*,Phyllanthus,,,9,
Plantae,Flora,Phyllanthaceae,10561,Phyllanthus carpentariae,,,,,37,
Plantae,Flora,Phyllanthaceae,2744,Phyllanthus fuernrohrii,,,,,169,
Plantae,Flora,Phyllanthaceae,2746,Phyllanthus gunnii,,,,,1840,
Plantae,Flora,Phyllanthaceae,8216,Phyllanthus hirtellus,,Thyme Spurge,,,9301,
Plantae,Flora,Phyllanthaceae,9830,Phyllanthus involutus,,,,,40,
Plantae,Flora,Phyllanthaceae,9831,Phyllanthus lacerosus,,,,,7,
Plantae,Flora,Phyllanthaceae,2748,Phyllanthus lacunarius,,,,,222,
Plantae,Flora,Phyllanthaceae,6822,Phyllanthus lacunellus,,,,,165,
Plantae,Flora,Phyllanthaceae,10562,Phyllanthus maderaspatensis,,,E1,,155,
Plantae,Flora,Phyllanthaceae,9833,Phyllanthus microcladus,,Brush Sauropus,E1,,135,
Plantae,Flora,Phyllanthaceae,9832,Phyllanthus occidentalis,,,,,437,
Plantae,Flora,Phyllanthaceae,6676,Phyllanthus similis,,,,,306,
Plantae,Flora,Phyllanthaceae,PHYL,Phyllanthus spp.,,,,,413,
Plantae,Flora,Phyllanthaceae,2750,Phyllanthus subcrenulatus,,,,,387,
Plantae,Flora,Phyllanthaceae,2751,Phyllanthus tenellus,*,Hen and Chicken,,,225,
Plantae,Flora,Phyllanthaceae,6751,Phyllanthus virgatus,,Wiry Spurge,,,4594,
Plantae,Flora,Phyllanthaceae,12969,Phyllanthus virgatus complex,,,,,93,
Plantae,Flora,Phyllanthaceae,2753,Poranthera corymbosa,,,,,887,
Plantae,Flora,Phyllanthaceae,2754,Poranthera ericifolia,,,,,745,
Plantae,Flora,Phyllanthaceae,7395,Poranthera microphylla,,Small Poranthera,,,11198,
Plantae,Flora,Phyllanthaceae,12337,Poranthera obovata,,,,,3,
Plantae,Flora,Phyllanthaceae,14015,Poranthera oreophila,,,,,27,
Plantae,Flora,Phyllanthaceae,PORA,Poranthera spp.,,,,,49,
Plantae,Flora,Phyllanthaceae,9834,Sauropus hirtellus,,,,,79,
Plantae,Flora,Phyllanthaceae,2763,Sauropus ramosissimus,,,,,27,
Plantae,Flora,Phyllanthaceae,6894,Sauropus rigens,,,,,19,
Plantae,Flora,Phyllanthaceae,SAUR,Sauropus spp.,,,,,11,
Plantae,Flora,Phyllanthaceae,6776,Sauropus trachyspermus,,,,,155,
Plantae,Flora,Phytolaccaceae,4656,Monococcus echinophorus,,,,,39,
Plantae,Flora,Phytolaccaceae,4657,Phytolacca americana,*,Poke Root,,,39,
Plantae,Flora,Phytolaccaceae,10538,Phytolacca dioica,*,Bella Sombra,,,2,
Plantae,Flora,Phytolaccaceae,4658,Phytolacca octandra,*,Inkweed,,,2601,
Plantae,Flora,Phytolaccaceae,PHYT,Phytolacca spp.,*,,,,20,
Plantae,Flora,Phytolaccaceae,4659,Rivina humilis,*,Coral Berry,,,160,
Plantae,Flora,Pinaceae,13672,Cedrus atlantica,*,,,,10,
Plantae,Flora,Pinaceae,11357,Cedrus deodara,*,Deodar Cedar,,,68,
Plantae,Flora,Pinaceae,11759,Cedrus spp.,*,,,,12,
Plantae,Flora,Pinaceae,11664,Larix spp.,*,,,,1,
Plantae,Flora,Pinaceae,11008,Picea abies,*,Norway Spruce,,,2,
Plantae,Flora,Pinaceae,11363,Picea pungens,*,Blue spruce,,,12,
Plantae,Flora,Pinaceae,PICE,Picea spp.,*,,,,20,
Plantae,Flora,Pinaceae,10533,Pinus contorta,*,Lodgepole Pine,,,1,
Plantae,Flora,Pinaceae,13384,Pinus durangensis,*,,,,1,
Plantae,Flora,Pinaceae,11138,Pinus elliottii,*,Slash Pine,,,401,
Plantae,Flora,Pinaceae,12094,Pinus halepensis,*,Aleppo Pine,,,7,
Plantae,Flora,Pinaceae,12121,Pinus mugo,*,Mugo Pine,,,2,
Plantae,Flora,Pinaceae,10941,Pinus nigra var. corsicana,*,Black Pine,,,4,
Plantae,Flora,Pinaceae,11789,Pinus patula,*,Patula Pine,,,47,
Plantae,Flora,Pinaceae,4660,Pinus pinaster,*,Cluster Pine,,,34,
Plantae,Flora,Pinaceae,12026,Pinus pinea,*,Stone Pine,,,27,
Plantae,Flora,Pinaceae,12509,Pinus ponderosa,*,Ponderosa Pine,,,1,
Plantae,Flora,Pinaceae,4661,Pinus radiata,*,Radiata Pine,,,2908,
Plantae,Flora,Pinaceae,PINU,Pinus spp.,*,,,,401,
Plantae,Flora,Pinaceae,11972,Pinus sylvestris,*,Scotch pine,,,2,
Plantae,Flora,Pinaceae,9366,Pinus taeda,*,Loblolly Pine,,,6,
Plantae,Flora,Piperaceae,10468,Macropiper excelsum subsp. psittacorum,,,,,93,
Plantae,Flora,Piperaceae,10469,Macropiper hooglandii,,,,,67,
Plantae,Flora,Piperaceae,14927,Piper hederaceum,,Giant Pepper Vine,,,29,
Plantae,Flora,Piperaceae,13385,Piper hederaceum var. hederaceum,,Giant Pepper Vine,,,754,
Plantae,Flora,Piperaceae,PIPE,Piper spp.,,,,,1,
Plantae,Flora,Pittosporaceae,11201,Auranticarpa rhombifolia,,Diamond-leaf Pittosporum,,,98,
Plantae,Flora,Pittosporaceae,13386,Billardiera cymosa subsp. cymosa,,,,,1,
Plantae,Flora,Pittosporaceae,13387,Billardiera fusiformis,*,,,,3,
Plantae,Flora,Pittosporaceae,12236,Billardiera heterophylla,*,Purple Appleberry,,,34,
Plantae,Flora,Pittosporaceae,12235,Billardiera macrantha,,,,,56,
Plantae,Flora,Pittosporaceae,12179,Billardiera mutabilis,,Climbing Apple Berry,,,222,
Plantae,Flora,Pittosporaceae,12233,Billardiera rubens,,,,,25,
Plantae,Flora,Pittosporaceae,4671,Billardiera scandens,,Hairy Apple Berry,,,16364,
Plantae,Flora,Pittosporaceae,BILL,Billardiera spp.,,,,,39,
Plantae,Flora,Pittosporaceae,4672,Billardiera versicolor,,Pale Appleberry,,,109,
Plantae,Flora,Pittosporaceae,11016,Bursaria calcicola,,,,,37,
Plantae,Flora,Pittosporaceae,14660,Bursaria cayzerae,,,,,163,
Plantae,Flora,Pittosporaceae,4673,Bursaria longisepala,,,,,539,
Plantae,Flora,Pittosporaceae,13389,Bursaria reevesii,,,,,1,
Plantae,Flora,Pittosporaceae,4674,Bursaria spinosa,,Native Blackthorn,,,13196,
Plantae,Flora,Pittosporaceae,11017,Bursaria spinosa subsp. lasiophylla,,Native Blackthorn,,,1009,
Plantae,Flora,Pittosporaceae,11018,Bursaria spinosa subsp. spinosa,,Native Blackthorn,,,3514,
Plantae,Flora,Pittosporaceae,BURS,Bursaria spp.,,,,,70,
Plantae,Flora,Pittosporaceae,13835,Cheiranthera borealis,,,,,2,
Plantae,Flora,Pittosporaceae,11929,Cheiranthera linearis,,Finger Flower,,,503,
Plantae,Flora,Pittosporaceae,12598,Cheiranthera telfordii,,,,,27,
Plantae,Flora,Pittosporaceae,4678,Hymenosporum flavum,,Native Frangipani,,,1081,
Plantae,Flora,Pittosporaceae,11202,Pittosporum angustifolium,,Butterbush,,,1725,
Plantae,Flora,Pittosporaceae,4679,Pittosporum bicolor,,Banyalla,,,114,
Plantae,Flora,Pittosporaceae,12263,Pittosporum crassifolium,*,Karo,,,1,
Plantae,Flora,Pittosporaceae,4680,Pittosporum erioloma,,Hedge Laurel,,,27,
Plantae,Flora,Pittosporaceae,11586,Pittosporum eugenioides,*,Tarata,,,13,
Plantae,Flora,Pittosporaceae,15584,Pittosporum kororoense,,,E4A,,P,
Plantae,Flora,Pittosporaceae,11203,Pittosporum lancifolium,,,,,77,
Plantae,Flora,Pittosporaceae,11204,Pittosporum multiflorum,,Orange Thorn,,,5661,
Plantae,Flora,Pittosporaceae,4681,Pittosporum oreillyanum,,Thorny Pittosporum,,,38,
Plantae,Flora,Pittosporaceae,13391,Pittosporum ralphii,*,,,,1,
Plantae,Flora,Pittosporaceae,4683,Pittosporum revolutum,,Rough Fruit Pittosporum,,,6786,
Plantae,Flora,Pittosporaceae,11205,Pittosporum spinescens,,Wallaby Apple,,,83,
Plantae,Flora,Pittosporaceae,PITT,Pittosporum spp.,,,,,83,
Plantae,Flora,Pittosporaceae,11793,Pittosporum tenuifolium,*,Tawhiwhi,,,20,
Plantae,Flora,Pittosporaceae,11434,Pittosporum tobira,*,Japanese cheesewood,,,7,
Plantae,Flora,Pittosporaceae,4685,Pittosporum undulatum,,Sweet Pittosporum,,,14974,
Plantae,Flora,Pittosporaceae,11206,Pittosporum viscidum,,,,,1,
Plantae,Flora,Pittosporaceae,8809,Rhytidosporum alpinum,,,,,62,
Plantae,Flora,Pittosporaceae,10892,Rhytidosporum diosmoides,,,,,86,
Plantae,Flora,Pittosporaceae,10893,Rhytidosporum inconspicuum,,Alpine Appleberry,,,2,
Plantae,Flora,Pittosporaceae,8623,Rhytidosporum procumbens,,,,,1260,
Plantae,Flora,Pittosporaceae,8898,Rhytidosporum prostratum,,,,,19,
Plantae,Flora,Pittosporaceae,RHYT,Rhytidosporum spp.,,,,,104,
Plantae,Flora,Plantaginaceae,5974,Linaria arvensis,*,,,,999,
Plantae,Flora,Plantaginaceae,13597,Linaria canadensis var. canadensis,*,Blue Toadflax,,,5,
Plantae,Flora,Plantaginaceae,10000,Linaria dalmatica,*,,,,12,
Plantae,Flora,Plantaginaceae,5976,Linaria incarnata,*,,,,2,
Plantae,Flora,Plantaginaceae,11107,Linaria nigricans,*,,,,1,
Plantae,Flora,Plantaginaceae,5978,Linaria pelisseriana,*,Pelisser's Toadflax,,,520,
Plantae,Flora,Plantaginaceae,13598,Linaria purpurea,*,,,,1,
Plantae,Flora,Plantaginaceae,LINA,Linaria spp.,*,,,,33,
Plantae,Flora,Plantaginaceae,5979,Linaria vulgaris,*,,,,3,
Plantae,Flora,Plantaginaceae,15094,Nuttallanthus texanus,*,,,,8,
Plantae,Flora,Plantaginaceae,4686,Plantago alpestris,,,,,33,
Plantae,Flora,Plantaginaceae,4687,Plantago antarctica,,,,,161,
Plantae,Flora,Plantaginaceae,4688,Plantago cladarophylla,,,,,17,
Plantae,Flora,Plantaginaceae,4689,Plantago coronopus,*,Buck's-horn Plaintain,,,276,
Plantae,Flora,Plantaginaceae,6996,Plantago coronopus subsp. commutata,*,,,,23,
Plantae,Flora,Plantaginaceae,6586,Plantago coronopus subsp. coronopus,*,,,,47,
Plantae,Flora,Plantaginaceae,4690,Plantago cunninghamii,,Sago-weed,,,2239,
Plantae,Flora,Plantaginaceae,4691,Plantago debilis,,Shade Plantain,,,7869,
Plantae,Flora,Plantaginaceae,4692,Plantago drummondii,,Dark Sago-weed,,,903,
Plantae,Flora,Plantaginaceae,4693,Plantago euryphylla,,,,,156,
Plantae,Flora,Plantaginaceae,4694,Plantago gaudichaudii,,Narrow Plantain,,,1253,
Plantae,Flora,Plantaginaceae,4695,Plantago glacialis,,Small Star Plantain,,,40,
Plantae,Flora,Plantaginaceae,4696,Plantago hedleyi,,,,,14,
Plantae,Flora,Plantaginaceae,13393,Plantago hirtella,*,,,,5,
Plantae,Flora,Plantaginaceae,4697,Plantago hispida,,,,,570,
Plantae,Flora,Plantaginaceae,4699,Plantago lanceolata,*,Lamb's Tongues,,,18451,
Plantae,Flora,Plantaginaceae,4700,Plantago major,*,Large Plantain,,,303,
Plantae,Flora,Plantaginaceae,4701,Plantago muelleri,,Star Plantain,,,55,
Plantae,Flora,Plantaginaceae,10224,Plantago myosuros subsp. myosuros,*,,,,214,
Plantae,Flora,Plantaginaceae,4703,Plantago palustris,,,,,22,
Plantae,Flora,Plantaginaceae,9779,Plantago scabra,*,Sand Plantain,,,13,
Plantae,Flora,Plantaginaceae,PLAA,Plantago spp.,,Plantain,,,1140,
Plantae,Flora,Plantaginaceae,4704,Plantago turrifera,,Small Sago-weed,,,1446,
Plantae,Flora,Plantaginaceae,4705,Plantago varia,,,,,4554,
Plantae,Flora,Plantaginaceae,6000,Veronica anagallis-aquatica,*,Blue Water-speedwell,,,238,
Plantae,Flora,Plantaginaceae,15168,Veronica arcuata,,,,,98,
Plantae,Flora,Plantaginaceae,14053,Veronica arenaria,,,,,60,
Plantae,Flora,Plantaginaceae,6002,Veronica arvensis,*,Wall Speedwell,,,402,
Plantae,Flora,Plantaginaceae,14712,Veronica blakelyi,,,E1,,3075,
Plantae,Flora,Plantaginaceae,10114,Veronica brownii,,,,,53,
Plantae,Flora,Plantaginaceae,6003,Veronica calycina,,Hairy Speedwell,,,4351,
Plantae,Flora,Plantaginaceae,10221,Veronica catenata,*,Pink Water-speedwell,,,14,
Plantae,Flora,Plantaginaceae,13394,Veronica densifolia,,,,,58,
Plantae,Flora,Plantaginaceae,14262,Veronica derwentiana,,,,,206,
Plantae,Flora,Plantaginaceae,13395,Veronica derwentiana subsp. derwentiana,,,,,304,
Plantae,Flora,Plantaginaceae,13396,Veronica derwentiana subsp. maideniana,,,,,172,
Plantae,Flora,Plantaginaceae,14261,Veronica derwentiana subsp. subglauca,,,,,41,
Plantae,Flora,Plantaginaceae,6004,Veronica gracilis,,,,,433,
Plantae,Flora,Plantaginaceae,13397,Veronica grosseserrata,,,,,127,
Plantae,Flora,Plantaginaceae,6005,Veronica hederifolia,*,Ivy-leaved Speedwell,,,6,
Plantae,Flora,Plantaginaceae,15169,Veronica lithophila,,Blue Mountains Speedwell,E1,E,40,
Plantae,Flora,Plantaginaceae,13398,Veronica nivea,,,,,24,
Plantae,Flora,Plantaginaceae,6006,Veronica notabilis,,Forest Speedwell,,,269,
Plantae,Flora,Plantaginaceae,6007,Veronica peregrina,*,Wandering Speedwell,,,301,
Plantae,Flora,Plantaginaceae,13399,Veronica peregrina subsp. peregrina,*,,,,1,
Plantae,Flora,Plantaginaceae,13400,Veronica peregrina subsp. xalapensis,*,,,,20,
Plantae,Flora,Plantaginaceae,13401,Veronica perfoliata,,Digger's Speedwell,,,597,
Plantae,Flora,Plantaginaceae,6008,Veronica persica,*,Creeping Speedwell,,,257,
Plantae,Flora,Plantaginaceae,6009,Veronica plebeia,,Trailing Speedwell,,,8424,
Plantae,Flora,Plantaginaceae,6010,Veronica serpyllifolia,*,,,,53,
Plantae,Flora,Plantaginaceae,13402,Veronica serpyllifolia subsp. humifusa,,,,,15,
Plantae,Flora,Plantaginaceae,13403,Veronica serpyllifolia subsp. serpyllifolia,,,,,9,
Plantae,Flora,Plantaginaceae,13404,Veronica sobolifera,,,,,53,
Plantae,Flora,Plantaginaceae,VERO,Veronica spp.,,,,,497,
Plantae,Flora,Plantaginaceae,13406,Veronica subtilis,,,,,205,
Plantae,Flora,Plantaginaceae,15170,Veronica velutina,,,,,29,
Plantae,Flora,Platanaceae,14232,Platanus hispanica 'Acerifolia',*,Hybrid Plane,,,53,
Plantae,Flora,Platanaceae,11990,Platanus orientalis,*,,,,2,
Plantae,Flora,Platanaceae,PLAU,Platanus spp.,*,,,,27,
Plantae,Flora,Plumbaginaceae,4706,Limonium australe,,Native Sea Lavender,,,48,
Plantae,Flora,Plumbaginaceae,13407,Limonium hyblaeum,*,,,,26,
Plantae,Flora,Plumbaginaceae,9890,Limonium lobatum,*,Winged Sea Lavender,,,243,
Plantae,Flora,Plumbaginaceae,4707,Limonium otolepis,*,,,,2,
Plantae,Flora,Plumbaginaceae,4708,Limonium sinuatum,*,Perennial Sea Lavender,,,30,
Plantae,Flora,Plumbaginaceae,LIMO,Limonium spp.,,,,,4,
Plantae,Flora,Plumbaginaceae,11674,Plumbago auriculata,*,Cape leadwot,,,97,
Plantae,Flora,Plumbaginaceae,PLUM,Plumbago spp.,,,,,23,
Plantae,Flora,Plumbaginaceae,7421,Plumbago zeylanica,,,,,6,
Plantae,Flora,Poaceae,11043,Acroceras macrum,*,Nile Grass,,,1,
Plantae,Flora,Poaceae,AGRP,Agropyron spp.,,,,,5,
Plantae,Flora,Poaceae,4717,Agrostis australiensis,,Australian Bent,,,15,
Plantae,Flora,Poaceae,11263,Agrostis bettyae,,,,,151,
Plantae,Flora,Poaceae,4720,Agrostis boormanii,,,,,1,
Plantae,Flora,Poaceae,4721,Agrostis capillaris,*,Browntop Bent,,,372,
Plantae,Flora,Poaceae,4722,Agrostis gigantea,*,Redtop Bent,,,36,
Plantae,Flora,Poaceae,11264,Agrostis joyceae,,,,,3,
Plantae,Flora,Poaceae,4725,Agrostis muelleriana,,Mueller's Bent,,,68,
Plantae,Flora,Poaceae,4726,Agrostis parviflora,,Hair Bent,,,29,
Plantae,Flora,Poaceae,11265,Agrostis propinqua,,,,,18,
Plantae,Flora,Poaceae,AGRO,Agrostis spp.,,Bent Grass,,,223,
Plantae,Flora,Poaceae,4728,Agrostis stolonifera,*,Creeping Bent,,,66,
Plantae,Flora,Poaceae,11266,Agrostis thompsoniae,,,,,20,
Plantae,Flora,Poaceae,4729,Agrostis venusta,,Graceful Bent,,,140,
Plantae,Flora,Poaceae,10360,Agrostis viridis,*,Water Bent,,,13,
Plantae,Flora,Poaceae,4730,Aira caryophyllea,*,Silvery Hairgrass,,,1022,
Plantae,Flora,Poaceae,4731,Aira cupaniana,*,Silvery Hairgrass,,,1377,
Plantae,Flora,Poaceae,6547,Aira elegantissima,*,Delicate Hairgrass,,,1667,
Plantae,Flora,Poaceae,4733,Aira praecox,*,Early Hairgrass,,,10,
Plantae,Flora,Poaceae,4734,Aira provincialis,*,,,,14,
Plantae,Flora,Poaceae,AIRA,Aira spp.,*,,,,2307,
Plantae,Flora,Poaceae,8979,Alexfloydia repens,,Floyd's Grass,E1,,883,
Plantae,Flora,Poaceae,7289,Alloteropsis semialata,,Cockatoo Grass,,,139,
Plantae,Flora,Poaceae,12153,Alopecurus aequalis,*,Orange Foxtail,,,2,
Plantae,Flora,Poaceae,4735,Alopecurus geniculatus,*,Marsh Foxtail,,,229,
Plantae,Flora,Poaceae,4736,Alopecurus myosuroides,*,Slender Foxtail,,,4,
Plantae,Flora,Poaceae,4737,Alopecurus pratensis,*,Meadow Foxtail,,,27,
Plantae,Flora,Poaceae,ALOP,Alopecurus spp.,*,,,,6,
Plantae,Flora,Poaceae,13924,Amelichloa brachychaeta,*,Espartillo,,,14,
Plantae,Flora,Poaceae,13925,Amelichloa caudata,*,,,,6,
Plantae,Flora,Poaceae,4738,Ammophila arenaria,*,Marram Grass,,,78,
Plantae,Flora,Poaceae,4739,Amphibromus fluitans,,Floating Swamp Wallaby-grass,V,V,2277,
Plantae,Flora,Poaceae,4740,Amphibromus macrorhinus,,Long-nosed Swamp Wallaby-grass,,,81,
Plantae,Flora,Poaceae,6548,Amphibromus neesii,,,,,35,
Plantae,Flora,Poaceae,6842,Amphibromus nervosus,,Swamp Wallaby Grass,,,1143,
Plantae,Flora,Poaceae,4742,Amphibromus pithogastrus,,Plump Swamp Wallaby-grass,,,22,
Plantae,Flora,Poaceae,4743,Amphibromus sinuatus,,Wavy Swamp Wallaby-grass,,,4,
Plantae,Flora,Poaceae,AMPH,Amphibromus spp.,,,,,420,
Plantae,Flora,Poaceae,8250,Amphibromus whitei,,,,,3,
Plantae,Flora,Poaceae,7539,Amphipogon caricinus var. caricinus,,Long Greybeard Grass,,,546,
Plantae,Flora,Poaceae,7650,Amphipogon strictus var. strictus,,Greybeard Grass,,,146,
Plantae,Flora,Poaceae,4746,Ancistrachne maidenii,,,,,286,
Plantae,Flora,Poaceae,ANCI,Ancistrachne spp.,,,,,1,
Plantae,Flora,Poaceae,4747,Ancistrachne uncinulata,,Hooked-hairy Panic Grass,,,216,
Plantae,Flora,Poaceae,ANDR,Andropogon spp.,,,,,8,
Plantae,Flora,Poaceae,4748,Andropogon virginicus,*,Whisky Grass,,,4558,
Plantae,Flora,Poaceae,4749,Anisopogon avenaceus,,Oat Speargrass,,,4028,
Plantae,Flora,Poaceae,ANIS,Anisopogon spp.,,,,,10,
Plantae,Flora,Poaceae,14942,^^Anthosachne kingiana subsp. kingiana,,Phillip Island Wheat Grass,"E4A,3",CE,178,
Plantae,Flora,Poaceae,14896,Anthosachne scabra,,"Wheatgrass, Common Wheatgrass",,,11587,
Plantae,Flora,Poaceae,4750,Anthoxanthum odoratum,*,Sweet Vernal Grass,,,2833,
Plantae,Flora,Poaceae,ANTX,Anthoxanthum spp.,*,Vernal Grass,,,8,
Plantae,Flora,Poaceae,4751,Aristida acuta,,,,,190,
Plantae,Flora,Poaceae,4752,Aristida anthoxanthoides,,,,,99,
Plantae,Flora,Poaceae,4754,Aristida behriana,,Bunch Wiregrass,,,1291,
Plantae,Flora,Poaceae,4755,Aristida benthamii,,Three-awned spear grass,,,265,
Plantae,Flora,Poaceae,7367,Aristida benthamii var. benthamii,,,,,102,
Plantae,Flora,Poaceae,9724,Aristida benthamii var. spinulifera,,,,,81,
Plantae,Flora,Poaceae,9723,Aristida blakei,,,,,20,
Plantae,Flora,Poaceae,4756,Aristida calycina,,,,,520,
Plantae,Flora,Poaceae,9334,Aristida calycina var. calycina,,,,,445,
Plantae,Flora,Poaceae,9335,Aristida calycina var. praealta,,,,,233,
Plantae,Flora,Poaceae,4757,Aristida caput-medusae,,Many-headed Wiregrass,,,1490,
Plantae,Flora,Poaceae,7611,Aristida contorta,,Bunched Kerosene Grass,,,1020,
Plantae,Flora,Poaceae,4758,Aristida echinata,,,,,427,
Plantae,Flora,Poaceae,4759,Aristida gracilipes,,Three-awn Speargrass,,,136,
Plantae,Flora,Poaceae,9725,Aristida helicophylla,,,,,18,
Plantae,Flora,Poaceae,7537,Aristida holathera var. holathera,,Erect Kerosene Grass,,,1271,
Plantae,Flora,Poaceae,4760,Aristida jerichoensis,,Jericho Wiregrass,,,1323,
Plantae,Flora,Poaceae,6439,Aristida jerichoensis var. jerichoensis,,Jericho Wiregrass,,,858,
Plantae,Flora,Poaceae,6933,Aristida jerichoensis var. subspinulifera,,Jericho Wiregrass,,,1733,
Plantae,Flora,Poaceae,6713,Aristida latifolia,,Featherop Wiregrass,,,74,
Plantae,Flora,Poaceae,4761,Aristida leichhardtiana,,,,,241,
Plantae,Flora,Poaceae,4762,Aristida leptopoda,,White Speargrass,,,858,
Plantae,Flora,Poaceae,9095,Aristida lignosa,,,,,56,
Plantae,Flora,Poaceae,4765,Aristida muricata,,,,,55,
Plantae,Flora,Poaceae,9726,Aristida nitidula,,,,,47,
Plantae,Flora,Poaceae,4766,Aristida obscura,,Rough-seed Wire-grass,,,41,
Plantae,Flora,Poaceae,4767,Aristida personata,,,,,6241,
Plantae,Flora,Poaceae,4768,Aristida platychaeta,,,,,49,
Plantae,Flora,Poaceae,4769,Aristida psammophila,,,,,69,
Plantae,Flora,Poaceae,13411,Aristida queenslandica var. dissimilis,,,,,1,
Plantae,Flora,Poaceae,9096,Aristida queenslandica var. queenslandica,,,,,89,
Plantae,Flora,Poaceae,4770,Aristida ramosa,,Purple Wiregrass,,,18756,
Plantae,Flora,Poaceae,ARIS,Aristida spp.,,,,,3254,
Plantae,Flora,Poaceae,4771,Aristida spuria,,,,,4,
Plantae,Flora,Poaceae,4772,Aristida strigosa,,,,,10,
Plantae,Flora,Poaceae,4773,Aristida vagans,,Threeawn Speargrass,,,14114,
Plantae,Flora,Poaceae,9727,Aristida vickeryae,,,,,2,
Plantae,Flora,Poaceae,4774,Aristida warburgii,,,,,1094,
Plantae,Flora,Poaceae,4775,Arrhenatherum elatius,*,Oatgrass,,,63,
Plantae,Flora,Poaceae,6784,Arrhenatherum elatius var. bulbosum,*,Bulbous Oatgrass,,,70,
Plantae,Flora,Poaceae,9340,Arrhenatherum elatius var. elatius,*,False Oatgrass,,,19,
Plantae,Flora,Poaceae,ARRH,Arrhenatherum spp.,*,,,,2,
Plantae,Flora,Poaceae,4776,Arthraxon hispidus,,Hairy Jointgrass,V,V,14020,
Plantae,Flora,Poaceae,10422,Arundinaria simonii f. variegata,*,,,,1,
Plantae,Flora,Poaceae,6983,Arundinella nepalensis,,Reedgrass,,,1523,
Plantae,Flora,Poaceae,4777,Arundo donax,*,Giant Reed,,,380,
Plantae,Flora,Poaceae,ARUD,Arundo spp.,*,,,,4,
Plantae,Flora,Poaceae,7273,Astrebla elymoides,,Hoop Mitchell Grass,,,180,
Plantae,Flora,Poaceae,4778,Astrebla lappacea,,Curly Mitchell Grass,,,700,
Plantae,Flora,Poaceae,7565,Astrebla pectinata,,Barley Mitchell Grass,,,498,
Plantae,Flora,Poaceae,ASTB,Astrebla spp.,,,,,28,
Plantae,Flora,Poaceae,7566,Astrebla squarrosa,,Bull Mitchell Grass,,,15,
Plantae,Flora,Poaceae,7710,Australopyrum pectinatum,,,,,32,
Plantae,Flora,Poaceae,8728,Australopyrum retrofractum,,,,,21,
Plantae,Flora,Poaceae,7840,Australopyrum velutinum,,,,,110,
Plantae,Flora,Poaceae,6594,Austrofestuca littoralis,,Beach Fescue,,,118,
Plantae,Flora,Poaceae,AUSF,Austrofestuca spp.,,,,,6,
Plantae,Flora,Poaceae,10370,Austrostipa acrociliata,,,,,93,
Plantae,Flora,Poaceae,10384,Austrostipa aristiglumis,,Plains Grass,,,3980,
Plantae,Flora,Poaceae,10386,Austrostipa bigeniculata,,Yanganbil,,,3112,
Plantae,Flora,Poaceae,10383,Austrostipa blackii,,,,,581,
Plantae,Flora,Poaceae,10395,Austrostipa densiflora,,Foxtail Speargrass,,,2116,
Plantae,Flora,Poaceae,10373,Austrostipa drummondii,,,,,218,
Plantae,Flora,Poaceae,10367,Austrostipa elegantissima,,Feather Speargrass,,,710,
Plantae,Flora,Poaceae,10392,Austrostipa eremophila,,,,,154,
Plantae,Flora,Poaceae,10390,Austrostipa flavescens,,,,,28,
Plantae,Flora,Poaceae,10385,Austrostipa gibbosa,,Speargrass,,,66,
Plantae,Flora,Poaceae,10389,Austrostipa metatoris,,A spear-grass,V,V,36,
Plantae,Flora,Poaceae,10393,Austrostipa mollis,,Soft Speargrass,,,401,
Plantae,Flora,Poaceae,14058,Austrostipa muelleri,,,,,1,
Plantae,Flora,Poaceae,10375,Austrostipa nitida,,,,,2365,
Plantae,Flora,Poaceae,9960,Austrostipa nivicola,,,,,56,
Plantae,Flora,Poaceae,10376,Austrostipa nodosa,,,,,1397,
Plantae,Flora,Poaceae,10380,Austrostipa nullanulla,,A spear-grass,E1,,82,
Plantae,Flora,Poaceae,10369,Austrostipa platychaeta,,Flat-awn Speargrass,,,172,
Plantae,Flora,Poaceae,10391,Austrostipa puberula,,,,,32,
Plantae,Flora,Poaceae,9603,Austrostipa pubescens,,,,,3483,
Plantae,Flora,Poaceae,10400,Austrostipa pubinodis,,,,,80,
Plantae,Flora,Poaceae,9918,Austrostipa ramosissima,,Stout Bamboo Grass,,,1628,
Plantae,Flora,Poaceae,10396,Austrostipa rudis,,,,,922,
Plantae,Flora,Poaceae,10399,Austrostipa rudis subsp. australis,,,,,22,
Plantae,Flora,Poaceae,10398,Austrostipa rudis subsp. nervosa,,,,,1512,
Plantae,Flora,Poaceae,10397,Austrostipa rudis subsp. rudis,,,,,553,
Plantae,Flora,Poaceae,10377,Austrostipa scabra,,Speargrass,,,16317,
Plantae,Flora,Poaceae,10379,Austrostipa scabra subsp. falcata,,Rough Speargrass,,,3582,
Plantae,Flora,Poaceae,10378,Austrostipa scabra subsp. scabra,,Rough Speargrass,,,8992,
Plantae,Flora,Poaceae,10394,Austrostipa semibarbata,,,,,16,
Plantae,Flora,Poaceae,10382,Austrostipa setacea,,Corkscrew Grass,,,1334,
Plantae,Flora,Poaceae,AUSO,Austrostipa spp.,,,,,5094,
Plantae,Flora,Poaceae,10372,Austrostipa stipoides,,Coast Spear-grass,,,58,
Plantae,Flora,Poaceae,10387,Austrostipa stuposa,,,,,105,
Plantae,Flora,Poaceae,10374,Austrostipa trichophylla,,,,,69,
Plantae,Flora,Poaceae,10368,Austrostipa tuckeri,,Tucker's Spear-grass,,,295,
Plantae,Flora,Poaceae,11457,Austrostipa variabilis,,,,,2,
Plantae,Flora,Poaceae,10371,Austrostipa verticillata,,Slender Bamboo Grass,,,7027,
Plantae,Flora,Poaceae,10388,Austrostipa wakoolica,,A spear-grass,E1,E,139,
Plantae,Flora,Poaceae,4779,Avena barbata,*,Bearded Oats,,,1609,
Plantae,Flora,Poaceae,10363,Avena byzantina,*,Red Oat,,,2,
Plantae,Flora,Poaceae,4780,Avena fatua,*,Wild Oats,,,4128,
Plantae,Flora,Poaceae,4781,Avena ludoviciana,*,Ludo Wild Oats,,,339,
Plantae,Flora,Poaceae,4782,Avena sativa,*,Oats,,,538,
Plantae,Flora,Poaceae,AVEN,Avena spp.,*,Oats,,,1970,
Plantae,Flora,Poaceae,4783,Avena sterilis,*,Sterile Oats,,,15,
Plantae,Flora,Poaceae,10362,Avena strigosa,*,Sand Oats,,,1,
Plantae,Flora,Poaceae,4785,Axonopus compressus,*,Broad-leaved Carpet Grass,,,420,
Plantae,Flora,Poaceae,11194,Axonopus fissifolius,*,Narrow-leafed Carpet Grass,,,4173,
Plantae,Flora,Poaceae,AXON,Axonopus spp.,*,,,,52,
Plantae,Flora,Poaceae,BAMB,Bambusa spp.,*,Unidentified bamboo,,,21,
Plantae,Flora,Poaceae,4787,Bothriochloa biloba,,Lobed Bluegrass,,,1252,
Plantae,Flora,Poaceae,10346,Bothriochloa bladhii subsp. bladhii,,Forest Bluegrass,,,141,
Plantae,Flora,Poaceae,13414,Bothriochloa bladhii subsp. glabra,,,,,5,
Plantae,Flora,Poaceae,7559,Bothriochloa decipiens var. decipiens,,Pitted Bluegrass,,,5454,
Plantae,Flora,Poaceae,4789,Bothriochloa erianthoides,,Satintop Grass,,,24,
Plantae,Flora,Poaceae,6882,Bothriochloa ewartiana,,Desert Bluegrass,,,36,
Plantae,Flora,Poaceae,13415,Bothriochloa insculpta,*,Creeping Bluegrass,,,1,
Plantae,Flora,Poaceae,4790,Bothriochloa macra,,Red Grass,,,12738,
Plantae,Flora,Poaceae,BOTH,Bothriochloa spp.,,"Redgrass, Bluegrass",,,741,
Plantae,Flora,Poaceae,14268,Bouteloua dactyloides,*,Buffalo Grass,,,95,
Plantae,Flora,Poaceae,11054,Brachiaria eruciformis,*,,,,4,
Plantae,Flora,Poaceae,4798,Brachyachne ciliaris,,Hairy Native Couch,,,42,
Plantae,Flora,Poaceae,7618,Brachyachne convergens,,Common Native Couch,,,10,
Plantae,Flora,Poaceae,4799,Brachypodium distachyon,*,False Brome,,,32,
Plantae,Flora,Poaceae,4800,Briza maxima,*,Quaking Grass,,,4390,
Plantae,Flora,Poaceae,4801,Briza minor,*,Shivery Grass,,,4572,
Plantae,Flora,Poaceae,BRIZ,Briza spp.,*,,,,79,
Plantae,Flora,Poaceae,4802,Briza subaristata,*,,,,1321,
Plantae,Flora,Poaceae,10328,Bromus alopecuros,*,,,,204,
Plantae,Flora,Poaceae,4804,Bromus arenarius,,Sand Brome,,,345,
Plantae,Flora,Poaceae,7270,Bromus brevis,*,,,,126,
Plantae,Flora,Poaceae,7813,Bromus catharticus,*,Praire Grass,,,5159,
Plantae,Flora,Poaceae,4805,Bromus coloratus,*,,,,2,
Plantae,Flora,Poaceae,4806,Bromus diandrus,*,Great Brome,,,3587,
Plantae,Flora,Poaceae,13416,Bromus haenkeanus,*,,,,1,
Plantae,Flora,Poaceae,4807,Bromus hordeaceus,*,Soft Brome,,,2373,
Plantae,Flora,Poaceae,4808,Bromus inermis,*,Awnless Brome,,,40,
Plantae,Flora,Poaceae,4810,Bromus madritensis,*,Madrid Brome,,,156,
Plantae,Flora,Poaceae,4811,Bromus molliformis,*,Soft Brome,,,3324,
Plantae,Flora,Poaceae,4812,Bromus racemosus,*,Smooth Brome,,,137,
Plantae,Flora,Poaceae,4813,Bromus rubens,*,Red Brome,,,1892,
Plantae,Flora,Poaceae,4814,Bromus secalinus,*,Rye Brome,,,12,
Plantae,Flora,Poaceae,BROM,Bromus spp.,,,,,2737,
Plantae,Flora,Poaceae,4815,Bromus squarrosus,*,Rough Brome,,,3,
Plantae,Flora,Poaceae,4817,Bromus sterilis,*,Sterile Brome,,,134,
Plantae,Flora,Poaceae,4818,Bromus tectorum,*,Drooping Brome,,,58,
Plantae,Flora,Poaceae,4820,Capillipedium parviflorum,,Scented-top Grass,,,214,
Plantae,Flora,Poaceae,4821,Capillipedium spicigerum,,Scented-top Grass,,,534,
Plantae,Flora,Poaceae,CAPI,Capillipedium spp.,,,,,12,
Plantae,Flora,Poaceae,4822,Catapodium rigidum,*,Rigid Fescue,,,113,
Plantae,Flora,Poaceae,4823,Cenchrus caliculatus,,Hillside Burrgrass,,,541,
Plantae,Flora,Poaceae,6413,Cenchrus ciliaris,*,Buffel Grass,,,557,
Plantae,Flora,Poaceae,14903,Cenchrus clandestinus,*,Kikuyu Grass,,,8219,
Plantae,Flora,Poaceae,6890,Cenchrus echinatus,*,Mossman River Grass,,,51,
Plantae,Flora,Poaceae,14862,Cenchrus longisetus,*,"Feathertop, White Foxtail",,,106,
Plantae,Flora,Poaceae,4825,Cenchrus longispinus,*,Innocent Weed,,,80,
Plantae,Flora,Poaceae,4826,Cenchrus pennisetiformis,*,Buffel Grass,,,28,
Plantae,Flora,Poaceae,14952,Cenchrus purpurascens,,,,,437,
Plantae,Flora,Poaceae,13418,Cenchrus robustus,,,,,3,
Plantae,Flora,Poaceae,14863,Cenchrus setaceus,*,Fountain Grass,,,109,
Plantae,Flora,Poaceae,7223,Cenchrus setiger,*,Birdwood Grass,,,11,
Plantae,Flora,Poaceae,9129,Cenchrus species A,,,,,9,
Plantae,Flora,Poaceae,15299,Cenchrus spinifex,*,Spiny Burrgrass,,,107,
Plantae,Flora,Poaceae,CENC,Cenchrus spp.,,,,,90,
Plantae,Flora,Poaceae,4827,Chionochloa frigida,,Robust Wallaby Grass,,,95,
Plantae,Flora,Poaceae,10440,Chionochloa howensis,,,,,2,
Plantae,Flora,Poaceae,CHIO,Chionochloa spp.,,,,,1,
Plantae,Flora,Poaceae,13419,Chloris barbata,*,,,,1,
Plantae,Flora,Poaceae,9134,Chloris divaricata var. divaricata,,Slender Chloris,,,526,
Plantae,Flora,Poaceae,4831,Chloris gayana,*,Rhodes Grass,,,4517,
Plantae,Flora,Poaceae,4832,Chloris pectinata,,Comb Chloris,,,201,
Plantae,Flora,Poaceae,CHLO,Chloris spp.,,,,,288,
Plantae,Flora,Poaceae,4833,Chloris truncata,,Windmill Grass,,,11551,
Plantae,Flora,Poaceae,4834,Chloris ventricosa,,Tall Chloris,,,5712,
Plantae,Flora,Poaceae,6655,Chloris virgata,*,Feathertop Rhodes Grass,,,613,
Plantae,Flora,Poaceae,4835,Chrysopogon fallax,,,,,94,
Plantae,Flora,Poaceae,11954,Chrysopogon filipes,,Australian Vetiver,,,86,
Plantae,Flora,Poaceae,4836,Chrysopogon sylvaticus,,,,,11,
Plantae,Flora,Poaceae,6864,Cleistochloa rigida,,,,,910,
Plantae,Flora,Poaceae,4837,Cleistochloa subjuncea,,,,,15,
Plantae,Flora,Poaceae,4838,Coix lacryma-jobi,*,Job's Tears,,,8,
Plantae,Flora,Poaceae,10359,Cortaderia jubata,*,Pink Pampas Grass,,,38,
Plantae,Flora,Poaceae,4839,Cortaderia selloana,*,Pampas Grass,,,1069,
Plantae,Flora,Poaceae,CORT,Cortaderia spp.,*,,,,90,
Plantae,Flora,Poaceae,7675,Cymbopogon ambiguus,,Lemon Grass,,,127,
Plantae,Flora,Poaceae,13764,Cymbopogon citratus,*,lemon grass,,,3,
Plantae,Flora,Poaceae,4840,Cymbopogon obtectus,,Silky Heads,,,280,
Plantae,Flora,Poaceae,4841,Cymbopogon refractus,,Barbed Wire Grass,,,19325,
Plantae,Flora,Poaceae,CYMO,Cymbopogon spp.,,,,,27,
Plantae,Flora,Poaceae,6540,Cynodon dactylon,,Common Couch,,,19672,
Plantae,Flora,Poaceae,4842,Cynodon incompletus,*,,,,200,
Plantae,Flora,Poaceae,13421,Cynodon nlemfuensis var. nlemfuensis,*,,,,8,
Plantae,Flora,Poaceae,CYND,Cynodon spp.,,,,,93,
Plantae,Flora,Poaceae,4843,Cynodon transvaalensis,*,South African Couch,,,7,
Plantae,Flora,Poaceae,4844,Cynosurus cristatus,*,Crested Dog's Tail,,,39,
Plantae,Flora,Poaceae,4845,Cynosurus echinatus,*,Rough Dog's Tail,,,1315,
Plantae,Flora,Poaceae,CYNO,Cynosurus spp.,*,,,,33,
Plantae,Flora,Poaceae,4846,Dactylis glomerata,*,Cocksfoot,,,3397,
Plantae,Flora,Poaceae,9338,Dactyloctenium aegyptium,*,Coast Button Grass,,,7,
Plantae,Flora,Poaceae,4847,Dactyloctenium australe,*,Durban Grass,,,33,
Plantae,Flora,Poaceae,7178,Dactyloctenium radulans,,Button Grass,,,2044,
Plantae,Flora,Poaceae,DACT,Dactyloctenium spp.,,Button Grass,,,3,
Plantae,Flora,Poaceae,4870,Deschampsia cespitosa,,Tufted Hairgrass,,,38,
Plantae,Flora,Poaceae,4871,Deyeuxia accedens,,,,,33,
Plantae,Flora,Poaceae,4872,Deyeuxia acuminata,,,,,14,
Plantae,Flora,Poaceae,4873,Deyeuxia affinis,,Allied Bent-grass,,,40,
Plantae,Flora,Poaceae,4874,Deyeuxia angustifolia,,,,,22,
Plantae,Flora,Poaceae,4875,Deyeuxia appressa,,,E1,E,5,
Plantae,Flora,Poaceae,4877,Deyeuxia brachyathera,,,,,134,
Plantae,Flora,Poaceae,4878,Deyeuxia carinata,,,,,68,
Plantae,Flora,Poaceae,4879,Deyeuxia contracta,,,,,24,
Plantae,Flora,Poaceae,4880,Deyeuxia crassiuscula,,,,,74,
Plantae,Flora,Poaceae,4881,Deyeuxia decipiens,,Devious Bent-grass,,,168,
Plantae,Flora,Poaceae,13423,Deyeuxia densa,,,,,1,
Plantae,Flora,Poaceae,4882,Deyeuxia frigida,,,,,2,
Plantae,Flora,Poaceae,4883,Deyeuxia gunniana,,,,,368,
Plantae,Flora,Poaceae,4884,Deyeuxia imbricata,,Bent-grass,,,51,
Plantae,Flora,Poaceae,10361,Deyeuxia innominata,,,,,38,
Plantae,Flora,Poaceae,4885,Deyeuxia mckiei,,,,,98,
Plantae,Flora,Poaceae,4886,Deyeuxia mesathera,,,,,13,
Plantae,Flora,Poaceae,4887,Deyeuxia microseta,,,,,29,
Plantae,Flora,Poaceae,4888,Deyeuxia monticola,,,,,194,
Plantae,Flora,Poaceae,6940,Deyeuxia monticola var. monticola,,,,,267,
Plantae,Flora,Poaceae,6444,Deyeuxia monticola var. valida,,,,,30,
Plantae,Flora,Poaceae,4889,Deyeuxia nudiflora,,,,,111,
Plantae,Flora,Poaceae,4890,Deyeuxia parviseta,,,,,239,
Plantae,Flora,Poaceae,6964,Deyeuxia parviseta var. boormanii,,,,,46,
Plantae,Flora,Poaceae,8233,Deyeuxia parviseta var. parviseta,,,,,106,
Plantae,Flora,Poaceae,4891,Deyeuxia quadriseta,,,,,1118,
Plantae,Flora,Poaceae,4892,Deyeuxia reflexa,,,,,26,
Plantae,Flora,Poaceae,4893,Deyeuxia rodwayi,,,,,61,
Plantae,Flora,Poaceae,4894,Deyeuxia scaberula,,,,,37,
Plantae,Flora,Poaceae,DEYE,Deyeuxia spp.,,,,,307,
Plantae,Flora,Poaceae,11273,Deyeuxia talariata,,,,,1,
Plantae,Flora,Poaceae,13424,Dichanthium aristatum,*,Angleton Grass,,,1,
Plantae,Flora,Poaceae,7485,Dichanthium sericeum,,Queensland Bluegrass,,,3765,
Plantae,Flora,Poaceae,10347,Dichanthium sericeum subsp. humilius,,,,,40,
Plantae,Flora,Poaceae,7645,Dichanthium sericeum subsp. sericeum,,Queensland Bluegrass,,,2571,
Plantae,Flora,Poaceae,4895,Dichanthium setosum,,Bluegrass,V,V,635,
Plantae,Flora,Poaceae,DICA,Dichanthium spp.,,,,,144,
Plantae,Flora,Poaceae,4896,Dichanthium tenue,,Small Bluegrass,,,34,
Plantae,Flora,Poaceae,4897,Dichelachne crinita,,Longhair Plumegrass,,,1647,
Plantae,Flora,Poaceae,9967,Dichelachne hirtella,,Plumegrass,,,232,
Plantae,Flora,Poaceae,8748,Dichelachne inaequiglumis,,,,,1215,
Plantae,Flora,Poaceae,4898,Dichelachne micrantha,,Shorthair Plumegrass,,,11828,
Plantae,Flora,Poaceae,8767,Dichelachne parva,,,,,481,
Plantae,Flora,Poaceae,4899,Dichelachne rara,,,,,1887,
Plantae,Flora,Poaceae,9151,Dichelachne sieberiana,,,,,895,
Plantae,Flora,Poaceae,DICE,Dichelachne spp.,,,,,1892,
Plantae,Flora,Poaceae,4900,Digitaria aequiglumis,*,,,,35,
Plantae,Flora,Poaceae,4901,Digitaria ammophila,,Silky Umbrella Grass,,,351,
Plantae,Flora,Poaceae,4902,Digitaria breviglumis,,,,,2180,
Plantae,Flora,Poaceae,6857,Digitaria brownii,,Cotton Panic Grass,,,3074,
Plantae,Flora,Poaceae,6554,Digitaria ciliaris,*,Summer Grass,,,489,
Plantae,Flora,Poaceae,4903,Digitaria coenicola,,Finger Panic Grass,,,198,
Plantae,Flora,Poaceae,4904,Digitaria didactyla,,Queensland Blue Couch,,,297,
Plantae,Flora,Poaceae,4905,Digitaria diffusa,,Open Summer-grass,,,2766,
Plantae,Flora,Poaceae,4907,Digitaria divaricatissima,,Umbrella Grass,,,2075,
Plantae,Flora,Poaceae,13426,Digitaria eriantha,*,Finger Panic Grass,,,106,
Plantae,Flora,Poaceae,4908,Digitaria hubbardii,,,,,80,
Plantae,Flora,Poaceae,4909,Digitaria hystrichoides,,Curly Umbrella Grass,,,249,
Plantae,Flora,Poaceae,4910,Digitaria ischaemum,*,,,,50,
Plantae,Flora,Poaceae,4911,Digitaria leucostachya,,,,,10,
Plantae,Flora,Poaceae,6984,Digitaria longiflora,,,,,54,
Plantae,Flora,Poaceae,6627,Digitaria milanjiana,*,,,,2,
Plantae,Flora,Poaceae,13427,Digitaria minima,,,,,1,
Plantae,Flora,Poaceae,4912,Digitaria orbata,,,,,4,
Plantae,Flora,Poaceae,4913,Digitaria parviflora,,Small-flowered Finger Grass,,,3244,
Plantae,Flora,Poaceae,6850,Digitaria porrecta,,Finger Panic Grass,E1,,329,
Plantae,Flora,Poaceae,4915,Digitaria ramularis,,Finger Panic Grass,,,2237,
Plantae,Flora,Poaceae,6937,Digitaria sanguinalis,*,Crab Grass,,,850,
Plantae,Flora,Poaceae,13428,Digitaria sp. Q3,,,,,1,
Plantae,Flora,Poaceae,DIGI,Digitaria spp.,,,,,1623,
Plantae,Flora,Poaceae,4916,Digitaria ternata,*,,,,5,
Plantae,Flora,Poaceae,4917,Digitaria velutina,*,,,,3,
Plantae,Flora,Poaceae,4918,Digitaria violascens,*,,,,55,
Plantae,Flora,Poaceae,DIMO,Dimorphochloa spp.,,,,,4,
Plantae,Flora,Poaceae,4920,Diplachne fusca,,Brown Beetle Grass,,,543,
Plantae,Flora,Poaceae,4921,Diplachne muelleri,,,,,55,
Plantae,Flora,Poaceae,7897,Diplachne parviflora,,Small-flowered Beetle Grass,,,66,
Plantae,Flora,Poaceae,DIPL,Diplachne spp.,,,,,16,
Plantae,Flora,Poaceae,10357,Diplachne uninervia,*,,,,3,
Plantae,Flora,Poaceae,9943,Distichlis distichophylla,,Australian Saltgrass,E1,,28,
Plantae,Flora,Poaceae,4922,Dryopoa dives,,Giant Mountain Grass,,,32,
Plantae,Flora,Poaceae,7607,Echinochloa colona,,Awnless Barnyard Grass,,,791,
Plantae,Flora,Poaceae,4923,Echinochloa crus-galli,*,Barnyard Grass,,,1302,
Plantae,Flora,Poaceae,4924,Echinochloa crus-pavonis,*,South American Barnyard Grass,,,12,
Plantae,Flora,Poaceae,9330,Echinochloa esculenta,*,Japanese Millet,,,105,
Plantae,Flora,Poaceae,6456,Echinochloa frumentacea,*,Siberian Millet,,,35,
Plantae,Flora,Poaceae,4925,Echinochloa inundata,,Marsh Millet,,,109,
Plantae,Flora,Poaceae,4926,Echinochloa lacunaria,,,,,14,
Plantae,Flora,Poaceae,6818,Echinochloa microstachya,*,Prickly Barnyard Grass,,,20,
Plantae,Flora,Poaceae,7283,Echinochloa oryzoides,*,Hairy Millet,,,19,
Plantae,Flora,Poaceae,9329,Echinochloa pyramidalis,*,Antelope Grass,,,1,
Plantae,Flora,Poaceae,ECHI,Echinochloa spp.,,,,,110,
Plantae,Flora,Poaceae,4927,Echinochloa telmatophila,,Swamp Barnyard Grass,,,65,
Plantae,Flora,Poaceae,7290,Echinochloa turneriana,,Channel Millet,,,8,
Plantae,Flora,Poaceae,4929,Echinopogon caespitosus,,Bushy Hedgehog-grass,,,5706,
Plantae,Flora,Poaceae,7593,Echinopogon caespitosus var. caespitosus,,Tufted Hedgehog Grass,,,3606,
Plantae,Flora,Poaceae,7646,Echinopogon caespitosus var. cunninghamii,,,,,23,
Plantae,Flora,Poaceae,4930,Echinopogon cheelii,,Long-flowered Hedgehog Grass,,,180,
Plantae,Flora,Poaceae,4931,Echinopogon intermedius,,Erect Hedgehog Grass,,,812,
Plantae,Flora,Poaceae,4932,Echinopogon mckiei,,,,,193,
Plantae,Flora,Poaceae,4933,Echinopogon nutans,,,,,29,
Plantae,Flora,Poaceae,6783,Echinopogon nutans var. major,,,,,7,
Plantae,Flora,Poaceae,8783,Echinopogon nutans var. nutans,,Nodding Hedgehog Grass,,,34,
Plantae,Flora,Poaceae,4934,Echinopogon ovatus,,Forest Hedgehog Grass,,,8308,
Plantae,Flora,Poaceae,4935,Echinopogon phleoides,,,,,6,
Plantae,Flora,Poaceae,ECHN,Echinopogon spp.,,,,,593,
Plantae,Flora,Poaceae,4936,Ehrharta calycina,*,Perennial Veldtgrass,,,83,
Plantae,Flora,Poaceae,4937,Ehrharta erecta,*,Panic Veldtgrass,,,6834,
Plantae,Flora,Poaceae,4938,Ehrharta longiflora,*,Annual Veldtgrass,,,514,
Plantae,Flora,Poaceae,EHRH,Ehrharta spp.,*,Veldtgrass,,,85,
Plantae,Flora,Poaceae,7196,Eleusine indica,*,Crowsfoot Grass,,,714,
Plantae,Flora,Poaceae,ELEU,Eleusine spp.,*,,,,72,
Plantae,Flora,Poaceae,4940,Eleusine tristachya,*,Goose Grass,,,1689,
Plantae,Flora,Poaceae,9108,Elionurus citreus,,Lemon-scented Grass,E1,,9,
Plantae,Flora,Poaceae,13429,Elymus fertilis,,,,,108,
Plantae,Flora,Poaceae,11082,Elymus multiflorus,,Philip Island Wheatgrass,,,40,
Plantae,Flora,Poaceae,13974,Elymus plurinervis,,,,,151,
Plantae,Flora,Poaceae,13430,Elymus rectisetus,,,,,194,
Plantae,Flora,Poaceae,13431,Elymus repens,*,English Couch,,,149,
Plantae,Flora,Poaceae,ELYM,Elymus spp.,,,,,179,
Plantae,Flora,Poaceae,6865,Elytrophorus spicatus,,Spikegrass,,,9,
Plantae,Flora,Poaceae,6720,Enneapogon avenaceus,,Bottle Washers,,,2225,
Plantae,Flora,Poaceae,4941,Enneapogon cylindricus,,Jointed Nineawn,,,719,
Plantae,Flora,Poaceae,4943,Enneapogon gracilis,,Slender Nineawn,,,1679,
Plantae,Flora,Poaceae,4944,Enneapogon intermedius,,,,,364,
Plantae,Flora,Poaceae,9746,Enneapogon lindleyanus,,Conetop Nineawn,,,20,
Plantae,Flora,Poaceae,4945,Enneapogon nigricans,,Nine-awn Grass,,,1894,
Plantae,Flora,Poaceae,6866,Enneapogon polyphyllus,,Leafy Nineawn,,,286,
Plantae,Flora,Poaceae,ENNE,Enneapogon spp.,,"Nineawn Grass, Bottlewashers",,,448,
Plantae,Flora,Poaceae,9159,Enneapogon truncatus,,Bottlewashers,,,72,
Plantae,Flora,Poaceae,10325,Enneapogon virens,,,,,8,
Plantae,Flora,Poaceae,6721,Enteropogon acicularis,,Curly Windmill Grass,,,10938,
Plantae,Flora,Poaceae,6722,Enteropogon ramosus,,Curly Windmill Grass,,,847,
Plantae,Flora,Poaceae,ENTE,Enteropogon spp.,,Windmill Grass,,,152,
Plantae,Flora,Poaceae,10119,Enteropogon unispiceus,,,,,6,
Plantae,Flora,Poaceae,4946,Entolasia marginata,,Bordered Panic,,,10761,
Plantae,Flora,Poaceae,ENTO,Entolasia spp.,,,,,355,
Plantae,Flora,Poaceae,4947,Entolasia stricta,,Wiry Panic,,,31929,
Plantae,Flora,Poaceae,4948,Entolasia whiteana,,,,,173,
Plantae,Flora,Poaceae,11647,Eragrostis alveiformis,,,,,646,
Plantae,Flora,Poaceae,13435,Eragrostis aspera,,,,,1,
Plantae,Flora,Poaceae,4949,Eragrostis australasica,,Canegrass,,,998,
Plantae,Flora,Poaceae,4950,Eragrostis barrelieri,*,Pitted Lovegrass,,,13,
Plantae,Flora,Poaceae,4951,Eragrostis basedowii,,,,,35,
Plantae,Flora,Poaceae,7578,Eragrostis benthamii,,,,,646,
Plantae,Flora,Poaceae,7921,Eragrostis brownii,,Brown's Lovegrass,,,9969,
Plantae,Flora,Poaceae,6387,Eragrostis cilianensis,*,Stinkgrass,,,2057,
Plantae,Flora,Poaceae,4952,Eragrostis curvula,*,African Lovegrass,,,6552,
Plantae,Flora,Poaceae,4953,Eragrostis desertorum,,Woollybutt,,,5,
Plantae,Flora,Poaceae,4954,Eragrostis dielsii,,Mallee Lovegrass,,,967,
Plantae,Flora,Poaceae,4955,Eragrostis elongata,,Clustered Lovegrass,,,1881,
Plantae,Flora,Poaceae,4956,Eragrostis eriopoda,,Woollybutt,,,1072,
Plantae,Flora,Poaceae,11002,Eragrostis exigua,,Slender Lovegrass,,,1,
Plantae,Flora,Poaceae,6927,Eragrostis falcata,,Sickle Lovegrass,,,160,
Plantae,Flora,Poaceae,13853,Eragrostis infecunda,,Southern Cane-grass,,,1,
Plantae,Flora,Poaceae,13436,Eragrostis intermedia,,,,,2,
Plantae,Flora,Poaceae,6659,Eragrostis interrupta,,,,,80,
Plantae,Flora,Poaceae,4957,Eragrostis kennedyae,,Small-flowered Lovegrass,,,93,
Plantae,Flora,Poaceae,4958,Eragrostis lacunaria,,Purple Lovegrass,,,3645,
Plantae,Flora,Poaceae,13437,Eragrostis lanicaulis,,,,,2,
Plantae,Flora,Poaceae,4959,Eragrostis laniflora,,Woollybutt,,,300,
Plantae,Flora,Poaceae,13438,Eragrostis lehmanniana,*,,,,1,
Plantae,Flora,Poaceae,7483,Eragrostis leptocarpa,,Drooping Lovegrass,,,238,
Plantae,Flora,Poaceae,4960,Eragrostis leptostachya,,Paddock Lovegrass,,,8593,
Plantae,Flora,Poaceae,14748,Eragrostis lugens,*,,,,6,
Plantae,Flora,Poaceae,4961,Eragrostis megalosperma,,,,,157,
Plantae,Flora,Poaceae,4962,Eragrostis mexicana,*,Mexican Lovegrass,,,107,
Plantae,Flora,Poaceae,4963,Eragrostis microcarpa,,,,,170,
Plantae,Flora,Poaceae,4967,Eragrostis parviflora,,Weeping Lovegrass,,,2438,
Plantae,Flora,Poaceae,6851,Eragrostis pectinacea,*,,,,4,
Plantae,Flora,Poaceae,4968,Eragrostis pergracilis,,,,,19,
Plantae,Flora,Poaceae,4970,Eragrostis pilosa,*,Soft Lovegrass,,,204,
Plantae,Flora,Poaceae,13440,Eragrostis plana,,,,,1,
Plantae,Flora,Poaceae,4971,Eragrostis pubescens,,,,,16,
Plantae,Flora,Poaceae,6378,Eragrostis setifolia,,Neverfail,,,2246,
Plantae,Flora,Poaceae,4972,Eragrostis sororia,,,,,283,
Plantae,Flora,Poaceae,13442,Eragrostis sp. 'Pilliga Scrub',,,,,3,
Plantae,Flora,Poaceae,9693,Eragrostis spartinoides,,,,,24,
Plantae,Flora,Poaceae,7275,Eragrostis speciosa,,,,,19,
Plantae,Flora,Poaceae,ERAG,Eragrostis spp.,,,,,3076,
Plantae,Flora,Poaceae,11908,Eragrostis sterilis,,,,,2,
Plantae,Flora,Poaceae,13443,Eragrostis superba,*,,,,1,
Plantae,Flora,Poaceae,4973,Eragrostis tef,*,Teff,,,12,
Plantae,Flora,Poaceae,7662,Eragrostis tenellula,,Delicate Lovegrass,,,4,
Plantae,Flora,Poaceae,4974,Eragrostis tenuifolia,*,Elastic Grass,,,234,
Plantae,Flora,Poaceae,4976,Eragrostis trachycarpa,,,,,354,
Plantae,Flora,Poaceae,13977,Eragrostis trichophora,*,,,,59,
Plantae,Flora,Poaceae,4977,Eragrostis xerophila,,,,,75,
Plantae,Flora,Poaceae,4978,Eremochloa bimaculata,,Poverty Grass,,,144,
Plantae,Flora,Poaceae,6946,Eriachne aristidea,,Threeawn Wanderrie Grass,,,82,
Plantae,Flora,Poaceae,13444,Eriachne armittii,*,,,,1,
Plantae,Flora,Poaceae,4979,Eriachne glabrata,,,,,121,
Plantae,Flora,Poaceae,4980,Eriachne helmsii,,Woollybutt Wanderrie Grass,,,77,
Plantae,Flora,Poaceae,6596,Eriachne mucronata,,Mountain Wanderrie Grass,,,159,
Plantae,Flora,Poaceae,4981,Eriachne pallescens,,,,,116,
Plantae,Flora,Poaceae,4982,Eriachne pulchella,,Pretty Wanderrie Grass,,,22,
Plantae,Flora,Poaceae,9160,Eriachne rara,,,,,7,
Plantae,Flora,Poaceae,ERIA,Eriachne spp.,,,,,6,
Plantae,Flora,Poaceae,7907,Eriochloa australiensis,,Australian Cupgrass,,,141,
Plantae,Flora,Poaceae,4983,Eriochloa crebra,,"Cup Grass, Tall Cupgrass",,,779,
Plantae,Flora,Poaceae,7228,Eriochloa procera,,Spring Grass,,,174,
Plantae,Flora,Poaceae,7335,Eriochloa pseudoacrotricha,,Early Spring Grass,,,2589,
Plantae,Flora,Poaceae,ERIO,Eriochloa spp.,,,,,117,
Plantae,Flora,Poaceae,7602,Eulalia aurea,,Silky Browntop,,,830,
Plantae,Flora,Poaceae,EULA,Eulalia spp.,,,,,11,
Plantae,Flora,Poaceae,4986,Eustachys distichophylla,*,Evergreen Chloris,,,2,
Plantae,Flora,Poaceae,4988,Festuca asperula,,Graceful Fescue,,,173,
Plantae,Flora,Poaceae,13447,Festuca duriuscula var. aristata,*,,,,1,
Plantae,Flora,Poaceae,8745,Festuca elatior,*,Tall Fescue,,,457,
Plantae,Flora,Poaceae,11692,Festuca glauca,*,Field Fescue,,,5,
Plantae,Flora,Poaceae,4992,Festuca muelleri,,,,,51,
Plantae,Flora,Poaceae,9345,Festuca nigrescens,*,Chewings Fescue,,,33,
Plantae,Flora,Poaceae,4993,Festuca pratensis,*,Meadow Fescue,,,183,
Plantae,Flora,Poaceae,10364,Festuca rubra subsp. rubra,*,Red Fescue,,,91,
Plantae,Flora,Poaceae,FEST,Festuca spp.,,,,,298,
Plantae,Flora,Poaceae,4995,Gastridium phleoides,*,Nitgrass,,,3,
Plantae,Flora,Poaceae,4996,Glyceria australis,,Australian Sweetgrass,,,148,
Plantae,Flora,Poaceae,4997,Glyceria declinata,*,Sweetgrass,,,19,
Plantae,Flora,Poaceae,4998,Glyceria latispicea,,,,,16,
Plantae,Flora,Poaceae,4999,Glyceria maxima,*,Reed Canegrass,,,35,
Plantae,Flora,Poaceae,GLYE,Glyceria spp.,,,,,41,
Plantae,Flora,Poaceae,5000,Hainardia cylindrica,*,Common Barbgrass,,,77,
Plantae,Flora,Poaceae,HEMA,Hemarthria spp.,,,,,11,
Plantae,Flora,Poaceae,5001,Hemarthria uncinata,,Matgrass,,,1156,
Plantae,Flora,Poaceae,9319,Hemarthria uncinata var. spathacea,,,,,7,
Plantae,Flora,Poaceae,7871,Hemarthria uncinata var. uncinata,,,,,633,
Plantae,Flora,Poaceae,6601,Heteropogon contortus,,Bunch Speargrass,,,133,
Plantae,Flora,Poaceae,5002,Hierochloe rariflora,,Scented Holygrass,,,1137,
Plantae,Flora,Poaceae,5003,Hierochloe redolens,,Sweet Holygrass,,,30,
Plantae,Flora,Poaceae,5004,Hierochloe submutica,,Alpine Holygrass,,,26,
Plantae,Flora,Poaceae,5005,Holcus lanatus,*,Yorkshire Fog,,,4348,
Plantae,Flora,Poaceae,5006,Holcus mollis,*,Creeping Fog,,,19,
Plantae,Flora,Poaceae,HOLC,Holcus spp.,*,,,,30,
Plantae,Flora,Poaceae,5007,Homopholis belsonii,,Belson's Panic,E1,V,516,
Plantae,Flora,Poaceae,13831,Hookerochloa eriopoda,,Snow Fescue,,,217,
Plantae,Flora,Poaceae,7447,Hookerochloa hookeriana,,Hooker's Fescue,,,213,
Plantae,Flora,Poaceae,HOOK,Hookerochloa spp.,,,,,28,
Plantae,Flora,Poaceae,5008,Hordeum distichon,*,Two Row Barley,,,22,
Plantae,Flora,Poaceae,5010,Hordeum glaucum,*,Northern Barley Grass,,,522,
Plantae,Flora,Poaceae,5011,Hordeum hystrix,*,Mediterranean Barley Grass,,,177,
Plantae,Flora,Poaceae,5012,Hordeum leporinum,*,Barley Grass,,,6047,
Plantae,Flora,Poaceae,5013,Hordeum marinum,*,Sea Barley Grass,,,423,
Plantae,Flora,Poaceae,13882,Hordeum murinum,*,Barley-grass,,,126,
Plantae,Flora,Poaceae,HORD,Hordeum spp.,*,,,,1077,
Plantae,Flora,Poaceae,5014,Hordeum vulgare,*,Barley,,,182,
Plantae,Flora,Poaceae,9326,Hyparrhenia filipendula var. filipendula,,Tambookie Grass,,,27,
Plantae,Flora,Poaceae,5016,Hyparrhenia hirta,*,Coolatai Grass,,,2156,
Plantae,Flora,Poaceae,9325,Hyparrhenia rufa subsp. altissima,*,,,,37,
Plantae,Flora,Poaceae,HYPA,Hyparrhenia spp.,,,,,2,
Plantae,Flora,Poaceae,6803,Imperata cylindrica,,Blady Grass,,,20986,
Plantae,Flora,Poaceae,IMPE,Imperata spp.,,,,,10,
Plantae,Flora,Poaceae,5017,Isachne globosa,,Swamp Millet,,,530,
Plantae,Flora,Poaceae,13449,Isachne miliacea,,,,,22,
Plantae,Flora,Poaceae,ISAC,Isachne spp.,,,,,1,
Plantae,Flora,Poaceae,10341,Ischaemum afrum,*,,,,1,
Plantae,Flora,Poaceae,6867,Ischaemum australe,,,,,381,
Plantae,Flora,Poaceae,9278,Ischaemum australe var. australe,,,,,104,
Plantae,Flora,Poaceae,9320,Ischaemum australe var. villosum,,,,,21,
Plantae,Flora,Poaceae,5018,Ischaemum triticeum,,,,,45,
Plantae,Flora,Poaceae,5019,Iseilema membranaceum,,Small Flinders Grass,,,163,
Plantae,Flora,Poaceae,ISEI,Iseilema spp.,,,,,2,
Plantae,Flora,Poaceae,6868,Iseilema vaginiflorum,,Red Flinders Grass,,,88,
Plantae,Flora,Poaceae,5021,Koeleria macrantha,*,Crested Hair Grass,,,7,
Plantae,Flora,Poaceae,11394,Lachnagrostis aemula,,Blowngrass,,,494,
Plantae,Flora,Poaceae,11395,Lachnagrostis aequata,,,,,6,
Plantae,Flora,Poaceae,11387,Lachnagrostis billardierei subsp. billardierei,,,,,73,
Plantae,Flora,Poaceae,11388,Lachnagrostis filiformis,,,,,12070,
Plantae,Flora,Poaceae,11396,Lachnagrostis meionectes,,,,,34,
Plantae,Flora,Poaceae,13450,Lachnagrostis plebeia,*,,,,1,
Plantae,Flora,Poaceae,LACH,Lachnagrostis spp.,,,,,436,
Plantae,Flora,Poaceae,5022,Lagurus ovatus,*,Hare's Tail Grass,,,74,
Plantae,Flora,Poaceae,5023,Lamarckia aurea,*,Goldentop,,,450,
Plantae,Flora,Poaceae,5024,Leersia hexandra,,Swamp Ricegrass,,,310,
Plantae,Flora,Poaceae,5025,Leersia oryzoides,*,Rice Cut Grass,,,3,
Plantae,Flora,Poaceae,14476,Leptochloa asthenes,,,,,410,
Plantae,Flora,Poaceae,5027,Leptochloa decipiens,,Slender Canegrass,,,28,
Plantae,Flora,Poaceae,7726,Leptochloa digitata,,Umbrella Canegrass,,,330,
Plantae,Flora,Poaceae,5028,Leptochloa divaricatissima,,,,,252,
Plantae,Flora,Poaceae,5029,Leptochloa peacockii,,,,,32,
Plantae,Flora,Poaceae,LEPC,Leptochloa spp.,,,,,60,
Plantae,Flora,Poaceae,9414,Lepturus repens,,,,,15,
Plantae,Flora,Poaceae,5030,Lolium loliaceum,*,Stiff Ryegrass,,,362,
Plantae,Flora,Poaceae,5031,Lolium multiflorum,*,Italian Ryegrass,,,144,
Plantae,Flora,Poaceae,5032,Lolium perenne,*,Perennial Ryegrass,,,7338,
Plantae,Flora,Poaceae,5033,Lolium rigidum,*,Wimmera Ryegrass,,,5571,
Plantae,Flora,Poaceae,LOLI,Lolium spp.,*,,,,2209,
Plantae,Flora,Poaceae,5034,Lolium temulentum,*,Darnel,,,40,
Plantae,Flora,Poaceae,14421,Megathyrsus maximum var. pubiglumis,*,green panic,,,78,
Plantae,Flora,Poaceae,14001,Megathyrsus maximus,*,,,,998,
Plantae,Flora,Poaceae,12592,Megathyrsus maximus var. maximus,*,,,,247,
Plantae,Flora,Poaceae,7291,Melinis minutiflora,*,Molasses Grass,,,165,
Plantae,Flora,Poaceae,10904,Melinis repens,*,Red Natal Grass,,,1284,
Plantae,Flora,Poaceae,5037,Microlaena stipoides,,Weeping Grass,,,24754,
Plantae,Flora,Poaceae,7542,Microlaena stipoides var. breviseta,,,,,11,
Plantae,Flora,Poaceae,7707,Microlaena stipoides var. stipoides,,Weeping Grass,,,20374,
Plantae,Flora,Poaceae,5038,Microstegium nudum,*,,,,22,
Plantae,Flora,Poaceae,5039,Miscanthus sinensis,*,Eulalia,,,11,
Plantae,Flora,Poaceae,6972,Molineria minuta,*,,,,18,
Plantae,Flora,Poaceae,12038,Monachather paradoxus,,Bandicoot Grass,,,723,
Plantae,Flora,Poaceae,10365,Nassella hyalina,*,,,,6,
Plantae,Flora,Poaceae,10366,Nassella megapotamia,*,,,,3,
Plantae,Flora,Poaceae,9607,Nassella neesiana,*,Chilean Needle Grass,,,561,
Plantae,Flora,Poaceae,NASS,Nassella spp.,*,,,,15,
Plantae,Flora,Poaceae,13451,Nassella tenuissima,*,,,,2,
Plantae,Flora,Poaceae,5041,Nassella trichotoma,*,Serrated Tussock,,,2536,
Plantae,Flora,Poaceae,5042,Neurachne munroi,,Mulga Grass,,,26,
Plantae,Flora,Poaceae,5043,Notochloe microdon,,,,,94,
Plantae,Flora,Poaceae,NOTD,Notodanthonia spp.,,,,,31,
Plantae,Flora,Poaceae,5044,Oplismenus aemulus,,,,,10687,
Plantae,Flora,Poaceae,6746,Oplismenus hirtellus,,,,,62,
Plantae,Flora,Poaceae,5045,Oplismenus imbecillis,,,,,11039,
Plantae,Flora,Poaceae,OPLI,Oplismenus spp.,,,,,277,
Plantae,Flora,Poaceae,5046,Oplismenus undulatifolius,,,,,348,
Plantae,Flora,Poaceae,10352,Oryza sativa,*,Rice,,,7,
Plantae,Flora,Poaceae,5048,Ottochloa gracillima,,,,,1542,
Plantae,Flora,Poaceae,OTTO,Ottochloa spp.,,,,,10,
Plantae,Flora,Poaceae,7663,Oxychloris scariosa,,Winged Chloris,,,4,
Plantae,Flora,Poaceae,5049,Panicum antidotale,*,Giant Panic Grass,,,65,
Plantae,Flora,Poaceae,5050,Panicum bisulcatum,,Black-seeded Panic,,,70,
Plantae,Flora,Poaceae,5051,Panicum bulbosum,*,Bulbous Panic,,,11,
Plantae,Flora,Poaceae,5052,Panicum buncei,,Native Panic,,,400,
Plantae,Flora,Poaceae,5053,Panicum capillare,*,Witchgrass,,,270,
Plantae,Flora,Poaceae,9332,Panicum capillare var. capillare,*,Witchgrass,,,9,
Plantae,Flora,Poaceae,10353,Panicum capillare var. occidentale,*,,,,3,
Plantae,Flora,Poaceae,5054,Panicum coloratum,*,Coolah Grass,,,128,
Plantae,Flora,Poaceae,10356,Panicum coloratum var. coloratum,*,,,,6,
Plantae,Flora,Poaceae,9333,Panicum coloratum var. makarikariense,*,,,,35,
Plantae,Flora,Poaceae,6395,Panicum decompositum,,Native Millet,,,2335,
Plantae,Flora,Poaceae,5055,Panicum effusum,,Hairy Panic,,,12383,
Plantae,Flora,Poaceae,7340,Panicum gilvum,*,,,,102,
Plantae,Flora,Poaceae,5056,Panicum lachnophyllum,,Don't Panic,,,58,
Plantae,Flora,Poaceae,7773,Panicum laevinode,,Pepper Grass,,,305,
Plantae,Flora,Poaceae,5059,Panicum miliaceum,*,French Millet,,,94,
Plantae,Flora,Poaceae,5060,Panicum obseptum,,White Water Panic,,,188,
Plantae,Flora,Poaceae,5061,Panicum paludosum,,Swamp Panic,,,14,
Plantae,Flora,Poaceae,5063,Panicum pygmaeum,,Pygmy Panic,,,246,
Plantae,Flora,Poaceae,5064,Panicum queenslandicum,,Yadbila Grass,,,937,
Plantae,Flora,Poaceae,6534,Panicum queenslandicum var. acuminatum,,,,,35,
Plantae,Flora,Poaceae,9331,Panicum queenslandicum var. queenslandicum,,Yabila Grass,,,629,
Plantae,Flora,Poaceae,13453,Panicum racemosum,*,,,,2,
Plantae,Flora,Poaceae,5065,Panicum repens,*,Torpedo Grass,,,95,
Plantae,Flora,Poaceae,7486,Panicum schinzii,*,,,,73,
Plantae,Flora,Poaceae,5066,Panicum simile,,Two-colour Panic,,,8986,
Plantae,Flora,Poaceae,PANI,Panicum spp.,,Panicum,,,1667,
Plantae,Flora,Poaceae,5069,Paractaenum novae-hollandiae,,Reflexed Panic Grass,,,111,
Plantae,Flora,Poaceae,5070,Parapholis incurva,*,Coast Barb Grass,,,158,
Plantae,Flora,Poaceae,5071,Parapholis strigosa,*,Slender Barb Grass,,,5,
Plantae,Flora,Poaceae,5072,Paspalidium albovillosum,,,,,128,
Plantae,Flora,Poaceae,5073,Paspalidium aversum,,Bent Summer Grass,,,437,
Plantae,Flora,Poaceae,5074,Paspalidium breviflorum,,,,,35,
Plantae,Flora,Poaceae,5075,Paspalidium caespitosum,,Brigalow Grass,,,148,
Plantae,Flora,Poaceae,5076,Paspalidium clementii,,,,,4,
Plantae,Flora,Poaceae,5077,Paspalidium constrictum,,Knottybutt Grass,,,3665,
Plantae,Flora,Poaceae,5078,Paspalidium criniforme,,,,,430,
Plantae,Flora,Poaceae,7172,Paspalidium distans,,,,,5316,
Plantae,Flora,Poaceae,5079,Paspalidium gausum,,,,,28,
Plantae,Flora,Poaceae,5080,Paspalidium globoideum,,Shotgrass,,,129,
Plantae,Flora,Poaceae,5081,Paspalidium gracile,,Slender Panic,,,2985,
Plantae,Flora,Poaceae,9600,Paspalidium grandispiculatum,,,V,V,134,
Plantae,Flora,Poaceae,5082,Paspalidium jubiflorum,,Warrego Grass,,,14017,
Plantae,Flora,Poaceae,5084,Paspalidium rarum,,,,,5,
Plantae,Flora,Poaceae,PASA,Paspalidium spp.,,,,,1136,
Plantae,Flora,Poaceae,13455,Paspalum bisulcatum,*,,,,2,
Plantae,Flora,Poaceae,9327,Paspalum ciliatifolium,*,One-spiked Paspalum,,,11,
Plantae,Flora,Poaceae,5085,Paspalum conjugatum,*,Johnston River Grass,,,99,
Plantae,Flora,Poaceae,5086,Paspalum dilatatum,*,Paspalum,,,13922,
Plantae,Flora,Poaceae,5087,Paspalum distichum,,Water Couch,,,4048,
Plantae,Flora,Poaceae,12421,Paspalum mandiocanum,*,Broadleaf Paspalum,,,1346,
Plantae,Flora,Poaceae,9328,Paspalum nicorae,*,,,,2,
Plantae,Flora,Poaceae,5088,Paspalum notatum,*,Bahia Grass,,,187,
Plantae,Flora,Poaceae,5089,Paspalum orbiculare,,Ditch Millet,,,448,
Plantae,Flora,Poaceae,5090,Paspalum paniculatum,*,Russell River Grass,,,19,
Plantae,Flora,Poaceae,5092,Paspalum quadrifarium,*,Tussock Paspalum,,,184,
Plantae,Flora,Poaceae,10355,Paspalum regnellii,*,,,,2,
Plantae,Flora,Poaceae,7806,Paspalum scrobiculatum,*,Scrobic,,,32,
Plantae,Flora,Poaceae,PASP,Paspalum spp.,,,,,475,
Plantae,Flora,Poaceae,5093,Paspalum urvillei,*,Vasey Grass,,,2384,
Plantae,Flora,Poaceae,6563,Paspalum vaginatum,,Salt-water Couch,,,213,
Plantae,Flora,Poaceae,6638,Pennisetum glaucum,*,Pearl Millet,,,12,
Plantae,Flora,Poaceae,5097,Pennisetum macrourum,*,African Feather Grass,,,22,
Plantae,Flora,Poaceae,5098,Pennisetum purpureum,*,Elephant Grass,,,45,
Plantae,Flora,Poaceae,PENN,Pennisetum spp.,,,,,66,
Plantae,Flora,Poaceae,5101,Pentapogon quadrifidus,,Fiveawn Speargrass,,,77,
Plantae,Flora,Poaceae,5102,Pentaschistis airoides,*,False Hairgrass,,,415,
Plantae,Flora,Poaceae,5104,Perotis rara,,Comet Grass,,,168,
Plantae,Flora,Poaceae,5105,Phalaris angusta,*,,,,28,
Plantae,Flora,Poaceae,5106,Phalaris aquatica,*,Phalaris,,,4027,
Plantae,Flora,Poaceae,5107,Phalaris arundinacea,*,,,,36,
Plantae,Flora,Poaceae,9346,Phalaris arundinacea var. arundinacea,*,Reed Canary Grass,,,17,
Plantae,Flora,Poaceae,9347,Phalaris arundinacea var. picta,*,Ribbon Grass,,,8,
Plantae,Flora,Poaceae,5108,Phalaris canariensis,*,Canary Grass,,,109,
Plantae,Flora,Poaceae,5109,Phalaris coerulescens,*,Blue Canary Grass,,,2,
Plantae,Flora,Poaceae,13456,Phalaris lemmonii,*,,,,1,
Plantae,Flora,Poaceae,5110,Phalaris minor,*,Lesser Canary Grass,,,509,
Plantae,Flora,Poaceae,5111,Phalaris paradoxa,*,Paradoxa Grass,,,837,
Plantae,Flora,Poaceae,PHAA,Phalaris spp.,*,,,,488,
Plantae,Flora,Poaceae,5112,Phleum pratense,*,Timothy,,,78,
Plantae,Flora,Poaceae,5113,Phragmites australis,,Common Reed,,,4526,
Plantae,Flora,Poaceae,PHRA,Phragmites spp.,,,,,27,
Plantae,Flora,Poaceae,5114,Phyllostachys aurea,*,Fishpole Bamboo,,,182,
Plantae,Flora,Poaceae,5115,Phyllostachys nigra,*,Black Bamboo,,,19,
Plantae,Flora,Poaceae,PHYO,Phyllostachys spp.,*,,,,125,
Plantae,Flora,Poaceae,9118,Piptatherum miliacea,*,Rice Millet,,,40,
Plantae,Flora,Poaceae,5116,Plagiosetum refractum,,Bristle Brush Grass,,,23,
Plantae,Flora,Poaceae,5117,Plinthanthesis paradoxa,,,,,697,
Plantae,Flora,Poaceae,5118,Plinthanthesis rodwayi,,Budawangs Wallaby Grass,E4A,CE,207,
Plantae,Flora,Poaceae,PLIN,Plinthanthesis spp.,,,,,1,
Plantae,Flora,Poaceae,5119,Plinthanthesis urvillei,,,,,46,
Plantae,Flora,Poaceae,5120,Poa affinis,,,,,2175,
Plantae,Flora,Poaceae,5121,Poa annua,*,Winter Grass,,,1560,
Plantae,Flora,Poaceae,14834,Poa billardierei,,,,,7,
Plantae,Flora,Poaceae,5122,Poa bulbosa,*,Bulbous Poa,,,467,
Plantae,Flora,Poaceae,5123,Poa cheelii,,,,,151,
Plantae,Flora,Poaceae,5124,Poa clivicola,,Fine-leaved Snowgrass,,,340,
Plantae,Flora,Poaceae,5125,Poa compressa,*,Canada Bluegrass,,,32,
Plantae,Flora,Poaceae,5126,Poa costiniana,,Bog Snowgrass,,,1255,
Plantae,Flora,Poaceae,5127,Poa ensiformis,,Purple-sheathed Tussock-grass,,,694,
Plantae,Flora,Poaceae,13458,Poa eremophila,,,,,1,
Plantae,Flora,Poaceae,5128,Poa fawcettiae,,Smooth Blue Snowgrass,,,334,
Plantae,Flora,Poaceae,6726,Poa fax,,Scaly Poa,,,45,
Plantae,Flora,Poaceae,5129,Poa fordeana,,Sweet Swamp-grass,,,325,
Plantae,Flora,Poaceae,5130,Poa helmsii,,Broad-leaved Snowgrass,,,493,
Plantae,Flora,Poaceae,5131,Poa hiemata,,Soft Snowgrass,,,301,
Plantae,Flora,Poaceae,9948,Poa hookeri,,,,,46,
Plantae,Flora,Poaceae,13868,Poa hothamensis,,Ledge Grass,,,9,
Plantae,Flora,Poaceae,5132,Poa induta,,,,,363,
Plantae,Flora,Poaceae,13459,Poa infirma,,,,,3,
Plantae,Flora,Poaceae,13460,Poa labillardierei subsp. nervosa,,,,,1,
Plantae,Flora,Poaceae,11196,Poa labillardierei var. labillardierei,,Tussock,,,10729,
Plantae,Flora,Poaceae,5134,Poa meionectes,,,,,5360,
Plantae,Flora,Poaceae,13461,Poa nemoralis,,,,,1,
Plantae,Flora,Poaceae,5135,Poa petrophila,,Rock Tussock-grass,,,56,
Plantae,Flora,Poaceae,5136,Poa phillipsiana,,,,,357,
Plantae,Flora,Poaceae,11143,Poa poiformis var. poiformis,,,,,208,
Plantae,Flora,Poaceae,5138,Poa pratensis,*,Kentucky Bluegrass,,,397,
Plantae,Flora,Poaceae,5139,Poa queenslandica,,Queensland Grass,,,223,
Plantae,Flora,Poaceae,5140,Poa saxicola,,Rock Poa,,,79,
Plantae,Flora,Poaceae,5141,Poa sieberiana,,Snowgrass,,,13566,
Plantae,Flora,Poaceae,8743,Poa sieberiana var. cyanophylla,,,,,1656,
Plantae,Flora,Poaceae,8744,Poa sieberiana var. hirtella,,,,,798,
Plantae,Flora,Poaceae,8742,Poa sieberiana var. sieberiana,,Snowgrass,,,8157,
Plantae,Flora,Poaceae,13462,Poa sieberiana var. sieberiana (fine leaf form),,,,,16,
Plantae,Flora,Poaceae,POA,Poa spp.,,,,,3714,
Plantae,Flora,Poaceae,5142,Poa tenera,,Slender Tussock-grass,,,250,
Plantae,Flora,Poaceae,5143,Poa trivialis,*,Rough Meadowgrass,,,22,
Plantae,Flora,Poaceae,POAC,Poaceae indeterminate,*,"Grasses, reeds and bamboos",,,4663,
Plantae,Flora,Poaceae,11145,Polypogon chilensis,*,,,,1,
Plantae,Flora,Poaceae,13463,Polypogon lutosus,*,Perennial Beardgrass,,,26,
Plantae,Flora,Poaceae,5145,Polypogon monspeliensis,*,Annual Beardgrass,,,437,
Plantae,Flora,Poaceae,POLP,Polypogon spp.,*,,,,10,
Plantae,Flora,Poaceae,5146,Potamophila parviflora,,,,,35,
Plantae,Flora,Poaceae,5147,Pseudoraphis paradoxa,,Slender Mudgrass,,,222,
Plantae,Flora,Poaceae,5148,Pseudoraphis spinescens,,Spiny Mudgrass,,,2806,
Plantae,Flora,Poaceae,PSED,Pseudoraphis spp.,,,,,24,
Plantae,Flora,Poaceae,5149,Psilurus incurvus,*,Bristle-tail Grass,,,50,
Plantae,Flora,Poaceae,13464,Puccinellia airoides,,,,,1,
Plantae,Flora,Poaceae,5150,Puccinellia ciliata,*,,,,2,
Plantae,Flora,Poaceae,13465,Puccinellia fasciculata,*,,,,2,
Plantae,Flora,Poaceae,PUCC,Puccinellia spp.,,,,,1,
Plantae,Flora,Poaceae,5151,Puccinellia stricta,,Australian Saltmarsh Grass,,,46,
Plantae,Flora,Poaceae,7878,Rostraria cristata,*,Annual Cat's Tail,,,625,
Plantae,Flora,Poaceae,7857,Rostraria pumila,*,Roughtail,,,632,
Plantae,Flora,Poaceae,11645,Rostraria spp.,*,,,,13,
Plantae,Flora,Poaceae,7055,Rottboellia cochinchinensis,*,,,,1,
Plantae,Flora,Poaceae,10497,Rottboellia coelorachis,*,,,,1,
Plantae,Flora,Poaceae,14302,Rytidosperma alpicola,,Alpine Grass,,,42,
Plantae,Flora,Poaceae,14303,Rytidosperma auriculatum,,Lobed Wallaby Grass,,,664,
Plantae,Flora,Poaceae,10945,Rytidosperma australe,,Southern Sheep-grass,,,14,
Plantae,Flora,Poaceae,14304,Rytidosperma bipartitum,,Wallaby Grass,,,3382,
Plantae,Flora,Poaceae,14305,Rytidosperma caespitosum,,Ringed Wallaby Grass,,,7358,
Plantae,Flora,Poaceae,14306,Rytidosperma carphoides,,Short Wallaby Grass,,,785,
Plantae,Flora,Poaceae,14307,Rytidosperma duttonianum,,Brown-back Wallaby Grass,,,627,
Plantae,Flora,Poaceae,14308,Rytidosperma erianthum,,Wallaby Grass,,,1872,
Plantae,Flora,Poaceae,14309,Rytidosperma fulvum,,Wallaby Grass,,,3200,
Plantae,Flora,Poaceae,14310,Rytidosperma indutum,,,,,84,
Plantae,Flora,Poaceae,14311,Rytidosperma laeve,,Wallaby Grass,,,1266,
Plantae,Flora,Poaceae,14312,Rytidosperma longifolium,,Long-leaved Wallaby Grass,,,3156,
Plantae,Flora,Poaceae,14313,Rytidosperma monticola,,Mountain Wallaby Grass,,,1665,
Plantae,Flora,Poaceae,10637,Rytidosperma nivicola,,,,,77,
Plantae,Flora,Poaceae,10638,Rytidosperma nudiflorum,,,,,299,
Plantae,Flora,Poaceae,10947,Rytidosperma oreophilum,,,,,22,
Plantae,Flora,Poaceae,14314,Rytidosperma pallidum,,Redanther Wallaby Grass; Silvertop Wallaby Grass,,,9256,
Plantae,Flora,Poaceae,14315,Rytidosperma penicillatum,,Slender Wallaby Grass,,,792,
Plantae,Flora,Poaceae,14316,Rytidosperma pilosum,,Smooth-flowered Wallaby Grass,,,2074,
Plantae,Flora,Poaceae,10639,Rytidosperma procerum,,,,,14,
Plantae,Flora,Poaceae,10946,Rytidosperma pumilum,,Feldmark Grass,V,V,71,
Plantae,Flora,Poaceae,14317,Rytidosperma racemosum,,Wallaby Grass,,,3559,
Plantae,Flora,Poaceae,14319,Rytidosperma racemosum var. obtusatum,,Wallaby Grass,,,1729,
Plantae,Flora,Poaceae,14318,Rytidosperma racemosum var. racemosum,,Wallaby Grass,,,4568,
Plantae,Flora,Poaceae,14320,Rytidosperma richardsonii,,Straw Wallaby-grass,,,491,
Plantae,Flora,Poaceae,14321,Rytidosperma semiannulare,,Tasmanian Wallaby Grass,,,78,
Plantae,Flora,Poaceae,14322,Rytidosperma setaceum,,Small-flowered Wallaby-grass,,,6690,
Plantae,Flora,Poaceae,RYTI,Rytidosperma spp.,,,,,12525,
Plantae,Flora,Poaceae,14323,Rytidosperma tenuius,,,,,2588,
Plantae,Flora,Poaceae,10501,Rytidosperma unarede,,,,,1,
Plantae,Flora,Poaceae,10850,Rytidosperma vickeryae,,Perisher Wallaby-grass,E1,,129,
Plantae,Flora,Poaceae,10345,Saccharum officinarum,*,Sugarcane,,,6,
Plantae,Flora,Poaceae,5155,Sacciolepis indica,,Indian Cupscale Grass,,,284,
Plantae,Flora,Poaceae,SACC,Sacciolepis spp.,,,,,2,
Plantae,Flora,Poaceae,5156,Schismus barbatus,*,Arabian Grass,,,2071,
Plantae,Flora,Poaceae,5157,Schizachyrium fragile,,Firegrass,,,18,
Plantae,Flora,Poaceae,5158,Sclerochloa dura,*,Hardgrass,,,4,
Plantae,Flora,Poaceae,5159,Secale cereale,*,Cereal Rye,,,123,
Plantae,Flora,Poaceae,5161,Setaria australiensis,,Scrub Pigeon Grass,,,5,
Plantae,Flora,Poaceae,13467,Setaria dielsii,*,,,,1,
Plantae,Flora,Poaceae,12223,Setaria incrassata,*,Purple Pigeon Grass,,,40,
Plantae,Flora,Poaceae,5164,Setaria italica,*,Foxtail Millet,,,83,
Plantae,Flora,Poaceae,5165,Setaria palmifolia,*,Palm Grass,,,345,
Plantae,Flora,Poaceae,13468,Setaria parviflora,*,,,,6484,
Plantae,Flora,Poaceae,5166,Setaria paspalidioides,,,,,77,
Plantae,Flora,Poaceae,11167,Setaria poiretiana,*,Poiret Bristle Grass,,,1,
Plantae,Flora,Poaceae,7842,Setaria pumila,*,Pale Pigeon Grass,,,1706,
Plantae,Flora,Poaceae,5167,Setaria sphacelata,*,South African Pigeon Grass,,,1109,
Plantae,Flora,Poaceae,SETA,Setaria spp.,,,,,940,
Plantae,Flora,Poaceae,5168,Setaria surgens,,,,,6,
Plantae,Flora,Poaceae,5169,Setaria verticillata,*,Whorled Pigeon Grass,,,210,
Plantae,Flora,Poaceae,5170,Setaria viridis,*,Green Pigeon Grass,,,103,
Plantae,Flora,Poaceae,12511,Sorghum almum,*,Columbus Grass,,,3,
Plantae,Flora,Poaceae,5171,Sorghum bicolor,*,Sorghum,,,99,
Plantae,Flora,Poaceae,9323,Sorghum bicolor subsp. arundinaceum,*,,,,6,
Plantae,Flora,Poaceae,9322,Sorghum bicolor subsp. drummondii,*,,,,32,
Plantae,Flora,Poaceae,5172,Sorghum halepense,*,Johnson Grass,,,375,
Plantae,Flora,Poaceae,5173,Sorghum leiocladum,,Wild Sorghum,,,2891,
Plantae,Flora,Poaceae,SORG,Sorghum spp.,,,,,53,
Plantae,Flora,Poaceae,7843,Spinifex sericeus,,Hairy Spinifex,,,461,
Plantae,Flora,Poaceae,5175,Sporobolus actinocladus,,Katoora Grass,,,1014,
Plantae,Flora,Poaceae,5176,Sporobolus africanus,*,Parramatta Grass,,,2819,
Plantae,Flora,Poaceae,11171,Sporobolus blakei,,,,,3,
Plantae,Flora,Poaceae,5177,Sporobolus caroli,,Fairy Grass,,,5122,
Plantae,Flora,Poaceae,5178,Sporobolus contiguus,,,,,22,
Plantae,Flora,Poaceae,13780,Sporobolus coromandelianus,*,Small Dropseed,,,6,
Plantae,Flora,Poaceae,5179,Sporobolus creber,,Slender Rat's Tail Grass,,,10772,
Plantae,Flora,Poaceae,5180,Sporobolus diander,,,,,85,
Plantae,Flora,Poaceae,10327,Sporobolus disjunctus,,,,,4,
Plantae,Flora,Poaceae,5181,Sporobolus elongatus,,Slender Rat's Tail Grass,,,1481,
Plantae,Flora,Poaceae,11172,Sporobolus fertilis,*,Giant Parramatta Grass,,,550,
Plantae,Flora,Poaceae,6543,Sporobolus indicus,*,Parramatta Grass,,,220,
Plantae,Flora,Poaceae,12529,Sporobolus laxus,,,,,34,
Plantae,Flora,Poaceae,5182,Sporobolus mitchellii,,Rat's Tail Couch,,,1487,
Plantae,Flora,Poaceae,11173,Sporobolus natalensis,*,Giant Rat's Tail Grass,,,3,
Plantae,Flora,Poaceae,5183,Sporobolus pyramidalis,*,,,,47,
Plantae,Flora,Poaceae,11174,Sporobolus sessilis,,,,,6,
Plantae,Flora,Poaceae,SPOR,Sporobolus spp.,,Rat's Tail Couch,,,624,
Plantae,Flora,Poaceae,5184,Sporobolus virginicus,,,,,1263,
Plantae,Flora,Poaceae,9224,Sporobolus virginicus var. minor,,Marine Couch,,,169,
Plantae,Flora,Poaceae,9336,Sporobolus virginicus var. virginicus,,Sand Couch,,,100,
Plantae,Flora,Poaceae,5185,Stenotaphrum secundatum,*,Buffalo Grass,,,2493,
Plantae,Flora,Poaceae,8263,Tetrarrhena acuminata,,,,,1,
Plantae,Flora,Poaceae,5217,Tetrarrhena juncea,,Wiry Ricegrass,,,1927,
Plantae,Flora,Poaceae,TETH,Tetrarrhena spp.,,,,,26,
Plantae,Flora,Poaceae,7993,Tetrarrhena turfosa,,,,,2122,
Plantae,Flora,Poaceae,5218,Thellungia advena,,Coolibah Grass,,,140,
Plantae,Flora,Poaceae,5220,Themeda avenacea,,Native Oatgrass,,,220,
Plantae,Flora,Poaceae,5221,Themeda quadrivalvis,*,Grader Grass,,,51,
Plantae,Flora,Poaceae,THEM,Themeda spp.,,,,,67,
Plantae,Flora,Poaceae,7770,Themeda triandra,,,,,32536,
Plantae,Flora,Poaceae,14048,Thinopyrum ponticum,*,Tall Wheat Grass,,,47,
Plantae,Flora,Poaceae,5222,Thyridolepis mitchelliana,,Mulga Mitchell Grass,,,2259,
Plantae,Flora,Poaceae,THYR,Thyridolepis spp.,,,,,5,
Plantae,Flora,Poaceae,5223,Thyridolepis xerophila,,,,,34,
Plantae,Flora,Poaceae,5224,Tragus australianus,,Small Burrgrass,,,1398,
Plantae,Flora,Poaceae,5225,Triodia basedowii,,Hard Spinifex,,,11,
Plantae,Flora,Poaceae,13471,Triodia marginata,,,,,2,
Plantae,Flora,Poaceae,5227,Triodia mitchellii,,Spinifex,,,163,
Plantae,Flora,Poaceae,6464,Triodia mitchellii var. breviloba,,Buck Spinifex,,,78,
Plantae,Flora,Poaceae,13472,Triodia mitchellii var. mitchellii,,,,,5,
Plantae,Flora,Poaceae,7136,Triodia mitchellii var. pubivagina,,,,,34,
Plantae,Flora,Poaceae,5228,Triodia scariosa,,Porcupine Grass,,,1462,
Plantae,Flora,Poaceae,8936,Triodia scariosa subsp. scariosa,,,,,1039,
Plantae,Flora,Poaceae,8937,Triodia scariosa subsp. yelarbonensis,,,,,3,
Plantae,Flora,Poaceae,TRIO,Triodia spp.,,,,,10,
Plantae,Flora,Poaceae,5229,Tripogon loliiformis,,Fiveminute Grass,,,3192,
Plantae,Flora,Poaceae,5231,Triraphis mollis,,Purple Needlegrass,,,558,
Plantae,Flora,Poaceae,5232,Trisetum flavescens,*,Golden Oat Grass,,,6,
Plantae,Flora,Poaceae,5233,Trisetum spicatum,,Bristle Grass,,,319,
Plantae,Flora,Poaceae,TRIS,Trisetum spp.,,,,,1,
Plantae,Flora,Poaceae,5234,Triticum aestivum,*,Wheat,,,296,
Plantae,Flora,Poaceae,TRIM,Triticum spp.,*,,,,24,
Plantae,Flora,Poaceae,13473,Uniola latifolia,*,,,,2,
Plantae,Flora,Poaceae,5235,Uranthoecium truncatum,,Flat-stem Grass,,,6,
Plantae,Flora,Poaceae,7798,Urochloa advena,*,,,,17,
Plantae,Flora,Poaceae,7093,Urochloa decumbens,*,Signal Grass,,,5,
Plantae,Flora,Poaceae,10001,Urochloa fasciculata var. reticulata,*,,,,13,
Plantae,Flora,Poaceae,9792,Urochloa foliosa,,Leafy Panic,,,167,
Plantae,Flora,Poaceae,7084,Urochloa gilesii,,,,,41,
Plantae,Flora,Poaceae,5236,Urochloa mosambicensis,*,Sabi Grass,,,34,
Plantae,Flora,Poaceae,7111,Urochloa mutica,*,Para Grass,,,43,
Plantae,Flora,Poaceae,10250,Urochloa notochthona,,,,,9,
Plantae,Flora,Poaceae,5237,Urochloa panicoides,*,Urochloa Grass,,,1091,
Plantae,Flora,Poaceae,7506,Urochloa piligera,,Hairy Armgrass,,,121,
Plantae,Flora,Poaceae,7437,Urochloa praetervisa,,,,,52,
Plantae,Flora,Poaceae,UROC,Urochloa spp.,,,,,95,
Plantae,Flora,Poaceae,7774,Urochloa subquadripara,,Green Summer Grass,,,89,
Plantae,Flora,Poaceae,7776,Urochloa texana,*,Texas Millet,,,49,
Plantae,Flora,Poaceae,5239,Vulpia bromoides,*,Squirrel Tail Fesque,,,2956,
Plantae,Flora,Poaceae,9344,Vulpia ciliata,*,,,,10,
Plantae,Flora,Poaceae,6629,Vulpia fasciculata,*,,,,4,
Plantae,Flora,Poaceae,8516,Vulpia muralis,*,Wall Fescue,,,2085,
Plantae,Flora,Poaceae,5242,Vulpia myuros,*,Rat's Tail Fescue,,,4016,
Plantae,Flora,Poaceae,VULP,Vulpia spp.,*,Rat's-tail Fescue,,,4005,
Plantae,Flora,Poaceae,13475,Walwhalleya proluta,,,,,1904,
Plantae,Flora,Poaceae,13476,Walwhalleya pungens,,,,,6,
Plantae,Flora,Poaceae,12112,Walwhalleya subxerophila,,Gilgai Grass,,,1037,
Plantae,Flora,Poaceae,13478,Whiteochloa cymbiformis,,,,,14,
Plantae,Flora,Poaceae,13479,Whiteochloa semitonsa,,,,,1,
Plantae,Flora,Poaceae,9443,Yakirra australiensis,,Bunch Panic,,,7,
Plantae,Flora,Poaceae,9318,Zea mays,*,Maize,,,15,
Plantae,Flora,Poaceae,5243,Zoysia macrantha,,Prickly Couch,,,508,
Plantae,Flora,Poaceae,14057,Zoysia matrella,*,Manila Grass,,,1,
Plantae,Flora,Poaceae,ZOYS,Zoysia spp.,,,,,4,
Plantae,Flora,Poaceae,5244,Zygochloa paradoxa,,Sandhill Canegrass,,,47,
Plantae,Flora,Podocarpaceae,13480,Afrocarpus falcatus,*,,,,18,
Plantae,Flora,Podocarpaceae,12430,Pherosphaera fitzgeraldii,,Dwarf Mountain Pine,E1,E,151,
Plantae,Flora,Podocarpaceae,5246,Podocarpus elatus,,Plum Pine,,,577,
Plantae,Flora,Podocarpaceae,5247,Podocarpus lawrencei,,Mountain Plum Pine,,,112,
Plantae,Flora,Podocarpaceae,5248,Podocarpus spinulosus,,Spiny-leaf Podocarp,,,454,
Plantae,Flora,Podocarpaceae,PODC,Podocarpus spp.,,,,,20,
Plantae,Flora,Polemoniaceae,5250,Collomia grandiflora,*,,,,21,
Plantae,Flora,Polemoniaceae,COLL,Collomia spp.,*,,,,1,
Plantae,Flora,Polemoniaceae,5251,Navarretia squarrosa,*,Californian Stinkweed,,,20,
Plantae,Flora,Polygalaceae,10318,Comesperma breviflorum,,,,,3,
Plantae,Flora,Polygalaceae,5252,Comesperma defoliatum,,,,,203,
Plantae,Flora,Polygalaceae,5253,Comesperma ericinum,,Pyramid Flower,,,2118,
Plantae,Flora,Polygalaceae,13481,Comesperma hispidulum,,,,,3,
Plantae,Flora,Polygalaceae,5254,Comesperma integerrimum,,,,,20,
Plantae,Flora,Polygalaceae,13758,Comesperma latifolium,*,,,,1,
Plantae,Flora,Polygalaceae,5255,Comesperma retusum,,,,,171,
Plantae,Flora,Polygalaceae,8550,Comesperma scoparium,,,E4,,K,
Plantae,Flora,Polygalaceae,5256,Comesperma sphaerocarpum,,,,,310,
Plantae,Flora,Polygalaceae,COME,Comesperma spp.,,,,,26,
Plantae,Flora,Polygalaceae,7525,Comesperma sylvestre,,,,,32,
Plantae,Flora,Polygalaceae,5257,Comesperma volubile,,,,,781,
Plantae,Flora,Polygalaceae,5258,Muraltia heisteria,*,,,,5,
Plantae,Flora,Polygalaceae,5259,Polygala japonica,,Dwarf Milkwort,,,804,
Plantae,Flora,Polygalaceae,5260,Polygala linariifolia,,Native Milkwort,E1,,698,
Plantae,Flora,Polygalaceae,5261,Polygala myrtifolia,*,,,,197,
Plantae,Flora,Polygalaceae,8894,Polygala paniculata,*,,,,93,
Plantae,Flora,Polygalaceae,POLY,Polygala spp.,,,,,25,
Plantae,Flora,Polygalaceae,5262,Polygala virgata,*,,,,156,
Plantae,Flora,Polygalaceae,PLGLC,Polygalaceae indeterminate,*,Milkworts,,,1,
Plantae,Flora,Polygonaceae,5263,Acetosa sagittata,*,Rambling Dock,,,1546,
Plantae,Flora,Polygonaceae,ACET,Acetosa spp.,*,,,,5,
Plantae,Flora,Polygonaceae,5264,Acetosa vesicaria,*,Bladder Dock,,,73,
Plantae,Flora,Polygonaceae,5265,Acetosella vulgaris,*,Sheep Sorrel,,,7705,
Plantae,Flora,Polygonaceae,14542,Duma florulenta,,Lignum,,,6242,
Plantae,Flora,Polygonaceae,14544,Duma horrida subsp. horrida,,,,,125,
Plantae,Flora,Polygonaceae,5266,Emex australis,*,Spiny Emex,,,381,
Plantae,Flora,Polygonaceae,EMEX,Emex spp.,*,,,,1,
Plantae,Flora,Polygonaceae,5267,Fagopyrum esculentum,*,Buckwheat,,,9,
Plantae,Flora,Polygonaceae,5268,Fallopia convolvulus,*,Black Bindweed,,,200,
Plantae,Flora,Polygonaceae,12063,Fallopia japonica,*,Japanese Knotweed,,,6,
Plantae,Flora,Polygonaceae,12234,Fallopia sachalinensis,*,Giant Knotweed,,,2,
Plantae,Flora,Polygonaceae,FALL,Fallopia spp.,*,,,,2,
Plantae,Flora,Polygonaceae,5269,Muehlenbeckia adpressa,,Climbing Lignum,,,63,
Plantae,Flora,Polygonaceae,5270,Muehlenbeckia axillaris,,Matted Lignum,,,23,
Plantae,Flora,Polygonaceae,10475,Muehlenbeckia complexa,,Wire Vine,,,29,
Plantae,Flora,Polygonaceae,5273,Muehlenbeckia diclina,,Weeping Lignum,,,3,
Plantae,Flora,Polygonaceae,9808,Muehlenbeckia diclina subsp. diclina,,,,,7,
Plantae,Flora,Polygonaceae,9809,Muehlenbeckia diclina subsp. stenophylla,,,,,5,
Plantae,Flora,Polygonaceae,5274,Muehlenbeckia gracillima,,Slender Lignum,,,179,
Plantae,Flora,Polygonaceae,5276,Muehlenbeckia rhyticarya,,Wrinkle-nut Lignum,,,145,
Plantae,Flora,Polygonaceae,15213,Muehlenbeckia sp. Mt Norman,,Scrambling Lignum,V,,56,
Plantae,Flora,Polygonaceae,MUEH,Muehlenbeckia spp.,,,,,38,
Plantae,Flora,Polygonaceae,5277,Persicaria attenuata,,,,,76,
Plantae,Flora,Polygonaceae,5278,Persicaria capitata,*,,,,99,
Plantae,Flora,Polygonaceae,7568,Persicaria decipiens,,Slender Knotweed,,,5043,
Plantae,Flora,Polygonaceae,5279,Persicaria dichotoma,,,,,116,
Plantae,Flora,Polygonaceae,5280,Persicaria elatior,,Tall Knotweed,V,V,362,
Plantae,Flora,Polygonaceae,10762,Persicaria filiformis,*,,,,1,
Plantae,Flora,Polygonaceae,5281,Persicaria hydropiper,,Water Pepper,,,4584,
Plantae,Flora,Polygonaceae,5282,Persicaria lapathifolia,,Pale Knotweed,,,994,
Plantae,Flora,Polygonaceae,7001,Persicaria maculosa,*,Redshank,,,49,
Plantae,Flora,Polygonaceae,5284,Persicaria orientalis,,Princes Feathers,,,271,
Plantae,Flora,Polygonaceae,8887,Persicaria praetermissa,,,,,412,
Plantae,Flora,Polygonaceae,5285,Persicaria prostrata,,Creeping Knotweed,,,3429,
Plantae,Flora,Polygonaceae,PERC,Persicaria spp.,,Knotweed,,,1111,
Plantae,Flora,Polygonaceae,5286,Persicaria strigosa,,,,,980,
Plantae,Flora,Polygonaceae,7312,Persicaria subsessilis,,Hairy Knotweed,,,52,
Plantae,Flora,Polygonaceae,PLGNC,Polygonaceae indeterminate,*,"Docks, knotweeds and lignums",,,12,
Plantae,Flora,Polygonaceae,5287,Polygonum arenastrum,*,Wireweed,,,495,
Plantae,Flora,Polygonaceae,5288,Polygonum aviculare,*,Wireweed,,,3000,
Plantae,Flora,Polygonaceae,13486,Polygonum bellardii,*,Tree Hogweed,,,38,
Plantae,Flora,Polygonaceae,5291,Polygonum plebeium,,Small Knotweed,,,532,
Plantae,Flora,Polygonaceae,POLG,Polygonum spp.,,,,,177,
Plantae,Flora,Polygonaceae,5295,Rumex bidens,,Mud Dock,,,10,
Plantae,Flora,Polygonaceae,5296,Rumex brownii,,Swamp Dock,,,19027,
Plantae,Flora,Polygonaceae,5297,Rumex conglomeratus,*,Clustered Dock,,,584,
Plantae,Flora,Polygonaceae,5298,Rumex crispus,*,Curled Dock,,,3689,
Plantae,Flora,Polygonaceae,5299,Rumex crystallinus,,Shiny Dock,,,673,
Plantae,Flora,Polygonaceae,5300,Rumex dumosus,,Wiry Dock,,,660,
Plantae,Flora,Polygonaceae,5301,Rumex hymenosepalus,*,Canaigre,,,4,
Plantae,Flora,Polygonaceae,5302,Rumex obtusifolius,*,Broadleaf Dock,,,230,
Plantae,Flora,Polygonaceae,5303,Rumex pulcher,*,Fiddle Dock,,,57,
Plantae,Flora,Polygonaceae,RUME,Rumex spp.,,Dock,,,2536,
Plantae,Flora,Polygonaceae,7277,Rumex stenoglottis,,,,,64,
Plantae,Flora,Polygonaceae,5304,Rumex tenax,,Shiny Dock,,,3963,
Plantae,Flora,Polygonaceae,12426,Rumex x pratensis,*,,,,4,
Plantae,Flora,Polypodiaceae,8154,Belvisia mucronata,,Needle-leaf Fern,E1,,27,
Plantae,Flora,Polypodiaceae,8155,Dictymia brownii,,Strap Fern,,,688,
Plantae,Flora,Polypodiaceae,8156,^^Drynaria rigidula,,Basket Fern,"E1,3",,41,
Plantae,Flora,Polypodiaceae,9041,Microsorum pustulatum,,Kangaroo Fern,,,345,
Plantae,Flora,Polypodiaceae,11010,Microsorum pustulatum subsp. howense,,,,,97,
Plantae,Flora,Polypodiaceae,11009,Microsorum pustulatum subsp. pustulatum,,,,,274,
Plantae,Flora,Polypodiaceae,8158,Microsorum scandens,,Fragrant Fern,,,1699,
Plantae,Flora,Polypodiaceae,MICM,Microsorum spp.,,,,,17,
Plantae,Flora,Polypodiaceae,11133,Phlebodium aureum,*,Rabbit's-foot Fern,,,3,
Plantae,Flora,Polypodiaceae,8159,Platycerium bifurcatum,,Elkhorn Fern,P,,2807,
Plantae,Flora,Polypodiaceae,PLAY,Platycerium spp.,,,P,,44,
Plantae,Flora,Polypodiaceae,8161,Platycerium superbum,,Staghorn,P,,1073,
Plantae,Flora,Polypodiaceae,11148,Pyrrosia confluens var. confluens,,Horseshoe Felt Fern,,,1214,
Plantae,Flora,Polypodiaceae,8163,Pyrrosia rupestris,,Rock Felt Fern,,,3455,
Plantae,Flora,Polypodiaceae,PYRR,Pyrrosia spp.,,,,,89,
Plantae,Flora,Polytrichaceae,11589,Dawsonia polytrichoides,,,,,5,
Plantae,Flora,Polytrichaceae,12539,Dawsonia spp.,,,,,9,
Plantae,Flora,Pontederiaceae,5305,Eichhornia crassipes,*,Water Hyacinth,,,511,
Plantae,Flora,Pontederiaceae,EICH,Eichhornia spp.,*,,,,2,
Plantae,Flora,Pontederiaceae,14868,Heteranthera reniformis,*,Kidneyleaf Mud Plantain,,,2,
Plantae,Flora,Pontederiaceae,7882,Monochoria cyanea,,,,,8,
Plantae,Flora,Portulacaceae,5307,Anacampseros australiana,,,,,40,
Plantae,Flora,Portulacaceae,5308,Calandrinia balonensis,,,,,74,
Plantae,Flora,Portulacaceae,5309,Calandrinia calyptrata,,,,,49,
Plantae,Flora,Portulacaceae,13487,Calandrinia corrigioloides,,,,,1,
Plantae,Flora,Portulacaceae,5310,Calandrinia disperma,,,,,8,
Plantae,Flora,Portulacaceae,5311,Calandrinia eremaea,,Small Purslane,,,3221,
Plantae,Flora,Portulacaceae,5312,Calandrinia granulifera,,,,,3,
Plantae,Flora,Portulacaceae,5313,Calandrinia menziesii,*,,,,6,
Plantae,Flora,Portulacaceae,5314,Calandrinia pickeringii,,,,,100,
Plantae,Flora,Portulacaceae,5315,Calandrinia ptychosperma,,,,,46,
Plantae,Flora,Portulacaceae,5316,Calandrinia pumila,,,,,23,
Plantae,Flora,Portulacaceae,7237,Calandrinia remota,,,,,4,
Plantae,Flora,Portulacaceae,CALN,Calandrinia spp.,,,,,237,
Plantae,Flora,Portulacaceae,5317,Calandrinia volubilis,,,,,46,
Plantae,Flora,Portulacaceae,5319,Montia fontana,,,,,27,
Plantae,Flora,Portulacaceae,9655,Montia fontana subsp. amporitana,,,,,6,
Plantae,Flora,Portulacaceae,7785,Montia fontana subsp. chondrosperma,,,,,12,
Plantae,Flora,Portulacaceae,9654,Montia fontana subsp. fontana,,,,,2,
Plantae,Flora,Portulacaceae,MONT,Montia spp.,,,,,1,
Plantae,Flora,Portulacaceae,8731,Neopaxia australasica,,,,,223,
Plantae,Flora,Portulacaceae,NEOP,Neopaxia spp.,,,,,1,
Plantae,Flora,Portulacaceae,9652,Portulaca bicolor var. rosea,,,,,58,
Plantae,Flora,Portulacaceae,5321,Portulaca filifolia,,Slender Pigweed,,,178,
Plantae,Flora,Portulacaceae,5322,Portulaca grandiflora,*,,,,5,
Plantae,Flora,Portulacaceae,5323,Portulaca intraterranea,,,,,132,
Plantae,Flora,Portulacaceae,5324,Portulaca oleracea,,Pigweed,,,5815,
Plantae,Flora,Portulacaceae,5325,Portulaca pilosa,*,"Akulikuli, Djanggara",,,150,
Plantae,Flora,Portulacaceae,PORT,Portulaca spp.,,,,,554,
Plantae,Flora,Portulacaceae,PORTC,Portulacaceae indeterminate,*,"Pigweeds, Purslanes and Parakeelya",,,1,
Plantae,Flora,Portulacaceae,11766,Portulacaria afra,*,,,,17,
Plantae,Flora,Portulacaceae,5326,Talinum paniculatum,*,,,,12,
Plantae,Flora,Posidoniaceae,5327,Posidonia australis,,Seagrass,,,24,
Plantae,Flora,Potamogetonaceae,15341,Althenia bilocularis,,,,,45,
Plantae,Flora,Potamogetonaceae,15342,Althenia preissii,,,,,3,
Plantae,Flora,Potamogetonaceae,11271,Potamogeton cheesemanii,,,,,176,
Plantae,Flora,Potamogetonaceae,5330,Potamogeton crispus,,Curly Pondweed,,,95,
Plantae,Flora,Potamogetonaceae,5331,Potamogeton ochreatus,,Blunt Pondweed,,,118,
Plantae,Flora,Potamogetonaceae,13488,Potamogeton octandrus,,,,,36,
Plantae,Flora,Potamogetonaceae,5332,Potamogeton pectinatus,,Sago Pondweed,,,29,
Plantae,Flora,Potamogetonaceae,5333,Potamogeton perfoliatus,,Clasped Pondweed,,,46,
Plantae,Flora,Potamogetonaceae,POTA,Potamogeton spp.,,,,,74,
Plantae,Flora,Potamogetonaceae,13489,Potamogeton sulcatus,,,,,71,
Plantae,Flora,Potamogetonaceae,7023,Potamogeton tricarinatus,,Floating Pondweed,,,332,
Plantae,Flora,Potamogetonaceae,5716,Ruppia maritima,,,,,7,
Plantae,Flora,Potamogetonaceae,5717,Ruppia megacarpa,,,,,36,
Plantae,Flora,Potamogetonaceae,5718,Ruppia polycarpa,,,,,20,
Plantae,Flora,Potamogetonaceae,RUPP,Ruppia spp.,,,,,4,
Plantae,Flora,Potamogetonaceae,11150,Ruppia tuberosa,,,,,3,
Plantae,Flora,Potamogetonaceae,6339,Zannichellia palustris,,,E1,,45,
Plantae,Flora,Pottiaceae,11566,Barbula spp.,,,,,2,
Plantae,Flora,Primulaceae,7459,Aegiceras corniculatum,,River Mangrove,,,499,
Plantae,Flora,Primulaceae,AEGI,Aegiceras spp.,,,,,4,
Plantae,Flora,Primulaceae,ANAG,Anagallis spp.,*,,,,81,
Plantae,Flora,Primulaceae,3958,Ardisia bakeri,,,,,97,
Plantae,Flora,Primulaceae,10694,Ardisia crenata,*,Coralberry,,,121,
Plantae,Flora,Primulaceae,ARDI,Ardisia spp.,,,,,2,
Plantae,Flora,Primulaceae,3959,Embelia australiana,,,,,1442,
Plantae,Flora,Primulaceae,EMBE,Embelia spp.,,,,,2,
Plantae,Flora,Primulaceae,14614,Lysimachia arvensis,*,Scarlet Pimpernel,,,13484,
Plantae,Flora,Primulaceae,12208,Lysimachia fortunei,,Swamp Tiger Tail,,,2,
Plantae,Flora,Primulaceae,5335,Lysimachia japonica,,,,,28,
Plantae,Flora,Primulaceae,14874,Lysimachia minima,*,Kause Chaffweed,,,3,
Plantae,Flora,Primulaceae,7073,^^Lysimachia vulgaris var. davurica,,Yellow Loosestrife,"E1,3",,114,
Plantae,Flora,Primulaceae,11948,Myrsine howittiana,,Brush Muttonwood,,,2739,
Plantae,Flora,Primulaceae,11949,Myrsine mccomishii,,,,,43,
Plantae,Flora,Primulaceae,15026,Myrsine myrtillina,,,,,3,
Plantae,Flora,Primulaceae,11950,Myrsine platystigma,,,,,79,
Plantae,Flora,Primulaceae,11951,Myrsine richmondensis,,Ripple-leaf Muttonwood,E1,E,17,
Plantae,Flora,Primulaceae,MYRN,Myrsine spp.,,,,,12,
Plantae,Flora,Primulaceae,12035,Myrsine subsessilis subsp. subsessilis,,,,,290,
Plantae,Flora,Primulaceae,11953,Myrsine variabilis,,,,,5741,
Plantae,Flora,Primulaceae,13490,Primula malacoides,,,,,4,
Plantae,Flora,Primulaceae,5337,Samolus repens,,Creeping Brookweed,,,805,
Plantae,Flora,Primulaceae,SAMO,Samolus spp.,,,,,2,
Plantae,Flora,Primulaceae,5338,Samolus valerandi,,Common Brookweed,,,65,
Plantae,Flora,Primulaceae,8655,Tapeinosperma pseudojambosa,,,,,12,
Plantae,Flora,Primulaceae,13233,Tapeinosperma repandulum,,,,,3,
Plantae,Flora,Proteaceae,8657,Alloxylon pinnatum,,Dorrigo Waratah,,,132,
Plantae,Flora,Proteaceae,12010,Athertonia diversifolia,*,Atherton Oak,,,3,
Plantae,Flora,Proteaceae,5339,Banksia aemula,,Wallum Banksia,,,1599,
Plantae,Flora,Proteaceae,5340,Banksia canei,,Mountain Banksia,,,254,
Plantae,Flora,Proteaceae,5341,^Banksia conferta,,,"E4A,2",,102,
Plantae,Flora,Proteaceae,8595,Banksia cunninghamii,,,,,406,
Plantae,Flora,Proteaceae,5342,Banksia ericifolia,,Heath-leaved Banksia,,,4231,
Plantae,Flora,Proteaceae,11049,Banksia ericifolia subsp. ericifolia,,,,,1841,
Plantae,Flora,Proteaceae,11050,Banksia ericifolia subsp. macrantha,,,,,323,
Plantae,Flora,Proteaceae,14170,Banksia ericifolia x spinulosa,,,,,1,
Plantae,Flora,Proteaceae,5343,Banksia integrifolia,,Coast Banksia,,,3276,
Plantae,Flora,Proteaceae,6603,Banksia integrifolia subsp. integrifolia,,Coastal Banksia,,,1572,
Plantae,Flora,Proteaceae,10817,Banksia integrifolia subsp. monticola,,,,,734,
Plantae,Flora,Proteaceae,5344,Banksia marginata,,Silver Banksia,,,2188,
Plantae,Flora,Proteaceae,14554,Banksia neoanglica,,New England Banksia,,,218,
Plantae,Flora,Proteaceae,5345,Banksia oblongifolia,,Fern-leaved Banksia,,,4533,
Plantae,Flora,Proteaceae,7066,Banksia oblongifolia x robur,,,,,14,
Plantae,Flora,Proteaceae,5346,Banksia paludosa,,,,,760,
Plantae,Flora,Proteaceae,10873,Banksia paludosa subsp. astrolux,,,E4A,CE,21,
Plantae,Flora,Proteaceae,10874,Banksia paludosa subsp. paludosa,,,,,251,
Plantae,Flora,Proteaceae,10872,Banksia penicillata,,,E1,E,157,
Plantae,Flora,Proteaceae,5347,Banksia robur,,Swamp Banksia,,,1404,
Plantae,Flora,Proteaceae,5348,Banksia serrata,,Old-man Banksia,,,8019,
Plantae,Flora,Proteaceae,5349,Banksia spinulosa,,Hairpin Banksia,P,,4950,
Plantae,Flora,Proteaceae,7509,Banksia spinulosa var. collina,,,P,,1620,
Plantae,Flora,Proteaceae,13928,Banksia spinulosa var. collina-spinulosa intergrade,,,P,,1,
Plantae,Flora,Proteaceae,7488,Banksia spinulosa var. spinulosa,,,P,,3124,
Plantae,Flora,Proteaceae,BANK,Banksia spp.,,,,,257,
Plantae,Flora,Proteaceae,14628,^Banksia vincentia,,,"E4A,2",CE,28,
Plantae,Flora,Proteaceae,14263,Banksia violacea,,Violet Banksia,,,1,
Plantae,Flora,Proteaceae,13793,Buckinghamia celsissima,*,Ivory Curl,,,20,
Plantae,Flora,Proteaceae,5350,Conospermum burgessiorum,,,,,145,
Plantae,Flora,Proteaceae,9136,Conospermum ellipticum,,,,,213,
Plantae,Flora,Proteaceae,9976,Conospermum ericifolium,,,,,298,
Plantae,Flora,Proteaceae,5351,Conospermum longifolium,,Long Leaf Smoke-bush,,,446,
Plantae,Flora,Proteaceae,8989,Conospermum longifolium subsp. angustifolium,,,,,132,
Plantae,Flora,Proteaceae,8612,Conospermum longifolium subsp. longifolium,,,,,560,
Plantae,Flora,Proteaceae,8613,Conospermum longifolium subsp. mediale,,,,,49,
Plantae,Flora,Proteaceae,CONO,Conospermum spp.,,,,,41,
Plantae,Flora,Proteaceae,5352,Conospermum taxifolium,,Variable Smoke-bush,,,1103,
Plantae,Flora,Proteaceae,5353,Conospermum tenuifolium,,Sprawling Smoke-bush,,,345,
Plantae,Flora,Proteaceae,13495,Dryandra insulanemorecincta,*,,,,1,
Plantae,Flora,Proteaceae,11365,^Eidothea hardeniana,,Nightcap Oak,"E1,2",CE,243,
Plantae,Flora,Proteaceae,5354,Floydia praealta,,Ball Nut,V,V,117,
Plantae,Flora,Proteaceae,5355,Grevillea acanthifolia,,,,,1805,
Plantae,Flora,Proteaceae,8875,Grevillea acanthifolia subsp. acanthifolia,,,,,140,
Plantae,Flora,Proteaceae,15090,Grevillea acanthifolia subsp. acanthifolia x laurifolia,,,,,5,
Plantae,Flora,Proteaceae,8264,Grevillea acanthifolia subsp. paludosa,,Bog Grevillea,E1,E,203,
Plantae,Flora,Proteaceae,8768,Grevillea acanthifolia subsp. stenomera,,,,,63,
Plantae,Flora,Proteaceae,8292,Grevillea acerata,,,,,677,
Plantae,Flora,Proteaceae,5356,Grevillea albiflora,,White Spider Flower,,,55,
Plantae,Flora,Proteaceae,5357,Grevillea alpina,,Mountain Grevillea,,,73,
Plantae,Flora,Proteaceae,5358,Grevillea anethifolia,,Spiny Cream Spider Flower,,,73,
Plantae,Flora,Proteaceae,5359,Grevillea arenaria,,,,,329,
Plantae,Flora,Proteaceae,10768,Grevillea arenaria subsp. arenaria,,Sand Grevillea,,,253,
Plantae,Flora,Proteaceae,10769,Grevillea arenaria subsp. canescens,,Hoary Grevillea,,,139,
Plantae,Flora,Proteaceae,5360,Grevillea aspleniifolia,,,,,70,
Plantae,Flora,Proteaceae,6441,Grevillea australis,,Alpine Grevillea,,,515,
Plantae,Flora,Proteaceae,11796,Grevillea banksii,*,,,,47,
Plantae,Flora,Proteaceae,9301,Grevillea banyabba,,Banyabba Grevillea,V,V,450,
Plantae,Flora,Proteaceae,5363,Grevillea baueri,,Bauer's Grevillea,,,105,
Plantae,Flora,Proteaceae,9957,Grevillea baueri subsp. asperula,,,,,69,
Plantae,Flora,Proteaceae,9956,Grevillea baueri subsp. baueri,,,,,83,
Plantae,Flora,Proteaceae,8293,^^Grevillea beadleana,,Beadle's Grevillea,"E1,3",E,163,
Plantae,Flora,Proteaceae,13496,Grevillea bemboka,,,,,9,
Plantae,Flora,Proteaceae,10952,Grevillea brevifolia subsp. brevifolia,,,,,2,
Plantae,Flora,Proteaceae,5364,Grevillea buxifolia,,Grey Spider Flower,,,1433,
Plantae,Flora,Proteaceae,8409,Grevillea buxifolia subsp. buxifolia,,,,,820,
Plantae,Flora,Proteaceae,10953,Grevillea buxifolia subsp. ecorniculata,,,,,10,
Plantae,Flora,Proteaceae,5365,^^Grevillea caleyi,,Caley's Grevillea,"E4A,3",CE,3271,
Plantae,Flora,Proteaceae,5366,Grevillea capitellata,,,,,44,
Plantae,Flora,Proteaceae,8992,Grevillea diffusa,,,,,208,
Plantae,Flora,Proteaceae,10954,Grevillea diffusa subsp. constablei,,,,,11,
Plantae,Flora,Proteaceae,8993,Grevillea diffusa subsp. diffusa,,,,,146,
Plantae,Flora,Proteaceae,8994,Grevillea diffusa subsp. filipendula,,,,,119,
Plantae,Flora,Proteaceae,5367,Grevillea diminuta,,,,,25,
Plantae,Flora,Proteaceae,5368,^^Grevillea divaricata,,,"E1,3",,1,
Plantae,Flora,Proteaceae,13499,Grevillea diversifolia var. lobata,,,,,18,
Plantae,Flora,Proteaceae,10955,Grevillea epicroca,,,,,15,
Plantae,Flora,Proteaceae,5369,Grevillea evansiana,,Evans Grevillea,V,V,318,
Plantae,Flora,Proteaceae,10956,Grevillea floribunda subsp. floribunda,,Seven Dwarfs Grevillea,,,1397,
Plantae,Flora,Proteaceae,9541,Grevillea granulifera,,,,,106,
Plantae,Flora,Proteaceae,9480,Grevillea guthrieana,,Guthrie's Grevillea,E1,E,881,
Plantae,Flora,Proteaceae,5372,Grevillea hilliana,,White Yiel Yiel,E1,,289,
Plantae,Flora,Proteaceae,5373,Grevillea huegelii,,,,,521,
Plantae,Flora,Proteaceae,13500,Grevillea humifusa,,,,,1,
Plantae,Flora,Proteaceae,10959,Grevillea humilis,,,,,17,
Plantae,Flora,Proteaceae,10960,Grevillea humilis subsp. humilis,,Linear-leaf Grevillea,,,398,
Plantae,Flora,Proteaceae,10961,Grevillea humilis subsp. lucens,,,,,12,
Plantae,Flora,Proteaceae,10962,Grevillea humilis subsp. maritima,,,,,47,
Plantae,Flora,Proteaceae,8305,^Grevillea iaspicula,,Wee Jasper Grevillea,"E4A,2",E,67,
Plantae,Flora,Proteaceae,5374,Grevillea ilicifolia,,Holly-leaf Grevillea,,,2,
Plantae,Flora,Proteaceae,13501,Grevillea ilicifolia subsp. ilicifolia,,Holly-leaf Grevillea,E4A,,11,
Plantae,Flora,Proteaceae,10963,Grevillea imberbis,,,,,18,
Plantae,Flora,Proteaceae,10964,Grevillea irrasa,,,,,17,
Plantae,Flora,Proteaceae,10966,Grevillea irrasa subsp. didymochiton,,,,,36,
Plantae,Flora,Proteaceae,10965,Grevillea irrasa subsp. irrasa,,,,,16,
Plantae,Flora,Proteaceae,5375,Grevillea johnsonii,,Johnson's Grevillea,,,61,
Plantae,Flora,Proteaceae,13502,Grevillea juncifolia subsp. juncifolia,,Honeysuckle Grevillea,,,52,
Plantae,Flora,Proteaceae,5377,Grevillea juniperina,,,,,743,
Plantae,Flora,Proteaceae,10967,Grevillea juniperina subsp. allojohnsonii,,,,,42,
Plantae,Flora,Proteaceae,10968,Grevillea juniperina subsp. amphitricha,,,,,16,
Plantae,Flora,Proteaceae,10969,Grevillea juniperina subsp. fortis,,,,,12,
Plantae,Flora,Proteaceae,10917,Grevillea juniperina subsp. juniperina,,Juniper-leaved Grevillea,V,,6397,
Plantae,Flora,Proteaceae,10970,Grevillea juniperina subsp. sulphurea,,,,,89,
Plantae,Flora,Proteaceae,10971,Grevillea juniperina subsp. trinervis,,,,,17,
Plantae,Flora,Proteaceae,10972,Grevillea juniperina subsp. villosa,,,,,33,
Plantae,Flora,Proteaceae,9676,Grevillea kedumbensis,,,,,43,
Plantae,Flora,Proteaceae,5378,Grevillea kennedyana,,Flame Spider Flower,V,V,427,
Plantae,Flora,Proteaceae,5379,Grevillea lanigera,,Woolly Grevillea,,,597,
Plantae,Flora,Proteaceae,5380,Grevillea laurifolia,,Laurel-leaf Grevillea,,,374,
Plantae,Flora,Proteaceae,5381,Grevillea linearifolia,,Linear-leaf Grevillea,,,1161,
Plantae,Flora,Proteaceae,8306,Grevillea linsmithii,,,,,21,
Plantae,Flora,Proteaceae,5382,Grevillea longifolia,,,P,,169,
Plantae,Flora,Proteaceae,10951,Grevillea macleayana,,Jervis Bay Grevillea,,,156,
Plantae,Flora,Proteaceae,9481,^^Grevillea masonii,,Mason's Grevillea,"E1,3",E,234,
Plantae,Flora,Proteaceae,9297,^^Grevillea mollis,,Soft Grevillea,"E1,3",E,249,
Plantae,Flora,Proteaceae,8307,Grevillea molyneuxii,,Wingello Grevillea,V,E,44,
Plantae,Flora,Proteaceae,5384,Grevillea montana,,,,,804,
Plantae,Flora,Proteaceae,5385,Grevillea mucronulata,,,,,2035,
Plantae,Flora,Proteaceae,5386,Grevillea nematophylla,,Silver-leaved Water Tree,E4,,3,
Plantae,Flora,Proteaceae,10973,Grevillea neurophylla,,,,,12,
Plantae,Flora,Proteaceae,10975,Grevillea neurophylla subsp. fluviatilis,,,,,6,
Plantae,Flora,Proteaceae,10974,Grevillea neurophylla subsp. neurophylla,,,,,11,
Plantae,Flora,Proteaceae,5387,Grevillea obtusiflora,,,E1,E,332,
Plantae,Flora,Proteaceae,8308,Grevillea oldei,,,,,53,
Plantae,Flora,Proteaceae,12096,Grevillea oldei x speciosa,,,,,2,
Plantae,Flora,Proteaceae,5388,Grevillea oleoides,,Red Spider Flower,,,786,
Plantae,Flora,Proteaceae,9963,Grevillea oxyantha subsp. ecarinata,,,,,14,
Plantae,Flora,Proteaceae,9962,Grevillea oxyantha subsp. oxyantha,,,,,70,
Plantae,Flora,Proteaceae,5389,Grevillea parviflora,,,,,1641,
Plantae,Flora,Proteaceae,10009,Grevillea parviflora subsp. parviflora,,Small-flower Grevillea,V,V,7766,
Plantae,Flora,Proteaceae,10777,Grevillea parviflora subsp. supplicans,,,E1,,811,
Plantae,Flora,Proteaceae,14848,Grevillea parviflora x patulifolia,,,,,15,
Plantae,Flora,Proteaceae,10976,Grevillea parvula,,,,,33,
Plantae,Flora,Proteaceae,10977,Grevillea patulifolia,,,,,140,
Plantae,Flora,Proteaceae,5390,Grevillea phylicoides,,Grey Spider Flower,,,231,
Plantae,Flora,Proteaceae,5391,Grevillea polybractea,,Crimson Grevillea,,,39,
Plantae,Flora,Proteaceae,5392,Grevillea pterosperma,,Desert Grevillea,,,67,
Plantae,Flora,Proteaceae,9298,Grevillea quadricauda,,Four-tailed Grevillea,V,V,103,
Plantae,Flora,Proteaceae,10978,Grevillea ramosissima subsp. ramosissima,,Fan Grevillea,,,494,
Plantae,Flora,Proteaceae,9678,Grevillea raybrownii,,,V,V,2213,
Plantae,Flora,Proteaceae,5394,Grevillea renwickiana,,Nerriga Grevillea,E1,,63,
Plantae,Flora,Proteaceae,9299,Grevillea rhizomatosa,,Gibraltar Grevillea,V,V,1428,
Plantae,Flora,Proteaceae,9964,Grevillea rhyolitica,,Deau Grevillea,,,4,
Plantae,Flora,Proteaceae,9965,Grevillea rhyolitica subsp. rhyolitica,,,,,25,
Plantae,Flora,Proteaceae,9966,Grevillea rhyolitica subsp. semivestita,,,,,13,
Plantae,Flora,Proteaceae,5395,Grevillea rivularis,,Carrington Falls Grevillea,E4A,CE,350,
Plantae,Flora,Proteaceae,5396,Grevillea robusta,,Silky Oak,,,1911,
Plantae,Flora,Proteaceae,5397,Grevillea rosmarinifolia,,Rosemary Grevillea,,,117,
Plantae,Flora,Proteaceae,10958,Grevillea rosmarinifolia subsp. glabella,,Rosemary Grevillea,,,71,
Plantae,Flora,Proteaceae,10957,Grevillea rosmarinifolia subsp. rosmarinifolia,,Rosemary Grevillea,,,76,
Plantae,Flora,Proteaceae,8799,Grevillea scortechinii subsp. sarmentosa,,Backwater Grevillea,V,,90,
Plantae,Flora,Proteaceae,5399,Grevillea sericea,,Pink Spider Flower,,,2143,
Plantae,Flora,Proteaceae,10980,Grevillea sericea subsp. riparia,,,,,21,
Plantae,Flora,Proteaceae,10979,Grevillea sericea subsp. sericea,,,,,669,
Plantae,Flora,Proteaceae,5400,Grevillea shiressii,,,V,V,1278,
Plantae,Flora,Proteaceae,14815,Grevillea sp. Throsby Trig,,,,,2,
Plantae,Flora,Proteaceae,5401,Grevillea speciosa,,Red Spider Flower,,,1153,
Plantae,Flora,Proteaceae,5402,Grevillea sphacelata,,Grey Spider Flower,,,641,
Plantae,Flora,Proteaceae,GREV,Grevillea spp.,,,,,831,
Plantae,Flora,Proteaceae,5403,Grevillea stenobotrya,,Sandhill Spider Flower,,,21,
Plantae,Flora,Proteaceae,5404,Grevillea striata,,Beefwood,,,305,
Plantae,Flora,Proteaceae,5405,Grevillea triternata,,,,,647,
Plantae,Flora,Proteaceae,10983,Grevillea victoriae subsp. nivalis,,,,,215,
Plantae,Flora,Proteaceae,10984,Grevillea virgata,,,,,7,
Plantae,Flora,Proteaceae,10985,Grevillea viridiflava,,,,,92,
Plantae,Flora,Proteaceae,9482,Grevillea wilkinsonii,,Tumut Grevillea,E4A,CE,17,
Plantae,Flora,Proteaceae,10986,Grevillea wiradjuri,,,,,43,
Plantae,Flora,Proteaceae,14491,Grevillea x gaudichaudii,,,,,14,
Plantae,Flora,Proteaceae,9760,Hakea actites,,Mulloway Needle Bush,,,71,
Plantae,Flora,Proteaceae,10801,^^Hakea archaeoides,,Big Nellie Hakea,"V,3",V,163,
Plantae,Flora,Proteaceae,9114,Hakea bakeriana,,,,,324,
Plantae,Flora,Proteaceae,5408,Hakea constablei,,,,,75,
Plantae,Flora,Proteaceae,13508,Hakea cucullata,*,,,,1,
Plantae,Flora,Proteaceae,5409,Hakea dactyloides,,Finger Hakea,,,5260,
Plantae,Flora,Proteaceae,5410,Hakea decurrens,,,,,218,
Plantae,Flora,Proteaceae,9763,Hakea decurrens subsp. decurrens,,,,,89,
Plantae,Flora,Proteaceae,9762,Hakea decurrens subsp. physocarpa,,,,,34,
Plantae,Flora,Proteaceae,9764,Hakea decurrens subsp. platytaenia,,,,,28,
Plantae,Flora,Proteaceae,10802,Hakea dohertyi,,Kowmung Hakea,E4A,CE,483,
Plantae,Flora,Proteaceae,5411,Hakea ednieana,,Flinders Range Hakea,,,4,
Plantae,Flora,Proteaceae,5412,Hakea eriantha,,,,,1175,
Plantae,Flora,Proteaceae,5413,Hakea eyreana,,Corkbark,,,22,
Plantae,Flora,Proteaceae,8594,Hakea florulenta,,,,,228,
Plantae,Flora,Proteaceae,5414,Hakea fraseri,,Gorge Hakea,V,V,27,
Plantae,Flora,Proteaceae,5415,Hakea gibbosa,,,,,673,
Plantae,Flora,Proteaceae,5416,Hakea ivoryi,,,,,88,
Plantae,Flora,Proteaceae,11254,Hakea laevipes,,,,,775,
Plantae,Flora,Proteaceae,10803,Hakea laevipes subsp. graniticola,,,,,244,
Plantae,Flora,Proteaceae,10804,Hakea laevipes subsp. laevipes,,,,,1191,
Plantae,Flora,Proteaceae,12603,Hakea laurina,*,,,,1,
Plantae,Flora,Proteaceae,5417,Hakea leucoptera,,Needlewood,,,524,
Plantae,Flora,Proteaceae,9758,Hakea leucoptera subsp. leucoptera,,,,,122,
Plantae,Flora,Proteaceae,9759,Hakea leucoptera subsp. sericipes,,,,,6,
Plantae,Flora,Proteaceae,11986,Hakea linearis,*,,,,2,
Plantae,Flora,Proteaceae,5418,Hakea lissosperma,,Mountain Needlewood,,,42,
Plantae,Flora,Proteaceae,5419,Hakea macraeana,,Willow Needlewood,,,551,
Plantae,Flora,Proteaceae,9602,Hakea macrorrhyncha,,,E1,E,171,
Plantae,Flora,Proteaceae,5420,Hakea microcarpa,,Small-fruited Hakea,,,1185,
Plantae,Flora,Proteaceae,13509,Hakea multilineata,,,,,1,
Plantae,Flora,Proteaceae,13510,Hakea nodosa,,,,,2,
Plantae,Flora,Proteaceae,9761,Hakea ochroptera,,,,,20,
Plantae,Flora,Proteaceae,9765,Hakea pachyphylla,,,,,109,
Plantae,Flora,Proteaceae,5421,Hakea propinqua,,,,,438,
Plantae,Flora,Proteaceae,5422,^Hakea pulvinifera,,Lake Keepit Hakea,"E1,2",E,15,
Plantae,Flora,Proteaceae,5423,Hakea purpurea,,,,,7,
Plantae,Flora,Proteaceae,5424,Hakea salicifolia,,Willow-leaved Hakea,,,1157,
Plantae,Flora,Proteaceae,10807,Hakea salicifolia subsp. angustifolia,,,,,15,
Plantae,Flora,Proteaceae,10806,Hakea salicifolia subsp. salicifolia,,,,,326,
Plantae,Flora,Proteaceae,5425,Hakea sericea,,Needlebush,,,5045,
Plantae,Flora,Proteaceae,HAKE,Hakea spp.,,,,,334,
Plantae,Flora,Proteaceae,5426,Hakea tephrosperma,,Hooked Needlewood,,,915,
Plantae,Flora,Proteaceae,5427,Hakea teretifolia,,Needlebush,,,4048,
Plantae,Flora,Proteaceae,10809,Hakea teretifolia subsp. hirsuta,,,,,27,
Plantae,Flora,Proteaceae,10808,Hakea teretifolia subsp. teretifolia,,,,,608,
Plantae,Flora,Proteaceae,5429,Hakea ulicina,,Furze Hakea,,,131,
Plantae,Flora,Proteaceae,13512,Hakea undulata,*,,,,1,
Plantae,Flora,Proteaceae,5430,Helicia ferruginea,,Rusty Helicia,,,123,
Plantae,Flora,Proteaceae,5431,Helicia glabriflora,,Smooth Helicia,,,217,
Plantae,Flora,Proteaceae,5432,Hicksbeachia pinnatifolia,,Red Boppel Nut,V,V,929,
Plantae,Flora,Proteaceae,5433,Isopogon anemonifolius,,Broad-leaf Drumsticks,P,,4535,
Plantae,Flora,Proteaceae,6839,Isopogon anethifolius,,Narrow-leaf Drumsticks,P,,948,
Plantae,Flora,Proteaceae,5434,Isopogon dawsonii,,Nepean Conebush,P,,254,
Plantae,Flora,Proteaceae,5435,Isopogon fletcheri,,Fletcher's Drumsticks,"V,P",V,344,
Plantae,Flora,Proteaceae,5436,Isopogon mnoraifolius,,,P,,352,
Plantae,Flora,Proteaceae,5438,Isopogon petiolaris,,,P,,293,
Plantae,Flora,Proteaceae,5439,Isopogon prostratus,,Prostrate Cone-bush,P,,149,
Plantae,Flora,Proteaceae,ISOP,Isopogon spp.,,,P,,51,
Plantae,Flora,Proteaceae,5440,Lambertia formosa,,Mountain Devil,,,6280,
Plantae,Flora,Proteaceae,LAMB,Lambertia spp.,,,,,4,
Plantae,Flora,Proteaceae,5441,Lomatia arborescens,,Tree Lomatia,,,249,
Plantae,Flora,Proteaceae,5442,Lomatia fraseri,,Silky Lomatia,,,521,
Plantae,Flora,Proteaceae,5443,Lomatia ilicifolia,,Holly Lomatia,,,1802,
Plantae,Flora,Proteaceae,11384,Lomatia ilicifolia x silaifolia,,,,,15,
Plantae,Flora,Proteaceae,5444,Lomatia myricoides,,River Lomatia,,,2465,
Plantae,Flora,Proteaceae,11786,Lomatia myricoides x silaifolia,,,,,34,
Plantae,Flora,Proteaceae,5445,Lomatia silaifolia,,Crinkle Bush,P,,7315,
Plantae,Flora,Proteaceae,LOMT,Lomatia spp.,,,,,57,
Plantae,Flora,Proteaceae,9680,Macadamia integrifolia,,Macadamia Nut,,V,132,
Plantae,Flora,Proteaceae,MACA,Macadamia spp.,,,,,57,
Plantae,Flora,Proteaceae,5446,Macadamia tetraphylla,,Rough-shelled Bush Nut,V,V,1427,
Plantae,Flora,Proteaceae,5448,Orites excelsus,,Prickly Ash,,,973,
Plantae,Flora,Proteaceae,5449,Orites lancifolius,,Alpine Orites,,,121,
Plantae,Flora,Proteaceae,5450,Persoonia acerosa,,Needle Geebung,"E1,P",E,450,
Plantae,Flora,Proteaceae,8716,Persoonia acuminata,,,P,,72,
Plantae,Flora,Proteaceae,8769,Persoonia adenantha,,,P,,157,
Plantae,Flora,Proteaceae,8363,Persoonia asperula,,Mountain Geebung,P,,127,
Plantae,Flora,Proteaceae,9527,Persoonia bargoensis,,Bargo Geebung,"E1,P",E,792,
Plantae,Flora,Proteaceae,8220,Persoonia brevifolia,,,P,,46,
Plantae,Flora,Proteaceae,5452,Persoonia chamaepeuce,,,P,,835,
Plantae,Flora,Proteaceae,5453,Persoonia chamaepitys,,Mountain Geebung,P,,325,
Plantae,Flora,Proteaceae,5454,Persoonia confertiflora,,,P,,84,
Plantae,Flora,Proteaceae,8597,Persoonia conjuncta,,,P,,351,
Plantae,Flora,Proteaceae,5455,Persoonia cornifolia,,,P,,982,
Plantae,Flora,Proteaceae,14085,Persoonia cornifolia x fastigiata,,,P,,1,
Plantae,Flora,Proteaceae,8889,Persoonia cornifolia x oleoides,,,P,,20,
Plantae,Flora,Proteaceae,5456,Persoonia curvifolia,,,P,,423,
Plantae,Flora,Proteaceae,8371,Persoonia cuspidifera,,,P,,459,
Plantae,Flora,Proteaceae,8372,Persoonia cuspidifera x sericea,,,P,,8,
Plantae,Flora,Proteaceae,8888,Persoonia daphnoides,,,P,,46,
Plantae,Flora,Proteaceae,5457,Persoonia fastigiata,,,P,,119,
Plantae,Flora,Proteaceae,7677,Persoonia glaucescens,,Mittagong Geebung,"V,P",V,4711,
Plantae,Flora,Proteaceae,9992,Persoonia hindii,,,"E1,P",E,2137,
Plantae,Flora,Proteaceae,5458,^^Persoonia hirsuta,,Hairy Geebung,"E1,P,3",E,1101,
Plantae,Flora,Proteaceae,8414,Persoonia isophylla,,,P,,307,
Plantae,Flora,Proteaceae,5459,Persoonia juniperina,,Prickly Geebung,P,,27,
Plantae,Flora,Proteaceae,9598,Persoonia katerae,,,P,,51,
Plantae,Flora,Proteaceae,5460,Persoonia lanceolata,,Lance Leaf Geebung,P,,1937,
Plantae,Flora,Proteaceae,5461,Persoonia laurina,,Laurel Geebung,P,,584,
Plantae,Flora,Proteaceae,9824,Persoonia laurina subsp. intermedia,,,P,,75,
Plantae,Flora,Proteaceae,9823,Persoonia laurina subsp. laurina,,,P,,229,
Plantae,Flora,Proteaceae,9081,Persoonia laurina subsp. leiogyna,,,P,,74,
Plantae,Flora,Proteaceae,5462,Persoonia levis,,Broad-leaved Geebung,P,,7382,
Plantae,Flora,Proteaceae,11756,Persoonia levis x linearis,,,P,,35,
Plantae,Flora,Proteaceae,11450,Persoonia levis x myrtilloides subsp. myrtilloides,,,P,,20,
Plantae,Flora,Proteaceae,5463,Persoonia linearis,,Narrow-leaved Geebung,P,,18067,
Plantae,Flora,Proteaceae,5464,Persoonia marginata,,Clandulla Geebung,"V,P",V,494,
Plantae,Flora,Proteaceae,8684,Persoonia media,,,P,,873,
Plantae,Flora,Proteaceae,9945,Persoonia microphylla,,,P,,50,
Plantae,Flora,Proteaceae,5465,Persoonia mollis,,Soft Geebung,P,,407,
Plantae,Flora,Proteaceae,9004,Persoonia mollis subsp. budawangensis,,,P,,54,
Plantae,Flora,Proteaceae,8990,Persoonia mollis subsp. caleyi,,,P,,205,
Plantae,Flora,Proteaceae,8991,Persoonia mollis subsp. ledifolia,,,P,,221,
Plantae,Flora,Proteaceae,9005,Persoonia mollis subsp. leptophylla,,,P,,230,
Plantae,Flora,Proteaceae,9003,Persoonia mollis subsp. livens,,,P,,180,
Plantae,Flora,Proteaceae,8995,Persoonia mollis subsp. maxima,,,"E1,P",E,834,
Plantae,Flora,Proteaceae,9000,Persoonia mollis subsp. mollis,,,P,,266,
Plantae,Flora,Proteaceae,8996,Persoonia mollis subsp. nectens,,,P,,273,
Plantae,Flora,Proteaceae,8997,Persoonia mollis subsp. revoluta,,,"V,P",V,430,
Plantae,Flora,Proteaceae,5466,Persoonia myrtilloides,,,P,,199,
Plantae,Flora,Proteaceae,9944,Persoonia myrtilloides subsp. cunninghamii,,,P,,76,
Plantae,Flora,Proteaceae,6743,Persoonia myrtilloides subsp. myrtilloides,,Myrtle Geebung,P,,161,
Plantae,Flora,Proteaceae,5467,Persoonia nutans,,Nodding Geebung,"E1,P",E,3532,
Plantae,Flora,Proteaceae,5468,Persoonia oblongata,,,P,,216,
Plantae,Flora,Proteaceae,8698,Persoonia oleoides,,,P,,536,
Plantae,Flora,Proteaceae,7428,Persoonia oxycoccoides,,,"E1,P",E,266,
Plantae,Flora,Proteaceae,10723,^^Persoonia pauciflora,,North Rothbury Persoonia,"E4A,P,3",CE,2563,
Plantae,Flora,Proteaceae,5469,Persoonia pinifolia,,Pine-leaved Geebung,P,,1838,
Plantae,Flora,Proteaceae,8699,Persoonia procumbens,,,P,,83,
Plantae,Flora,Proteaceae,9575,Persoonia recedens,,,P,,84,
Plantae,Flora,Proteaceae,5471,Persoonia rigida,,,P,,411,
Plantae,Flora,Proteaceae,8624,Persoonia rufa,,,P,,188,
Plantae,Flora,Proteaceae,5472,Persoonia sericea,,,P,,1347,
Plantae,Flora,Proteaceae,11262,Persoonia sericea x terminalis,,,P,,1,
Plantae,Flora,Proteaceae,5473,Persoonia silvatica,,,P,,571,
Plantae,Flora,Proteaceae,14518,Persoonia sp. aff. linearis (Macleay-Apsley),,,P,,4,
Plantae,Flora,Proteaceae,11567,Persoonia sp. 'Macleay Gorges',,,P,,15,
Plantae,Flora,Proteaceae,PERS,Persoonia spp.,,,P,,493,
Plantae,Flora,Proteaceae,8596,Persoonia stradbrokensis,,,P,,1790,
Plantae,Flora,Proteaceae,5474,Persoonia subvelutina,,,P,,109,
Plantae,Flora,Proteaceae,5475,Persoonia tenuifolia,,Fine-leaf Geebung,P,,318,
Plantae,Flora,Proteaceae,9046,Persoonia terminalis,,,P,,90,
Plantae,Flora,Proteaceae,9047,Persoonia terminalis subsp. recurva,,,P,,62,
Plantae,Flora,Proteaceae,9048,Persoonia terminalis subsp. terminalis,,,P,,217,
Plantae,Flora,Proteaceae,5476,Persoonia virgata,,,P,,422,
Plantae,Flora,Proteaceae,8890,Persoonia volcanica,,,P,,44,
Plantae,Flora,Proteaceae,5477,Petrophile canescens,,Conesticks,P,,829,
Plantae,Flora,Proteaceae,5478,Petrophile pedunculata,,,P,,934,
Plantae,Flora,Proteaceae,5479,Petrophile pulchella,,Conesticks,P,,3914,
Plantae,Flora,Proteaceae,5480,Petrophile sessilis,,,P,,858,
Plantae,Flora,Proteaceae,PETO,Petrophile spp.,,,P,,96,
Plantae,Flora,Proteaceae,PROTC,Proteaceae indeterminate,,"Banksias, waratahs, hakeas and grevilleas",,,9,
Plantae,Flora,Proteaceae,5481,Stenocarpus salignus,,Scrub Beefwood,,,1386,
Plantae,Flora,Proteaceae,5482,Stenocarpus sinuatus,,Firewheel Tree,,,369,
Plantae,Flora,Proteaceae,5483,Strangea linearis,,,,,51,
Plantae,Flora,Proteaceae,5484,Symphionema montanum,,,,,154,
Plantae,Flora,Proteaceae,5485,Symphionema paludosum,,,,,466,
Plantae,Flora,Proteaceae,9685,Telopea aspera,,Gibraltar Range Waratah,"E1,P",E,944,
Plantae,Flora,Proteaceae,5486,Telopea mongaensis,,Monga Waratah,P,,62,
Plantae,Flora,Proteaceae,11451,Telopea mongaensis x oreades,,,P,,8,
Plantae,Flora,Proteaceae,5487,Telopea oreades,,Gippsland Waratah,P,,57,
Plantae,Flora,Proteaceae,5488,Telopea speciosissima,,Waratah,P,,1118,
Plantae,Flora,Proteaceae,TELO,Telopea spp.,,,P,,2,
Plantae,Flora,Proteaceae,5489,Triunia youngiana,,Native Honeysuckle,,,420,
Plantae,Flora,Proteaceae,7614,Xylomelum cunninghamianum,,,P,,70,
Plantae,Flora,Proteaceae,5490,Xylomelum pyriforme,,Woody Pear,P,,1835,
Plantae,Flora,Psilosiphonaceae,11568,Psilosiphon scoparium,,,,,8,
Plantae,Flora,Psilotaceae,8164,^^Psilotum complanatum,,Flat Fork Fern,"E1,3",,6,
Plantae,Flora,Psilotaceae,8165,Psilotum nudum,,Skeleton Fork-Fern,,,326,
Plantae,Flora,Psilotaceae,9628,Tmesipteris obliqua,,Long Fork Fern,P,,44,
Plantae,Flora,Psilotaceae,8168,Tmesipteris ovata,,,P,,35,
Plantae,Flora,Psilotaceae,8169,Tmesipteris parva,,,P,,96,
Plantae,Flora,Psilotaceae,TMES,Tmesipteris spp.,,,P,,2,
Plantae,Flora,Psilotaceae,8170,Tmesipteris truncata,,,P,,103,
Plantae,Flora,Pteridaceae,13515,Acrostichum aureum,,,,,4,
Plantae,Flora,Pteridaceae,8171,Acrostichum speciosum,,Mangrove Fern,,,99,
Plantae,Flora,Pteridaceae,7997,Adiantum aethiopicum,,Common Maidenhair,P,,8389,
Plantae,Flora,Pteridaceae,10516,Adiantum atroviride,,,P,,227,
Plantae,Flora,Pteridaceae,7998,Adiantum diaphanum,,Filmy Maidenhair,P,,139,
Plantae,Flora,Pteridaceae,7999,Adiantum formosum,,Giant Maidenhair,P,,3064,
Plantae,Flora,Pteridaceae,8000,Adiantum hispidulum,,Rough Maidenhair,P,,3089,
Plantae,Flora,Pteridaceae,11226,Adiantum hispidulum var. hispidulum,,Rough Maidenhair,P,,271,
Plantae,Flora,Pteridaceae,12633,Adiantum hispidulum var. hypoglaucum,,,P,,50,
Plantae,Flora,Pteridaceae,12634,Adiantum raddianum,*,,P,,2,
Plantae,Flora,Pteridaceae,8001,Adiantum silvaticum,,,P,,639,
Plantae,Flora,Pteridaceae,ADIA,Adiantum spp.,,,P,,142,
Plantae,Flora,Pteridaceae,8004,Anogramma leptophylla,,Annual Fern,,,25,
Plantae,Flora,Pteridaceae,15032,Antrophyum austroqueenslandicum,,,E4A,CE,1,
Plantae,Flora,Pteridaceae,8005,Cheilanthes austrotenuifolia,,Rock Fern,,,2951,
Plantae,Flora,Pteridaceae,6382,Cheilanthes distans,,Bristly Cloak Fern,,,5647,
Plantae,Flora,Pteridaceae,8006,Cheilanthes lasiophylla,,,,,281,
Plantae,Flora,Pteridaceae,10439,Cheilanthes sieberi,,Rock Fern,,,15285,
Plantae,Flora,Pteridaceae,9498,^^Cheilanthes sieberi subsp. pseudovellea,,,"E1,3",,22,
Plantae,Flora,Pteridaceae,8007,Cheilanthes sieberi subsp. sieberi,,Rock Fern,,,17091,
Plantae,Flora,Pteridaceae,CHEI,Cheilanthes spp.,,"Cloak Fern, Mulga Fern, Rock Fern",,,1131,
Plantae,Flora,Pteridaceae,10489,Pellaea calidirupium,,,,,174,
Plantae,Flora,Pteridaceae,8444,Pellaea falcata,,Sickle Fern,,,5614,
Plantae,Flora,Pteridaceae,10488,Pellaea nana,,Dwarf Sickle Fern,,,1232,
Plantae,Flora,Pteridaceae,8010,Pellaea paradoxa,,,,,1113,
Plantae,Flora,Pteridaceae,PELL,Pellaea spp.,,,,,66,
Plantae,Flora,Pteridaceae,10490,Pellaea viridis var. viridis,*,Green Cliff Brake,,,91,
Plantae,Flora,Pteridaceae,12635,Pityrogramma calomelanos var. austroamericana,*,Gold Fern,,,7,
Plantae,Flora,Pteridaceae,8457,Pteris comans,,Hairy Bracken,,,55,
Plantae,Flora,Pteridaceae,13516,Pteris hirsuta,,,,,1,
Plantae,Flora,Pteridaceae,8174,Pteris microptera,,,,,28,
Plantae,Flora,Pteridaceae,15235,^^Pteris platyzomopsis,,Braid Fern,"E1,3",,5,
Plantae,Flora,Pteridaceae,8172,Pteris sp. aff. comans,,,,,4,
Plantae,Flora,Pteridaceae,PTEI,Pteris spp.,,,,,9,
Plantae,Flora,Pteridaceae,8175,Pteris tremula,,Tender Brake,,,1066,
Plantae,Flora,Pteridaceae,8176,Pteris umbrosa,,Jungle Brake,,,893,
Plantae,Flora,Pteridaceae,8177,Pteris vittata,,Chinese Brake,,,94,
Plantae,Flora,Punicaceae,10496,Punica granatum,*,Pomegranite,,,27,
Plantae,Flora,Putranjivaceae,11864,Drypetes deplanchei,,Yellow Tulipwood,,,1457,
Plantae,Flora,Putranjivaceae,DRYP,Drypetes spp.,,,,,3,
Plantae,Flora,Radulaceae,11569,Radula spp.,,,,,2,
Plantae,Flora,Ranunculaceae,5491,Adonis microcarpa,*,Pheasant's Eye,,,54,
Plantae,Flora,Ranunculaceae,ADON,Adonis spp.,*,,,,1,
Plantae,Flora,Ranunculaceae,11829,Aquilegia vulgaris,*,European columbine,,,2,
Plantae,Flora,Ranunculaceae,7904,Batrachium trichophyllum,*,,,,27,
Plantae,Flora,Ranunculaceae,5493,Clematis aristata,,Old Man's Beard,,,10173,
Plantae,Flora,Ranunculaceae,13519,Clematis decipiens,,,,,118,
Plantae,Flora,Ranunculaceae,5494,Clematis fawcettii,,Northern Clematis,V,V,56,
Plantae,Flora,Ranunculaceae,5495,Clematis glycinoides,,Headache Vine,,,4742,
Plantae,Flora,Ranunculaceae,6903,Clematis glycinoides var. glycinoides,,,,,2353,
Plantae,Flora,Ranunculaceae,6467,Clematis glycinoides var. submutica,,,,,8,
Plantae,Flora,Ranunculaceae,13520,Clematis leptophylla,,,,,254,
Plantae,Flora,Ranunculaceae,5496,Clematis microphylla,,Small-leaved Clematis,,,1171,
Plantae,Flora,Ranunculaceae,13521,Clematis montana,*,,,,4,
Plantae,Flora,Ranunculaceae,13522,Clematis pickeringii,,,,,41,
Plantae,Flora,Ranunculaceae,CLEM,Clematis spp.,,,,,542,
Plantae,Flora,Ranunculaceae,13523,Myosurus australis,,Mousetail,,,241,
Plantae,Flora,Ranunculaceae,5499,Nigella damascena,*,Love-in-a-mist,,,2,
Plantae,Flora,Ranunculaceae,NIGE,Nigella spp.,*,,,,2,
Plantae,Flora,Ranunculaceae,13524,Psychrophila introloba,,Alpine Marsh-marigold,,,64,
Plantae,Flora,Ranunculaceae,9638,Ranunculus acrophilus,,,,,24,
Plantae,Flora,Ranunculaceae,7713,Ranunculus amphitrichus,,Small River Buttercup,,,143,
Plantae,Flora,Ranunculaceae,5500,Ranunculus anemoneus,,Anemone Buttercup,V,V,2153,
Plantae,Flora,Ranunculaceae,5501,Ranunculus arvensis,*,Corn Buttercup,,,4,
Plantae,Flora,Ranunculaceae,5502,Ranunculus clivicola,,,,,36,
Plantae,Flora,Ranunculaceae,5503,Ranunculus collinus,,,,,51,
Plantae,Flora,Ranunculaceae,9639,Ranunculus diminutus,,,,,81,
Plantae,Flora,Ranunculaceae,5504,Ranunculus dissectifolius,,,,,53,
Plantae,Flora,Ranunculaceae,9642,Ranunculus flammula,*,Lesser Spearwort,,,1,
Plantae,Flora,Ranunculaceae,5505,Ranunculus graniticola,,Granite Buttercup,,,468,
Plantae,Flora,Ranunculaceae,5506,Ranunculus gunnianus,,Gunn's Alpine Buttercup,,,70,
Plantae,Flora,Ranunculaceae,5507,Ranunculus inundatus,,River Buttercup,,,6044,
Plantae,Flora,Ranunculaceae,5508,Ranunculus lappaceus,,Common Buttercup,,,3933,
Plantae,Flora,Ranunculaceae,12095,Ranunculus meristus,,,,,70,
Plantae,Flora,Ranunculaceae,5509,Ranunculus millanii,,Dwarf Buttercup,,,84,
Plantae,Flora,Ranunculaceae,5510,Ranunculus muelleri,,Felted Buttercup,,,172,
Plantae,Flora,Ranunculaceae,5511,Ranunculus muricatus,*,Sharp Buttercup,,,280,
Plantae,Flora,Ranunculaceae,5512,Ranunculus niphophilus,,Snow Buttercup,,,95,
Plantae,Flora,Ranunculaceae,5513,Ranunculus pachycarpus,,Thick-fruit Buttercup,,,104,
Plantae,Flora,Ranunculaceae,5514,Ranunculus papulentus,,Large River Buttercup,,,67,
Plantae,Flora,Ranunculaceae,5515,Ranunculus parviflorus,*,,,,2,
Plantae,Flora,Ranunculaceae,5516,Ranunculus pentandrus,,,,,159,
Plantae,Flora,Ranunculaceae,6769,Ranunculus pentandrus var. pentandrus,,,,,90,
Plantae,Flora,Ranunculaceae,12097,Ranunculus pentandrus var. platycarpus,,,,,268,
Plantae,Flora,Ranunculaceae,5517,Ranunculus pimpinellifolius,,Bog Buttercup,,,240,
Plantae,Flora,Ranunculaceae,5518,Ranunculus plebeius,,Forest Buttercup,,,868,
Plantae,Flora,Ranunculaceae,5519,Ranunculus productus,,,,,29,
Plantae,Flora,Ranunculaceae,5520,Ranunculus pumilio,,Ferny Buttercup,,,768,
Plantae,Flora,Ranunculaceae,9641,Ranunculus pumilio var. politus,,,,,81,
Plantae,Flora,Ranunculaceae,8810,Ranunculus pumilio var. pumilio,,,,,179,
Plantae,Flora,Ranunculaceae,5521,Ranunculus repens,*,Creeping Buttercup,,,394,
Plantae,Flora,Ranunculaceae,12171,Ranunculus sardous,*,Pale Hairy Buttercup,,,3,
Plantae,Flora,Ranunculaceae,9637,Ranunculus scapiger,,,,,124,
Plantae,Flora,Ranunculaceae,5524,Ranunculus sceleratus,*,Celery Buttercup,,,209,
Plantae,Flora,Ranunculaceae,5525,Ranunculus sessiliflorus,,Small-flowered Buttercup,,,1036,
Plantae,Flora,Ranunculaceae,9640,Ranunculus sessiliflorus var. pilulifer,,Common Buttercup,,,148,
Plantae,Flora,Ranunculaceae,8811,Ranunculus sessiliflorus var. sessiliflorus,,,,,679,
Plantae,Flora,Ranunculaceae,RANU,Ranunculus spp.,,,,,1048,
Plantae,Flora,Ranunculaceae,5527,Ranunculus trilobus,*,,,,7,
Plantae,Flora,Ranunculaceae,5528,Ranunculus undosus,,Swamp Buttercup,,,1307,
Plantae,Flora,Resedaceae,5529,Reseda lutea,*,Cut-leaved Mignonette,,,19,
Plantae,Flora,Resedaceae,5530,Reseda luteola,*,Weld,,,108,
Plantae,Flora,Restionaceae,10605,Baloskion australe,,,,,1718,
Plantae,Flora,Restionaceae,10606,Baloskion fimbriatum,,,,,242,
Plantae,Flora,Restionaceae,10607,Baloskion gracile,,,,,698,
Plantae,Flora,Restionaceae,10608,Baloskion longipes,,Dense Cord-rush,V,V,51,
Plantae,Flora,Restionaceae,10609,Baloskion pallens,,,,,518,
Plantae,Flora,Restionaceae,BALS,Baloskion spp.,,,,,31,
Plantae,Flora,Restionaceae,10610,Baloskion stenocoleum,,,,,206,
Plantae,Flora,Restionaceae,10611,Baloskion tenuiculme,,,,,35,
Plantae,Flora,Restionaceae,10612,Baloskion tetraphyllum,,,,,565,
Plantae,Flora,Restionaceae,10614,Baloskion tetraphyllum subsp. meiostachyum,,Plume Rush,,,691,
Plantae,Flora,Restionaceae,10613,Baloskion tetraphyllum subsp. tetraphyllum,,,,,8,
Plantae,Flora,Restionaceae,13527,Chordifex dimorphus,,,,,326,
Plantae,Flora,Restionaceae,13528,Chordifex fastigiatus,,,,,609,
Plantae,Flora,Restionaceae,5531,Coleocarya gracilis,,,,,204,
Plantae,Flora,Restionaceae,5532,Empodisma minus,,,,,9013,
Plantae,Flora,Restionaceae,EMPO,Empodisma spp.,,,,,3,
Plantae,Flora,Restionaceae,10615,Eurychorda complanata,,,,,1268,
Plantae,Flora,Restionaceae,5533,Hypolaena fastigiata,,,,,1043,
Plantae,Flora,Restionaceae,8375,Leptocarpus brownii,,,,,1,
Plantae,Flora,Restionaceae,5534,Leptocarpus tenax,,,,,4855,
Plantae,Flora,Restionaceae,5535,Lepyrodia anarthria,,,,,887,
Plantae,Flora,Restionaceae,13529,Lepyrodia cryptica,,,,,124,
Plantae,Flora,Restionaceae,13530,Lepyrodia cryptica subsp. verruculosa,,,,,1,
Plantae,Flora,Restionaceae,13531,Lepyrodia imitans,,,,,62,
Plantae,Flora,Restionaceae,5539,Lepyrodia leptocaulis,,,,,62,
Plantae,Flora,Restionaceae,5540,Lepyrodia muelleri,,,,,358,
Plantae,Flora,Restionaceae,13532,Lepyrodia oligocolea,,,,,13,
Plantae,Flora,Restionaceae,5541,Lepyrodia scariosa,,,,,7194,
Plantae,Flora,Restionaceae,LEPY,Lepyrodia spp.,,,,,88,
Plantae,Flora,Restionaceae,12051,Lepyrodia verruculosa,,,,,45,
Plantae,Flora,Restionaceae,REST,Restio spp.,,,,,51,
Plantae,Flora,Restionaceae,RSTNC,Restionaceae indeterminate,*,Southern rushes,,,11,
Plantae,Flora,Restionaceae,10602,Sporadanthus caudatus,,,,,89,
Plantae,Flora,Restionaceae,10603,Sporadanthus gracilis,,,,,196,
Plantae,Flora,Restionaceae,10604,Sporadanthus interruptus,,,,,446,
Plantae,Flora,Rhamnaceae,7686,Alphitonia excelsa,,Red Ash,,,7076,
Plantae,Flora,Rhamnaceae,5553,Alphitonia petriei,,White Ash,,,38,
Plantae,Flora,Rhamnaceae,ALPH,Alphitonia spp.,,,,,9,
Plantae,Flora,Rhamnaceae,5554,Cryptandra amara,,Bitter Cryptandra,,,1446,
Plantae,Flora,Rhamnaceae,8611,Cryptandra amara var. amara,,,,,567,
Plantae,Flora,Rhamnaceae,8246,Cryptandra amara var. floribunda,,Pretty Cryptandra,,,346,
Plantae,Flora,Rhamnaceae,8784,Cryptandra amara var. longiflora,,,,,156,
Plantae,Flora,Rhamnaceae,11070,Cryptandra armata,,,,,4,
Plantae,Flora,Rhamnaceae,5556,Cryptandra ericoides,,Heathy Cryptandra,,,509,
Plantae,Flora,Rhamnaceae,5557,Cryptandra lanosiflora,,Woolly Cryptandra,,,47,
Plantae,Flora,Rhamnaceae,5559,Cryptandra longistaminea,,,,,103,
Plantae,Flora,Rhamnaceae,13534,Cryptandra magniflora,,,,,19,
Plantae,Flora,Rhamnaceae,5560,Cryptandra propinqua,,,,,137,
Plantae,Flora,Rhamnaceae,13535,Cryptandra propinqua subsp. propinqua,,,,,5,
Plantae,Flora,Rhamnaceae,13536,Cryptandra speciosa subsp. speciosa,,,,,11,
Plantae,Flora,Rhamnaceae,5562,Cryptandra spinescens,,,,,349,
Plantae,Flora,Rhamnaceae,CRYP,Cryptandra spp.,,,,,54,
Plantae,Flora,Rhamnaceae,5563,Discaria nitida,,Leafy Anchor Plant,V,,82,
Plantae,Flora,Rhamnaceae,5564,Discaria pubescens,,Australian Anchor Plant,,,505,
Plantae,Flora,Rhamnaceae,DISC,Discaria spp.,,,,,3,
Plantae,Flora,Rhamnaceae,5565,Emmenosperma alphitonioides,,Yellow Ash,,,292,
Plantae,Flora,Rhamnaceae,8465,Hovenia dulcis,*,Japanese Raisin Tree,,,6,
Plantae,Flora,Rhamnaceae,13537,Phylica plumosa,*,,,,1,
Plantae,Flora,Rhamnaceae,9855,^^Pomaderris adnata,,Sublime Point Pomaderris,"E1,3",,452,
Plantae,Flora,Rhamnaceae,5567,Pomaderris andromedifolia,,,,,234,
Plantae,Flora,Rhamnaceae,14012,Pomaderris andromedifolia f. 'andromedifolia',,,,,2,
Plantae,Flora,Rhamnaceae,9863,Pomaderris andromedifolia subsp. andromedifolia,,,,,224,
Plantae,Flora,Rhamnaceae,9862,Pomaderris andromedifolia subsp. confusa,,,,,23,
Plantae,Flora,Rhamnaceae,5568,Pomaderris angustifolia,,,,,179,
Plantae,Flora,Rhamnaceae,5570,Pomaderris argyrophylla,,Silver Pomaderris,,,69,
Plantae,Flora,Rhamnaceae,5571,Pomaderris aspera,,Hazel Pomaderris,,,1884,
Plantae,Flora,Rhamnaceae,10994,Pomaderris aspera x cinerea,,,,,11,
Plantae,Flora,Rhamnaceae,5572,Pomaderris betulina,,Birch Pomaderris,,,118,
Plantae,Flora,Rhamnaceae,9864,Pomaderris betulina subsp. actensis,,,,,11,
Plantae,Flora,Rhamnaceae,9865,Pomaderris betulina subsp. betulina,,,,,15,
Plantae,Flora,Rhamnaceae,9857,Pomaderris bodalla,,Bodalla Pomaderris,V,,214,
Plantae,Flora,Rhamnaceae,6979,Pomaderris brogoensis,,,,,59,
Plantae,Flora,Rhamnaceae,5573,Pomaderris brunnea,,Brown Pomaderris,E1,V,258,
Plantae,Flora,Rhamnaceae,5574,Pomaderris cinerea,,,,,295,
Plantae,Flora,Rhamnaceae,9577,Pomaderris cocoparrana,,Cocoparra Pomaderris,E1,E,540,
Plantae,Flora,Rhamnaceae,5575,Pomaderris costata,,,,,31,
Plantae,Flora,Rhamnaceae,5576,Pomaderris cotoneaster,,Cotoneaster Pomaderris,E1,E,1419,
Plantae,Flora,Rhamnaceae,9853,Pomaderris crassifolia,,,,,2,
Plantae,Flora,Rhamnaceae,9856,Pomaderris delicata,,Delicate Pomaderris,E4A,CE,145,
Plantae,Flora,Rhamnaceae,5577,Pomaderris discolor,,,,,211,
Plantae,Flora,Rhamnaceae,9484,Pomaderris elachophylla,,Lacy Pomaderris,E1,,55,
Plantae,Flora,Rhamnaceae,9868,Pomaderris elliptica subsp. elliptica,,,,,441,
Plantae,Flora,Rhamnaceae,5578,Pomaderris eriocephala,,,,,186,
Plantae,Flora,Rhamnaceae,5579,Pomaderris ferruginea,,,,,841,
Plantae,Flora,Rhamnaceae,8296,Pomaderris gilmourii,,,,,3,
Plantae,Flora,Rhamnaceae,9528,Pomaderris gilmourii var. cana,,Grey Deua Pomaderris,E4A,CE,3,
Plantae,Flora,Rhamnaceae,9578,Pomaderris gilmourii var. gilmourii,,,E1,E,11,
Plantae,Flora,Rhamnaceae,12045,Pomaderris graniticola,,,,,35,
Plantae,Flora,Rhamnaceae,9852,Pomaderris helianthemifolia subsp. hispida,,,,,13,
Plantae,Flora,Rhamnaceae,7979,Pomaderris intermedia,,,,,543,
Plantae,Flora,Rhamnaceae,5581,Pomaderris lanigera,,Woolly Pomaderris,,,758,
Plantae,Flora,Rhamnaceae,5582,Pomaderris ledifolia,,Sydney Pomaderris,,,140,
Plantae,Flora,Rhamnaceae,5583,Pomaderris ligustrina,,Privet Pomaderris,,,145,
Plantae,Flora,Rhamnaceae,9866,Pomaderris ligustrina subsp. latifolia,,,,,3,
Plantae,Flora,Rhamnaceae,9867,Pomaderris ligustrina subsp. ligustrina,,,,,102,
Plantae,Flora,Rhamnaceae,9854,Pomaderris mediora,,,,,36,
Plantae,Flora,Rhamnaceae,5585,Pomaderris nitidula,,Shining Pomaderris,,,47,
Plantae,Flora,Rhamnaceae,5586,Pomaderris notata,,McPherson Range Pomaderris,V,,18,
Plantae,Flora,Rhamnaceae,5588,Pomaderris pallida,,Pale Pomaderris,V,V,214,
Plantae,Flora,Rhamnaceae,10810,Pomaderris paniculosa subsp. paniculosa,,,E4,,3,
Plantae,Flora,Rhamnaceae,8339,Pomaderris parrisiae,,Parris' Pomaderris,V,V,112,
Plantae,Flora,Rhamnaceae,5589,Pomaderris pauciflora,,,,,45,
Plantae,Flora,Rhamnaceae,5590,Pomaderris phylicifolia,,Narrow-leaf Pomaderris,,,17,
Plantae,Flora,Rhamnaceae,6466,Pomaderris phylicifolia subsp. ericoides,,,,,75,
Plantae,Flora,Rhamnaceae,9869,Pomaderris phylicifolia subsp. phylicifolia,,,,,28,
Plantae,Flora,Rhamnaceae,9858,Pomaderris precaria,,,,,21,
Plantae,Flora,Rhamnaceae,5591,Pomaderris prunifolia,,"P. prunifolia in the Parramatta, Auburn, Strathfield and Bankstown Local Government Areas",E2,,26,
Plantae,Flora,Rhamnaceae,5591,Pomaderris prunifolia,,Plum-leaf Pomaderris,,,143,
Plantae,Flora,Rhamnaceae,5592,Pomaderris queenslandica,,Scant Pomaderris,E1,,339,
Plantae,Flora,Rhamnaceae,9859,Pomaderris reperta,,Denman Pomaderris,E4A,CE,418,
Plantae,Flora,Rhamnaceae,5593,Pomaderris sericea,,Silky Pomaderris,E4A,CE,6,
Plantae,Flora,Rhamnaceae,8262,Pomaderris sp. aff. cinerea,,,,,1,
Plantae,Flora,Rhamnaceae,POMA,Pomaderris spp.,,,,,523,
Plantae,Flora,Rhamnaceae,9212,Pomaderris subcapitata,,,,,30,
Plantae,Flora,Rhamnaceae,5595,Pomaderris vellea,,,,,52,
Plantae,Flora,Rhamnaceae,5596,Pomaderris velutina,,Velvety Pomaderris,,,21,
Plantae,Flora,Rhamnaceae,7336,Pomaderris virgata,,Upright Pomaderris,,,20,
Plantae,Flora,Rhamnaceae,12525,^Pomaderris walshii,,Carrington Falls Pomaderris,"E4A,2",CE,76,
Plantae,Flora,Rhamnaceae,RHMNC,Rhamnaceae indeterminate,*,Rhamnaceae,,,1,
Plantae,Flora,Rhamnaceae,5597,Rhamnus alaternus,*,Buckthorn,,,93,
Plantae,Flora,Rhamnaceae,12467,Spyridium burragorang,,Spyridium burragorang in the Cessnock local government area,E2,,3,
Plantae,Flora,Rhamnaceae,12467,Spyridium burragorang,,,,,14,
Plantae,Flora,Rhamnaceae,12324,Spyridium buxifolium,,,,,55,
Plantae,Flora,Rhamnaceae,5598,Spyridium cinereum,,Tiny Spyridium,,,45,
Plantae,Flora,Rhamnaceae,5599,Spyridium eriocephalum,,,,,32,
Plantae,Flora,Rhamnaceae,5600,Spyridium parvifolium,,Dusty Miller,,,156,
Plantae,Flora,Rhamnaceae,12323,Spyridium scortechinii,,,,,102,
Plantae,Flora,Rhamnaceae,SPYR,Spyridium spp.,,,,,8,
Plantae,Flora,Rhamnaceae,13538,Stenanthemum leucophractum,,,,,72,
Plantae,Flora,Rhamnaceae,6377,Ventilago viminalis,,Supple Jack,,,354,
Plantae,Flora,Rhamnaceae,13539,Ziziphus jujuba,*,,,,2,
Plantae,Flora,Rhizogoniaceae,14065,Pyrrhobryum paramattense,,,,,3,
Plantae,Flora,Rhizophoraceae,6510,Bruguiera gymnorhiza,,Black Mangrove,,,47,
Plantae,Flora,Rhizophoraceae,6898,Rhizophora stylosa,,Red Mangrove,,,17,
Plantae,Flora,Ricciaceae,11570,Riccia bifurca,,,,,1,
Plantae,Flora,Ricciaceae,13735,Riccia multifida,,,,,1,
Plantae,Flora,Ricciaceae,13736,Riccia spongiosula,,,,,2,
Plantae,Flora,Ricciaceae,11571,Riccia spp.,,,,,16,
Plantae,Flora,Ricciaceae,14472,Ricciocarpus natans,,,,,10,
Plantae,Flora,Ripogonaceae,6018,Ripogonum album,,White Supplejack,,,1301,
Plantae,Flora,Ripogonaceae,7368,Ripogonum brevifolium,,Small-leaved Supplejack,,,161,
Plantae,Flora,Ripogonaceae,6019,Ripogonum discolor,,Prickly Supplejack,,,1061,
Plantae,Flora,Ripogonaceae,6020,Ripogonum elseyanum,,Hairy Supplejack,,,510,
Plantae,Flora,Ripogonaceae,6021,Ripogonum fawcettianum,,Small Supplejack,,,1016,
Plantae,Flora,Ripogonaceae,RIPO,Ripogonum spp.,,,,,32,
Plantae,Flora,Rosaceae,5602,Acaena agnipila,,Hairy Sheep's Burr,,,671,
Plantae,Flora,Rosaceae,12513,Acaena anserovina,,,,,54,
Plantae,Flora,Rosaceae,5603,Acaena echinata,,Sheep's Burr,,,1374,
Plantae,Flora,Rosaceae,12410,Acaena echinata var. echinata,,,,,5,
Plantae,Flora,Rosaceae,12411,Acaena echinata var. retrorsumpilosa,,,,,3,
Plantae,Flora,Rosaceae,12413,Acaena echinata var. subglabricalyx,,,,,31,
Plantae,Flora,Rosaceae,5604,Acaena novae-zelandiae,,Bidgee-widgee,,,6561,
Plantae,Flora,Rosaceae,5605,Acaena ovina,,Acaena,,,5368,
Plantae,Flora,Rosaceae,15239,Acaena sp. Thredbo River Gorge,,,,,67,
Plantae,Flora,Rosaceae,ACAE,Acaena spp.,,Sheep's Burr,,,836,
Plantae,Flora,Rosaceae,5606,Agrimonia eupatoria,*,Agrimony,,,8,
Plantae,Flora,Rosaceae,5607,Alchemilla xanthochlora,*,Lady's Mantle,,,8,
Plantae,Flora,Rosaceae,5608,Aphanes arvensis,*,Parsley-piert,,,105,
Plantae,Flora,Rosaceae,5609,Aphanes australiana,,Australian Pert,,,271,
Plantae,Flora,Rosaceae,13543,Aphanes inexspectata,*,,,,7,
Plantae,Flora,Rosaceae,APHA,Aphanes spp.,,,,,182,
Plantae,Flora,Rosaceae,13544,Chaemomeles japonica,*,,,,3,
Plantae,Flora,Rosaceae,14105,Chaenomeles speciosa,*,,,,2,
Plantae,Flora,Rosaceae,FRAG,Fragaria spp.,*,,,,1,
Plantae,Flora,Rosaceae,GEUM,Geum spp.,,,,,1,
Plantae,Flora,Rosaceae,5619,Geum urbanum,,Herb Bennet,,,80,
Plantae,Flora,Rosaceae,13545,Margyricarpus pinnatus,*,,,,1,
Plantae,Flora,Rosaceae,9936,Potentilla anserina subsp. anserina,*,Silver Weed,,,17,
Plantae,Flora,Rosaceae,11955,Potentilla indica,*,Indian Strawberry,,,165,
Plantae,Flora,Rosaceae,5621,Potentilla recta,*,,,,222,
Plantae,Flora,Rosaceae,POTE,Potentilla spp.,*,,,,17,
Plantae,Flora,Rosaceae,5622,Potentilla supina,*,,,,3,
Plantae,Flora,Rosaceae,13546,Potentilla vesca,*,,,,12,
Plantae,Flora,Rosaceae,9941,Prunus armeniaca,*,Apricot,,,20,
Plantae,Flora,Rosaceae,12646,Prunus avium,*,Wild Cherry,,,3,
Plantae,Flora,Rosaceae,12019,Prunus campanulata,*,,,,7,
Plantae,Flora,Rosaceae,5623,Prunus cerasifera,*,Cherry Plum,,,158,
Plantae,Flora,Rosaceae,6869,Prunus cerasus,*,Sour Cherry,,,14,
Plantae,Flora,Rosaceae,6429,Prunus domestica,*,Plum,,,27,
Plantae,Flora,Rosaceae,6929,Prunus dulcis,*,Almond,,,2,
Plantae,Flora,Rosaceae,7494,Prunus laurocerasus,*,Cherry Laurel,,,92,
Plantae,Flora,Rosaceae,5624,Prunus lusitanica,*,Portugal Laurel,,,15,
Plantae,Flora,Rosaceae,7401,Prunus mahaleb,*,Mahaleb Cherry,,,3,
Plantae,Flora,Rosaceae,5625,Prunus persica,*,,,,252,
Plantae,Flora,Rosaceae,7672,Prunus persica var. nucipersica,*,,,,4,
Plantae,Flora,Rosaceae,7649,Prunus persica var. persica,*,Peach,,,14,
Plantae,Flora,Rosaceae,7673,Prunus salicina,*,,,,6,
Plantae,Flora,Rosaceae,5626,Prunus serotina,*,Wild Black Cherry,,,24,
Plantae,Flora,Rosaceae,12647,Prunus serrulata,*,Japanese Cherry,,,18,
Plantae,Flora,Rosaceae,PRUN,Prunus spp.,*,,,,623,
Plantae,Flora,Rosaceae,5632,Rosa bracteata,*,Macartney Rose,,,39,
Plantae,Flora,Rosaceae,5633,Rosa canina,*,Dog Rose,,,60,
Plantae,Flora,Rosaceae,5634,Rosa laevigata,*,Cherokee Rose,,,1,
Plantae,Flora,Rosaceae,12184,Rosa luciae,*,,,,12,
Plantae,Flora,Rosaceae,9938,Rosa roxburghii,*,Chestnut Rose,,,1,
Plantae,Flora,Rosaceae,5635,Rosa rubiginosa,*,Sweet Briar,,,5766,
Plantae,Flora,Rosaceae,ROSA,Rosa spp.,*,,,,299,
Plantae,Flora,Rosaceae,14881,Rubus alceifolius,*,"Giant Bramble, Asian Bramble, Bramble, Wild Raspberry",,,1,
Plantae,Flora,Rosaceae,11733,Rubus anglocandicans,*,Blackberry,,,2052,
Plantae,Flora,Rosaceae,5637,Rubus ellipticus,*,Yellow Raspberry,,,10,
Plantae,Flora,Rosaceae,11303,Rubus fruticosus sp. agg.,*,Blackberry complex,,,6146,
Plantae,Flora,Rosaceae,13548,Rubus idaeus,*,Raspberry,,,2,
Plantae,Flora,Rosaceae,5639,Rubus laciniatus,*,Cut-leaf Blackberry,,,6,
Plantae,Flora,Rosaceae,13549,Rubus laudatus,*,Blackberry,,,29,
Plantae,Flora,Rosaceae,5640,Rubus leightonii,*,Blackberry,,,35,
Plantae,Flora,Rosaceae,13550,Rubus leucostachys,*,Blackberry,,,11,
Plantae,Flora,Rosaceae,13551,Rubus loganobaccus,*,Loganberry,,,6,
Plantae,Flora,Rosaceae,11587,Rubus moluccanus,,Molucca Bramble,,,510,
Plantae,Flora,Rosaceae,10811,Rubus moluccanus var. moluccanus,,,,,105,
Plantae,Flora,Rosaceae,11236,Rubus moluccanus var. trilobus,,Molucca Bramble,,,2109,
Plantae,Flora,Rosaceae,5641,Rubus moorei,,Silky Bramble,,,81,
Plantae,Flora,Rosaceae,9917,Rubus nebulosus,,Green-leaved Bramble,,,1092,
Plantae,Flora,Rosaceae,14034,Rubus niveus,*,Mysore Raspberry,,,2,
Plantae,Flora,Rosaceae,5642,Rubus parvifolius,,Native Raspberry,,,8239,
Plantae,Flora,Rosaceae,13552,Rubus phaeocarpus,*,,,,4,
Plantae,Flora,Rosaceae,13553,Rubus philadelphicus,*,Lawton Berry,,,4,
Plantae,Flora,Rosaceae,13554,Rubus polyanthemus,*,Blackberry,,,41,
Plantae,Flora,Rosaceae,5643,Rubus pyramidalis,*,Blackberry,,,8,
Plantae,Flora,Rosaceae,6685,Rubus radula,*,Blackberry,,,2,
Plantae,Flora,Rosaceae,5644,Rubus roribaccus,*,North American Dewberry,,,39,
Plantae,Flora,Rosaceae,5645,Rubus rosifolius,,Rose-leaf Bramble,,,2203,
Plantae,Flora,Rosaceae,10814,Rubus rosifolius var. commersonii,,,,,10,
Plantae,Flora,Rosaceae,10813,Rubus rosifolius var. rosifolius,,,,,151,
Plantae,Flora,Rosaceae,12272,Rubus rugosus,*,Keribery,,,3,
Plantae,Flora,Rosaceae,RUBU,Rubus spp.,,,,,583,
Plantae,Flora,Rosaceae,5646,Rubus ulmifolius,*,Blackberry,,,1321,
Plantae,Flora,Rosaceae,7445,Rubus vestitus,*,Blackberry,,,46,
Plantae,Flora,Rosaceae,10573,Rubus x novus,,,,,18,
Plantae,Flora,Rosaceae,7431,Sanguisorba minor subsp. muricata,*,Sheep's Burnet,,,510,
Plantae,Flora,Rosaceae,SANG,Sanguisorba spp.,*,,,,9,
Plantae,Flora,Rubiaceae,7608,Asperula ambleia,,Stiff Woodruff,,,35,
Plantae,Flora,Rubiaceae,5651,Asperula arvensis,*,Blue Woodruff,,,3,
Plantae,Flora,Rubiaceae,6744,Asperula asthenes,,Trailing Woodruff,V,V,487,
Plantae,Flora,Rubiaceae,5652,Asperula charophyton,,Strapleaf Woodruff,,,33,
Plantae,Flora,Rubiaceae,5653,Asperula conferta,,Common Woodruff,,,11047,
Plantae,Flora,Rubiaceae,5654,Asperula cunninghamii,,Twining Woodruff,,,230,
Plantae,Flora,Rubiaceae,5655,Asperula euryphylla,,,,,28,
Plantae,Flora,Rubiaceae,10203,Asperula gemella,,Twin-leaved Bedstraw,,,360,
Plantae,Flora,Rubiaceae,5657,Asperula gunnii,,Mountain Woodruff,,,1013,
Plantae,Flora,Rubiaceae,14598,Asperula hoskingii,,,,,6,
Plantae,Flora,Rubiaceae,5658,Asperula pusilla,,Alpine Woodruff,,,92,
Plantae,Flora,Rubiaceae,5659,Asperula scoparia,,Prickly Woodruff,,,2108,
Plantae,Flora,Rubiaceae,14667,Asperula scoparia subsp. scoparia,,,,,6,
Plantae,Flora,Rubiaceae,14666,Asperula scoparia subsp. subglabra,,,,,14,
Plantae,Flora,Rubiaceae,ASPE,Asperula spp.,,Woodruff,,,351,
Plantae,Flora,Rubiaceae,5660,Asperula subulifolia,,,,,20,
Plantae,Flora,Rubiaceae,9546,Asperula syrticola,*,,,,7,
Plantae,Flora,Rubiaceae,10865,Atractocarpus benthamianus,,,,,440,
Plantae,Flora,Rubiaceae,10866,Atractocarpus benthamianus subsp. benthamianus,,,,,25,
Plantae,Flora,Rubiaceae,10867,Atractocarpus benthamianus subsp. glaber,,,,,40,
Plantae,Flora,Rubiaceae,10868,Atractocarpus chartaceus,,,,,189,
Plantae,Flora,Rubiaceae,10426,Atractocarpus stipularis,,Green Plum,,,140,
Plantae,Flora,Rubiaceae,12109,Caelospermum paniculatum,,,,,75,
Plantae,Flora,Rubiaceae,5669,Coffea arabica,*,Coffee,,,52,
Plantae,Flora,Rubiaceae,10757,Coprosma baueri,*,,,,1,
Plantae,Flora,Rubiaceae,5670,Coprosma hirtella,,Coffee-berry,,,1094,
Plantae,Flora,Rubiaceae,10443,Coprosma huttoniana,,,,,69,
Plantae,Flora,Rubiaceae,10444,Coprosma inopinata,,Small-leaved Currant Bush,E4A,,12,
Plantae,Flora,Rubiaceae,5671,Coprosma lanceolaris,,,,,162,
Plantae,Flora,Rubiaceae,9551,Coprosma niphophila,,,,,30,
Plantae,Flora,Rubiaceae,8677,Coprosma nitida,,,,,24,
Plantae,Flora,Rubiaceae,6557,Coprosma nivalis,,,,,11,
Plantae,Flora,Rubiaceae,6678,Coprosma perpusilla subsp. perpusilla,,,,,1,
Plantae,Flora,Rubiaceae,5672,Coprosma prisca,,Goatwood,,,104,
Plantae,Flora,Rubiaceae,5674,Coprosma putida,,Stinkwood,,,287,
Plantae,Flora,Rubiaceae,5675,Coprosma quadrifida,,Prickly Currant Bush,,,3146,
Plantae,Flora,Rubiaceae,5676,Coprosma repens,*,Taupata,,,156,
Plantae,Flora,Rubiaceae,12254,Coprosma robusta,*,Karamu,,,1,
Plantae,Flora,Rubiaceae,COPR,Coprosma spp.,,,,,49,
Plantae,Flora,Rubiaceae,11599,Cyclophyllum longipetalum,,Coast Canthium,,,781,
Plantae,Flora,Rubiaceae,9485,Dentella minutissima,,,E1,,38,
Plantae,Flora,Rubiaceae,5677,Diodia teres,*,Buttonweed,,,9,
Plantae,Flora,Rubiaceae,6571,Durringtonia paludosa,,,,,45,
Plantae,Flora,Rubiaceae,12427,Everistia vacciniifolia var. nervosa,,,,,53,
Plantae,Flora,Rubiaceae,5679,Galium aparine,*,Goosegrass,,,2127,
Plantae,Flora,Rubiaceae,5680,Galium australe,,Tangled Bedstraw,E1,,45,
Plantae,Flora,Rubiaceae,5681,Galium binifolium,,,,,1589,
Plantae,Flora,Rubiaceae,14668,Galium binifolium subsp. binifolium,,,,,32,
Plantae,Flora,Rubiaceae,15580,Galium ciliare subsp. ciliare,,,,,619,
Plantae,Flora,Rubiaceae,8860,Galium curvihirtum,,,,,15,
Plantae,Flora,Rubiaceae,5683,Galium divaricatum,*,Slender Bedstraw,,,205,
Plantae,Flora,Rubiaceae,5684,Galium gaudichaudii,,Rough Bedstraw,,,3944,
Plantae,Flora,Rubiaceae,14867,Galium gaudichaudii subsp. gaudichaudii,,,,,30,
Plantae,Flora,Rubiaceae,13838,Galium leiocarpum,,,,,3855,
Plantae,Flora,Rubiaceae,13893,Galium leptogonium,,,,,414,
Plantae,Flora,Rubiaceae,5685,Galium liratum,,,,,175,
Plantae,Flora,Rubiaceae,5686,Galium migrans,,,,,1665,
Plantae,Flora,Rubiaceae,5687,Galium murale,*,Small Bedstraw,,,340,
Plantae,Flora,Rubiaceae,13555,Galium palustre,*,,,,11,
Plantae,Flora,Rubiaceae,5689,Galium roddii,,,,,20,
Plantae,Flora,Rubiaceae,GALI,Galium spp.,,,,,1512,
Plantae,Flora,Rubiaceae,14630,Galium spurium,*,,,,1,
Plantae,Flora,Rubiaceae,5690,Galium tricornutum,*,Three-horned Bedstraw,,,14,
Plantae,Flora,Rubiaceae,11776,Gardenia angusta,*,,,,7,
Plantae,Flora,Rubiaceae,12565,Gardenia jasminoides,*,,,,28,
Plantae,Flora,Rubiaceae,GARD,Gardenia spp.,*,,,,40,
Plantae,Flora,Rubiaceae,14922,Gynochthodes jasminoides,,Sweet Morinda,,,7760,
Plantae,Flora,Rubiaceae,5691,Hodgkinsonia ovatiflora,,,,,313,
Plantae,Flora,Rubiaceae,HODG,Hodgkinsonia spp.,,,,,1,
Plantae,Flora,Rubiaceae,5692,Ixora beckleri,,Native Ixora,,,227,
Plantae,Flora,Rubiaceae,IXOR,Ixora spp.,,,,,2,
Plantae,Flora,Rubiaceae,6758,Leptostigma reptans,,,,,166,
Plantae,Flora,Rubiaceae,11958,Morinda canthoides,,Veiny Morinda,,,119,
Plantae,Flora,Rubiaceae,5695,Nertera granadensis,,Matted Nertera,,,299,
Plantae,Flora,Rubiaceae,NERT,Nertera spp.,,,,,4,
Plantae,Flora,Rubiaceae,12125,Oldenlandia corymbosa var. corymbosa,*,,,,1,
Plantae,Flora,Rubiaceae,6449,Oldenlandia galioides,,Sweet False Galium,E1,,14,
Plantae,Flora,Rubiaceae,11381,Oldenlandia mitrasacmoides subsp. trachymenoides,,,,,2,
Plantae,Flora,Rubiaceae,5697,Opercularia aspera,,Coarse Stinkweed,,,4128,
Plantae,Flora,Rubiaceae,5698,Opercularia diphylla,,Stinkweed,,,5097,
Plantae,Flora,Rubiaceae,5699,Opercularia hispida,,Hairy Stinkweed,,,2864,
Plantae,Flora,Rubiaceae,13911,Opercularia sp. nov.,,,,,1,
Plantae,Flora,Rubiaceae,OPER,Opercularia spp.,,,,,420,
Plantae,Flora,Rubiaceae,5700,Opercularia turpis,,Twiggy Stinkweed,,,9,
Plantae,Flora,Rubiaceae,5701,Opercularia varia,,Variable Stinkweed,,,1253,
Plantae,Flora,Rubiaceae,5702,Pavetta australiensis,,,,,9,
Plantae,Flora,Rubiaceae,13556,Pavetta australiensis var. australiensis,,,,,1,
Plantae,Flora,Rubiaceae,11912,Pentas lanceolata,*,,,,1,
Plantae,Flora,Rubiaceae,5703,Pomax umbellata,,Pomax,,,14231,
Plantae,Flora,Rubiaceae,5704,Psychotria carronis,,Black Grape,,,14,
Plantae,Flora,Rubiaceae,5705,Psychotria daphnoides,,Smooth Psychotria,,,324,
Plantae,Flora,Rubiaceae,9381,Psychotria daphnoides f. 'large-leaved',,,,,41,
Plantae,Flora,Rubiaceae,9382,Psychotria daphnoides f. 'small-leaved',,,,,4,
Plantae,Flora,Rubiaceae,5706,Psychotria loniceroides,,Hairy Psychotria,,,3060,
Plantae,Flora,Rubiaceae,5707,Psychotria simmondsiana,,Small Psychotria,,,217,
Plantae,Flora,Rubiaceae,PSYC,Psychotria spp.,,,,,4,
Plantae,Flora,Rubiaceae,12311,Psydrax lamprophylla f. lamprophylla,,,,,51,
Plantae,Flora,Rubiaceae,11944,Psydrax latifolia,,,,,28,
Plantae,Flora,Rubiaceae,11942,Psydrax odorata,,Shiny-leaved Canthium,,,1207,
Plantae,Flora,Rubiaceae,12313,Psydrax odorata subsp. australiana,,,,,17,
Plantae,Flora,Rubiaceae,12316,Psydrax odorata subsp. australiana f. australiana,,,,,29,
Plantae,Flora,Rubiaceae,12317,Psydrax odorata subsp. australiana f. subnitida,,,,,62,
Plantae,Flora,Rubiaceae,11938,Psydrax odorata subsp. buxifolia,,,,,152,
Plantae,Flora,Rubiaceae,12315,Psydrax odorata subsp. buxifolia f. buxifolia,,,,,35,
Plantae,Flora,Rubiaceae,11943,Psydrax oleifolia,,,,,482,
Plantae,Flora,Rubiaceae,PSYD,Psydrax spp.,,,,,23,
Plantae,Flora,Rubiaceae,8297,Randia moorei,,Spiny Gardenia,E1,E,450,
Plantae,Flora,Rubiaceae,RAND,Randia spp.,,,,,1,
Plantae,Flora,Rubiaceae,5711,Richardia brasiliensis,*,Mexican Clover,,,533,
Plantae,Flora,Rubiaceae,6682,Richardia humistrata,*,,,,328,
Plantae,Flora,Rubiaceae,5712,Richardia scabra,*,,,,10,
Plantae,Flora,Rubiaceae,RICH,Richardia spp.,*,,,,108,
Plantae,Flora,Rubiaceae,5713,Richardia stellaris,*,,,,1332,
Plantae,Flora,Rubiaceae,RUBIC,Rubiaceae indeterminate,*,"Woodruffs, currants, bedstraws and coffee",,,11,
Plantae,Flora,Rubiaceae,5714,Sherardia arvensis,*,Field Madder,,,536,
Plantae,Flora,Rubiaceae,7519,Spermacoce brachystema,,,,,114,
Plantae,Flora,Rubiaceae,5715,Synaptantha tillaeacea,,,,,86,
Plantae,Flora,Rubiaceae,13560,Synaptantha tillaeacea var. tillaeacea,,,,,22,
Plantae,Flora,Rubiaceae,13561,Triflorensia cameronii,,Cameron's Tarenna,E1,,6,
Plantae,Flora,Ruscaceae,13562,Ruscus hypophyllum,*,,,,1,
Plantae,Flora,Rutaceae,5719,Acradenia euodiiformis,,Yellow Satinheart,,,386,
Plantae,Flora,Rutaceae,5720,Acronychia baeuerlenii,,Byron Bay Acronychia,,,339,
Plantae,Flora,Rutaceae,8418,Acronychia imperforata,,Logan Apple,,,489,
Plantae,Flora,Rutaceae,5721,Acronychia laevis,,Hard Aspen,,,38,
Plantae,Flora,Rutaceae,6457,Acronychia littoralis,,Scented Acronychia,E1,E,367,
Plantae,Flora,Rutaceae,5722,Acronychia oblongifolia,,White Aspen,,,1694,
Plantae,Flora,Rutaceae,8678,Acronychia octandra,,Doughwood,,,138,
Plantae,Flora,Rutaceae,5723,Acronychia pauciflora,,Soft Acronychia,,,21,
Plantae,Flora,Rutaceae,5724,Acronychia pubescens,,Hairy Acronychia,,,283,
Plantae,Flora,Rutaceae,12572,Acronychia spp.,,,,,19,
Plantae,Flora,Rutaceae,5725,Acronychia suberosa,,Corky Acronychia,,,63,
Plantae,Flora,Rutaceae,5726,Acronychia wilcoxiana,,Silver Aspen,,,170,
Plantae,Flora,Rutaceae,12190,Asterolasia asteriscophora subsp. asteriscophora,,Lemon Starbush,,,20,
Plantae,Flora,Rutaceae,11610,Asterolasia beckersii,,Dungowan Starbush,E4A,CE,409,
Plantae,Flora,Rutaceae,10884,Asterolasia buckinghamii,,,,,17,
Plantae,Flora,Rutaceae,10885,Asterolasia buxifolia,,,E4A,CE,809,
Plantae,Flora,Rutaceae,5728,Asterolasia correifolia,,,,,334,
Plantae,Flora,Rutaceae,8851,Asterolasia elegans,,,E1,E,1174,
Plantae,Flora,Rutaceae,14949,Asterolasia exasperata,,,,,28,
Plantae,Flora,Rutaceae,5729,Asterolasia hexapetala,,,,,51,
Plantae,Flora,Rutaceae,10886,Asterolasia rivularis,,,,,10,
Plantae,Flora,Rutaceae,12227,Asterolasia rupestris,,,,,3,
Plantae,Flora,Rutaceae,12191,Asterolasia rupestris subsp. recurva,,,E4A,,27,
Plantae,Flora,Rutaceae,12189,Asterolasia rupestris subsp. rupestris,,,,,18,
Plantae,Flora,Rutaceae,5730,Asterolasia trymalioides,,Alpine Starbush,,,73,
Plantae,Flora,Rutaceae,5732,Boronia algida,,,P,,289,
Plantae,Flora,Rutaceae,10997,Boronia amabilis,,,P,,1,
Plantae,Flora,Rutaceae,5733,Boronia anemonifolia,,,P,,96,
Plantae,Flora,Rutaceae,12257,Boronia anemonifolia subsp. anemonifolia,,,P,,157,
Plantae,Flora,Rutaceae,11607,Boronia anemonifolia subsp. variabilis,,Coast Boronia,P,,73,
Plantae,Flora,Rutaceae,12192,Boronia anemonifolia subsp. wadbilligensis,,,P,,7,
Plantae,Flora,Rutaceae,5734,Boronia anethifolia,,,P,,307,
Plantae,Flora,Rutaceae,10750,Boronia angustisepala,,,P,,147,
Plantae,Flora,Rutaceae,5735,Boronia barkeriana,,Barker's Boronia,P,,63,
Plantae,Flora,Rutaceae,12357,Boronia barkeriana subsp. angustifolia,,,P,,68,
Plantae,Flora,Rutaceae,12364,Boronia barkeriana subsp. barkeriana,,,P,,24,
Plantae,Flora,Rutaceae,12355,Boronia barkeriana subsp. gymnopetala,,,P,,4,
Plantae,Flora,Rutaceae,5736,Boronia bipinnata,,,P,,99,
Plantae,Flora,Rutaceae,10751,^^Boronia boliviensis,,Bolivia Hill Boronia,"E4A,P,3",CE,19,
Plantae,Flora,Rutaceae,9098,Boronia chartacea,,,P,,110,
Plantae,Flora,Rutaceae,10752,Boronia coerulescens subsp. coerulescens,,Blue Boronia,P,,10,
Plantae,Flora,Rutaceae,5738,Boronia deanei,,Deane's Boronia,"V,P",V,2545,
Plantae,Flora,Rutaceae,5739,Boronia falcifolia,,Wallum Boronia,P,,323,
Plantae,Flora,Rutaceae,5740,Boronia floribunda,,Pale-pink Boronia,P,,258,
Plantae,Flora,Rutaceae,5741,Boronia fraseri,,,P,,117,
Plantae,Flora,Rutaceae,5742,Boronia glabra,,Sandstone Boronia,P,,551,
Plantae,Flora,Rutaceae,5743,Boronia granitica,,Granite Boronia,"V,P",E,367,
Plantae,Flora,Rutaceae,11598,Boronia hapalophylla,,Shannon Creek Boronia,P,,2128,
Plantae,Flora,Rutaceae,12405,Boronia imlayensis,,,"E4A,P",CE,34,
Plantae,Flora,Rutaceae,12356,Boronia inflexa subsp. inflexa,,,P,,18,
Plantae,Flora,Rutaceae,12358,Boronia inflexa subsp. torringtonensis,,,"E4A,P",CE,27,
Plantae,Flora,Rutaceae,5744,Boronia ledifolia,,Sydney Boronia,P,,2148,
Plantae,Flora,Rutaceae,5745,Boronia microphylla,,Small-leaved Boronia,P,,816,
Plantae,Flora,Rutaceae,5746,Boronia mollis,,Soft Boronia,P,,80,
Plantae,Flora,Rutaceae,5747,Boronia muelleri,,,P,,104,
Plantae,Flora,Rutaceae,7942,Boronia nana var. hyssopifolia,,,P,,136,
Plantae,Flora,Rutaceae,13567,Boronia nana var. pubescens,,,P,,1,
Plantae,Flora,Rutaceae,12361,Boronia occidentalis,,,P,,74,
Plantae,Flora,Rutaceae,5749,Boronia parviflora,,Swamp Boronia,P,,1121,
Plantae,Flora,Rutaceae,5750,Boronia pinnata,,,P,,1335,
Plantae,Flora,Rutaceae,5751,Boronia polygalifolia,,Dwarf Boronia,P,,714,
Plantae,Flora,Rutaceae,5752,Boronia repanda,,Granite Rose,"E1,P",E,18,
Plantae,Flora,Rutaceae,5753,Boronia rhomboidea,,,P,,16,
Plantae,Flora,Rutaceae,5754,Boronia rigens,,Stiff Boronia,P,,187,
Plantae,Flora,Rutaceae,5755,Boronia rosmarinifolia,,,P,,64,
Plantae,Flora,Rutaceae,5756,Boronia rubiginosa,,,P,,189,
Plantae,Flora,Rutaceae,5757,Boronia ruppii,,Rupp's Boronia,"E1,P",,496,
Plantae,Flora,Rutaceae,5758,Boronia safrolifera,,,P,,141,
Plantae,Flora,Rutaceae,5759,Boronia serrulata,,Rose Boronia,P,,213,
Plantae,Flora,Rutaceae,BORO,Boronia spp.,,,P,,138,
Plantae,Flora,Rutaceae,5760,Boronia subulifolia,,,P,,62,
Plantae,Flora,Rutaceae,7210,Boronia thujona,,,P,,127,
Plantae,Flora,Rutaceae,9099,Boronia umbellata,,Orara Boronia,"V,P",V,671,
Plantae,Flora,Rutaceae,10044,Boronia warrumbunglensis,,,P,,61,
Plantae,Flora,Rutaceae,5762,Bosistoa floydii,,Five-leaved Bosistoa,,,64,
Plantae,Flora,Rutaceae,9017,Bosistoa pentacocca var. pentacocca,,Ferny-leaved Bosistoa,,,97,
Plantae,Flora,Rutaceae,BOSI,Bosistoa spp.,,,,,1,
Plantae,Flora,Rutaceae,5765,Bosistoa transversa,,Yellow Satinheart,V,V,106,
Plantae,Flora,Rutaceae,5766,Bouchardatia neurococca,,Union Nut,,,43,
Plantae,Flora,Rutaceae,14241,Calodendrum capense,*,Cape Chestnut,,,13,
Plantae,Flora,Rutaceae,13803,Casimiroa edulis,*,White Sapote,,,1,
Plantae,Flora,Rutaceae,CHOI,Choisya spp.,*,Choisya,,,1,
Plantae,Flora,Rutaceae,11700,Choisya ternata,*,,,,1,
Plantae,Flora,Rutaceae,10759,Citrus australasica,,Finger Lime,,,147,
Plantae,Flora,Rutaceae,10760,Citrus glauca,,Desert Lime,,,121,
Plantae,Flora,Rutaceae,11737,Citrus reticulata,*,"Tangarine, Mandarin",,,24,
Plantae,Flora,Rutaceae,CITU,Citrus spp.,,,,,118,
Plantae,Flora,Rutaceae,11689,Citrus X aurantium,*,Sour Orange,,,42,
Plantae,Flora,Rutaceae,10758,Citrus x taitensis,*,Rough Lemon,,,438,
Plantae,Flora,Rutaceae,12433,Coatesia paniculata,,Axe-Breaker,E1,,41,
Plantae,Flora,Rutaceae,11861,Coleonema pulchellum,*,,,,27,
Plantae,Flora,Rutaceae,COLN,Coleonema spp.,*,,,,6,
Plantae,Flora,Rutaceae,10046,Correa alba var. alba,,White Correa,,,365,
Plantae,Flora,Rutaceae,5769,Correa baeuerlenii,,Chef's Cap Correa,V,V,355,
Plantae,Flora,Rutaceae,5770,Correa glabra,,Rock Correa,,,25,
Plantae,Flora,Rutaceae,10798,Correa glabra var. glabra,,,,,61,
Plantae,Flora,Rutaceae,10799,Correa glabra var. leucoclada,,,,,29,
Plantae,Flora,Rutaceae,11020,Correa lawrenceana,,Mountain Correa,,,59,
Plantae,Flora,Rutaceae,11021,Correa lawrenceana var. cordifolia,,,,,104,
Plantae,Flora,Rutaceae,13752,Correa lawrenceana var. genoensis,,Genoa River Correa,E1,E,12,
Plantae,Flora,Rutaceae,11022,Correa lawrenceana var. glandulifera,,,,,9,
Plantae,Flora,Rutaceae,10939,Correa lawrenceana var. latrobeana,,,,,10,
Plantae,Flora,Rutaceae,11023,Correa lawrenceana var. macrocalyx,,,,,12,
Plantae,Flora,Rutaceae,11024,Correa lawrenceana var. rosea,,,,,44,
Plantae,Flora,Rutaceae,5772,Correa reflexa,,Native Fuschia,,,1702,
Plantae,Flora,Rutaceae,8801,Correa reflexa var. reflexa,,Native Fuschia,,,1614,
Plantae,Flora,Rutaceae,10797,Correa reflexa var. speciosa,,,,,135,
Plantae,Flora,Rutaceae,CORR,Correa spp.,,,,,22,
Plantae,Flora,Rutaceae,5774,Crowea exalata,,,P,,214,
Plantae,Flora,Rutaceae,11069,Crowea exalata subsp. exalata,,,P,,30,
Plantae,Flora,Rutaceae,12205,Crowea exalata subsp. magnifolia,,,P,,40,
Plantae,Flora,Rutaceae,12085,Crowea exalata subsp. obcordata,,,P,,1,
Plantae,Flora,Rutaceae,5775,Crowea saligna,,,P,,496,
Plantae,Flora,Rutaceae,CROW,Crowea spp.,,,,,10,
Plantae,Flora,Rutaceae,10816,Dinosperma erythrococcum,,Tingletongue,,,29,
Plantae,Flora,Rutaceae,13569,Dinosperma melanophloia,,,,,1,
Plantae,Flora,Rutaceae,5776,Eriostemon australasius,,,P,,1879,
Plantae,Flora,Rutaceae,13571,Eriostemon dolabratus var. latifolius,,,P,,1,
Plantae,Flora,Rutaceae,ERIS,Eriostemon spp.,,,P,,15,
Plantae,Flora,Rutaceae,5792,Flindersia australis,,Crow's Ash,,,262,
Plantae,Flora,Rutaceae,15043,Flindersia bennettii,,Bennett's Ash,,,304,
Plantae,Flora,Rutaceae,13573,Flindersia brayleyana,*,,,,4,
Plantae,Flora,Rutaceae,5794,Flindersia collina,,Broad-leaved Leopard Tree,,,27,
Plantae,Flora,Rutaceae,5795,Flindersia maculosa,,Leopardwood,,,803,
Plantae,Flora,Rutaceae,5796,Flindersia schottiana,,Cudgerie,,,610,
Plantae,Flora,Rutaceae,FLIN,Flindersia spp.,,,,,9,
Plantae,Flora,Rutaceae,5797,Flindersia xanthoxyla,,Yellowwood,,,122,
Plantae,Flora,Rutaceae,FORT,Fortunella spp.,*,kumquat,,,1,
Plantae,Flora,Rutaceae,5800,Geijera parviflora,,Wilga,,,8511,
Plantae,Flora,Rutaceae,5801,Geijera salicifolia,,Brush Wilga,,,646,
Plantae,Flora,Rutaceae,GEIJ,Geijera spp.,,,,,5,
Plantae,Flora,Rutaceae,13575,Glycosmis citrifolia,*,,,,1,
Plantae,Flora,Rutaceae,5802,Halfordia kendack,,Saffron Heart,,,125,
Plantae,Flora,Rutaceae,10724,Leionema ambiens,,Forest Phebalium,,,71,
Plantae,Flora,Rutaceae,10725,Leionema carruthersii,,,,,45,
Plantae,Flora,Rutaceae,12290,Leionema ceratogynum,,,E4A,CE,25,
Plantae,Flora,Rutaceae,10726,Leionema coxii,,,,,30,
Plantae,Flora,Rutaceae,10727,Leionema dentatum,,Toothed Phebalium,,,308,
Plantae,Flora,Rutaceae,10728,Leionema diosmeum,,,,,136,
Plantae,Flora,Rutaceae,10729,Leionema elatius,,Tall Phebalium,,,12,
Plantae,Flora,Rutaceae,10731,Leionema elatius subsp. beckleri,,,,,83,
Plantae,Flora,Rutaceae,10730,Leionema elatius subsp. elatius,,,,,12,
Plantae,Flora,Rutaceae,10732,Leionema lachnaeoides,,,E1,E,234,
Plantae,Flora,Rutaceae,10733,Leionema lamprophyllum,,Shiny Phebalium,,,3,
Plantae,Flora,Rutaceae,14676,^Leionema lamprophyllum subsp. fractum,,,"E4A,2",CE,5,
Plantae,Flora,Rutaceae,10909,Leionema lamprophyllum subsp. obovatum,,,,,21,
Plantae,Flora,Rutaceae,10910,Leionema lamprophyllum subsp. orbiculare,,,,,68,
Plantae,Flora,Rutaceae,10734,Leionema phylicifolium,,Mountain Phebalium,,,52,
Plantae,Flora,Rutaceae,10735,Leionema ralstonii,,Ralston's Leionema,V,V,134,
Plantae,Flora,Rutaceae,10736,Leionema rotundifolium,,Round-leaved Phebalium,,,93,
Plantae,Flora,Rutaceae,12415,Leionema scopulinum,,,E1,,61,
Plantae,Flora,Rutaceae,12268,Leionema sp. Colo River,,,,,18,
Plantae,Flora,Rutaceae,12181,Leionema spp.,,,,,5,
Plantae,Flora,Rutaceae,10737,Leionema sympetalum,,Rylstone Bell,V,V,54,
Plantae,Flora,Rutaceae,10738,Leionema viridiflorum,,Green Phebalium,,,67,
Plantae,Flora,Rutaceae,15208,Leionema westonii,,,E4A,CE,108,
Plantae,Flora,Rutaceae,5803,Medicosma cunninghamii,,Pinkheart,,,46,
Plantae,Flora,Rutaceae,5804,Melicope contermina,,,,,20,
Plantae,Flora,Rutaceae,8659,Melicope elleryana,,Pink-flowered Doughwood,,,522,
Plantae,Flora,Rutaceae,8585,Melicope hayesii,,Small-leaved Doughwood,,,233,
Plantae,Flora,Rutaceae,8625,Melicope micrococca,,Hairy-leaved Doughwood,,,1807,
Plantae,Flora,Rutaceae,10472,Melicope polybotrya,,,,,37,
Plantae,Flora,Rutaceae,MELP,Melicope spp.,,,,,20,
Plantae,Flora,Rutaceae,8658,Melicope vitiflora,,Coast Euodia,E1,,476,
Plantae,Flora,Rutaceae,12146,Microcybe multiflora var. bacharoides,,,,,1,
Plantae,Flora,Rutaceae,9042,Murraya paniculata,*,,,,530,
Plantae,Flora,Rutaceae,MURR,Murraya spp.,*,,,,31,
Plantae,Flora,Rutaceae,10739,Nematolepis elliptica,,,,,25,
Plantae,Flora,Rutaceae,10740,Nematolepis ovatifolia,,,,,175,
Plantae,Flora,Rutaceae,10741,Nematolepis rhytidophylla,,Nalbaugh Nematolepis,V,V,245,
Plantae,Flora,Rutaceae,10742,Nematolepis squamea subsp. squamea,,Satinwood,,,539,
Plantae,Flora,Rutaceae,5808,Pentaceras australe,,Bastard's Crow Ash,,,228,
Plantae,Flora,Rutaceae,11729,Phebalium bifidum,,,"E1,P",,2580,
Plantae,Flora,Rutaceae,5816,Phebalium glandulosum,,Desert Phebalium,,,58,
Plantae,Flora,Rutaceae,10048,Phebalium glandulosum subsp. angustifolium,,,,,17,
Plantae,Flora,Rutaceae,9419,Phebalium glandulosum subsp. eglandulosum,,Rusty Desert Phebalium,"E1,P",V,140,
Plantae,Flora,Rutaceae,9252,Phebalium glandulosum subsp. glandulosum,,,,,116,
Plantae,Flora,Rutaceae,15378,Phebalium glandulosum subsp. macrocalyx,,,,,1,
Plantae,Flora,Rutaceae,10993,Phebalium glandulosum subsp. nitidum,,,,,3,
Plantae,Flora,Rutaceae,15248,Phebalium graniticola,,,,,53,
Plantae,Flora,Rutaceae,5819,Phebalium nottii,,Pink Phebalium,,,30,
Plantae,Flora,Rutaceae,5820,Phebalium obcordatum,,Club-leaved Phebalium,,,283,
Plantae,Flora,Rutaceae,15573,Phebalium sp. Banyabba Nature Reserve,,,,,129,
Plantae,Flora,Rutaceae,14734,Phebalium speciosum,,,E4A,CE,929,
Plantae,Flora,Rutaceae,PHEB,Phebalium spp.,,,,,79,
Plantae,Flora,Rutaceae,5826,Phebalium squamulosum,,Scaly Phebalium,P,,486,
Plantae,Flora,Rutaceae,13577,Phebalium squamulosum subsp. alpinum,,,P,,3,
Plantae,Flora,Rutaceae,8258,Phebalium squamulosum subsp. argenteum,,,P,,102,
Plantae,Flora,Rutaceae,9285,Phebalium squamulosum subsp. coriaceum,,,P,,24,
Plantae,Flora,Rutaceae,9286,Phebalium squamulosum subsp. gracile,,,P,,303,
Plantae,Flora,Rutaceae,9284,Phebalium squamulosum subsp. lineare,,,P,,65,
Plantae,Flora,Rutaceae,9271,Phebalium squamulosum subsp. ozothamnoides,,Alpine Phebalium,P,,129,
Plantae,Flora,Rutaceae,8543,Phebalium squamulosum subsp. parvifolium,,,P,,31,
Plantae,Flora,Rutaceae,8374,Phebalium squamulosum subsp. squamulosum,,,P,,417,
Plantae,Flora,Rutaceae,8432,Phebalium squamulosum subsp. verrucosum,,,P,,27,
Plantae,Flora,Rutaceae,14955,Phebalium stellatum,,,,,17,
Plantae,Flora,Rutaceae,5827,Phebalium stenophyllum,,Narrow-leaved Phebalium,,,13,
Plantae,Flora,Rutaceae,13888,Phebalium sylvaticum,,,,,18,
Plantae,Flora,Rutaceae,5830,Phebalium woombye,,Wallum Phebalium,,,47,
Plantae,Flora,Rutaceae,10988,Philotheca angustifolia subsp. angustifolia,,,"E4,P",,1,
Plantae,Flora,Rutaceae,10576,Philotheca brevifolia,,,P,,90,
Plantae,Flora,Rutaceae,10577,Philotheca buxifolia,,,P,,185,
Plantae,Flora,Rutaceae,10578,Philotheca buxifolia subsp. buxifolia,,,P,,86,
Plantae,Flora,Rutaceae,10580,Philotheca buxifolia subsp. falcata,,,P,,10,
Plantae,Flora,Rutaceae,10579,Philotheca buxifolia subsp. obovata,,,P,,70,
Plantae,Flora,Rutaceae,10914,Philotheca ciliata,,,P,,206,
Plantae,Flora,Rutaceae,13578,Philotheca conduplicata,,,P,,15,
Plantae,Flora,Rutaceae,10581,Philotheca cuticularis,,,P,,1,
Plantae,Flora,Rutaceae,10582,Philotheca difformis,,,P,,18,
Plantae,Flora,Rutaceae,10583,Philotheca difformis subsp. difformis,,,P,,204,
Plantae,Flora,Rutaceae,10584,Philotheca difformis subsp. smithiana,,,P,,12,
Plantae,Flora,Rutaceae,12004,Philotheca epilosa,,,P,,153,
Plantae,Flora,Rutaceae,10585,Philotheca ericifolia,,,P,,310,
Plantae,Flora,Rutaceae,10586,Philotheca hispidula,,,P,,568,
Plantae,Flora,Rutaceae,10587,Philotheca linearis,,,P,,145,
Plantae,Flora,Rutaceae,10588,Philotheca myoporoides,,Long-leaf Wax Flower,P,,126,
Plantae,Flora,Rutaceae,10589,Philotheca myoporoides subsp. acuta,,,P,,68,
Plantae,Flora,Rutaceae,10590,Philotheca myoporoides subsp. brevipedunculata,,,P,,10,
Plantae,Flora,Rutaceae,10593,Philotheca myoporoides subsp. myoporoides,,,P,,228,
Plantae,Flora,Rutaceae,10594,Philotheca obovalis,,,P,,123,
Plantae,Flora,Rutaceae,13579,Philotheca obovatifolia,,,"V,P",V,67,
Plantae,Flora,Rutaceae,13580,Philotheca papillata,,,"V,P",V,330,
Plantae,Flora,Rutaceae,10990,Philotheca reichenbachii,,,P,,17,
Plantae,Flora,Rutaceae,5831,Philotheca salsolifolia,,,P,,525,
Plantae,Flora,Rutaceae,10595,Philotheca salsolifolia subsp. pedicellata,,,P,,11,
Plantae,Flora,Rutaceae,10596,Philotheca salsolifolia subsp. salsolifolia,,,P,,259,
Plantae,Flora,Rutaceae,10597,Philotheca scabra,,,P,,51,
Plantae,Flora,Rutaceae,10598,Philotheca scabra subsp. latifolia,,,P,,41,
Plantae,Flora,Rutaceae,10599,Philotheca scabra subsp. scabra,,,P,,114,
Plantae,Flora,Rutaceae,PHIL,Philotheca spp.,,,P,,66,
Plantae,Flora,Rutaceae,10600,Philotheca trachyphylla,,Rock Waxflower,P,,809,
Plantae,Flora,Rutaceae,10601,Philotheca virgata,,Tasmanian Waxflower,P,,21,
Plantae,Flora,Rutaceae,14106,Poncirus trifoliata,*,,,,1,
Plantae,Flora,Rutaceae,RUTAC,Rutaceae indeterminate,*,"Boronia, citrus and rues",,,9,
Plantae,Flora,Rutaceae,8842,Sarcomelicope simplicifolia subsp. simplicifolia,,Big Yellow Wood,,,734,
Plantae,Flora,Rutaceae,5832,Zanthoxylum brachyacanthum,,Thorny Yellowwood,,,138,
Plantae,Flora,Rutaceae,5833,Zanthoxylum pinnatum,,Yellow Wood,,,20,
Plantae,Flora,Rutaceae,9487,Zieria adenodonta,,Wollumbin Zieria,E1,,130,
Plantae,Flora,Rutaceae,8304,^Zieria adenophora,,Araluen Zieria,"E4A,2",CE,4,
Plantae,Flora,Rutaceae,5834,Zieria arborescens,,Stinkwood,,,104,
Plantae,Flora,Rutaceae,9994,Zieria arborescens subsp. arborescens,,,,,115,
Plantae,Flora,Rutaceae,9995,Zieria arborescens subsp. decurrens,,,,,10,
Plantae,Flora,Rutaceae,13581,Zieria arborescens subsp. 'europhylla',,,,,1,
Plantae,Flora,Rutaceae,13582,Zieria aspalathoides subsp. aspalathoides,,Whorled Zieria,,,217,
Plantae,Flora,Rutaceae,9488,Zieria baeuerlenii,,Bomaderry Zieria,E1,E,184,
Plantae,Flora,Rutaceae,9489,^Zieria buxijugum,,Box Range Zieria,"E4A,2",CE,6,
Plantae,Flora,Rutaceae,11036,Zieria caducibracteata,,,,,56,
Plantae,Flora,Rutaceae,9529,Zieria citriodora,,Lemon Zieria,E1,V,19,
Plantae,Flora,Rutaceae,12620,Zieria compacta,,,,,141,
Plantae,Flora,Rutaceae,9490,Zieria covenyi,,Coveny's Zieria,E1,E,312,
Plantae,Flora,Rutaceae,5836,Zieria cytisoides,,Downy Zieria,,,411,
Plantae,Flora,Rutaceae,9453,Zieria floydii,,Floyd's Zieria,E1,E,175,
Plantae,Flora,Rutaceae,9492,^Zieria formosa,,Shapely Zieria,"E4A,2",E,12,
Plantae,Flora,Rutaceae,9996,Zieria fraseri subsp. fraseri,,,,,56,
Plantae,Flora,Rutaceae,5838,Zieria furfuracea,,,,,60,
Plantae,Flora,Rutaceae,5839,Zieria granulata,,Illawarra Zieria,E1,E,1404,
Plantae,Flora,Rutaceae,9588,Zieria hindii,,Hind's Zieria,,,30,
Plantae,Flora,Rutaceae,9493,Zieria ingramii,,Keith's Zieria,E1,E,836,
Plantae,Flora,Rutaceae,5840,Zieria involucrata,,,E1,V,2136,
Plantae,Flora,Rutaceae,5841,Zieria laevigata,,Smooth Zieria,,,557,
Plantae,Flora,Rutaceae,9494,Zieria lasiocaulis,,Willi Willi Zieria,E1,E,116,
Plantae,Flora,Rutaceae,8834,Zieria laxiflora,,Wallum Zieria,,,321,
Plantae,Flora,Rutaceae,9606,Zieria littoralis,,,,,60,
Plantae,Flora,Rutaceae,13586,Zieria minutiflora subsp. minutiflora,,,,,49,
Plantae,Flora,Rutaceae,5843,Zieria murphyi,,Velvet Zieria,V,V,53,
Plantae,Flora,Rutaceae,5844,Zieria obcordata,,Granite Zieria,E1,E,2933,
Plantae,Flora,Rutaceae,9589,Zieria odorifera,,,,,62,
Plantae,Flora,Rutaceae,16000,Zieria odorifera subsp. copelandii,,,E4A,,275,
Plantae,Flora,Rutaceae,14856,Zieria odorifera subsp. warrabahensis,,,E4A,CE,241,
Plantae,Flora,Rutaceae,14892,Zieria odorifera subsp. williamsii,,,,,3,
Plantae,Flora,Rutaceae,9595,^Zieria parrisiae,,Parris' Zieria,"E4A,2",CE,7,
Plantae,Flora,Rutaceae,5845,Zieria pilosa,,Pilose-leafed Zieria,,,697,
Plantae,Flora,Rutaceae,9496,Zieria prostrata,,Headland Zieria,E1,E,33,
Plantae,Flora,Rutaceae,5846,Zieria robusta,,Round-leafed Zieria,,,29,
Plantae,Flora,Rutaceae,5847,Zieria smithii,,"Low growing form of Z. smithii, Diggers Head",E2,,2,
Plantae,Flora,Rutaceae,5847,Zieria smithii,,Sandfly Zieria,,,2954,
Plantae,Flora,Rutaceae,10045,Zieria southwellii,,,,,94,
Plantae,Flora,Rutaceae,13587,Zieria sp. New England NP,,,,,3,
Plantae,Flora,Rutaceae,ZIER,Zieria spp.,,,,,144,
Plantae,Flora,Rutaceae,9530,Zieria tuberculata,,Warty Zieria,V,V,118,
Plantae,Flora,Salicaceae,5848,Populus alba,*,White Poplar,,,152,
Plantae,Flora,Salicaceae,13588,Populus balsamifera,*,,,,1,
Plantae,Flora,Salicaceae,8726,Populus deltoides,*,,,,31,
Plantae,Flora,Salicaceae,5849,Populus nigra,*,Lombardy Poplar,,,194,
Plantae,Flora,Salicaceae,POPU,Populus spp.,*,,,,123,
Plantae,Flora,Salicaceae,11855,Populus tremula,*,Quaking aspen,,,1,
Plantae,Flora,Salicaceae,14566,Populus x canescens,*,Grey Poplar,,,1,
Plantae,Flora,Salicaceae,5850,Salix alba,*,White Willow,,,58,
Plantae,Flora,Salicaceae,10649,Salix alba var. alba,*,White Willow,,,15,
Plantae,Flora,Salicaceae,10650,Salix alba var. vitellina,*,Golden Willow,,,10,
Plantae,Flora,Salicaceae,10656,Salix alba x matsudana,*,,,,31,
Plantae,Flora,Salicaceae,5851,Salix babylonica,*,Weeping Willow,,,652,
Plantae,Flora,Salicaceae,7510,Salix cinerea,*,Pussy Willow,,,78,
Plantae,Flora,Salicaceae,10652,Salix fragilis var. fragilis,*,Crack Willow,,,155,
Plantae,Flora,Salicaceae,10653,Salix glaucophylloides,*,Broadleaf Willow,,,4,
Plantae,Flora,Salicaceae,13589,Salix humboldtiana,*,Pencil Willow,,,5,
Plantae,Flora,Salicaceae,10655,Salix matsudana 'Tortuosa',*,Tortured Willow,,,16,
Plantae,Flora,Salicaceae,13590,Salix myricoides,*,,,,1,
Plantae,Flora,Salicaceae,10657,Salix nigra,*,Black Willow,,,54,
Plantae,Flora,Salicaceae,10658,Salix purpurea,*,Purple Osier,,,7,
Plantae,Flora,Salicaceae,SALI,Salix spp.,*,,,,579,
Plantae,Flora,Salicaceae,5855,Salix viminalis,*,Common Osier,,,6,
Plantae,Flora,Salicaceae,10659,Salix x pendulina,*,Weeping Willow,,,13,
Plantae,Flora,Salicaceae,10660,Salix x reichardtii,*,Pussy Willow,,,2,
Plantae,Flora,Salicaceae,10661,Salix x rubens,*,,,,55,
Plantae,Flora,Salicaceae,12102,Salix x sepulcralis,*,,,,1,
Plantae,Flora,Salicaceae,10662,Salix x sepulcralis var. chrysocoma,*,Golden Weeping Willow,,,17,
Plantae,Flora,Salicaceae,10663,Salix x sepulcralis var. sepulcralis,*,Weeping Willow,,,8,
Plantae,Flora,Salviniaceae,8178,Salvinia molesta,*,,,,153,
Plantae,Flora,Salviniaceae,13593,Salvinia radula,*,,,,1,
Plantae,Flora,Salviniaceae,SALV,Salvinia spp.,*,,,,1,
Plantae,Flora,Santalaceae,5856,Choretrum candollei,,White Sour Bush,,,686,
Plantae,Flora,Santalaceae,13594,Choretrum chrysathum,,,,,1,
Plantae,Flora,Santalaceae,5857,Choretrum glomeratum,,Common Sour Bush,,,40,
Plantae,Flora,Santalaceae,5858,Choretrum pauciflorum,,Dwarf Sour Bush,,,398,
Plantae,Flora,Santalaceae,9373,Choretrum sp. A,,,,,401,
Plantae,Flora,Santalaceae,CHOE,Choretrum spp.,,,,,17,
Plantae,Flora,Santalaceae,5859,Exocarpos aphyllus,,Leafless Ballart,,,797,
Plantae,Flora,Santalaceae,5860,Exocarpos cupressiformis,,Cherry Ballart,,,6950,
Plantae,Flora,Santalaceae,5861,Exocarpos homalocladus,,Grass Tree,,,22,
Plantae,Flora,Santalaceae,6383,Exocarpos latifolius,,Broad-leaved Native Cherry,,,85,
Plantae,Flora,Santalaceae,5862,Exocarpos nanus,,Alpine Ballart,,,25,
Plantae,Flora,Santalaceae,5863,Exocarpos sparteus,,Slender Cherry,,,37,
Plantae,Flora,Santalaceae,EXOC,Exocarpos spp.,,,,,139,
Plantae,Flora,Santalaceae,5864,Exocarpos strictus,,Dwarf Cherry,,,5389,
Plantae,Flora,Santalaceae,5865,Leptomeria acida,,Sour Currant Bush,,,2080,
Plantae,Flora,Santalaceae,5866,Leptomeria drupacea,,,,,55,
Plantae,Flora,Santalaceae,5867,Omphacomeria acerba,,,,,392,
Plantae,Flora,Santalaceae,SNTLC,Santalaceae indeterminate,*,Sandalwoods and quandongs,,,103,
Plantae,Flora,Santalaceae,5868,Santalum acuminatum,,Sweet Quandong,,,591,
Plantae,Flora,Santalaceae,6384,Santalum lanceolatum,,Northern Sandalwood,,,595,
Plantae,Flora,Santalaceae,5869,Santalum murrayanum,,Bitter Quandong,E1,,149,
Plantae,Flora,Santalaceae,5870,Santalum obtusifolium,,Sandalwood,,,404,
Plantae,Flora,Santalaceae,SANT,Santalum spp.,,,,,16,
Plantae,Flora,Santalaceae,5871,Thesium australe,,Austral Toadflax,V,V,799,
Plantae,Flora,Santalaceae,THES,Thesium spp.,,,,,1,
Plantae,Flora,Sapindaceae,11678,Acer buergerianum,*,,,,17,
Plantae,Flora,Sapindaceae,1014,Acer negundo,*,Box Elder,,,365,
Plantae,Flora,Sapindaceae,11677,Acer palmatum,*,Japanese Maple,,,85,
Plantae,Flora,Sapindaceae,1015,Acer pseudoplatanus,*,Sycamore Maple,,,10,
Plantae,Flora,Sapindaceae,13595,Acer saccharinum,*,,,,1,
Plantae,Flora,Sapindaceae,ACER,Acer spp.,*,,,,99,
Plantae,Flora,Sapindaceae,12261,Aesculus indica,*,,,,3,
Plantae,Flora,Sapindaceae,5872,Alectryon coriaceus,,Beach Alectryon,,,251,
Plantae,Flora,Sapindaceae,7116,Alectryon diversifolius,,Scrub Boonaree,,,11,
Plantae,Flora,Sapindaceae,5873,Alectryon forsythii,,,,,117,
Plantae,Flora,Sapindaceae,7015,Alectryon oleifolius,,Western Rosewood,,,2388,
Plantae,Flora,Sapindaceae,6639,Alectryon oleifolius subsp. canescens,,,,,1429,
Plantae,Flora,Sapindaceae,7085,Alectryon oleifolius subsp. elongatus,,,,,410,
Plantae,Flora,Sapindaceae,ALEC,Alectryon spp.,,,,,15,
Plantae,Flora,Sapindaceae,5875,Alectryon subcinereus,,Wild Quince,,,2481,
Plantae,Flora,Sapindaceae,7358,Alectryon subdentatus f. subdentatus,,,,,502,
Plantae,Flora,Sapindaceae,5877,Alectryon tomentosus,,Hairy Bird's Eye,,,285,
Plantae,Flora,Sapindaceae,5878,Arytera distylis,,Twin-leaved Coogera,,,367,
Plantae,Flora,Sapindaceae,5879,Arytera divaricata,,Coogera,,,615,
Plantae,Flora,Sapindaceae,ARYT,Arytera spp.,,,,,2,
Plantae,Flora,Sapindaceae,6365,Atalaya hemiglauca,,Whitewood,,,1400,
Plantae,Flora,Sapindaceae,5880,Atalaya multiflora,,Broad-leaved Whitewood,,,34,
Plantae,Flora,Sapindaceae,7885,Atalaya salicifolia,,,,,59,
Plantae,Flora,Sapindaceae,ATAL,Atalaya spp.,,,,,4,
Plantae,Flora,Sapindaceae,5882,Cardiospermum grandiflorum,*,Balloon Vine,,,1059,
Plantae,Flora,Sapindaceae,6501,Cardiospermum halicacabum var. halicacabum,*,Small Balloon Vine,,,44,
Plantae,Flora,Sapindaceae,CARS,Cardiospermum spp.,*,,,,6,
Plantae,Flora,Sapindaceae,5883,Castanospora alphandii,,Brown Tamarind,,,113,
Plantae,Flora,Sapindaceae,5884,Cupaniopsis anacardioides,,Tuckeroo,,,2744,
Plantae,Flora,Sapindaceae,11073,Cupaniopsis baileyana,,,,,80,
Plantae,Flora,Sapindaceae,6730,Cupaniopsis flagelliformis var. australis,,Brown Tuckeroo,,,201,
Plantae,Flora,Sapindaceae,7384,Cupaniopsis newmanii,,,,,486,
Plantae,Flora,Sapindaceae,5886,Cupaniopsis parvifolia,,Small-leaved Tuckeroo,,,470,
Plantae,Flora,Sapindaceae,5887,Cupaniopsis serrata,,Smooth Tuckeroo,E1,,7,
Plantae,Flora,Sapindaceae,CUPA,Cupaniopsis spp.,,,,,15,
Plantae,Flora,Sapindaceae,7432,Diploglottis australis,,Native Tamarind,,,2229,
Plantae,Flora,Sapindaceae,5889,^Diploglottis campbellii,,Small-leaved Tamarind,"E1,2",E,322,
Plantae,Flora,Sapindaceae,13788,Diploglottis spp.,,,,,1,
Plantae,Flora,Sapindaceae,5892,Dodonaea boroniifolia,,Fern-leaf Hop-bush,,,497,
Plantae,Flora,Sapindaceae,5893,Dodonaea bursariifolia,,,,,127,
Plantae,Flora,Sapindaceae,5894,Dodonaea camfieldii,,,,,160,
Plantae,Flora,Sapindaceae,15225,Dodonaea crucifolia,,,,,294,
Plantae,Flora,Sapindaceae,6701,Dodonaea falcata,,,,,286,
Plantae,Flora,Sapindaceae,6631,Dodonaea heteromorpha,,Maple-fruited Hop-bush,,,284,
Plantae,Flora,Sapindaceae,5897,Dodonaea hirsuta,,,,,71,
Plantae,Flora,Sapindaceae,6424,Dodonaea lanceolata,,,,,7,
Plantae,Flora,Sapindaceae,5898,Dodonaea lobulata,,,P,,194,
Plantae,Flora,Sapindaceae,7520,Dodonaea macrossanii,,,,,14,
Plantae,Flora,Sapindaceae,5899,Dodonaea megazyga,,,,,128,
Plantae,Flora,Sapindaceae,7833,Dodonaea microzyga var. microzyga,,Brilliant Hopbush,E1,,2,
Plantae,Flora,Sapindaceae,5901,Dodonaea multijuga,,,,,251,
Plantae,Flora,Sapindaceae,5902,Dodonaea peduncularis,,,,,425,
Plantae,Flora,Sapindaceae,5903,Dodonaea petiolaris,,,,,63,
Plantae,Flora,Sapindaceae,5904,Dodonaea pinnata,,,,,148,
Plantae,Flora,Sapindaceae,5905,Dodonaea procumbens,,Creeping Hop-bush,V,V,383,
Plantae,Flora,Sapindaceae,5906,Dodonaea rhombifolia,,Broad-leaf Hop-bush,,,102,
Plantae,Flora,Sapindaceae,13908,Dodonaea rupicola,,,,,2,
Plantae,Flora,Sapindaceae,5907,Dodonaea serratifolia,,,,,75,
Plantae,Flora,Sapindaceae,6580,Dodonaea sinuolata,,,,,100,
Plantae,Flora,Sapindaceae,7067,Dodonaea sinuolata subsp. acrodentata,,A Hopbush,E1,,2,
Plantae,Flora,Sapindaceae,6573,Dodonaea sinuolata subsp. sinuolata,,,,,237,
Plantae,Flora,Sapindaceae,11409,Dodonaea sinuolata x viscosa,,,,,1,
Plantae,Flora,Sapindaceae,DODO,Dodonaea spp.,,,,,283,
Plantae,Flora,Sapindaceae,5908,Dodonaea stenophylla,,Netted Hopbush,V,,60,
Plantae,Flora,Sapindaceae,10937,Dodonaea stenozyga,,Desert Hopbush,E4A,,23,
Plantae,Flora,Sapindaceae,5910,Dodonaea triangularis,,Hopbush,,,463,
Plantae,Flora,Sapindaceae,5911,Dodonaea triquetra,,Large-leaf Hop-bush,,,7742,
Plantae,Flora,Sapindaceae,5912,Dodonaea truncatiales,,Angular Hop-bush,,,200,
Plantae,Flora,Sapindaceae,5913,Dodonaea viscosa,,Sticky Hop-bush,,,3582,
Plantae,Flora,Sapindaceae,7690,Dodonaea viscosa subsp. angustifolia,,,,,3016,
Plantae,Flora,Sapindaceae,7830,Dodonaea viscosa subsp. angustissima,,Narrow-leaf Hop-bush,,,3957,
Plantae,Flora,Sapindaceae,7771,Dodonaea viscosa subsp. burmanniana,,Hopwood,,,133,
Plantae,Flora,Sapindaceae,7011,Dodonaea viscosa subsp. cuneata,,Wedge-leaf Hop-bush,,,2358,
Plantae,Flora,Sapindaceae,11410,Dodonaea viscosa subsp. cuneata x spatulata,,,,,49,
Plantae,Flora,Sapindaceae,6502,Dodonaea viscosa subsp. mucronata,,,,,446,
Plantae,Flora,Sapindaceae,7068,Dodonaea viscosa subsp. spatulata,,Broad-leaf Hopbush,,,1352,
Plantae,Flora,Sapindaceae,6541,Dodonaea viscosa subsp. viscosa,,,,,9,
Plantae,Flora,Sapindaceae,5914,Elattostachys nervosa,,Beetroot Tree,,,876,
Plantae,Flora,Sapindaceae,ELAT,Elattostachys spp.,,,,,1,
Plantae,Flora,Sapindaceae,5915,Elattostachys xylocarpa,,White Tamarind,,,161,
Plantae,Flora,Sapindaceae,8309,Guioa chrysantha,,,,,1,
Plantae,Flora,Sapindaceae,5916,Guioa coriacea,,Cedar,,,126,
Plantae,Flora,Sapindaceae,5917,Guioa semiglauca,,Guioa,,,4757,
Plantae,Flora,Sapindaceae,GUIO,Guioa spp.,,,,,26,
Plantae,Flora,Sapindaceae,5918,Harpullia alata,,,,,146,
Plantae,Flora,Sapindaceae,5919,Harpullia hillii,,,,,176,
Plantae,Flora,Sapindaceae,5920,Harpullia pendula,,Tulipwood,,,195,
Plantae,Flora,Sapindaceae,HARP,Harpullia spp.,,,,,1,
Plantae,Flora,Sapindaceae,12514,Jagera pseudorhus var. pseudorhus,,Foambark Tree,,,1534,
Plantae,Flora,Sapindaceae,JAGE,Jagera spp.,,,,,3,
Plantae,Flora,Sapindaceae,12531,Koelreuteria paniculata,*,,,,28,
Plantae,Flora,Sapindaceae,8291,Lepiderema pulchella,,Fine-leaved Tuckeroo,V,,1262,
Plantae,Flora,Sapindaceae,5925,Mischocarpus anodontus,,,,,61,
Plantae,Flora,Sapindaceae,8447,Mischocarpus australis,,,,,311,
Plantae,Flora,Sapindaceae,6491,Mischocarpus lachnocarpus,,Woolly Pear-fruit,,,20,
Plantae,Flora,Sapindaceae,5926,Mischocarpus pyriformis,,Yellow Pear-fruit,,,569,
Plantae,Flora,Sapindaceae,MISC,Mischocarpus spp.,,,,,3,
Plantae,Flora,Sapindaceae,10870,Rhysotoechia bifoliolata subsp. bifoliolata,,Two-leaved Tuckeroo,,,323,
Plantae,Flora,Sapindaceae,6452,Sarcopteryx stipata,,Steelwood,,,1419,
Plantae,Flora,Sapindaceae,5930,Toechima dasyrrhache,,,,,239,
Plantae,Flora,Sapindaceae,TOEC,Toechima spp.,,,,,2,
Plantae,Flora,Sapindaceae,5931,Toechima tenax,,,,,34,
Plantae,Flora,Sapotaceae,11956,Niemeyera antiloga,,Brown Pearwood,,,17,
Plantae,Flora,Sapotaceae,7146,Niemeyera chartacea,,Smooth-leaved Plum,E1,,1,
Plantae,Flora,Sapotaceae,NIEM,Niemeyera spp.,,,,,2,
Plantae,Flora,Sapotaceae,11957,Niemeyera whitei,,"Rusty Plum, Plum Boxwood",V,,6785,
Plantae,Flora,Sapotaceae,5936,Planchonella australis,,Black Apple,,,1348,
Plantae,Flora,Sapotaceae,5937,Planchonella chartacea,,Thin-leaved Coondoo,,,120,
Plantae,Flora,Sapotaceae,5938,Planchonella cotinifolia,,Yellow Lemon,,,25,
Plantae,Flora,Sapotaceae,14011,Planchonella howeana,,Axe-handle Wood,,,40,
Plantae,Flora,Sapotaceae,12443,Planchonella myrsinifolia,,Blunt-leaved Coondoo,,,97,
Plantae,Flora,Sapotaceae,5941,Planchonella pohlmaniana,,,,,25,
Plantae,Flora,Sapotaceae,14553,Planchonella pubescens,,,,,15,
Plantae,Flora,Sapotaceae,PLAN,Planchonella spp.,,,,,13,
Plantae,Flora,Sapotaceae,14806,Pleioluma queenslandica,,Blush Coondoo,,,60,
Plantae,Flora,Sapotaceae,POUT,Pouteria spp.,,,,,1,
Plantae,Flora,Sargassaceae ,14072,Sargassum spp.,,,,,2,
Plantae,Flora,Saxifragaceae,12464,Bergenia x schmidtii,*,Bergenia,,,2,
Plantae,Flora,Saxifragaceae,11770,Saxifraga umbrosa,*,Pyrenees saxifrage,,,2,
Plantae,Flora,Schizaeaceae,11231,Lygodium japonicum,*,,,,3,
Plantae,Flora,Schizaeaceae,8179,Lygodium microphyllum,,Climbing Snake Fern,,,214,
Plantae,Flora,Schizaeaceae,LYGO,Lygodium spp.,,,,,8,
Plantae,Flora,Schizaeaceae,9605,Schizaea asperula,,,,,5,
Plantae,Flora,Schizaeaceae,8181,Schizaea bifida,,Forked Comb Fern,,,1159,
Plantae,Flora,Schizaeaceae,8182,Schizaea dichotoma,,Branched Comb Fern,,,315,
Plantae,Flora,Schizaeaceae,8183,Schizaea fistulosa,,,,,24,
Plantae,Flora,Schizaeaceae,8184,Schizaea rupestris,,,,,82,
Plantae,Flora,Schizaeaceae,SCHZ,Schizaea spp.,,,,,40,
Plantae,Flora,Scrophulariaceae,5943,Artanema fimbriatum,,,,,76,
Plantae,Flora,Scrophulariaceae,ARTA,Artanema spp.,,,,,1,
Plantae,Flora,Scrophulariaceae,13596,Asarina scandens,*,,,,2,
Plantae,Flora,Scrophulariaceae,10214,Bacopa caroliniana,*,,,,2,
Plantae,Flora,Scrophulariaceae,5945,Bacopa monnieri,,Bacopa,,,206,
Plantae,Flora,Scrophulariaceae,11048,Bacopa procumbens,*,,,,1,
Plantae,Flora,Scrophulariaceae,9188,Bartsia trixago,*,,,,29,
Plantae,Flora,Scrophulariaceae,7846,Buchnera gracilis,,,,,7,
Plantae,Flora,Scrophulariaceae,CALC,Calceolaria spp.,*,,,,1,
Plantae,Flora,Scrophulariaceae,5948,Calceolaria tripartita,*,Lady's Slipper,,,6,
Plantae,Flora,Scrophulariaceae,14269,Castilleja exserta,*,Owl Clover,,,3,
Plantae,Flora,Scrophulariaceae,9736,Cymbalaria muralis subsp. muralis,*,Ivy-leaved Toadflax,,,38,
Plantae,Flora,Scrophulariaceae,5951,Digitalis purpurea,*,Foxglove,,,8,
Plantae,Flora,Scrophulariaceae,3932,Eremophila alternifolia,,Narrow-leaved Fuchsia Bush,,,36,
Plantae,Flora,Scrophulariaceae,3933,Eremophila bignoniiflora,,Eurah,,,1406,
Plantae,Flora,Scrophulariaceae,3934,Eremophila bowmanii,,Silver Turkeybush,,,59,
Plantae,Flora,Scrophulariaceae,10207,Eremophila bowmanii subsp. bowmanii,,,,,40,
Plantae,Flora,Scrophulariaceae,8549,Eremophila bowmanii subsp. latifolia,,,,,66,
Plantae,Flora,Scrophulariaceae,13226,Eremophila crassifolia,,,,,2,
Plantae,Flora,Scrophulariaceae,8602,Eremophila debilis,,Amulla,,,5089,
Plantae,Flora,Scrophulariaceae,7252,Eremophila deserti,,Turkeybush,,,1420,
Plantae,Flora,Scrophulariaceae,3935,Eremophila divaricata,,Spreading Emubush,,,29,
Plantae,Flora,Scrophulariaceae,10210,Eremophila divaricata subsp. callewatta,,,,,2,
Plantae,Flora,Scrophulariaceae,10209,Eremophila divaricata subsp. divaricata,,,,,39,
Plantae,Flora,Scrophulariaceae,13895,Eremophila drummondii,,,,,1,
Plantae,Flora,Scrophulariaceae,3936,Eremophila duttonii,,Harlequin Fuchsia Bush,,,273,
Plantae,Flora,Scrophulariaceae,3937,Eremophila freelingii,,Rock Fuchsia Bush,,,81,
Plantae,Flora,Scrophulariaceae,3938,Eremophila gilesii,,Desert Fuchsia,,,142,
Plantae,Flora,Scrophulariaceae,3939,Eremophila glabra,,Tar Bush,,,2162,
Plantae,Flora,Scrophulariaceae,15354,Eremophila glabra subsp. glabra,,,,,138,
Plantae,Flora,Scrophulariaceae,3940,Eremophila goodwinii,,Purple Fuchsia Bush,,,72,
Plantae,Flora,Scrophulariaceae,3941,Eremophila latrobei,,Crimson Turkeybush,,,62,
Plantae,Flora,Scrophulariaceae,10212,Eremophila latrobei subsp. glabra,,,,,1,
Plantae,Flora,Scrophulariaceae,10211,Eremophila latrobei subsp. latrobei,,,,,65,
Plantae,Flora,Scrophulariaceae,3942,Eremophila longifolia,,Emubush,,,1794,
Plantae,Flora,Scrophulariaceae,3943,Eremophila maculata,,Spotted Fuchsia,,,384,
Plantae,Flora,Scrophulariaceae,13228,Eremophila maculata var. maculata,,,,,34,
Plantae,Flora,Scrophulariaceae,3944,Eremophila mitchellii,,Budda,,,3983,
Plantae,Flora,Scrophulariaceae,3945,Eremophila oppositifolia,,Weeooka,,,45,
Plantae,Flora,Scrophulariaceae,7856,Eremophila oppositifolia subsp. oppositifolia,,,,,64,
Plantae,Flora,Scrophulariaceae,8629,Eremophila oppositifolia subsp. rubra,,,,,20,
Plantae,Flora,Scrophulariaceae,3946,Eremophila polyclada,,Flowering Lignum,,,90,
Plantae,Flora,Scrophulariaceae,3947,Eremophila scoparia,,Scotia Bush,,,251,
Plantae,Flora,Scrophulariaceae,3948,Eremophila serrulata,,Green Fuchsia Bush,,,224,
Plantae,Flora,Scrophulariaceae,EREM,Eremophila spp.,,,,,107,
Plantae,Flora,Scrophulariaceae,3949,Eremophila sturtii,,Turpentine Bush,,,3289,
Plantae,Flora,Scrophulariaceae,10215,Glossostigma cleistanthum,,,,,1,
Plantae,Flora,Scrophulariaceae,5962,Glossostigma diandrum,,Spoon-leaf Mud-mat,,,35,
Plantae,Flora,Scrophulariaceae,5963,Glossostigma elatinoides,,,,,140,
Plantae,Flora,Scrophulariaceae,GLOS,Glossostigma spp.,,,,,11,
Plantae,Flora,Scrophulariaceae,5965,Gratiola nana,,,,,20,
Plantae,Flora,Scrophulariaceae,5966,Gratiola pedunculata,,,,,253,
Plantae,Flora,Scrophulariaceae,8718,Gratiola peruviana,,Australian Brooklime,,,643,
Plantae,Flora,Scrophulariaceae,5967,Gratiola pubescens,,Hairy Brooklime,,,27,
Plantae,Flora,Scrophulariaceae,9564,Gratiola pumilo,,,,,23,
Plantae,Flora,Scrophulariaceae,GRAT,Gratiola spp.,,,,,45,
Plantae,Flora,Scrophulariaceae,11797,Hebe speciosa,*,New Zealand hebe,,,3,
Plantae,Flora,Scrophulariaceae,HEBB,Hebe spp.,*,,,,3,
Plantae,Flora,Scrophulariaceae,7791,Kickxia commutata subsp. graeca,*,,,,9,
Plantae,Flora,Scrophulariaceae,5969,Kickxia elatine,*,Pointed Toadflax,,,64,
Plantae,Flora,Scrophulariaceae,7558,Kickxia elatine subsp. crinita,*,Twining Toadflax,,,59,
Plantae,Flora,Scrophulariaceae,10217,Kickxia elatine subsp. elatine,*,Woolly Toadflax,,,7,
Plantae,Flora,Scrophulariaceae,KICK,Kickxia spp.,*,,,,3,
Plantae,Flora,Scrophulariaceae,10216,Kickxia spuria subsp. integrifolia,*,Round-leaved Toadflax,,,21,
Plantae,Flora,Scrophulariaceae,5972,Limosella australis,,Australian Mudwort,,,216,
Plantae,Flora,Scrophulariaceae,5973,Limosella curdieana,,Large Mudwort,,,86,
Plantae,Flora,Scrophulariaceae,LIMS,Limosella spp.,,,,,4,
Plantae,Flora,Scrophulariaceae,5980,Lophospermum erubescens,*,,,,8,
Plantae,Flora,Scrophulariaceae,11115,Maurandya barclayana,*,,,,7,
Plantae,Flora,Scrophulariaceae,5981,Mazus pumilio,,Swamp Mazus,,,22,
Plantae,Flora,Scrophulariaceae,7062,Misopates orontium,*,Lesser Snapdragon,,,851,
Plantae,Flora,Scrophulariaceae,MISO,Misopates spp.,*,,,,10,
Plantae,Flora,Scrophulariaceae,MORG,Morgania spp.,,,,,1,
Plantae,Flora,Scrophulariaceae,7906,Myoporum acuminatum,,Boobialla,,,482,
Plantae,Flora,Scrophulariaceae,8218,Myoporum bateae,,,,,108,
Plantae,Flora,Scrophulariaceae,3950,Myoporum betcheanum,,,,,28,
Plantae,Flora,Scrophulariaceae,9043,Myoporum boninense subsp. australe,,,,,218,
Plantae,Flora,Scrophulariaceae,3953,Myoporum floribundum,,Slender Myoporum,,,22,
Plantae,Flora,Scrophulariaceae,3954,Myoporum insulare,,Common Boobialla,,,121,
Plantae,Flora,Scrophulariaceae,13229,Myoporum insulare subsp. A,,,,,1,
Plantae,Flora,Scrophulariaceae,13230,Myoporum insulare subsp. B,,,,,1,
Plantae,Flora,Scrophulariaceae,3955,Myoporum montanum,,Western Boobialla,,,3460,
Plantae,Flora,Scrophulariaceae,3956,Myoporum parvifolium,,Creeping Boobialla,,,20,
Plantae,Flora,Scrophulariaceae,3957,Myoporum platycarpum,,Sugarwood,,,1016,
Plantae,Flora,Scrophulariaceae,10213,Myoporum platycarpum subsp. perbellum,,,,,5,
Plantae,Flora,Scrophulariaceae,9442,Myoporum platycarpum subsp. platycarpum,,,,,498,
Plantae,Flora,Scrophulariaceae,MYOP,Myoporum spp.,,Boobialla,,,150,
Plantae,Flora,Scrophulariaceae,10219,Nemesia strumosa,*,,,,3,
Plantae,Flora,Scrophulariaceae,7759,Orobanche cernua var. australiana,,Australian Broomrape,,,22,
Plantae,Flora,Scrophulariaceae,4607,Orobanche minor,*,Broomrape,,,720,
Plantae,Flora,Scrophulariaceae,OROB,Orobanche spp.,,,,,14,
Plantae,Flora,Scrophulariaceae,5992,Parentucellia latifolia,*,Red Bartsia,,,694,
Plantae,Flora,Scrophulariaceae,PARE,Parentucellia spp.,*,,,,3,
Plantae,Flora,Scrophulariaceae,5993,Parentucellia viscosa,*,Yellow Bartsia,,,3,
Plantae,Flora,Scrophulariaceae,PAUL,Paulownia spp.,*,,,,3,
Plantae,Flora,Scrophulariaceae,11421,Paulownia tomentosa,*,Princess tree,,,11,
Plantae,Flora,Scrophulariaceae,11769,Russelia equisetiformis,*,,,,4,
Plantae,Flora,Scrophulariaceae,5995,Scrophularia nodosa,*,,,,4,
Plantae,Flora,Scrophulariaceae,SCRO,Scrophularia spp.,*,,,,2,
Plantae,Flora,Scrophulariaceae,SCRPC,Scrophulariaceae indeterminate,*,Toadflaxes and mulleins,,,13,
Plantae,Flora,Scrophulariaceae,9288,Stemodia florulenta,,Bluerod,,,597,
Plantae,Flora,Scrophulariaceae,9772,Stemodia glabella,,,,,108,
Plantae,Flora,Scrophulariaceae,11176,Striga parviflora,,,,,4,
Plantae,Flora,Scrophulariaceae,11184,Torenia fournieri,*,Wishbone Flower,,,1,
Plantae,Flora,Scrophulariaceae,5996,Verbascum blattaria,*,Moth Mullein,,,16,
Plantae,Flora,Scrophulariaceae,12103,Verbascum nigrum,*,Dark Mullein,,,1,
Plantae,Flora,Scrophulariaceae,5997,Verbascum sinuatum,*,,,,9,
Plantae,Flora,Scrophulariaceae,VERB,Verbascum spp.,*,,,,196,
Plantae,Flora,Scrophulariaceae,7625,Verbascum thapsus subsp. thapsus,*,Great Mullein,,,2412,
Plantae,Flora,Scrophulariaceae,5999,Verbascum virgatum,*,Twiggy Mullein,,,2129,
Plantae,Flora,Selaginaceae,7609,Hebenstretia dentata,*,,,,28,
Plantae,Flora,Selaginaceae,3165,Selago corymbosa,*,,,,14,
Plantae,Flora,Selaginaceae,10223,Selago thunbergii,*,,,,3,
Plantae,Flora,Selaginellaceae,15119,Selaginella andrewsii,,,,V,P,
Plantae,Flora,Selaginellaceae,15056,Selaginella brisbanensis,,,,,1,
Plantae,Flora,Selaginellaceae,8185,Selaginella gracillima,,,,,1,
Plantae,Flora,Selaginellaceae,8186,Selaginella kraussiana,*,Spreading Clubmoss,,,36,
Plantae,Flora,Selaginellaceae,SELA,Selaginella spp.,,,,,11,
Plantae,Flora,Selaginellaceae,8187,Selaginella uliginosa,,Swamp Selaginella,,,2766,
Plantae,Flora,Sematophyllaceae,11572,Wijkia spp.,,,,,1,
Plantae,Flora,Simaroubaceae,6012,Ailanthus altissima,*,Tree of Heaven,,,301,
Plantae,Flora,Simaroubaceae,6013,Ailanthus triphysa,,White Bean,,,103,
Plantae,Flora,Simaroubaceae,9497,Quassia sp. Moonee Creek,,Moonee Quassia,E1,E,2660,
Plantae,Flora,Simaroubaceae,11306,Quassia sp. 'Mt Nardi',,,,,136,
Plantae,Flora,Smilacaceae,7592,Smilax australis,,Lawyer Vine,,,12085,
Plantae,Flora,Smilacaceae,6022,Smilax glyciphylla,,Sweet Sarsparilla,,,7334,
Plantae,Flora,Smilacaceae,SMIL,Smilax spp.,,,,,42,
Plantae,Flora,Solanaceae,13605,Anthocercis viscosa subsp. viscosa,*,,,,1,
Plantae,Flora,Solanaceae,13943,Brugmansia suaveolens,*,Angel's Trumpet,,,1,
Plantae,Flora,Solanaceae,13942,Brugmansia x candida,*,Angel's Trumpet,,,2,
Plantae,Flora,Solanaceae,14357,Brunfelsia australis,*,"Yesterday, Today and Tomorrow",,,3,
Plantae,Flora,Solanaceae,BRNF,Brunfelsia spp.,*,"Yesterday, Today and Tomorrow",,,8,
Plantae,Flora,Solanaceae,9777,Calibrachoa parviflora,*,,,,11,
Plantae,Flora,Solanaceae,7016,Capsicum annuum var. glabriusculum,*,,,,4,
Plantae,Flora,Solanaceae,6025,Capsicum frutescens,*,Chilli,,,3,
Plantae,Flora,Solanaceae,6026,Cestrum aurantiacum,*,Orange Cestrum,,,57,
Plantae,Flora,Solanaceae,6581,Cestrum elegans,*,,,,15,
Plantae,Flora,Solanaceae,12048,Cestrum fasciculatum,*,,,,4,
Plantae,Flora,Solanaceae,7108,Cestrum nocturnum,*,Lady-of-the-night,,,77,
Plantae,Flora,Solanaceae,6027,Cestrum parqui,*,Green Cestrum,,,1668,
Plantae,Flora,Solanaceae,CEST,Cestrum spp.,*,,,,35,
Plantae,Flora,Solanaceae,13606,Cestrum x cultum,*,,,,1,
Plantae,Flora,Solanaceae,6028,Cyphanthera albicans,,Grey Ray Flower,,,36,
Plantae,Flora,Solanaceae,7342,Cyphanthera albicans subsp. albicans,,,,,36,
Plantae,Flora,Solanaceae,7441,Cyphanthera albicans subsp. notabilis,,,,,21,
Plantae,Flora,Solanaceae,7693,Cyphanthera albicans subsp. tomentosa,,,,,42,
Plantae,Flora,Solanaceae,6029,Cyphanthera scabrella,,,,,156,
Plantae,Flora,Solanaceae,CYPH,Cyphanthera spp.,,,,,2,
Plantae,Flora,Solanaceae,7869,Cyphomandra betacea,*,Tamarillo,,,16,
Plantae,Flora,Solanaceae,6030,Datura ferox,*,Fierce Thornapple,,,249,
Plantae,Flora,Solanaceae,6031,Datura inoxia,*,Downy Thornapple,,,41,
Plantae,Flora,Solanaceae,6032,Datura leichhardtii,,Native Thornapple,,,4,
Plantae,Flora,Solanaceae,DATU,Datura spp.,*,,,,66,
Plantae,Flora,Solanaceae,6033,Datura stramonium,*,Common Thornapple,,,394,
Plantae,Flora,Solanaceae,6034,Datura wrightii,*,Hairy Thornapple,,,11,
Plantae,Flora,Solanaceae,6035,Duboisia hopwoodii,,Pituri,,,225,
Plantae,Flora,Solanaceae,6036,Duboisia myoporoides,,Corkwood,,,1269,
Plantae,Flora,Solanaceae,DUBO,Duboisia spp.,,,,,2,
Plantae,Flora,Solanaceae,15092,Lycianthes rantonnettii,*,Blue Potato Bush,,,2,
Plantae,Flora,Solanaceae,6038,Lycium australe,,Australian Boxthorn,,,203,
Plantae,Flora,Solanaceae,6039,Lycium barbarum,*,Chinese Boxthorn,,,28,
Plantae,Flora,Solanaceae,14721,Lycium chinense,*,,,,1,
Plantae,Flora,Solanaceae,6040,Lycium ferocissimum,*,African Boxthorn,,,5482,
Plantae,Flora,Solanaceae,LYCI,Lycium spp.,,,,,31,
Plantae,Flora,Solanaceae,6041,Lycopersicon esculentum,*,Tomato,,,114,
Plantae,Flora,Solanaceae,13607,Lycopersicon pimpinellifolium,*,,,,1,
Plantae,Flora,Solanaceae,6042,Nicandra physalodes,*,Apple-of-Peru,,,50,
Plantae,Flora,Solanaceae,14681,Nicotiana alata,*,,,,2,
Plantae,Flora,Solanaceae,10477,Nicotiana forsteri,,,,,63,
Plantae,Flora,Solanaceae,6045,Nicotiana glauca,*,Tree Tobacco,,,283,
Plantae,Flora,Solanaceae,6046,Nicotiana goodspeedii,,,,,131,
Plantae,Flora,Solanaceae,7052,Nicotiana megalosiphon subsp. megalosiphon,,Long-flowered Tobacco-bush,,,121,
Plantae,Flora,Solanaceae,7152,Nicotiana occidentalis subsp. obliqua,,Native Tobacco,,,35,
Plantae,Flora,Solanaceae,6049,Nicotiana simulans,,,,,303,
Plantae,Flora,Solanaceae,NICO,Nicotiana spp.,,,,,138,
Plantae,Flora,Solanaceae,6050,Nicotiana suaveolens,,Native Tobacco,,,311,
Plantae,Flora,Solanaceae,10478,Nicotiana tabacum,*,Tobacco,,,9,
Plantae,Flora,Solanaceae,6051,Nicotiana velutina,,,,,548,
Plantae,Flora,Solanaceae,6052,Nierembergia hippomanica,*,,,,5,
Plantae,Flora,Solanaceae,6053,Petunia axillaris,*,,,,13,
Plantae,Flora,Solanaceae,PETU,Petunia spp.,*,,,,8,
Plantae,Flora,Solanaceae,10491,Petunia x hybrida,*,Petunia,,,6,
Plantae,Flora,Solanaceae,14009,Physalis hederifolia,*,Sticky Cape Gooseberry,,,31,
Plantae,Flora,Solanaceae,6056,Physalis ixocarpa,*,Ground Cherry,,,224,
Plantae,Flora,Solanaceae,6057,Physalis lanceifolia,*,,,,121,
Plantae,Flora,Solanaceae,14010,Physalis longifolia,*,Perennial Ground Cherry,,,22,
Plantae,Flora,Solanaceae,7823,Physalis minima,,Wild Gooseberry,,,41,
Plantae,Flora,Solanaceae,6058,Physalis peruviana,*,Cape Gooseberry,,,420,
Plantae,Flora,Solanaceae,10186,Physalis philadelphica,*,Tomatillo,,,2,
Plantae,Flora,Solanaceae,11137,Physalis pubescens,*,Ground Cherry,,,1,
Plantae,Flora,Solanaceae,PHYS,Physalis spp.,,,,,128,
Plantae,Flora,Solanaceae,6061,Salpichroa origanifolia,*,Pampas Lily-of-the-valley,,,76,
Plantae,Flora,Solanaceae,SALP,Salpichroa spp.,*,,,,1,
Plantae,Flora,Solanaceae,12388,Solanum acanthodapis,,,,,22,
Plantae,Flora,Solanaceae,6064,Solanum amblymerum,,,,,220,
Plantae,Flora,Solanaceae,7043,Solanum americanum,*,Glossy Nightshade,,,941,
Plantae,Flora,Solanaceae,12308,Solanum ammophilum,,,,,11,
Plantae,Flora,Solanaceae,14044,Solanum armourense,,,E1,,285,
Plantae,Flora,Solanaceae,6065,Solanum aviculare,,Kangaroo Apple,,,992,
Plantae,Flora,Solanaceae,6067,Solanum brownii,,Violet Nightshade,,,1453,
Plantae,Flora,Solanaceae,15625,Solanum callosum,,,,,68,
Plantae,Flora,Solanaceae,6069,Solanum campanulatum,,,,,880,
Plantae,Flora,Solanaceae,7325,Solanum capsicoides,*,Devil's Apple,,,135,
Plantae,Flora,Solanaceae,11442,Solanum celatum,,,E1,,895,
Plantae,Flora,Solanaceae,6070,Solanum chenopodinum,,,,,40,
Plantae,Flora,Solanaceae,6071,Solanum chenopodioides,*,Whitetip Nightshade,,,688,
Plantae,Flora,Solanaceae,12297,Solanum chrysotrichum,*,Devil`s Fig,,,47,
Plantae,Flora,Solanaceae,6072,Solanum cinereum,,Narrawa Burr,,,2545,
Plantae,Flora,Solanaceae,6073,Solanum cleistogamum,,,,,248,
Plantae,Flora,Solanaceae,6074,Solanum coactiliferum,,Western Nightshade,,,399,
Plantae,Flora,Solanaceae,6515,Solanum corifolium,,,,,20,
Plantae,Flora,Solanaceae,12137,Solanum curvicuspe,,,,,83,
Plantae,Flora,Solanaceae,6076,Solanum densevestitum,,,,,781,
Plantae,Flora,Solanaceae,8900,Solanum densevestitum x stelligerum,,,,,1,
Plantae,Flora,Solanaceae,8384,Solanum dianthophorum,,,,,4,
Plantae,Flora,Solanaceae,12298,Solanum ditrichum,,,,,22,
Plantae,Flora,Solanaceae,6078,Solanum elaeagnifolium,*,Silver-leaved Nightshade,,,185,
Plantae,Flora,Solanaceae,6079,Solanum ellipticum,,Velvet Potato Bush,,,747,
Plantae,Flora,Solanaceae,6995,Solanum eremophilum,,,,,45,
Plantae,Flora,Solanaceae,6080,Solanum erianthum,*,Potato Tree,,,38,
Plantae,Flora,Solanaceae,6081,Solanum esuriale,,Quena,,,5980,
Plantae,Flora,Solanaceae,6082,Solanum ferocissimum,,Spiny Potato-bush,,,1745,
Plantae,Flora,Solanaceae,8835,Solanum furfuraceum,,,,,6,
Plantae,Flora,Solanaceae,12294,Solanum hapalum,,,,,100,
Plantae,Flora,Solanaceae,10185,Solanum hystrix,*,Afghan Thistle,,,1,
Plantae,Flora,Solanaceae,6084,Solanum inaequilaterum,,,,,167,
Plantae,Flora,Solanaceae,12307,Solanum jucundum,,,,,156,
Plantae,Flora,Solanaceae,6086,Solanum karsense,,Menindee Nightshade,V,V,101,
Plantae,Flora,Solanaceae,6087,Solanum laciniatum,,Large-flowered Kangaroo Apple,,,7,
Plantae,Flora,Solanaceae,6088,Solanum lacunarium,,Lagoon Nightshade,,,50,
Plantae,Flora,Solanaceae,12273,Solanum laxum,*,Potato Climber,,,32,
Plantae,Flora,Solanaceae,11443,Solanum limitare,,Border Ranges Nightshade,E1,,12,
Plantae,Flora,Solanaceae,6089,Solanum linearifolium,,Mountain Kangaroo Apple,,,160,
Plantae,Flora,Solanaceae,9211,Solanum linnaeanum,*,Apple of Sodom,,,253,
Plantae,Flora,Solanaceae,6090,Solanum mauritianum,*,Wild Tobacco Bush,,,4154,
Plantae,Flora,Solanaceae,12296,Solanum mitchellianum,,,,,4,
Plantae,Flora,Solanaceae,7124,Solanum nemophilum,,,,,19,
Plantae,Flora,Solanaceae,12138,Solanum neoanglicum,,,,,17,
Plantae,Flora,Solanaceae,6091,Solanum nigrum,*,Black-berry Nightshade,,,14053,
Plantae,Flora,Solanaceae,11319,Solanum nobile,,,,,72,
Plantae,Flora,Solanaceae,6094,Solanum oligacanthum,,,,,16,
Plantae,Flora,Solanaceae,6095,Solanum opacum,,Green-berry Nightshade,,,356,
Plantae,Flora,Solanaceae,6097,Solanum papaverifolium,,,,,50,
Plantae,Flora,Solanaceae,12295,Solanum parvifolium subsp. parvifolium,,Nightshade,,,1458,
Plantae,Flora,Solanaceae,6099,Solanum petrophilum,,Rock Nightshade,,,53,
Plantae,Flora,Solanaceae,9790,Solanum physalifolium var. nitidibaccatum,*,,,,38,
Plantae,Flora,Solanaceae,6100,Solanum prinophyllum,,Forest Nightshade,,,5305,
Plantae,Flora,Solanaceae,6101,Solanum pseudocapsicum,*,Madeira Winter Cherry,,,1736,
Plantae,Flora,Solanaceae,6102,Solanum pungetium,,Eastern Nightshade,,,1585,
Plantae,Flora,Solanaceae,6431,Solanum quadriloculatum,,Tomato Bush,,,147,
Plantae,Flora,Solanaceae,9210,Solanum radicans,*,Cusmayllo,,,141,
Plantae,Flora,Solanaceae,12304,Solanum rixosum,,,,,4,
Plantae,Flora,Solanaceae,6103,Solanum rostratum,*,Pincushion Nightshade,,,46,
Plantae,Flora,Solanaceae,6104,Solanum seaforthianum,*,Climbing Nightshade,,,516,
Plantae,Flora,Solanaceae,6105,Solanum semiarmatum,,,,,77,
Plantae,Flora,Solanaceae,12387,Solanum serpens,,,,,7,
Plantae,Flora,Solanaceae,13608,Solanum shirleyanum,,,,,4,
Plantae,Flora,Solanaceae,11605,Solanum silvestre,,,,,63,
Plantae,Flora,Solanaceae,6106,Solanum simile,,Oondoroo,,,47,
Plantae,Flora,Solanaceae,6107,Solanum sisymbriifolium,*,,,,627,
Plantae,Flora,Solanaceae,14099,Solanum sp. nov.,,,,,1,
Plantae,Flora,Solanaceae,12150,Solanum spirale,,,,,35,
Plantae,Flora,Solanaceae,SOLA,Solanum spp.,,,,,1965,
Plantae,Flora,Solanaceae,6109,Solanum stelligerum,,Devil's Needles,,,1503,
Plantae,Flora,Solanaceae,12301,Solanum stenopterum,,,,,1,
Plantae,Flora,Solanaceae,6110,Solanum sturtianum,,Thargomindah Nightshade,,,94,
Plantae,Flora,Solanaceae,14341,Solanum sulphureum,,Manning Yellow Solanum,E1,E,518,
Plantae,Flora,Solanaceae,6113,Solanum torvum,*,Devil's Fig,,,23,
Plantae,Flora,Solanaceae,6114,Solanum triflorum,*,Three-flowered Nightshade,,,71,
Plantae,Flora,Solanaceae,6115,Solanum vescum,,,,,249,
Plantae,Flora,Solanaceae,14504,Solanum viarum,*,Tropical Soda Apple,,,19,
Plantae,Flora,Solanaceae,12299,Solanum vicinum,,,,,56,
Plantae,Flora,Solanaceae,6116,Withania somnifera,*,Winter Cherry,,,25,
Plantae,Flora,Sparganiaceae,7148,Sparganium erectum,*,Branched Bur-reed,,,2,
Plantae,Flora,Sparganiaceae,SPAR,Sparganium spp.,,,,,1,
Plantae,Flora,Sparganiaceae,6767,Sparganium subglobosum,,Floating Bur-reed,,,98,
Plantae,Flora,Sphagnaceae,8206,Sphagnum cristatum,,,,,250,
Plantae,Flora,Sphagnaceae,SPHG,Sphagnum spp.,,,,,54,
Plantae,Flora,Strelitziaceae,11588,Ravenala madagascariensis,*,,,,36,
Plantae,Flora,Strelitziaceae,12537,Strelitzia juncea,*,,,,25,
Plantae,Flora,Strelitziaceae,11725,Strelitzia nicolai,*,,,,183,
Plantae,Flora,Strelitziaceae,11726,Strelitzia reginae,*,,,,163,
Plantae,Flora,Strelitziaceae,STRI,Strelitzia spp.,*,,,,80,
Plantae,Flora,Stylidiaceae,6152,Levenhookia dubia,,Hairy Stylewort,,,84,
Plantae,Flora,Stylidiaceae,LEVE,Levenhookia spp.,,,,,1,
Plantae,Flora,Stylidiaceae,STYLC,Stylidiaceae indeterminate,*,Triggerplants,,,5,
Plantae,Flora,Stylidiaceae,11453,Stylidium armeria,,,,,83,
Plantae,Flora,Stylidiaceae,6154,Stylidium debile,,Frail Triggerplant,,,79,
Plantae,Flora,Stylidiaceae,6155,Stylidium despectum,,Dwarf Triggerplant,,,24,
Plantae,Flora,Stylidiaceae,6156,Stylidium eglandulosum,,Woolly-stemmed Triggerplant,,,153,
Plantae,Flora,Stylidiaceae,6157,Stylidium graminifolium,,Grass Triggerplant,,,6092,
Plantae,Flora,Stylidiaceae,6158,Stylidium laricifolium,,Tree Triggerplant,,,576,
Plantae,Flora,Stylidiaceae,6159,Stylidium lineare,,Narrow-leaved Triggerplant,,,1401,
Plantae,Flora,Stylidiaceae,11285,Stylidium montanum,,,,,199,
Plantae,Flora,Stylidiaceae,12040,Stylidium paniculatum,,Frail Triggerplant,,,98,
Plantae,Flora,Stylidiaceae,6160,Stylidium productum,,,,,940,
Plantae,Flora,Stylidiaceae,STYL,Stylidium spp.,,,,,193,
Plantae,Flora,Stylidiaceae,12515,Stylidium tenerum,,Swamp Trigger Plant,,,5,
Plantae,Flora,Surianaceae,6161,Cadellia pentastylis,,Ooline,V,V,260,
Plantae,Flora,Surianaceae,6162,Guilfoylia monostylis,,,,,361,
Plantae,Flora,Symplocaceae,6163,Symplocos baeuerlenii,,Small-leaved Hazelwood,V,V,717,
Plantae,Flora,Symplocaceae,6164,Symplocos candelabrum,,,,,27,
Plantae,Flora,Symplocaceae,SYMP,Symplocos spp.,,,,,13,
Plantae,Flora,Symplocaceae,6165,Symplocos stawellii,,White Hazelwood,,,96,
Plantae,Flora,Symplocaceae,6166,Symplocos thwaitesii,,Buff Hazelwood,,,420,
Plantae,Flora,Tamaricaceae,9386,Tamarix aphylla,*,Athel Tree,,,9,
Plantae,Flora,Tamaricaceae,11180,Tamarix ramosissima,*,Tamarisk,,,8,
Plantae,Flora,Tamaricaceae,TAMA,Tamarix spp.,*,Tamarisk,,,4,
Plantae,Flora,Targioniaceae,11573,Targionia spp.,,,,,5,
Plantae,Flora,Ternstroemiaceae,11679,Gordonia axillaris,*,,,,13,
Plantae,Flora,Tetrachondraceae,12420,Polypremum procumbens,*,,,,3,
Plantae,Flora,Theaceae,11595,Camellia japonica,*,Camellia,,,130,
Plantae,Flora,Theaceae,11596,Camellia sasanqua,*,Sasanqua Camellia,,,126,
Plantae,Flora,Theaceae,CAML,Camellia spp.,*,,,,133,
Plantae,Flora,Thelypteridaceae,15035,Christella arida,,,,,1,
Plantae,Flora,Thelypteridaceae,8189,Christella hispidula,,,,,13,
Plantae,Flora,Thelypteridaceae,CHRI,Christella spp.,,,,,19,
Plantae,Flora,Thelypteridaceae,14610,Cyclosorus dentatus,,Binung,,,1010,
Plantae,Flora,Thelypteridaceae,8190,Cyclosorus interruptus,,,,,183,
Plantae,Flora,Thelypteridaceae,CYCL,Cyclosorus spp.,,,,,2,
Plantae,Flora,Thelypteridaceae,8191,Macrothelypteris torresiana,,,,,5,
Plantae,Flora,Thelypteridaceae,8192,Pneumatopteris sogerensis,,,,,20,
Plantae,Flora,Thismiaceae,11360,Thismia clavarioides,,,,,3,
Plantae,Flora,Thismiaceae,1864,Thismia rodwayi,,Fairy Lanterns,,,1,
Plantae,Flora,Thismiaceae,THIS,Thismia spp.,,,,,2,
Plantae,Flora,Thymelaeaceae,9893,Gnidia squarrosa,*,,,,1,
Plantae,Flora,Thymelaeaceae,9892,Kelleria dieffenbachii,,,,,21,
Plantae,Flora,Thymelaeaceae,6169,Phaleria chermsideana,,Scrub Daphne,,,72,
Plantae,Flora,Thymelaeaceae,PHAL,Phaleria spp.,,,,,1,
Plantae,Flora,Thymelaeaceae,6170,Pimelea alpina,,,,,417,
Plantae,Flora,Thymelaeaceae,15148,Pimelea altior,,,,,88,
Plantae,Flora,Thymelaeaceae,6171,Pimelea axiflora,,,,,489,
Plantae,Flora,Thymelaeaceae,7730,Pimelea axiflora subsp. alpina,,,,,60,
Plantae,Flora,Thymelaeaceae,7731,Pimelea axiflora subsp. axiflora,,,,,418,
Plantae,Flora,Thymelaeaceae,9891,^Pimelea axiflora subsp. pubescens,,Bungonia Rice-flower,"E1,2",E,12,
Plantae,Flora,Thymelaeaceae,6172,Pimelea biflora,,Matted Rice-flower,,,131,
Plantae,Flora,Thymelaeaceae,6174,Pimelea bracteata,,,E4A,CE,1325,
Plantae,Flora,Thymelaeaceae,9576,Pimelea ciliolaris,,,,,9,
Plantae,Flora,Thymelaeaceae,6175,Pimelea congesta,,,,,26,
Plantae,Flora,Thymelaeaceae,13622,Pimelea cremnophila,,Gorge Rice-flower,E4A,CE,35,
Plantae,Flora,Thymelaeaceae,6176,Pimelea curviflora,,Rice Flower,,,1939,
Plantae,Flora,Thymelaeaceae,6494,Pimelea curviflora var. acuta,,,,,25,
Plantae,Flora,Thymelaeaceae,6965,Pimelea curviflora var. curviflora,,,V,V,413,
Plantae,Flora,Thymelaeaceae,6774,Pimelea curviflora var. divergens,,,,,569,
Plantae,Flora,Thymelaeaceae,8753,Pimelea curviflora var. gracilis,,,,,140,
Plantae,Flora,Thymelaeaceae,7241,Pimelea curviflora var. sericea,,,,,1181,
Plantae,Flora,Thymelaeaceae,7402,Pimelea curviflora var. subglabrata,,,,,33,
Plantae,Flora,Thymelaeaceae,6177,Pimelea elongata,,Rice Flower,E1,,9,
Plantae,Flora,Thymelaeaceae,7181,Pimelea flava subsp. dichotoma,,Yellow Rice-flower,,,62,
Plantae,Flora,Thymelaeaceae,7642,Pimelea glauca,,Smooth Rice-flower,,,762,
Plantae,Flora,Thymelaeaceae,6179,Pimelea humilis,,Dwarf Rice-flower,,,40,
Plantae,Flora,Thymelaeaceae,6180,Pimelea latifolia,,,,,119,
Plantae,Flora,Thymelaeaceae,6813,Pimelea latifolia subsp. elliptifolia,,,,,235,
Plantae,Flora,Thymelaeaceae,6475,Pimelea latifolia subsp. hirsuta,,,,,95,
Plantae,Flora,Thymelaeaceae,6870,Pimelea latifolia subsp. latifolia,,,,,30,
Plantae,Flora,Thymelaeaceae,6181,Pimelea ligustrina,,,,,372,
Plantae,Flora,Thymelaeaceae,7182,Pimelea ligustrina subsp. ciliata,,,,,104,
Plantae,Flora,Thymelaeaceae,7643,Pimelea ligustrina subsp. hypericina,,,,,101,
Plantae,Flora,Thymelaeaceae,8676,Pimelea ligustrina subsp. ligustrina,,,,,277,
Plantae,Flora,Thymelaeaceae,6182,Pimelea linifolia,,Slender Rice Flower,,,7245,
Plantae,Flora,Thymelaeaceae,7679,Pimelea linifolia subsp. caesia,,,,,390,
Plantae,Flora,Thymelaeaceae,6635,Pimelea linifolia subsp. collina,,,,,275,
Plantae,Flora,Thymelaeaceae,6814,Pimelea linifolia subsp. linifolia,,,,,5037,
Plantae,Flora,Thymelaeaceae,6476,Pimelea linifolia subsp. linoides,,,,,57,
Plantae,Flora,Thymelaeaceae,13625,Pimelea linifolia subsp. rubiginosa,,,,,1,
Plantae,Flora,Thymelaeaceae,6871,Pimelea micrantha,,Silky Rice-flower,,,174,
Plantae,Flora,Thymelaeaceae,6587,Pimelea microcephala subsp. microcephala,,Shrubby Rice-flower,,,1164,
Plantae,Flora,Thymelaeaceae,6184,Pimelea neo-anglica,,Poison Pimelea,,,3727,
Plantae,Flora,Thymelaeaceae,6186,Pimelea pauciflora,,,,,288,
Plantae,Flora,Thymelaeaceae,6187,Pimelea penicillaris,,,,,54,
Plantae,Flora,Thymelaeaceae,7792,Pimelea serpyllifolia subsp. serpyllifolia,,Thyme Rice-Flower,E1,,14,
Plantae,Flora,Thymelaeaceae,6189,Pimelea simplex,,Desert Rice-flower,,,189,
Plantae,Flora,Thymelaeaceae,8558,Pimelea simplex subsp. continua,,,,,28,
Plantae,Flora,Thymelaeaceae,7551,Pimelea simplex subsp. simplex,,,,,251,
Plantae,Flora,Thymelaeaceae,6190,Pimelea spicata,,Spiked Rice-flower,E1,E,2201,
Plantae,Flora,Thymelaeaceae,PIME,Pimelea spp.,,,,,728,
Plantae,Flora,Thymelaeaceae,6191,Pimelea stricta,,Gaunt Rice-flower,,,123,
Plantae,Flora,Thymelaeaceae,6192,Pimelea strigosa,,,,,202,
Plantae,Flora,Thymelaeaceae,6193,Pimelea treyvaudii,,Grey Rice-flower,,,50,
Plantae,Flora,Thymelaeaceae,6194,Pimelea trichostachya,,,,,882,
Plantae,Flora,Thymelaeaceae,6195,Pimelea umbratica,,,,,6,
Plantae,Flora,Thymelaeaceae,6196,^^Pimelea venosa,,Bolivia Hill Rice-flower,"E1,3",E,11,
Plantae,Flora,Thymelaeaceae,6197,Wikstroemia indica,,,,,555,
Plantae,Flora,Thymelaeaceae,WIKS,Wikstroemia spp.,,,,,1,
Plantae,Flora,Tiliaceae,6198,Corchorus cunninghamii,,Native Jute,E1,E,567,
Plantae,Flora,Tiliaceae,7351,Corchorus olitorius,*,Jute,,,7,
Plantae,Flora,Tiliaceae,6199,Grewia latifolia,,,,,8,
Plantae,Flora,Tiliaceae,GREW,Grewia spp.,,,,,1,
Plantae,Flora,Tiliaceae,13626,Tilia americana,*,,,,2,
Plantae,Flora,Tiliaceae,6200,Triumfetta rhomboidea,*,Chinese Bur,,,38,
Plantae,Flora,Trimeniaceae,9061,Trimenia moorei,,Bitter Vine,,,295,
Plantae,Flora,Tropaeolaceae,6215,Tropaeolum majus,*,Nasturtium,,,262,
Plantae,Flora,Tropaeolaceae,TROP,Tropaeolum spp.,*,,,,5,
Plantae,Flora,Typhaceae,12590,Typha australis,*,,,,30,
Plantae,Flora,Typhaceae,7224,Typha domingensis,,Narrow-leaved Cumbungi,,,1257,
Plantae,Flora,Typhaceae,6216,Typha latifolia,*,,,,34,
Plantae,Flora,Typhaceae,6217,Typha orientalis,,Broad-leaved Cumbungi,,,2967,
Plantae,Flora,Typhaceae,TYPH,Typha spp.,,,,,545,
Plantae,Flora,Ulmaceae,6218,Aphananthe philippinensis,,Rough-leaved Elm,,,795,
Plantae,Flora,Ulmaceae,6220,Celtis australis,*,,,,108,
Plantae,Flora,Ulmaceae,10437,Celtis conferta subsp. amblyphylla,,Cotton-wood,,,95,
Plantae,Flora,Ulmaceae,6221,Celtis occidentalis,*,Hackberry,,,163,
Plantae,Flora,Ulmaceae,6222,Celtis paniculata,,Native Celtis,,,244,
Plantae,Flora,Ulmaceae,8436,Celtis sinensis,*,Japanese Hackberry,,,310,
Plantae,Flora,Ulmaceae,CELT,Celtis spp.,,,,,61,
Plantae,Flora,Ulmaceae,TREM,Trema spp.,,,,,6,
Plantae,Flora,Ulmaceae,6761,Trema tomentosa var. aspera,,Native Peach,,,2683,
Plantae,Flora,Ulmaceae,11858,Ulmus americana,*,American Elm,,,1,
Plantae,Flora,Ulmaceae,13627,Ulmus glabra,*,,,,1,
Plantae,Flora,Ulmaceae,13629,Ulmus minor,*,,,,4,
Plantae,Flora,Ulmaceae,11222,Ulmus parvifolia,*,Chinese Elm,,,229,
Plantae,Flora,Ulmaceae,11704,Ulmus procera,*,,,,48,
Plantae,Flora,Ulmaceae,ULMU,Ulmus spp.,*,,,,74,
Plantae,Flora,Ulmaceae,6786,Ulmus x hollandica,*,,,,4,
Plantae,Flora,Unknown Flora,A,Unknown A,,,,,1932,
Plantae,Flora,Unknown Flora,B,Unknown B,,,,,937,
Plantae,Flora,Unknown Flora,C,Unknown C,,,,,365,
Plantae,Flora,Unknown Flora,D,Unknown D,,,,,212,
Plantae,Flora,Unknown Flora,E,Unknown E,,,,,111,
Plantae,Flora,Unknown Flora,F,Unknown F,,,,,69,
Plantae,Flora,Unknown Flora,G,Unknown G,,,,,78,
Plantae,Flora,Unknown Flora,H,Unknown H,,,,,53,
Plantae,Flora,Unknown Flora,I,Unknown I,,,,,29,
Plantae,Flora,Unknown Flora,J,Unknown J,,,,,21,
Plantae,Flora,Unknown Flora,K,Unknown K,,,,,122,
Plantae,Flora,Unknown Flora,L,Unknown L,,,,,51,
Plantae,Flora,Unknown Flora,M,Unknown M,,,,,21,
Plantae,Flora,Unknown Flora,N,Unknown N,,,,,107,
Plantae,Flora,Unknown Flora,O,Unknown O,,,,,85,
Plantae,Flora,Unknown Flora,P,Unknown P,,,,,51,
Plantae,Flora,Unknown Flora,Q,Unknown Q,,,,,74,
Plantae,Flora,Unknown Flora,R,Unknown R,,,,,364,
Plantae,Flora,Unknown Flora,S,Unknown S,,,,,26,
Plantae,Flora,Unknown Flora,T,Unknown T,,,,,42,
Plantae,Flora,Unknown Flora,U,Unknown U,,,,,36,
Plantae,Flora,Unknown Flora,V,Unknown V,,,,,38,
Plantae,Flora,Unknown Flora,W,Unknown W,,,,,264,
Plantae,Flora,Unknown Flora,X,Unknown X,,,,,270,
Plantae,Flora,Unknown Flora,Y,Unknown Y,,,,,80,
Plantae,Flora,Unknown Flora,Z,Unknown Z,,,,,117,
Plantae,Flora,Urticaceae,6223,Australina pusilla,,,,,368,
Plantae,Flora,Urticaceae,11052,Boehmeria macrophylla,,Native Ramie,,,80,
Plantae,Flora,Urticaceae,6226,Dendrocnide excelsa,,Giant Stinging Tree,,,1774,
Plantae,Flora,Urticaceae,6227,Dendrocnide moroides,,Gympie Stinger,E1,,51,
Plantae,Flora,Urticaceae,6228,Dendrocnide photinophylla,,Shiny-leaved Stinging Tree,,,552,
Plantae,Flora,Urticaceae,12570,Dendrocnide spp.,,,,,2,
Plantae,Flora,Urticaceae,6229,Elatostema reticulatum,,,,,516,
Plantae,Flora,Urticaceae,ELAO,Elatostema spp.,,,,,3,
Plantae,Flora,Urticaceae,6230,Elatostema stipitatum,,,,,106,
Plantae,Flora,Urticaceae,9888,Parietaria cardiostegia,,Mallee Pellitory,,,10,
Plantae,Flora,Urticaceae,6231,Parietaria debilis,,Native Pellitory,,,745,
Plantae,Flora,Urticaceae,6232,Parietaria judaica,*,Pellitory,,,483,
Plantae,Flora,Urticaceae,PARI,Parietaria spp.,,,,,6,
Plantae,Flora,Urticaceae,11989,Pilea cadeiri,*,,,,1,
Plantae,Flora,Urticaceae,6233,Pilea microphylla,*,Artillery Plant,,,7,
Plantae,Flora,Urticaceae,PILE,Pilea spp.,*,,,,3,
Plantae,Flora,Urticaceae,6234,Pipturus argenteus,,Native Mulberry,,,36,
Plantae,Flora,Urticaceae,12436,Pouzolzia australis,,,,,13,
Plantae,Flora,Urticaceae,6235,Soleirolia soleirolii,*,Baby's Tears,,,5,
Plantae,Flora,Urticaceae,6236,Urtica dioica,*,Giant Nettle,,,67,
Plantae,Flora,Urticaceae,6237,Urtica incisa,,Stinging Nettle,,,4851,
Plantae,Flora,Urticaceae,URTI,Urtica spp.,,,,,101,
Plantae,Flora,Urticaceae,6238,Urtica urens,*,Small Nettle,,,864,
Plantae,Flora,Uvulariaceae,KREY,Kreysigia spp.,*,,,,1,
Plantae,Flora,Uvulariaceae,SCHL,Schelhammera spp.,,,,,5,
Plantae,Flora,Uvulariaceae,3566,Schelhammera undulata,,,,,1786,
Plantae,Flora,Uvulariaceae,7346,Tripladenia cunninghamii,,,,,897,
Plantae,Flora,Valerianaceae,12057,Centranthus macrosiphon,*,,,,1,
Plantae,Flora,Valerianaceae,7303,Centranthus ruber subsp. ruber,*,Red Valerian,,,30,
Plantae,Flora,Verbenaceae,13632,Aloysia citrodora,*,Lemon Verbena,,,4,
Plantae,Flora,Verbenaceae,11578,Citharexylum spinosum,*,,,,25,
Plantae,Flora,Verbenaceae,CITH,Citharexylum spp.,*,Fiddlewood,,,3,
Plantae,Flora,Verbenaceae,10898,Duranta erecta,*,Sky Flower,,,101,
Plantae,Flora,Verbenaceae,12422,Glandularia aristigera,*,Mayne's Pest,,,649,
Plantae,Flora,Verbenaceae,6248,Lantana camara,*,Lantana,,,18582,
Plantae,Flora,Verbenaceae,6249,Lantana montevidensis,*,Trailing Lantana,,,88,
Plantae,Flora,Verbenaceae,LANT,Lantana spp.,*,,,,29,
Plantae,Flora,Verbenaceae,11134,Phyla canescens,*,Lippia,,,1682,
Plantae,Flora,Verbenaceae,6252,Phyla nodiflora,*,Carpet Weed,,,570,
Plantae,Flora,Verbenaceae,14653,Phyla spp.,,,,,8,
Plantae,Flora,Verbenaceae,13634,Stachytarpheta angustifolia,*,,,,1,
Plantae,Flora,Verbenaceae,13635,Stachytarpheta mutabilis,*,,,,1,
Plantae,Flora,Verbenaceae,STCH,Stachytarpheta spp.,*,,,,1,
Plantae,Flora,Verbenaceae,11187,Verbena africana,*,,,,105,
Plantae,Flora,Verbenaceae,6256,Verbena bonariensis,*,Purpletop,,,11252,
Plantae,Flora,Verbenaceae,10716,Verbena caracasana,*,Shore Verbain,,,95,
Plantae,Flora,Verbenaceae,10717,Verbena gaudichaudii,,Verbena,,,1757,
Plantae,Flora,Verbenaceae,6636,Verbena hispida,*,Rough Verbena,,,135,
Plantae,Flora,Verbenaceae,10718,Verbena incompta,*,,,,327,
Plantae,Flora,Verbenaceae,6258,Verbena litoralis,*,,,,335,
Plantae,Flora,Verbenaceae,10719,Verbena macrostachya,,,,,123,
Plantae,Flora,Verbenaceae,6259,Verbena officinalis,*,Common Verbena,,,1992,
Plantae,Flora,Verbenaceae,10720,Verbena quadrangularis,*,,,,585,
Plantae,Flora,Verbenaceae,11406,Verbena rigida var. rigida,*,Veined Verbena,,,2998,
Plantae,Flora,Verbenaceae,VERE,Verbena spp.,,,,,1033,
Plantae,Flora,Verbenaceae,6261,Verbena supina,*,Trailing Verbena,,,426,
Plantae,Flora,Verbenaceae,10721,Verbena x brasiliensis,*,Gin Case,,,72,
Plantae,Flora,Violaceae,6951,Hybanthus floribundus subsp. floribundus,,Shrub Violet,,,53,
Plantae,Flora,Violaceae,6266,Hybanthus monopetalus,,Slender Violet-bush,,,2325,
Plantae,Flora,Violaceae,HYBA,Hybanthus spp.,,,,,56,
Plantae,Flora,Violaceae,9769,Hybanthus stellarioides,,,,,1328,
Plantae,Flora,Violaceae,6267,Hybanthus vernonii,,,,,112,
Plantae,Flora,Violaceae,6792,Hybanthus vernonii subsp. scaber,,,,,51,
Plantae,Flora,Violaceae,6537,Hybanthus vernonii subsp. vernonii,,,,,177,
Plantae,Flora,Violaceae,14679,Melicytus angustifolius subsp. divaricatus,,,,,293,
Plantae,Flora,Violaceae,12061,Melicytus dentatus,,Tree Violet,,,3171,
Plantae,Flora,Violaceae,10473,Melicytus novae-zelandae subsp. centurionis,,,,,4,
Plantae,Flora,Violaceae,13637,Melicytus sp. 'Mount Morgan',,,,,1,
Plantae,Flora,Violaceae,MELY,Melicytus spp.,,,,,39,
Plantae,Flora,Violaceae,7263,Viola arvensis,*,Field Pansy,,,46,
Plantae,Flora,Violaceae,11863,Viola banksii,,,,,870,
Plantae,Flora,Violaceae,6270,Viola betonicifolia,,Native Violet,,,7738,
Plantae,Flora,Violaceae,6271,Viola caleyana,,Swamp Violet,,,226,
Plantae,Flora,Violaceae,9499,^^Viola cleistogamoides,,Hidden Violet,"E1,3",,94,
Plantae,Flora,Violaceae,13638,Viola concaulescens,,,,,14,
Plantae,Flora,Violaceae,13639,Viola eminens,,,,,1,
Plantae,Flora,Violaceae,10565,Viola fuscoviolacea,,,,,74,
Plantae,Flora,Violaceae,6272,Viola hederacea,,Ivy-leaved Violet,,,12027,
Plantae,Flora,Violaceae,13640,Viola hydromajestica,,,,,16,
Plantae,Flora,Violaceae,8303,Viola improcera,,,E1,E,2,
Plantae,Flora,Violaceae,6274,Viola odorata,*,Sweet Violet,,,226,
Plantae,Flora,Violaceae,13641,Viola perreniformis,,,,,13,
Plantae,Flora,Violaceae,11212,Viola riviniana,*,Common Dog-violet,,,2,
Plantae,Flora,Violaceae,11190,Viola sieberiana,,,,,990,
Plantae,Flora,Violaceae,12580,Viola silicestris,,,,,194,
Plantae,Flora,Violaceae,15640,Viola sp. Sassafras (K.R.Thiele 5425),,,,,1,
Plantae,Flora,Violaceae,VIOL,Viola spp.,,,,,302,
Plantae,Flora,Viscaceae,6415,Korthalsella breviarticulata,,,,,2,
Plantae,Flora,Viscaceae,10460,Korthalsella emersa,,,,,9,
Plantae,Flora,Viscaceae,6276,Korthalsella rubra,,,,,59,
Plantae,Flora,Viscaceae,6442,Korthalsella rubra subsp. geijericola,,,,,62,
Plantae,Flora,Viscaceae,6973,Korthalsella rubra subsp. rubra,,Jointed Mistletoe,,,28,
Plantae,Flora,Viscaceae,6277,Notothixos cornifolius,,Kurrajong Mistletoe,,,138,
Plantae,Flora,Viscaceae,6278,Notothixos incanus,,,,,55,
Plantae,Flora,Viscaceae,NOTO,Notothixos spp.,,,,,8,
Plantae,Flora,Viscaceae,6279,Notothixos subaureus,,Golden Mistletoe,,,223,
Plantae,Flora,Viscaceae,7234,Viscum articulatum,,,,,16,
Plantae,Flora,Viscaceae,VISC,Viscum spp.,,,,,1,
Plantae,Flora,Vitaceae,13642,Ampelopsis brevipedunculata,*,,,,1,
Plantae,Flora,Vitaceae,6280,Cayratia acris,,,,,43,
Plantae,Flora,Vitaceae,6281,Cayratia clematidea,,Native Grape,,,4668,
Plantae,Flora,Vitaceae,8462,Cayratia eurynema,,,,,207,
Plantae,Flora,Vitaceae,CAYR,Cayratia spp.,,,,,25,
Plantae,Flora,Vitaceae,6282,Cissus antarctica,,Water Vine,,,6535,
Plantae,Flora,Vitaceae,6283,Cissus hypoglauca,,Giant Water Vine,,,7646,
Plantae,Flora,Vitaceae,11917,Cissus rhombifolia,*,grape ivy,,,5,
Plantae,Flora,Vitaceae,CISS,Cissus spp.,,,,,46,
Plantae,Flora,Vitaceae,6286,Cissus sterculiifolia,,Yaroong,,,334,
Plantae,Flora,Vitaceae,14093,Clematicissus opaca,,Pepper Vine,,,735,
Plantae,Flora,Vitaceae,6287,Parthenocissus quinquefolia,*,Virginia Creeper,,,14,
Plantae,Flora,Vitaceae,PART,Parthenocissus spp.,*,,,,5,
Plantae,Flora,Vitaceae,11832,Parthenocissus tricuspidata,*,,,,10,
Plantae,Flora,Vitaceae,6288,Tetrastigma nitens,,,,,1694,
Plantae,Flora,Vitaceae,VITI,Vitis spp.,*,,,,15,
Plantae,Flora,Vitaceae,11767,Vitis vinifera,*,Grape Vine,,,51,
Plantae,Flora,Vittariaceae,8193,Vittaria elongata,,Tape Fern,,,82,
Plantae,Flora,Winteraceae,8194,Tasmannia glaucifolia,,Fragrant Pepperbush,V,V,678,
Plantae,Flora,Winteraceae,6290,Tasmannia insipida,,Brush Pepperbush,,,2001,
Plantae,Flora,Winteraceae,6291,Tasmannia lanceolata,,Mountain Pepperbush,,,553,
Plantae,Flora,Winteraceae,6292,Tasmannia purpurascens,,Broad-leaved Pepperbush,V,,659,
Plantae,Flora,Winteraceae,TASM,Tasmannia spp.,,,,,16,
Plantae,Flora,Winteraceae,6293,Tasmannia stipitata,,Northern Pepperbush,,,276,
Plantae,Flora,Winteraceae,11181,Tasmannia xerophila subsp. xerophila,,Alpine Pepperbush,,,272,
Plantae,Flora,Winteraceae,10515,Zygogynum howeanum,,Hot Bark,,,123,
Plantae,Flora,Xyridaceae,11035,Xyris bracteata,,,,,403,
Plantae,Flora,Xyridaceae,13644,Xyris cheumatophila,,,,,1,
Plantae,Flora,Xyridaceae,7247,Xyris complanata,,,,,265,
Plantae,Flora,Xyridaceae,6322,Xyris gracilis,,,,,964,
Plantae,Flora,Xyridaceae,6323,Xyris juncea,,Dwarf Yellow-eye,,,464,
Plantae,Flora,Xyridaceae,6324,Xyris operculata,,,,,2051,
Plantae,Flora,Xyridaceae,XYRI,Xyris spp.,,,,,177,
Plantae,Flora,Xyridaceae,6325,Xyris ustulata,,Yellow Flag,,,1317,
Plantae,Flora,Zamiaceae,6326,Lepidozamia peroffskyana,,,P,,277,
Plantae,Flora,Zamiaceae,LEPZ,Lepidozamia spp.,,,P,,1,
Plantae,Flora,Zamiaceae,6327,Macrozamia communis,,Burrawang,P,,2389,
Plantae,Flora,Zamiaceae,10526,Macrozamia concinna,,,P,,109,
Plantae,Flora,Zamiaceae,11347,Macrozamia cranei,,,P,E,P,
Plantae,Flora,Zamiaceae,6328,Macrozamia diplomera,,,P,,117,
Plantae,Flora,Zamiaceae,10527,Macrozamia elegans,,,P,,28,
Plantae,Flora,Zamiaceae,6329,Macrozamia fawcettii,,,P,,154,
Plantae,Flora,Zamiaceae,10528,Macrozamia flexuosa,,,P,,587,
Plantae,Flora,Zamiaceae,10529,Macrozamia glaucophylla,,,P,,51,
Plantae,Flora,Zamiaceae,6330,Macrozamia heteromera,,,P,,392,
Plantae,Flora,Zamiaceae,10530,Macrozamia humilis,,Inverell Cycad,"E1,P",,95,
Plantae,Flora,Zamiaceae,9300,Macrozamia johnsonii,,Johnson's Cycad,"E1,P",E,626,
Plantae,Flora,Zamiaceae,9179,Macrozamia lucida,,,P,,4,
Plantae,Flora,Zamiaceae,6331,Macrozamia miquelii,,,P,,1,
Plantae,Flora,Zamiaceae,10524,Macrozamia montana,,,P,,28,
Plantae,Flora,Zamiaceae,15184,Macrozamia occidua,,,,V,P,
Plantae,Flora,Zamiaceae,6333,Macrozamia pauli-guilielmi,,,P,,1,
Plantae,Flora,Zamiaceae,10531,Macrozamia plurinervia,,,P,,51,
Plantae,Flora,Zamiaceae,10532,Macrozamia polymorpha,,,P,,138,
Plantae,Flora,Zamiaceae,10525,Macrozamia reducta,,,P,,537,
Plantae,Flora,Zamiaceae,6334,Macrozamia secunda,,,P,,439,
Plantae,Flora,Zamiaceae,13645,Macrozamia sp. Bundarra,,,P,,3,
Plantae,Flora,Zamiaceae,13646,Macrozamia sp. 'Howell',,,P,,5,
Plantae,Flora,Zamiaceae,13647,Macrozamia sp. Tamworth,,,P,,2,
Plantae,Flora,Zamiaceae,13648,Macrozamia sp. Warialda,,,P,,2,
Plantae,Flora,Zamiaceae,6335,Macrozamia spiralis,,,P,,345,
Plantae,Flora,Zamiaceae,MACZ,Macrozamia spp.,,,P,,235,
Plantae,Flora,Zamiaceae,6336,Macrozamia stenomera,,,P,,129,
Plantae,Flora,Zingiberaceae,6913,Alpinia arundelliana,,Native Ginger,,,310,
Plantae,Flora,Zingiberaceae,6340,Alpinia caerulea,,Native Ginger,,,1852,
Plantae,Flora,Zingiberaceae,13694,Alpinia calcarata,*,Cardamon,,,2,
Plantae,Flora,Zingiberaceae,ALPI,Alpinia spp.,,,,,42,
Plantae,Flora,Zingiberaceae,11844,Alpinia zerumbet,*,shellplant,,,11,
Plantae,Flora,Zingiberaceae,13674,Hedychium coronarium,*,,,,13,
Plantae,Flora,Zingiberaceae,6787,Hedychium gardnerianum,*,Ginger Lily,,,740,
Plantae,Flora,Zosteraceae,6342,Heterozostera tasmanica,,,,,6,
Plantae,Flora,Zosteraceae,13649,Zostera muelleri subsp. capricorni,,,,,78,
Plantae,Flora,Zosteraceae,ZOST,Zostera spp.,,,,,9,
Plantae,Flora,Zygophyllaceae,15263,Roepera ammophila,,Sand Twinleaf,,,717,
Plantae,Flora,Zygophyllaceae,15264,Roepera angustifolia,,Scrambling Twinleaf,,,47,
Plantae,Flora,Zygophyllaceae,15265,Roepera apiculata,,"Gallweed, PointedTwinleaf, Common Twinleaf",,,1076,
Plantae,Flora,Zygophyllaceae,15266,Roepera aurantiaca,,Shrubby Twinleaf,,,531,
Plantae,Flora,Zygophyllaceae,15268,Roepera compressa,,Rabbit-ears twinleaf,,,3,
Plantae,Flora,Zygophyllaceae,15269,Roepera confluens,,,,,22,
Plantae,Flora,Zygophyllaceae,15270,Roepera crenata,,Lobed Twinleaf,,,128,
Plantae,Flora,Zygophyllaceae,15271,Roepera emarginata,,,,,31,
Plantae,Flora,Zygophyllaceae,15055,Roepera eremaea,,Climbing Twinleaf,,,335,
Plantae,Flora,Zygophyllaceae,15272,Roepera glauca,,,,,510,
Plantae,Flora,Zygophyllaceae,15273,Roepera howittii,,Clasping Twinleaf,,,10,
Plantae,Flora,Zygophyllaceae,15274,Roepera humillima,,Small-fruited Twinleaf,,,19,
Plantae,Flora,Zygophyllaceae,15275,Roepera iodocarpa,,Violet Twinleaf,,,1063,
Plantae,Flora,Zygophyllaceae,15276,Roepera ovata,,Dwarf Twinleaf,,,237,
Plantae,Flora,Zygophyllaceae,15277,Roepera prismatotheca,,Square-fruited Twinleaf,,,30,
Plantae,Flora,Zygophyllaceae,15238,Roepera similis,,,,,515,
Plantae,Flora,Zygophyllaceae,ROEP,Roepera spp.,,,,,202,
Plantae,Flora,Zygophyllaceae,9438,Tribulus eichlerianus,,Bull-head,,,369,
Plantae,Flora,Zygophyllaceae,9230,Tribulus micrococcus,,Spineless Caltrop,,,841,
Plantae,Flora,Zygophyllaceae,6347,Tribulus minutus,,Small Cat-head,,,223,
Plantae,Flora,Zygophyllaceae,TRIB,Tribulus spp.,,"Cat-head, Caltrop",,,231,
Plantae,Flora,Zygophyllaceae,7655,Tribulus terrestris,*,Cat-head,,,1733,
Plantae,Bryopsida,Cryphaeaceae,15099,Cryphaea ovalifolia,,,,,1,
Plantae,Flora,Boryaceae,15158,Alania cunninghamii,,,,,99,
Plantae,Flora,Picrodendraceae,2678,Austrobuxus swainii,,Pink Cherry,,,597,
Plantae,Flora,Picrodendraceae,2736,Micrantheum ericoides,,,,,1794,
Plantae,Flora,Picrodendraceae,2737,Micrantheum hexandrum,,,,,193,
Plantae,Flora,Picrodendraceae,MICR,Micrantheum spp.,,,,,14,
Plantae,Flora,Picrodendraceae,6396,Petalostigma pubescens,,Bitter Bark,,,248,
Plantae,Flora,Picrodendraceae,PETA,Petalostigma spp.,,,,,4,
Plantae,Flora,Picrodendraceae,2742,Petalostigma triloculare,,Long-leaved Bitter Bark,,,58,
Plantae,Flora,Picrodendraceae,2755,Pseudanthus divaricatissimus,,,,,218,
Plantae,Flora,Picrodendraceae,12970,Pseudanthus orbicularis,,,,,7,
Plantae,Flora,Picrodendraceae,2756,Pseudanthus orientalis,,,,,393,
Plantae,Flora,Picrodendraceae,9467,Pseudanthus ovalifolius,,Oval-leafed Pseudanthus,E1,,1,
Plantae,Flora,Picrodendraceae,12971,Pseudanthus pauciflorus,,,,,15,
Plantae,Flora,Picrodendraceae,12972,Pseudanthus pauciflorus subsp. pauciflorus,,,,,33,
Plantae,Flora,Picrodendraceae,2757,Pseudanthus pimeleoides,,,,,126,
Plantae,Flora,Picrodendraceae,PSEU,Pseudanthus spp.,,,,,8,
Plantae,Flora,Molluginaceae,6381,Glinus lotoides,,Hairy Carpet-weed,,,843,
Plantae,Flora,Molluginaceae,7175,Glinus oppositifolius,,,,,48,
Plantae,Flora,Molluginaceae,3906,Glinus orygioides,,,E4,,3,
Plantae,Flora,Molluginaceae,GLIN,Glinus spp.,,,,,1,
Plantae,Flora,Molluginaceae,15343,Hypertelis cerviana,,,,,29,
Plantae,Flora,Molluginaceae,MOLL,Mollugo spp.,,,,,1,
Plantae,Flora,Molluginaceae,3909,Mollugo verticillata,,,,,12,
Plantae,Flora,Cleomaceae,15344,Arivela viscosa,,Tickweed,,,7,
Plantae,Flora,Cleomaceae,15346,Sieruela monophylla,*,,,,1,
Plantae,Flora,Cleomaceae,15345,Tarenaya hassleriana,*,Giant Spider-flower,,,19,
