trait_code,species,species_code,main_source,original_sources,raw_value,original_notes,norm_value,best,upper,lower,sources,why
surv1,Acacia baueri subsp. baueri,7060,NSWFFRDv2.1,"{""Benwell 1998""}","{""VA Group 2"",""Killed by 100% scorch; seed storage in soil"",""Overall value of fireresponse column is S""}",NA,None,NA,NA,NA,Benwell 1998,surv1 logic
surv1,Acacia burbidgeae,3725,NSWFFRDv2.1,"{""Clarke Fulloon 1999""}","{""VA Group II"",""Killed by 100% scorch; seed storage in soil"",""Overall value of fireresponse column is S""}",NA,None,NA,NA,NA,Clarke Fulloon 1999,surv1 logic
surv1,Acacia buxifolia,3727,NSWFFRDv2.1,"{""Clarke Fulloon 1999""}","{""VA Group II"",""Killed by 100% scorch; seed storage in soil"",""Overall value of fireresponse column is Rs""}","{""Post-fire abundance increase (P)""}",None,NA,NA,NA,Clarke Fulloon 1999,surv1 logic
surv1,Acacia granitica,3784,NSWFFRDv2.1,"{""Clarke Fulloon 1999""}","{""VA Group II"",""Killed by 100% scorch; seed storage in soil"",""Overall value of fireresponse column is S""}",NA,None,NA,NA,NA,Clarke Fulloon 1999,surv1 logic
surv1,Acacia hispidula,3790,NSWFFRDv2.1,"{""Benson 1985""}","{""VA Group 8"",""Killed by 100% scorch; seed storage unknown"",""Overall value of fireresponse column is S""}","{""II-100? (inferred from morphology)""}",None,NA,NA,NA,Benson 1985,surv1 logic
surv1,Acacia lanigera,3806,NSWFFRDv2.1,"{""Benwell 1998""}","{""VA Group 2"",""Killed by 100% scorch; seed storage in soil"",""Overall value of fireresponse column is S""}",NA,None,NA,NA,NA,Benwell 1998,surv1 logic
surv1,Acacia latisepala,3807,NSWFFRDv2.1,"{""Clarke Fulloon 1999""}","{""VA Group II"",""Killed by 100% scorch; seed storage in soil"",""Overall value of fireresponse column is S""}",NA,None,NA,NA,NA,Clarke Fulloon 1999,surv1 logic
surv1,Acacia longifolia subsp. longifolia,10790,NSWFFRDv2.1,"{""Keith 1991""}","{""VA Group 8"",""Killed by 100% scorch; seed storage unknown"",""Overall value of fireresponse column is Sr""}",NA,None,NA,NA,NA,Keith 1991,surv1 logic
surv1,Acacia macnuttiana,3820,NSWFFRDv2.1,"{""Clarke Fulloon 1999""}","{""VA Group VIII"",""Killed by 100% scorch; seed storage unknown"",""Overall value of fireresponse column is S""}","{""Mortality 75% (100)""}",None,NA,NA,NA,Clarke Fulloon 1999,surv1 logic
surv1,Acacia pruinosa,3858,NSWFFRDv2.1,"{""Clarke Fulloon 1999""}","{""VA Group IX"",""Survives 100% scorch; resprout location unknown"",""Overall value of fireresponse column is R""}",NA,All,NA,NA,NA,Clarke Fulloon 1999,surv1 logic
surv1,Acacia pubifolia,9405,NSWFFRDv2.1,"{""Clarke Fulloon 1999""}","{""VA Group VIII"",""Killed by 100% scorch; seed storage unknown"",""Overall value of fireresponse column is S""}",NA,None,NA,NA,NA,Clarke Fulloon 1999,surv1 logic
surv1,Acacia suaveolens,3881,NSWFFRDv2.1,"{""Benwell 1998""}","{""VA Group 2"",""Killed by 100% scorch; seed storage in soil"",""Overall value of fireresponse column is Sr""}","{""Mortality >85% (105)""}",None,NA,NA,NA,Benwell 1998,surv1 logic
surv1,Acacia suaveolens,3881,NSWFFRDv2.1,"{""Benson 1985""}","{""VA Group 8"",""Killed by 100% scorch; seed storage unknown"",""Overall value of fireresponse column is Sr""}","{""Mortality >85% (105)""}",None,NA,NA,NA,Benson 1985,surv1 logic
surv1,Acacia torringtonensis,3888,NSWFFRDv2.1,"{""Clarke Fulloon 1999""}","{""VA Group II"",""Killed by 100% scorch; seed storage in soil"",""Overall value of fireresponse column is S""}",NA,None,NA,NA,NA,Clarke Fulloon 1999,surv1 logic
surv1,Acacia ulicifolia,3893,NSWFFRDv2.1,"{""Benwell 1998""}","{""VA Group 9"",""Survives 100% scorch; resprout location unknown"",""Overall value of fireresponse column is Sr""}","{""Variable fire response (6), Some populations (Nullo Mt, Lithgow) resprout or root sucker (1), Variable (39), Some resprouting after low-intensity fire (105)""}",All,NA,NA,NA,Benwell 1998,surv1 logic
surv1,Acacia venulosa,8865,NSWFFRDv2.1,"{""Clarke Fulloon 1999""}","{""VA Group II"",""Killed by 100% scorch; seed storage in soil"",""Overall value of fireresponse column is S/R""}",NA,None,NA,NA,NA,Clarke Fulloon 1999,surv1 logic
surv1,Acacia viscidula,3899,NSWFFRDv2.1,"{""Clarke Fulloon 1999""}","{""VA Group II"",""Killed by 100% scorch; seed storage in soil"",""Overall value of fireresponse column is Sr""}",NA,None,NA,NA,NA,Clarke Fulloon 1999,surv1 logic
surv1,Acacia williamsiana,10796,NSWFFRDv2.1,"{""Clarke Fulloon 1999""}","{""VA Group VIII"",""Killed by 100% scorch; seed storage unknown"",""Overall value of fireresponse column is SR""}","{""II-100? (inferred from morphology)""}",None,NA,NA,NA,Clarke Fulloon 1999,surv1 logic
surv1,Actinotus helianthi,1094,NSWFFRDv2.1,"{""Benson 1985""}","{""VA Group 8"",""Killed by 100% scorch; seed storage unknown"",""Overall value of fireresponse column is S""}",NA,None,NA,NA,NA,Benson 1985,surv1 logic
surv1,Actinotus minor,1095,NSWFFRDv2.1,"{""Benson 1985""}","{""VA Group 8"",""Killed by 100% scorch; seed storage unknown"",""Overall value of fireresponse column is Sr""}","{""May resprout after low intensity fire (1)""}",None,NA,NA,NA,Benson 1985,surv1 logic
surv1,Adrastaea salicifolia,2525,NSWFFRDv2.1,"{""Benwell 1998""}","{""VA Group 9"",""Survives 100% scorch; resprout location unknown"",""Overall value of fireresponse column is R""}",NA,All,NA,NA,NA,Benwell 1998,surv1 logic
surv1,Agiortia pedicellata,12011,NSWFFRDv2.1,"{""Benwell 1998""}","{""VA Group 4"",""Survives 100% scorch; resprouts from root suckers or rhizomes"",""Overall value of fireresponse column is R""}",NA,All,NA,NA,NA,Benwell 1998,surv1 logic
surv1,Agiortia pedicellata,12011,NSWFFRDv2.1,"{""Benwell 1998""}","{""VA Group IV"",""Survives 100% scorch; resprouts from root suckers or rhizomes"",""Overall value of fireresponse column is R""}",NA,All,NA,NA,NA,Benwell 1998,surv1 logic
surv1,Allocasuarina littoralis,2012,NSWFFRDv2.1,"{""Benwell 1998""}","{""VA Group 9"",""Survives 100% scorch; resprout location unknown"",""Overall value of fireresponse column is Rs""}","{""Resprouting may be age dependant, with older plants killed; May become dominant in long unburnt communities (1); Variable (39); 45% resprouting after modearte intensity fire (92); Has no protected vegetative buds or insulated bark; Mortality 10""}",All,NA,NA,NA,Benwell 1998,surv1 logic
surv1,Allocasuarina paludosa,2015,NSWFFRDv2.1,"{""Keith 1991""}","{""VA Group 9"",""Survives 100% scorch; resprout location unknown"",""Overall value of fireresponse column is R""}",NA,All,NA,NA,NA,Keith 1991,surv1 logic
surv1,Amperea xiphoclada var. xiphoclada,9713,NSWFFRDv2.1,"{""Benwell 1998""}","{""VA Group 11"",""Survives 100% scorch: obligate resprouters"",""Overall value of fireresponse column is R""}","{""Killed at 1 of 2 sites - NB sampled within 6 months of fire (105)""}",All,NA,NA,NA,Benwell 1998,surv1 logic
surv1,Aotus ericoides,2770,NSWFFRDv2.1,"{""Benwell 1998""}","{""VA Group 9"",""Survives 100% scorch; resprout location unknown"",""Overall value of fireresponse column is Rs""}","{""Variable (39)""}",All,NA,NA,NA,Benwell 1998,surv1 logic
surv1,Aotus ericoides,2770,NSWFFRDv2.1,"{""Keith 1991""}","{""VA Group 9"",""Survives 100% scorch; resprout location unknown"",""Overall value of fireresponse column is Rs""}","{""Variable (39)""}",All,NA,NA,NA,Keith 1991,surv1 logic
surv1,Aotus lanigera,2771,NSWFFRDv2.1,"{""Benwell 1998""}","{""VA Group 2"",""Killed by 100% scorch; seed storage in soil"",""Overall value of fireresponse column is S""}",NA,None,NA,NA,NA,Benwell 1998,surv1 logic
surv1,Aristida warburgii,4774,NSWFFRDv2.1,"{""Keith 1991""}","{""VA Group 9"",""Survives 100% scorch; resprout location unknown"",""Overall value of fireresponse column is R""}",NA,All,NA,NA,NA,Keith 1991,surv1 logic
surv1,Astroloma pinifolium,2585,NSWFFRDv2.1,"{""Benwell 1998""}","{""VA Group 2"",""Killed by 100% scorch; seed storage in soil"",""Overall value of fireresponse column is S""}",NA,None,NA,NA,NA,Benwell 1998,surv1 logic
surv1,Babingtonia odontocalyx,9817,NSWFFRDv2.1,"{""Clarke Fulloon 1999""}","{""VA Group II"",""Killed by 100% scorch; seed storage in soil"",""Overall value of fireresponse column is S""}",NA,None,NA,NA,NA,Clarke Fulloon 1999,surv1 logic
surv1,Baeckea frutescens,9835,NSWFFRDv2.1,"{""Benwell 1998""}","{""VA Group 4"",""Survives 100% scorch; resprouts from root suckers or rhizomes"",""Overall value of fireresponse column is R""}",NA,All,NA,NA,NA,Benwell 1998,surv1 logic
surv1,Baeckea frutescens,9835,NSWFFRDv2.1,"{""Benwell 1998""}","{""VA Group IV"",""Survives 100% scorch; resprouts from root suckers or rhizomes"",""Overall value of fireresponse column is R""}",NA,All,NA,NA,NA,Benwell 1998,surv1 logic
surv1,Baeckea imbricata,3995,NSWFFRDv2.1,"{""Benwell 1998""}","{""VA Group 9"",""Survives 100% scorch; resprout location unknown"",""Overall value of fireresponse column is R""}","{""May be killed by high intensity fire (1)""}",All,NA,NA,NA,Benwell 1998,surv1 logic
surv1,Baeckea imbricata,3995,NSWFFRDv2.1,"{""Keith 1991""}","{""VA Group 9"",""Survives 100% scorch; resprout location unknown"",""Overall value of fireresponse column is R""}","{""May be killed by high intensity fire (1)""}",All,NA,NA,NA,Keith 1991,surv1 logic
surv1,Baeckea linifolia,3997,NSWFFRDv2.1,"{""Keith 1991""}","{""VA Group 9"",""Survives 100% scorch; resprout location unknown"",""Overall value of fireresponse column is R""}",NA,All,NA,NA,NA,Keith 1991,surv1 logic
surv1,Baloskion gracile,10607,NSWFFRDv2.1,"{""Keith 1991""}","{""VA Group 9"",""Survives 100% scorch; resprout location unknown"",""Overall value of fireresponse column is S/R""}",NA,All,NA,NA,NA,Keith 1991,surv1 logic
surv1,Baloskion pallens,10609,NSWFFRDv2.1,"{""Benwell 1998""}","{""VA Group 4"",""Survives 100% scorch; resprouts from root suckers or rhizomes"",""Overall value of fireresponse column is R""}",NA,All,NA,NA,NA,Benwell 1998,surv1 logic
surv1,Baloskion pallens,10609,NSWFFRDv2.1,"{""Benwell 1998""}","{""VA Group IV"",""Survives 100% scorch; resprouts from root suckers or rhizomes"",""Overall value of fireresponse column is R""}",NA,All,NA,NA,NA,Benwell 1998,surv1 logic
surv1,Banksia aemula,5339,NSWFFRDv2.1,"{""Benwell 1998""}","{""VA Group 9"",""Survives 100% scorch; resprout location unknown"",""Overall value of fireresponse column is R""}",NA,All,NA,NA,NA,Benwell 1998,surv1 logic
surv1,Banksia aemula,5339,NSWFFRDv2.1,"{""Benwell 1998""}","{""VA Group IX"",""Survives 100% scorch; resprout location unknown"",""Overall value of fireresponse column is R""}",NA,All,NA,NA,NA,Benwell 1998,surv1 logic
surv1,Banksia ericifolia subsp. ericifolia,11049,NSWFFRDv2.1,"{""Benson 1985""}","{""VA Group 8"",""Killed by 100% scorch; seed storage unknown"",""Overall value of fireresponse column is S""}","{""Resprouting population in Jervis Bay; Mortality generally >85%, 1 site mortality 60-85%, some resprouters at Jervis Bay (105)""}",None,NA,NA,NA,Benson 1985,surv1 logic
surv1,Banksia ericifolia subsp. ericifolia,11049,NSWFFRDv2.1,"{""Benwell 1998""}","{""VA Group 8"",""Killed by 100% scorch; seed storage unknown"",""Overall value of fireresponse column is S""}","{""Resprouting population in Jervis Bay; Mortality generally >85%, 1 site mortality 60-85%, some resprouters at Jervis Bay (105)""}",None,NA,NA,NA,Benwell 1998,surv1 logic
surv1,Banksia ericifolia subsp. ericifolia,11049,NSWFFRDv2.1,"{""Keith 1991""}","{""VA Group 8"",""Killed by 100% scorch; seed storage unknown"",""Overall value of fireresponse column is S""}","{""Resprouting population in Jervis Bay; Mortality generally >85%, 1 site mortality 60-85%, some resprouters at Jervis Bay (105)""}",None,NA,NA,NA,Keith 1991,surv1 logic
surv1,Banksia ericifolia subsp. macrantha,11050,NSWFFRDv2.1,"{""Benwell 1998""}","{""VA Group I"",""Killed by 100% scorch; seed storage on plant"",""Overall value of fireresponse column is S""}",NA,None,NA,NA,NA,Benwell 1998,surv1 logic
surv1,Banksia oblongifolia,5345,NSWFFRDv2.1,"{""Benson 1985""}","{""VA Group 9"",""Survives 100% scorch; resprout location unknown"",""Overall value of fireresponse column is R""}",NA,All,NA,NA,NA,Benson 1985,surv1 logic
surv1,Banksia oblongifolia,5345,NSWFFRDv2.1,"{""Benwell 1998""}","{""VA Group 9"",""Survives 100% scorch; resprout location unknown"",""Overall value of fireresponse column is R""}",NA,All,NA,NA,NA,Benwell 1998,surv1 logic
surv1,Banksia oblongifolia,5345,NSWFFRDv2.1,"{""Keith 1991""}","{""VA Group 9"",""Survives 100% scorch; resprout location unknown"",""Overall value of fireresponse column is R""}",NA,All,NA,NA,NA,Keith 1991,surv1 logic
surv1,Banksia paludosa,5346,NSWFFRDv2.1,"{""Keith 1991""}","{""VA Group 9"",""Survives 100% scorch; resprout location unknown"",""Overall value of fireresponse column is R""}","{""Mortality <10% (105)""}",All,NA,NA,NA,Keith 1991,surv1 logic
surv1,Banksia robur,5347,NSWFFRDv2.1,"{""Keith 1991""}","{""VA Group 9"",""Survives 100% scorch; resprout location unknown"",""Overall value of fireresponse column is R""}",NA,All,NA,NA,NA,Keith 1991,surv1 logic
surv1,Banksia serrata,5348,NSWFFRDv2.1,"{""Benson 1985""}","{""VA Group 9"",""Survives 100% scorch; resprout location unknown"",""Overall value of fireresponse column is R""}",NA,All,NA,NA,NA,Benson 1985,surv1 logic
surv1,Bauera microphylla,7219,NSWFFRDv2.1,"{""Keith 1991""}","{""VA Group 9"",""Survives 100% scorch; resprout location unknown"",""Overall value of fireresponse column is R""}",NA,All,NA,NA,NA,Keith 1991,surv1 logic
surv1,Bauera rubioides,2268,NSWFFRDv2.1,"{""Benwell 1998""}","{""VA Group 9"",""Survives 100% scorch; resprout location unknown"",""Overall value of fireresponse column is Rs""}","{""May be killed by high intensity fire (1), Variable (39); Post-fire abundance increase (61)""}",All,NA,NA,NA,Benwell 1998,surv1 logic
surv1,Baumea acuta,2294,NSWFFRDv2.1,"{""Keith 1991""}","{""VA Group 9"",""Survives 100% scorch; resprout location unknown"",""Overall value of fireresponse column is R""}",NA,All,NA,NA,NA,Keith 1991,surv1 logic
surv1,Baumea gunnii,2297,NSWFFRDv2.1,"{""Keith 1991""}","{""VA Group 9"",""Survives 100% scorch; resprout location unknown"",""Overall value of fireresponse column is R""}",NA,All,NA,NA,NA,Keith 1991,surv1 logic
surv1,Baumea muelleri,2300,NSWFFRDv2.1,"{""Benwell 1998""}","{""VA Group 9"",""Survives 100% scorch; resprout location unknown"",""Overall value of fireresponse column is R""}",NA,All,NA,NA,NA,Benwell 1998,surv1 logic
surv1,Baumea muelleri,2300,NSWFFRDv2.1,"{""Benwell 1998""}","{""VA Group IX"",""Survives 100% scorch; resprout location unknown"",""Overall value of fireresponse column is R""}",NA,All,NA,NA,NA,Benwell 1998,surv1 logic
surv1,Baumea rubiginosa,2302,NSWFFRDv2.1,"{""Keith 1991""}","{""VA Group 9"",""Survives 100% scorch; resprout location unknown"",""Overall value of fireresponse column is R""}",NA,All,NA,NA,NA,Keith 1991,surv1 logic
surv1,Baumea teretifolia,2303,NSWFFRDv2.1,"{""Keith 1991""}","{""VA Group 9"",""Survives 100% scorch; resprout location unknown"",""Overall value of fireresponse column is R""}",NA,All,NA,NA,NA,Keith 1991,surv1 logic
surv1,Blandfordia nobilis,3529,NSWFFRDv2.1,"{""Benwell 1998""}","{""VA Group 9"",""Survives 100% scorch; resprout location unknown"",""Overall value of fireresponse column is R""}",NA,All,NA,NA,NA,Benwell 1998,surv1 logic
surv1,Blandfordia nobilis,3529,NSWFFRDv2.1,"{""Keith 1991""}","{""VA Group 9"",""Survives 100% scorch; resprout location unknown"",""Overall value of fireresponse column is R""}",NA,All,NA,NA,NA,Keith 1991,surv1 logic
surv1,Blechnum nudum,8058,NSWFFRDv2.1,"{""Keith 1991""}","{""VA Group 9"",""Survives 100% scorch; resprout location unknown"",""Overall value of fireresponse column is R""}",NA,All,NA,NA,NA,Keith 1991,surv1 logic
surv1,Boronia falcifolia,5739,NSWFFRDv2.1,"{""Benwell 1998""}","{""VA Group 9"",""Survives 100% scorch; resprout location unknown"",""Overall value of fireresponse column is R""}",NA,All,NA,NA,NA,Benwell 1998,surv1 logic
surv1,Boronia falcifolia,5739,NSWFFRDv2.1,"{""Benwell 1998""}","{""VA Group IX"",""Survives 100% scorch; resprout location unknown"",""Overall value of fireresponse column is R""}",NA,All,NA,NA,NA,Benwell 1998,surv1 logic
surv1,Boronia granitica,5743,NSWFFRDv2.1,"{""Clarke Fulloon 1999""}","{""VA Group II"",""Killed by 100% scorch; seed storage in soil"",""Overall value of fireresponse column is S""}","{""no resprouts from 30 burnt individuals (69); lignotuber or other structure absent (R44)""}",None,NA,NA,NA,Clarke Fulloon 1999,surv1 logic
surv1,Boronia ledifolia,5744,NSWFFRDv2.1,"{""Benson 1985""}","{""VA Group 8"",""Killed by 100% scorch; seed storage unknown"",""Overall value of fireresponse column is Sr""}","{""Some delayed basal resprouting observed (M)""}",None,NA,NA,NA,Benson 1985,surv1 logic
surv1,Boronia parviflora,5749,NSWFFRDv2.1,"{""Keith 1991""}","{""VA Group 9"",""Survives 100% scorch; resprout location unknown"",""Overall value of fireresponse column is Rs""}",NA,All,NA,NA,NA,Keith 1991,surv1 logic
surv1,Boronia safrolifera,5758,NSWFFRDv2.1,"{""Benwell 1998""}","{""VA Group 9"",""Survives 100% scorch; resprout location unknown"",""Overall value of fireresponse column is R""}",NA,All,NA,NA,NA,Benwell 1998,surv1 logic
surv1,Boronia safrolifera,5758,NSWFFRDv2.1,"{""Benwell 1998""}","{""VA Group IX"",""Survives 100% scorch; resprout location unknown"",""Overall value of fireresponse column is R""}",NA,All,NA,NA,NA,Benwell 1998,surv1 logic
surv1,Boronia serrulata,5759,NSWFFRDv2.1,"{""Benson 1985""}","{""VA Group 8"",""Killed by 100% scorch; seed storage unknown"",""Overall value of fireresponse column is S""}",NA,None,NA,NA,NA,Benson 1985,surv1 logic
surv1,Boronia sp. aff. microphylla,n/a,NSWFFRDv2.1,"{""Clarke Fulloon 1999""}","{""VA Group IX"",""Survives 100% scorch; resprout location unknown"",""Overall value of fireresponse column is R""}",NA,All,NA,NA,NA,Clarke Fulloon 1999,surv1 logic
surv1,Bossiaea ensata,2778,NSWFFRDv2.1,"{""Benwell 1998""}","{""VA Group 9"",""Survives 100% scorch; resprout location unknown"",""Overall value of fireresponse column is Rs""}","{""Variable (39), Mostly killed, some resprouting (105)""}",All,NA,NA,NA,Benwell 1998,surv1 logic
surv1,Bossiaea heterophylla,2780,NSWFFRDv2.1,"{""Benson 1985""}","{""VA Group 8"",""Killed by 100% scorch; seed storage unknown"",""Overall value of fireresponse column is Rs""}","{""Variable fire response (6, 39), Mortality 82-89% (57); Post-fire abundance decrease (57)""}",None,NA,NA,NA,Benson 1985,surv1 logic
surv1,Bossiaea heterophylla,2780,NSWFFRDv2.1,"{""Benwell 1998""}","{""VA Group 9"",""Survives 100% scorch; resprout location unknown"",""Overall value of fireresponse column is Rs""}","{""Variable fire response (6, 39), Mortality 82-89% (57); Post-fire abundance decrease (57)""}",All,NA,NA,NA,Benwell 1998,surv1 logic
surv1,Brachyloma daphnoides subsp. daphnoides,10689,NSWFFRDv2.1,"{""Benwell 1998""}","{""VA Group 9"",""Survives 100% scorch; resprout location unknown"",""Overall value of fireresponse column is Rs""}","{""Variable (39); Post-fire abundance decrease (P)""}",All,NA,NA,NA,Benwell 1998,surv1 logic
surv1,Brachyloma daphnoides subsp. daphnoides,10689,NSWFFRDv2.1,"{""Clarke Fulloon 1999""}","{""VA Group IX"",""Survives 100% scorch; resprout location unknown"",""Overall value of fireresponse column is Rs""}","{""Variable (39); Post-fire abundance decrease (P)""}",All,NA,NA,NA,Clarke Fulloon 1999,surv1 logic
surv1,Brachyloma saxicola,9295,NSWFFRDv2.1,"{""Clarke Fulloon 1999""}","{Fireresponse,Sr,""Overall value of fireresponse column is Sr""}",NA,Few,NA,NA,NA,Clarke Fulloon 1999,surv1 logic
surv1,Brunoniella pumilio,1004,NSWFFRDv2.1,"{""Keith 1991""}","{""VA Group 9"",""Survives 100% scorch; resprout location unknown"",""Overall value of fireresponse column is R""}","{""Mortality 27-38% (57)""}",All,NA,NA,NA,Keith 1991,surv1 logic
surv1,Burchardia umbellata,3533,NSWFFRDv2.1,"{""Keith 1991""}","{""VA Group 9"",""Survives 100% scorch; resprout location unknown"",""Overall value of fireresponse column is R""}","{""Juveniles die (67)""}",All,NA,NA,NA,Keith 1991,surv1 logic
surv1,Burchardia umbellata,3533,NSWFFRDv2.1,"{""Benwell 1998""}","{""VA Group 9"",""Survives 100% scorch; resprout location unknown"",""Overall value of fireresponse column is R""}","{""Juveniles die (67)""}",All,NA,NA,NA,Benwell 1998,surv1 logic
surv1,Caesia parviflora,3535,NSWFFRDv2.1,"{""Keith 1991""}","{""VA Group 9"",""Survives 100% scorch; resprout location unknown"",""Overall value of fireresponse column is R""}",NA,All,NA,NA,NA,Keith 1991,surv1 logic
surv1,Caesia parviflora,3535,NSWFFRDv2.1,"{""Benwell 1998""}","{""VA Group 9"",""Survives 100% scorch; resprout location unknown"",""Overall value of fireresponse column is R""}",NA,All,NA,NA,NA,Benwell 1998,surv1 logic
surv1,Caladenia carnea,4373,NSWFFRDv2.1,"{""Benwell 1998""}","{""VA Group 9"",""Survives 100% scorch; resprout location unknown"",""Overall value of fireresponse column is R""}","{""Post-fire abundance decrease (P)""}",All,NA,NA,NA,Benwell 1998,surv1 logic
surv1,Caleana major,4389,NSWFFRDv2.1,"{""Benwell 1998""}","{""VA Group 4"",""Survives 100% scorch; resprouts from root suckers or rhizomes"",""Overall value of fireresponse column is R""}",NA,All,NA,NA,NA,Benwell 1998,surv1 logic
surv1,Caleana major,4389,NSWFFRDv2.1,"{""Benwell 1998""}","{""VA Group 9"",""Survives 100% scorch; resprout location unknown"",""Overall value of fireresponse column is R""}",NA,All,NA,NA,NA,Benwell 1998,surv1 logic
surv1,Callistemon citrinus,4004,NSWFFRDv2.1,"{""Keith 1991""}","{""VA Group 9"",""Survives 100% scorch; resprout location unknown"",""Overall value of fireresponse column is R""}",NA,All,NA,NA,NA,Keith 1991,surv1 logic
surv1,Callistemon pachyphyllus,4010,NSWFFRDv2.1,"{""Benwell 1998""}","{""VA Group 11"",""Survives 100% scorch: obligate resprouters"",""Overall value of fireresponse column is R""}",NA,All,NA,NA,NA,Benwell 1998,surv1 logic
surv1,Callistemon pungens,9126,NSWFFRDv2.1,"{""Clarke Fulloon 1999""}","{""VA Group IX"",""Survives 100% scorch; resprout location unknown"",""Overall value of fireresponse column is R""}",NA,All,NA,NA,NA,Clarke Fulloon 1999,surv1 logic
surv1,Callistemon sp. aff. flavovirens,14189,NSWFFRDv2.1,"{""Clarke Fulloon 1999""}","{""VA Group V"",""Survives 100% scorch; resprouts from basal stem buds (eg lignotuber)"",""Overall value of fireresponse column is R""}",NA,All,NA,NA,NA,Clarke Fulloon 1999,surv1 logic
surv1,Calochlaena dubia,8341,NSWFFRDv2.1,"{""Keith 1991""}","{""VA Group 9"",""Survives 100% scorch; resprout location unknown"",""Overall value of fireresponse column is R""}",NA,All,NA,NA,NA,Keith 1991,surv1 logic
surv1,Calytrix tetragona,4021,NSWFFRDv2.1,"{""Benwell 1998""}","{""VA Group 9"",""Survives 100% scorch; resprout location unknown"",""Overall value of fireresponse column is S/R""}",NA,All,NA,NA,NA,Benwell 1998,surv1 logic
surv1,Calytrix tetragona,4021,NSWFFRDv2.1,"{""Benwell 1998""}","{""VA Group IX"",""Survives 100% scorch; resprout location unknown"",""Overall value of fireresponse column is S/R""}",NA,All,NA,NA,NA,Benwell 1998,surv1 logic
surv1,Calytrix tetragona,4021,NSWFFRDv2.1,"{""Clarke Fulloon 1999""}","{""VA Group II"",""Killed by 100% scorch; seed storage in soil"",""Overall value of fireresponse column is S/R""}",NA,None,NA,NA,NA,Clarke Fulloon 1999,surv1 logic
surv1,Caustis recurvata var. recurvata,9315,NSWFFRDv2.1,"{""Benwell 1998""}","{""VA Group 2"",""Killed by 100% scorch; seed storage in soil"",""Overall value of fireresponse column is Sr""}","{""Variable (39), killed by fire (126)""}",None,NA,NA,NA,Benwell 1998,surv1 logic
surv1,Chordifex fastigiatus,13528,NSWFFRDv2.1,"{""Keith 1991""}","{""VA Group 9"",""Survives 100% scorch; resprout location unknown"",""Overall value of fireresponse column is R""}",NA,All,NA,NA,NA,Keith 1991,surv1 logic
surv1,Chorizandra cymbaria,2344,NSWFFRDv2.1,"{""Keith 1991""}","{""VA Group 9"",""Survives 100% scorch; resprout location unknown"",""Overall value of fireresponse column is R""}",NA,All,NA,NA,NA,Keith 1991,surv1 logic
surv1,Chorizandra sphaerocephala,2345,NSWFFRDv2.1,"{""Keith 1991""}","{""VA Group 9"",""Survives 100% scorch; resprout location unknown"",""Overall value of fireresponse column is R""}",NA,All,NA,NA,NA,Keith 1991,surv1 logic
surv1,Chorizema parviflorum,2797,NSWFFRDv2.1,"{""Benwell 1998""}","{""VA Group 9"",""Survives 100% scorch; resprout location unknown"",""Overall value of fireresponse column is Rs""}","{""Variable fire response (R in heath, S in forest) (BW)""}",All,NA,NA,NA,Benwell 1998,surv1 logic
surv1,Chorizema parviflorum,2797,NSWFFRDv2.1,"{""Benwell 1998""}","{""VA Group IX"",""Survives 100% scorch; resprout location unknown"",""Overall value of fireresponse column is Rs""}","{""Variable fire response (R in heath, S in forest) (BW)""}",All,NA,NA,NA,Benwell 1998,surv1 logic
surv1,Coleocarya gracilis,5531,NSWFFRDv2.1,"{""Benwell 1998""}","{""VA Group 2"",""Killed by 100% scorch; seed storage in soil"",""Overall value of fireresponse column is Rs""}","{""Variable fire response (BW)""}",None,NA,NA,NA,Benwell 1998,surv1 logic
surv1,Coleocarya gracilis,5531,NSWFFRDv2.1,"{""Benwell 1998""}","{""VA Group 4"",""Survives 100% scorch; resprouts from root suckers or rhizomes"",""Overall value of fireresponse column is Rs""}","{""Variable fire response (BW)""}",All,NA,NA,NA,Benwell 1998,surv1 logic
surv1,Comesperma defoliatum,5252,NSWFFRDv2.1,"{""Keith 1991""}","{""VA Group 9"",""Survives 100% scorch; resprout location unknown"",""Overall value of fireresponse column is R""}",NA,All,NA,NA,NA,Keith 1991,surv1 logic
surv1,Comesperma defoliatum,5252,NSWFFRDv2.1,"{""Benwell 1998""}","{""VA Group 9"",""Survives 100% scorch; resprout location unknown"",""Overall value of fireresponse column is R""}",NA,All,NA,NA,NA,Benwell 1998,surv1 logic
surv1,Comesperma defoliatum,5252,NSWFFRDv2.1,"{""Benwell 1998""}","{""VA Group IX"",""Survives 100% scorch; resprout location unknown"",""Overall value of fireresponse column is R""}",NA,All,NA,NA,NA,Benwell 1998,surv1 logic
surv1,Comesperma retusum,5255,NSWFFRDv2.1,"{""Keith 1991""}","{""VA Group 9"",""Survives 100% scorch; resprout location unknown"",""Overall value of fireresponse column is S/R""}","{""Seeder in subalpine treeless plain (120)""}",All,NA,NA,NA,Keith 1991,surv1 logic
surv1,Comesperma retusum,5255,NSWFFRDv2.1,"{""Benwell 1998""}","{""VA Group IX"",""Survives 100% scorch; resprout location unknown"",""Overall value of fireresponse column is S/R""}","{""Seeder in subalpine treeless plain (120)""}",All,NA,NA,NA,Benwell 1998,surv1 logic
surv1,Conospermum taxifolium,5352,NSWFFRDv2.1,"{""Benson 1985""}","{""VA Group 8"",""Killed by 100% scorch; seed storage unknown"",""Overall value of fireresponse column is S/R""}",NA,None,NA,NA,NA,Benson 1985,surv1 logic
surv1,Conospermum taxifolium,5352,NSWFFRDv2.1,"{""Benwell 1998""}","{""VA Group 9"",""Survives 100% scorch; resprout location unknown"",""Overall value of fireresponse column is S/R""}",NA,All,NA,NA,NA,Benwell 1998,surv1 logic
surv1,Conospermum taxifolium,5352,NSWFFRDv2.1,"{""Keith 1991""}","{""VA Group 9"",""Survives 100% scorch; resprout location unknown"",""Overall value of fireresponse column is S/R""}",NA,All,NA,NA,NA,Keith 1991,surv1 logic
surv1,Conospermum taxifolium,5352,NSWFFRDv2.1,"{""Benwell 1998""}","{""VA Group IX"",""Survives 100% scorch; resprout location unknown"",""Overall value of fireresponse column is S/R""}",NA,All,NA,NA,NA,Benwell 1998,surv1 logic
surv1,Coprosma hirtella,5670,NSWFFRDv2.1,"{""Clarke Fulloon 1999""}","{""VA Group II"",""Killed by 100% scorch; seed storage in soil"",""Overall value of fireresponse column is R""}",NA,None,NA,NA,NA,Clarke Fulloon 1999,surv1 logic
surv1,Correa reflexa,5772,NSWFFRDv2.1,"{""Clarke Fulloon 1999""}","{""VA Group II"",""Killed by 100% scorch; seed storage in soil"",""Overall value of fireresponse column is Rs""}","{""Variable (39), Vegetative response at 69% of sites (78)""}",None,NA,NA,NA,Clarke Fulloon 1999,surv1 logic
surv1,Corybas fordhamii,4408,NSWFFRDv2.1,"{""Benwell 1998""}","{""VA Group 9"",""Survives 100% scorch; resprout location unknown"",""Overall value of fireresponse column is R""}",NA,All,NA,NA,NA,Benwell 1998,surv1 logic
surv1,Corybas fordhamii,4408,NSWFFRDv2.1,"{""Keith 1991""}","{""VA Group 9"",""Survives 100% scorch; resprout location unknown"",""Overall value of fireresponse column is R""}",NA,All,NA,NA,NA,Keith 1991,surv1 logic
surv1,Corymbia gummifera,9687,NSWFFRDv2.1,"{""Keith 1991""}","{""VA Group 9"",""Survives 100% scorch; resprout location unknown"",""Overall value of fireresponse column is R""}",NA,All,NA,NA,NA,Keith 1991,surv1 logic
surv1,Crassocephalum crepidioides,1421,NSWFFRDv2.1,"{""Benwell 1998""}","{""VA Group 8"",""Killed by 100% scorch; seed storage unknown"",""Overall value of fireresponse column is S""}",NA,None,NA,NA,NA,Benwell 1998,surv1 logic
surv1,Cryptandra lanosiflora,5557,NSWFFRDv2.1,"{""Clarke Fulloon 1999""}","{""VA Group VIII"",""Killed by 100% scorch; seed storage unknown"",""Overall value of fireresponse column is S""}",NA,None,NA,NA,NA,Clarke Fulloon 1999,surv1 logic
surv1,Cryptostylis subulata,4417,NSWFFRDv2.1,"{""Keith 1991""}","{""VA Group 9"",""Survives 100% scorch; resprout location unknown"",""Overall value of fireresponse column is R""}",NA,All,NA,NA,NA,Keith 1991,surv1 logic
surv1,Cyathochaeta diandra,2347,NSWFFRDv2.1,"{""Keith 1991""}","{""VA Group 9"",""Survives 100% scorch; resprout location unknown"",""Overall value of fireresponse column is R""}","{""Mortality 0-32% (57)""}",All,NA,NA,NA,Keith 1991,surv1 logic
surv1,Dampiera stricta,3174,NSWFFRDv2.1,"{""Benwell 1998""}","{""VA Group 11"",""Survives 100% scorch: obligate resprouters"",""Overall value of fireresponse column is R""}",NA,All,NA,NA,NA,Benwell 1998,surv1 logic
surv1,Dampiera stricta,3174,NSWFFRDv2.1,"{""Keith 1991""}","{""VA Group 9"",""Survives 100% scorch; resprout location unknown"",""Overall value of fireresponse column is R""}",NA,All,NA,NA,NA,Keith 1991,surv1 logic
surv1,Darwinia grandiflora,4029,NSWFFRDv2.1,"{""Keith 1991""}","{""VA Group 9"",""Survives 100% scorch; resprout location unknown"",""Overall value of fireresponse column is R""}",NA,All,NA,NA,NA,Keith 1991,surv1 logic
surv1,Daviesia ulicifolia,2827,NSWFFRDv2.1,"{""Clarke Fulloon 1999""}","{""VA Group II"",""Killed by 100% scorch; seed storage in soil"",""Overall value of fireresponse column is Rs""}","{""May be killed (1), Variable (39), Mortality 12% when burnt, 51% when burnt and grazed (99); ""}",None,NA,NA,NA,Clarke Fulloon 1999,surv1 logic
surv1,Deyeuxia decipiens,4881,NSWFFRDv2.1,"{""Keith 1991""}","{""VA Group 9"",""Survives 100% scorch; resprout location unknown"",""Overall value of fireresponse column is Sr""}",NA,All,NA,NA,NA,Keith 1991,surv1 logic
surv1,Deyeuxia quadriseta,4891,NSWFFRDv2.1,"{""Keith 1991""}","{""VA Group 9"",""Survives 100% scorch; resprout location unknown"",""Overall value of fireresponse column is R""}","{""Juveniles die (67)""}",All,NA,NA,NA,Keith 1991,surv1 logic
surv1,Dillwynia floribunda,2843,NSWFFRDv2.1,"{""Benwell 1998""}","{""VA Group 2"",""Killed by 100% scorch; seed storage in soil"",""Overall value of fireresponse column is S""}",NA,None,NA,NA,NA,Benwell 1998,surv1 logic
surv1,Dillwynia phylicoides,7225,NSWFFRDv2.1,"{""Clarke Fulloon 1999""}","{""VA Group II"",""Killed by 100% scorch; seed storage in soil"",""Overall value of fireresponse column is Sr""}",NA,None,NA,NA,NA,Clarke Fulloon 1999,surv1 logic
surv1,Dillwynia retorta species complex,12383,NSWFFRDv2.1,"{""Benson 1985""}","{""VA Group 8"",""Killed by 100% scorch; seed storage unknown"",""Overall value of fireresponse column is S""}","{""Variable (39), Mortality 95-100% (57), Mortality 100% when burnt or burnt and grazed; 100% after low or high, autumn or spring burn (99), Mortality >85% (105); Post-fire abundance decrease (57)""}",None,NA,NA,NA,Benson 1985,surv1 logic
surv1,Dillwynia retorta species complex,12383,NSWFFRDv2.1,"{""Benwell 1998""}","{""VA Group 2"",""Killed by 100% scorch; seed storage in soil"",""Overall value of fireresponse column is S""}","{""Variable (39), Mortality 95-100% (57), Mortality 100% when burnt or burnt and grazed; 100% after low or high, autumn or spring burn (99), Mortality >85% (105); Post-fire abundance decrease (57)""}",None,NA,NA,NA,Benwell 1998,surv1 logic
surv1,Dodonaea hirsuta,5897,NSWFFRDv2.1,"{""Clarke Fulloon 1999""}","{""VA Group II"",""Killed by 100% scorch; seed storage in soil"",""Overall value of fireresponse column is S""}",NA,None,NA,NA,NA,Clarke Fulloon 1999,surv1 logic
surv1,Drosera binata,2557,NSWFFRDv2.1,"{""Keith 1991""}","{""VA Group 9"",""Survives 100% scorch; resprout location unknown"",""Overall value of fireresponse column is R""}",NA,All,NA,NA,NA,Keith 1991,surv1 logic
surv1,Drosera peltata,2559,NSWFFRDv2.1,"{""Keith 1991""}","{""VA Group 9"",""Survives 100% scorch; resprout location unknown"",""Overall value of fireresponse column is Rs""}","{""Variable (39)""}",All,NA,NA,NA,Keith 1991,surv1 logic
surv1,Drosera pygmaea,2560,NSWFFRDv2.1,"{""Keith 1991""}","{""VA Group 9"",""Survives 100% scorch; resprout location unknown"",""Overall value of fireresponse column is Rs""}","{""Variable (39)""}",All,NA,NA,NA,Keith 1991,surv1 logic
surv1,Drosera spatulata,2561,NSWFFRDv2.1,"{""Benwell 1998""}","{""VA Group 2"",""Killed by 100% scorch; seed storage in soil"",""Overall value of fireresponse column is Rs""}","{""Variable (39)""}",None,NA,NA,NA,Benwell 1998,surv1 logic
surv1,Drosera spatulata,2561,NSWFFRDv2.1,"{""Keith 1991""}","{""VA Group 9"",""Survives 100% scorch; resprout location unknown"",""Overall value of fireresponse column is Rs""}","{""Variable (39)""}",All,NA,NA,NA,Keith 1991,surv1 logic
surv1,Elaeocarpus sedentarius,14538,NSWFFRDv2.1,"{""Benwell 1998""}","{Fireresponse,S,""Overall value of fireresponse column is S""}","{""Expected that large individuals could survive fire (bark becomes thick), smaller plants susceptible (R6)""}",None,NA,NA,NA,Benwell 1998,surv1 logic
surv1,Eleocharis sphacelata,6988,NSWFFRDv2.1,"{""Keith 1991""}","{""VA Group 9"",""Survives 100% scorch; resprout location unknown"",""Overall value of fireresponse column is R""}",NA,All,NA,NA,NA,Keith 1991,surv1 logic
surv1,Empodisma minus,5532,NSWFFRDv2.1,"{""Keith 1991""}","{""VA Group 9"",""Survives 100% scorch; resprout location unknown"",""Overall value of fireresponse column is S/R""}","{""Resprouter and seeder in subalpine treeless plain (120); V in subalpine montane swamp (136)""}",All,NA,NA,NA,Keith 1991,surv1 logic
surv1,Entolasia stricta,4947,NSWFFRDv2.1,"{""Benwell 1998""}","{""VA Group 4"",""Survives 100% scorch; resprouts from root suckers or rhizomes"",""Overall value of fireresponse column is R""}","{""Mortality 40-58% (57)""}",All,NA,NA,NA,Benwell 1998,surv1 logic
surv1,Entolasia stricta,4947,NSWFFRDv2.1,"{""Keith 1991""}","{""VA Group 9"",""Survives 100% scorch; resprout location unknown"",""Overall value of fireresponse column is R""}","{""Mortality 40-58% (57)""}",All,NA,NA,NA,Keith 1991,surv1 logic
surv1,Epacris obtusifolia,2602,NSWFFRDv2.1,"{""Benwell 1998""}","{""VA Group 2"",""Killed by 100% scorch; seed storage in soil"",""Overall value of fireresponse column is Sr""}",NA,None,NA,NA,NA,Benwell 1998,surv1 logic
surv1,Epacris paludosa,2603,NSWFFRDv2.1,"{""Keith 1991""}","{""VA Group 9"",""Survives 100% scorch; resprout location unknown"",""Overall value of fireresponse column is Rs""}",NA,All,NA,NA,NA,Keith 1991,surv1 logic
surv1,Epacris pulchella,2605,NSWFFRDv2.1,"{""Benson 1985""}","{""VA Group 8"",""Killed by 100% scorch; seed storage unknown"",""Overall value of fireresponse column is S""}",NA,None,NA,NA,NA,Benson 1985,surv1 logic
surv1,Epacris pulchella,2605,NSWFFRDv2.1,"{""Benwell 1998""}","{""VA Group 2"",""Killed by 100% scorch; seed storage in soil"",""Overall value of fireresponse column is S""}",NA,None,NA,NA,NA,Benwell 1998,surv1 logic
surv1,Eriachne glabrata,4979,NSWFFRDv2.1,"{""Keith 1991""}","{""VA Group 9"",""Survives 100% scorch; resprout location unknown"",""Overall value of fireresponse column is R""}",NA,All,NA,NA,NA,Keith 1991,surv1 logic
surv1,Eriostemon australasius,5776,NSWFFRDv2.1,"{""Benwell 1998""}","{""VA Group 9"",""Survives 100% scorch; resprout location unknown"",""Overall value of fireresponse column is Sr""}","{""Variable (39), Mortality 60% (57)""}",All,NA,NA,NA,Benwell 1998,surv1 logic
surv1,Eriostemon australasius,5776,NSWFFRDv2.1,"{""Benson 1985""}","{""VA Group 8"",""Killed by 100% scorch; seed storage unknown"",""Overall value of fireresponse column is Sr""}","{""Variable (39), Mortality 60% (57)""}",None,NA,NA,NA,Benson 1985,surv1 logic
surv1,Eucalyptus caleyi subsp. ovendenii,9517,NSWFFRDv2.1,"{""Clarke Fulloon 1999""}","{Fireresponse,R,""Overall value of fireresponse column is R""}",NA,All,NA,NA,NA,Clarke Fulloon 1999,surv1 logic
surv1,Eucalyptus haemastoma,4104,NSWFFRDv2.1,"{""Keith 1991""}","{""VA Group 9"",""Survives 100% scorch; resprout location unknown"",""Overall value of fireresponse column is R""}",NA,All,NA,NA,NA,Keith 1991,surv1 logic
surv1,Eucalyptus mckieana,4123,NSWFFRDv2.1,"{""Clarke Fulloon 1999""}","{Fireresponse,R,""Overall value of fireresponse column is R""}",NA,All,NA,NA,NA,Clarke Fulloon 1999,surv1 logic
surv1,Eucalyptus youmanii,4199,NSWFFRDv2.1,"{""Clarke Fulloon 1999""}","{Fireresponse,R,""Overall value of fireresponse column is R""}",NA,All,NA,NA,NA,Clarke Fulloon 1999,surv1 logic
surv1,Eurychorda complanata,10615,NSWFFRDv2.1,"{""Keith 1991""}","{""VA Group 9"",""Survives 100% scorch; resprout location unknown"",""Overall value of fireresponse column is Rs""}",NA,All,NA,NA,NA,Keith 1991,surv1 logic
surv1,Fimbristylis dichotoma,7435,NSWFFRDv2.1,"{""Benwell 1998""}","{""VA Group 9"",""Survives 100% scorch; resprout location unknown"",""Overall value of fireresponse column is R""}",NA,All,NA,NA,NA,Benwell 1998,surv1 logic
surv1,Gahnia sieberiana,2442,NSWFFRDv2.1,"{""Benwell 1998""}","{""VA Group 9"",""Survives 100% scorch; resprout location unknown"",""Overall value of fireresponse column is R""}","{""New leaves from base within 1 month""}",All,NA,NA,NA,Benwell 1998,surv1 logic
surv1,Gahnia sieberiana,2442,NSWFFRDv2.1,"{""Keith 1991""}","{""VA Group 9"",""Survives 100% scorch; resprout location unknown"",""Overall value of fireresponse column is R""}","{""New leaves from base within 1 month""}",All,NA,NA,NA,Keith 1991,surv1 logic
surv1,Gleichenia dicarpa,7138,NSWFFRDv2.1,"{""Keith 1991""}","{""VA Group 9"",""Survives 100% scorch; resprout location unknown"",""Overall value of fireresponse column is R""}",NA,All,NA,NA,NA,Keith 1991,surv1 logic
surv1,Gleichenia microphylla,6708,NSWFFRDv2.1,"{""Keith 1991""}","{""VA Group 9"",""Survives 100% scorch; resprout location unknown"",""Overall value of fireresponse column is R""}",NA,All,NA,NA,NA,Keith 1991,surv1 logic
surv1,Glossodia minor,4466,NSWFFRDv2.1,"{""Keith 1991""}","{""VA Group 9"",""Survives 100% scorch; resprout location unknown"",""Overall value of fireresponse column is R""}",NA,All,NA,NA,NA,Keith 1991,surv1 logic
surv1,Gompholobium grandiflorum,2865,NSWFFRDv2.1,"{""Benson 1985""}","{""VA Group 8"",""Killed by 100% scorch; seed storage unknown"",""Overall value of fireresponse column is Rs""}","{""Mortality 50-71% (57); Post-fire abundance decrease (57)""}",None,NA,NA,NA,Benson 1985,surv1 logic
surv1,Gompholobium pinnatum,2868,NSWFFRDv2.1,"{""Benwell 1998""}","{""VA Group 9"",""Survives 100% scorch; resprout location unknown"",""Overall value of fireresponse column is Rs""}",NA,All,NA,NA,NA,Benwell 1998,surv1 logic
surv1,Gompholobium pinnatum,2868,NSWFFRDv2.1,"{""Benwell 1998""}","{""VA Group IX"",""Survives 100% scorch; resprout location unknown"",""Overall value of fireresponse column is Rs""}",NA,All,NA,NA,NA,Benwell 1998,surv1 logic
surv1,Gompholobium virgatum,2870,NSWFFRDv2.1,"{""Benwell 1998""}","{""VA Group 2"",""Killed by 100% scorch; seed storage in soil"",""Overall value of fireresponse column is Sr""}",NA,None,NA,NA,NA,Benwell 1998,surv1 logic
surv1,Gonocarpus micranthus,3243,NSWFFRDv2.1,"{""Benwell 1998""}","{""VA Group 2"",""Killed by 100% scorch; seed storage in soil"",""Overall value of fireresponse column is Sr""}",NA,None,NA,NA,NA,Benwell 1998,surv1 logic
surv1,Gonocarpus tetragynus,3247,NSWFFRDv2.1,"{""Keith 1991""}","{""VA Group 9"",""Survives 100% scorch; resprout location unknown"",""Overall value of fireresponse column is Rs""}","{""Variable (39), Vegetative response at 50% of sites (78)""}",All,NA,NA,NA,Keith 1991,surv1 logic
surv1,Gonocarpus tetragynus,3247,NSWFFRDv2.1,"{""Clarke Fulloon 1999""}","{""VA Group II"",""Killed by 100% scorch; seed storage in soil"",""Overall value of fireresponse column is Rs""}","{""Variable (39), Vegetative response at 50% of sites (78)""}",None,NA,NA,NA,Clarke Fulloon 1999,surv1 logic
surv1,Gonocarpus teucrioides,3248,NSWFFRDv2.1,"{""Benson 1985""}","{""VA Group 8"",""Killed by 100% scorch; seed storage unknown"",""Overall value of fireresponse column is Sr""}","{""Sheltered plants may resprout from base after low intensity fire (1), Variable (39)""}",None,NA,NA,NA,Benson 1985,surv1 logic
surv1,Goodenia bellidifolia subsp. bellidifolia,8711,NSWFFRDv2.1,"{""Keith 1991""}","{""VA Group 9"",""Survives 100% scorch; resprout location unknown"",""Overall value of fireresponse column is Rs""}","{""Survival may depend on fire intensity (1), Variable (39), Mortality 41-64% (57); Post-fire abundance increase (57)""}",All,NA,NA,NA,Keith 1991,surv1 logic
surv1,Goodenia bellidifolia subsp. bellidifolia,8711,NSWFFRDv2.1,"{""Benson 1985""}","{""VA Group 8"",""Killed by 100% scorch; seed storage unknown"",""Overall value of fireresponse column is Rs""}","{""Survival may depend on fire intensity (1), Variable (39), Mortality 41-64% (57); Post-fire abundance increase (57)""}",None,NA,NA,NA,Benson 1985,surv1 logic
surv1,Goodenia stelligera,3197,NSWFFRDv2.1,"{""Benwell 1998""}","{""VA Group 2"",""Killed by 100% scorch; seed storage in soil"",""Overall value of fireresponse column is Rs""}","{""Variable (39)""}",None,NA,NA,NA,Benwell 1998,surv1 logic
surv1,Grevillea beadleana,8293,NSWFFRDv2.1,"{""Clarke Fulloon 1999""}","{""VA Group II"",""Killed by 100% scorch; seed storage in soil"",""Overall value of fireresponse column is Sr""}","{""Lacks lignotuber, occasional suckering observed in individuals where lower base protected during fire (53), Some large individuals may resprout (69), Very often killed, coppicing does occur but mainly from young plants, Mortality after fire 50% and 42% (R""}",None,NA,NA,NA,Clarke Fulloon 1999,surv1 logic
surv1,Grevillea buxifolia,5364,NSWFFRDv2.1,"{""Benson 1985""}","{""VA Group 8"",""Killed by 100% scorch; seed storage unknown"",""Overall value of fireresponse column is Sr""}",NA,None,NA,NA,NA,Benson 1985,surv1 logic
surv1,Grevillea linearifolia,5381,NSWFFRDv2.1,"{""Clarke Fulloon 1999""}","{""VA Group II"",""Killed by 100% scorch; seed storage in soil"",""Overall value of fireresponse column is Sr""}",NA,None,NA,NA,NA,Clarke Fulloon 1999,surv1 logic
surv1,Grevillea oleoides,5388,NSWFFRDv2.1,"{""Keith 1991""}","{""VA Group 9"",""Survives 100% scorch; resprout location unknown"",""Overall value of fireresponse column is R""}",NA,All,NA,NA,NA,Keith 1991,surv1 logic
surv1,Grevillea sericea,5399,NSWFFRDv2.1,"{""Benson 1985""}","{""VA Group 8"",""Killed by 100% scorch; seed storage unknown"",""Overall value of fireresponse column is Sr""}","{""Sometimes suckering (1, 25)""}",None,NA,NA,NA,Benson 1985,surv1 logic
surv1,Grevillea speciosa,5401,NSWFFRDv2.1,"{""Benson 1985""}","{""VA Group 8"",""Killed by 100% scorch; seed storage unknown"",""Overall value of fireresponse column is Sr""}",NA,None,NA,NA,NA,Benson 1985,surv1 logic
surv1,Gymnoschoenus sphaerocephalus,2445,NSWFFRDv2.1,"{""Keith 1991""}","{""VA Group 9"",""Survives 100% scorch; resprout location unknown"",""Overall value of fireresponse column is R""}",NA,All,NA,NA,NA,Keith 1991,surv1 logic
surv1,Haemodorum corymbosum,6435,NSWFFRDv2.1,"{""Keith 1991""}","{""VA Group 9"",""Survives 100% scorch; resprout location unknown"",""Overall value of fireresponse column is R""}",NA,All,NA,NA,NA,Keith 1991,surv1 logic
surv1,Haemodorum corymbosum,6435,NSWFFRDv2.1,"{""Benwell 1998""}","{""VA Group 9"",""Survives 100% scorch; resprout location unknown"",""Overall value of fireresponse column is R""}",NA,All,NA,NA,NA,Benwell 1998,surv1 logic
surv1,Hakea laevipes subsp. laevipes,10804,NSWFFRDv2.1,"{""Keith 1991""}","{""VA Group 9"",""Survives 100% scorch; resprout location unknown"",""Overall value of fireresponse column is R""}","{""resprouting form of H. dactyloides""}",All,NA,NA,NA,Keith 1991,surv1 logic
surv1,Hakea laevipes subsp. laevipes,10804,NSWFFRDv2.1,"{""Clarke Fulloon 1999""}","{""VA Group IX"",""Survives 100% scorch; resprout location unknown"",""Overall value of fireresponse column is R""}","{""resprouting form of H. dactyloides""}",All,NA,NA,NA,Clarke Fulloon 1999,surv1 logic
surv1,Hakea macrorrhyncha,9602,NSWFFRDv2.1,"{""Clarke Fulloon 1999""}","{""VA Group I"",""Killed by 100% scorch; seed storage on plant"",""Overall value of fireresponse column is S""}",NA,None,NA,NA,NA,Clarke Fulloon 1999,surv1 logic
surv1,Hakea teretifolia,5427,NSWFFRDv2.1,"{""Benson 1985""}","{""VA Group 8"",""Killed by 100% scorch; seed storage unknown"",""Overall value of fireresponse column is Sr""}","{""Variable (39), Some populations in Sydney region produce lignotubers, not know if this relates to a particular subspecies (24); Mortality >85% (105)""}",None,NA,NA,NA,Benson 1985,surv1 logic
surv1,Harmogia densifolia,13289,NSWFFRDv2.1,"{""Clarke Fulloon 1999""}","{""VA Group IX"",""Survives 100% scorch; resprout location unknown"",""Overall value of fireresponse column is S/R""}",NA,All,NA,NA,NA,Clarke Fulloon 1999,surv1 logic
surv1,Hemarthria uncinata var. uncinata,7871,NSWFFRDv2.1,"{""Keith 1991""}","{""VA Group 9"",""Survives 100% scorch; resprout location unknown"",""Overall value of fireresponse column is R""}",NA,All,NA,NA,NA,Keith 1991,surv1 logic
surv1,Hibbertia acicularis,2526,NSWFFRDv2.1,"{""Benwell 1998""}","{""VA Group 9"",""Survives 100% scorch; resprout location unknown"",""Overall value of fireresponse column is Rs""}","{""Variable (39), vegetative response at 25% of sites (78)""}",All,NA,NA,NA,Benwell 1998,surv1 logic
surv1,Hibbertia cistiflora subsp. cistiflora,10556,NSWFFRDv2.1,"{""Benson 1985""}","{""VA Group 8"",""Killed by 100% scorch; seed storage unknown"",""Overall value of fireresponse column is Sr""}",NA,None,NA,NA,NA,Benson 1985,surv1 logic
surv1,Hibbertia fasciculata,2536,NSWFFRDv2.1,"{""Benwell 1998""}","{""VA Group 2"",""Killed by 100% scorch; seed storage in soil"",""Overall value of fireresponse column is Sr""}","{""Variable (39), 9VE (recorded by VE from 3 individuals in low intensity burn)""}",None,NA,NA,NA,Benwell 1998,surv1 logic
surv1,Hibbertia linearis,2539,NSWFFRDv2.1,"{""Benwell 1998""}","{""VA Group 2"",""Killed by 100% scorch; seed storage in soil"",""Overall value of fireresponse column is Sr""}","{""Variable (39)""}",None,NA,NA,NA,Benwell 1998,surv1 logic
surv1,Hibbertia monogyna,2540,NSWFFRDv2.1,"{""Benson 1985""}","{""VA Group 8"",""Killed by 100% scorch; seed storage unknown"",""Overall value of fireresponse column is S""}",NA,None,NA,NA,NA,Benson 1985,surv1 logic
surv1,Hibbertia obtusifolia,2542,NSWFFRDv2.1,"{""Benwell 1998""}","{""VA Group 2"",""Killed by 100% scorch; seed storage in soil"",""Overall value of fireresponse column is S/R""}","{""Variable (39); Post-fire abundance increase (P)""}",None,NA,NA,NA,Benwell 1998,surv1 logic
surv1,Hibbertia obtusifolia,2542,NSWFFRDv2.1,"{""Clarke Fulloon 1999""}","{""VA Group IX"",""Survives 100% scorch; resprout location unknown"",""Overall value of fireresponse column is S/R""}","{""Variable (39); Post-fire abundance increase (P)""}",All,NA,NA,NA,Clarke Fulloon 1999,surv1 logic
surv1,Hibbertia riparia,2545,NSWFFRDv2.1,"{""Keith 1991""}","{""VA Group 9"",""Survives 100% scorch; resprout location unknown"",""Overall value of fireresponse column is R""}",NA,All,NA,NA,NA,Keith 1991,surv1 logic
surv1,Hibbertia serpyllifolia,2550,NSWFFRDv2.1,"{""Keith 1991""}","{""VA Group 9"",""Survives 100% scorch; resprout location unknown"",""Overall value of fireresponse column is Rs""}","{""Mortality 37-44% after spring burn 79-87% after autumn burn (57); Post-fire abundance decrease (57)""}",All,NA,NA,NA,Keith 1991,surv1 logic
surv1,Hibbertia vestita,2551,NSWFFRDv2.1,"{""Benwell 1998""}","{""VA Group 9"",""Survives 100% scorch; resprout location unknown"",""Overall value of fireresponse column is R""}",NA,All,NA,NA,NA,Benwell 1998,surv1 logic
surv1,Hibbertia vestita,2551,NSWFFRDv2.1,"{""Benwell 1998""}","{""VA Group IX"",""Survives 100% scorch; resprout location unknown"",""Overall value of fireresponse column is R""}",NA,All,NA,NA,NA,Benwell 1998,surv1 logic
surv1,Homoranthus lunatus,9034,NSWFFRDv2.1,"{""Clarke Fulloon 1999""}","{""VA Group VIII"",""Killed by 100% scorch; seed storage unknown"",""Overall value of fireresponse column is S""}",NA,None,NA,NA,NA,Clarke Fulloon 1999,surv1 logic
surv1,Homoranthus virgatus,4203,NSWFFRDv2.1,"{""Benwell 1998""}","{""VA Group 2"",""Killed by 100% scorch; seed storage in soil"",""Overall value of fireresponse column is S""}",NA,None,NA,NA,NA,Benwell 1998,surv1 logic
surv1,Hovea purpurea,2880,NSWFFRDv2.1,"{""Clarke Fulloon 1999""}","{""VA Group II"",""Killed by 100% scorch; seed storage in soil"",""Overall value of fireresponse column is S""}",NA,None,NA,NA,NA,Clarke Fulloon 1999,surv1 logic
surv1,Hypericum gramineum,7240,NSWFFRDv2.1,"{""Keith 1991""}","{""VA Group 9"",""Survives 100% scorch; resprout location unknown"",""Overall value of fireresponse column is Rs""}","{""Juveniles die (67), Variable (39), Killed at sites with high-intensity fire, resprout at site with low-intensity (105)""}",All,NA,NA,NA,Keith 1991,surv1 logic
surv1,Hypolaena fastigiata,5533,NSWFFRDv2.1,"{""Benwell 1998""}","{""VA Group 4"",""Survives 100% scorch; resprouts from root suckers or rhizomes"",""Overall value of fireresponse column is R""}","{""Vegetative response at 67% of sites (78)""}",All,NA,NA,NA,Benwell 1998,surv1 logic
surv1,Hypolaena fastigiata,5533,NSWFFRDv2.1,"{""Keith 1991""}","{""VA Group 9"",""Survives 100% scorch; resprout location unknown"",""Overall value of fireresponse column is R""}","{""Vegetative response at 67% of sites (78)""}",All,NA,NA,NA,Keith 1991,surv1 logic
surv1,Hypolaena fastigiata,5533,NSWFFRDv2.1,"{""Benwell 1998""}","{""VA Group IV"",""Survives 100% scorch; resprouts from root suckers or rhizomes"",""Overall value of fireresponse column is R""}","{""Vegetative response at 67% of sites (78)""}",All,NA,NA,NA,Benwell 1998,surv1 logic
surv1,Hypoxis hygrometrica,3553,NSWFFRDv2.1,"{""Keith 1991""}","{""VA Group 9"",""Survives 100% scorch; resprout location unknown"",""Overall value of fireresponse column is R""}",NA,All,NA,NA,NA,Keith 1991,surv1 logic
surv1,Isopogon anemonifolius,5433,NSWFFRDv2.1,"{""Keith 1991""}","{""VA Group 9"",""Survives 100% scorch; resprout location unknown"",""Overall value of fireresponse column is Rs""}","{""Variable (39), Mortality 46-65% (57), Mortality 10-40% at one site, 60-85% at another (105); Post-fire abundance decrease (57)""}",All,NA,NA,NA,Keith 1991,surv1 logic
surv1,Jacksonia stackhousei,2893,NSWFFRDv2.1,"{""Benwell 1998""}","{""VA Group 8"",""Killed by 100% scorch; seed storage unknown"",""Overall value of fireresponse column is Sr""}","{""Variable fire response, resprouts at lower fire inensity (6)""}",None,NA,NA,NA,Benwell 1998,surv1 logic
surv1,Jacksonia stackhousei,2893,NSWFFRDv2.1,"{""Benwell 1998""}","{""VA Group 9"",""Survives 100% scorch; resprout location unknown"",""Overall value of fireresponse column is Sr""}","{""Variable fire response, resprouts at lower fire inensity (6)""}",All,NA,NA,NA,Benwell 1998,surv1 logic
surv1,Jacksonia stackhousei,2893,NSWFFRDv2.1,"{""Benwell 1998""}","{Fireresponse,Sr,""Overall value of fireresponse column is Sr""}","{""Variable fire response, resprouts at lower fire inensity (6)""}",Few,NA,NA,NA,Benwell 1998,surv1 logic
surv1,Juncus planifolius,3340,NSWFFRDv2.1,"{""Keith 1991""}","{""VA Group 9"",""Survives 100% scorch; resprout location unknown"",""Overall value of fireresponse column is R""}",NA,All,NA,NA,NA,Keith 1991,surv1 logic
surv1,Kunzea bracteolata,4205,NSWFFRDv2.1,"{""Clarke Fulloon 1999""}","{""VA Group I"",""Killed by 100% scorch; seed storage on plant"",""Overall value of fireresponse column is S""}",NA,None,NA,NA,NA,Clarke Fulloon 1999,surv1 logic
surv1,Kunzea capitata,4207,NSWFFRDv2.1,"{""Keith 1991""}","{""VA Group 9"",""Survives 100% scorch; resprout location unknown"",""Overall value of fireresponse column is Rs""}","{"" Many plants killed by high intensity fire (1), some resprouting at 1 of 4 sites (105)""}",All,NA,NA,NA,Keith 1991,surv1 logic
surv1,Lambertia formosa,5440,NSWFFRDv2.1,"{""Keith 1991""}","{""VA Group 9"",""Survives 100% scorch; resprout location unknown"",""Overall value of fireresponse column is R""}","{""Mortality 0-12% (57)""}",All,NA,NA,NA,Keith 1991,surv1 logic
surv1,Laxmannia gracilis,3556,NSWFFRDv2.1,"{""Benwell 1998""}","{""VA Group 2"",""Killed by 100% scorch; seed storage in soil"",""Overall value of fireresponse column is Sr""}",NA,None,NA,NA,NA,Benwell 1998,surv1 logic
surv1,Leionema ambiens,10724,NSWFFRDv2.1,"{""Clarke Fulloon 1999""}","{""VA Group VIII"",""Killed by 100% scorch; seed storage unknown"",""Overall value of fireresponse column is S""}",NA,None,NA,NA,NA,Clarke Fulloon 1999,surv1 logic
surv1,Leionema rotundifolium,10736,NSWFFRDv2.1,"{""Clarke Fulloon 1999""}","{""VA Group II"",""Killed by 100% scorch; seed storage in soil"",""Overall value of fireresponse column is S""}",NA,None,NA,NA,NA,Clarke Fulloon 1999,surv1 logic
surv1,Lepidosperma filiforme,2465,NSWFFRDv2.1,"{""Keith 1991""}","{""VA Group 9"",""Survives 100% scorch; resprout location unknown"",""Overall value of fireresponse column is Rs""}",NA,All,NA,NA,NA,Keith 1991,surv1 logic
surv1,Lepidosperma forsythii,2467,NSWFFRDv2.1,"{""Keith 1991""}","{""VA Group 9"",""Survives 100% scorch; resprout location unknown"",""Overall value of fireresponse column is R""}",NA,All,NA,NA,NA,Keith 1991,surv1 logic
surv1,Lepidosperma limicola,2469,NSWFFRDv2.1,"{""Keith 1991""}","{""VA Group 9"",""Survives 100% scorch; resprout location unknown"",""Overall value of fireresponse column is R""}",NA,All,NA,NA,NA,Keith 1991,surv1 logic
surv1,Lepidosperma neesii,2471,NSWFFRDv2.1,"{""Keith 1991""}","{""VA Group 9"",""Survives 100% scorch; resprout location unknown"",""Overall value of fireresponse column is R""}",NA,All,NA,NA,NA,Keith 1991,surv1 logic
surv1,Leptocarpus tenax,5534,NSWFFRDv2.1,"{""Benwell 1998""}","{""VA Group 4"",""Survives 100% scorch; resprouts from root suckers or rhizomes"",""Overall value of fireresponse column is R""}",NA,All,NA,NA,NA,Benwell 1998,surv1 logic
surv1,Leptocarpus tenax,5534,NSWFFRDv2.1,"{""Keith 1991""}","{""VA Group 9"",""Survives 100% scorch; resprout location unknown"",""Overall value of fireresponse column is R""}",NA,All,NA,NA,NA,Keith 1991,surv1 logic
surv1,Leptocarpus tenax,5534,NSWFFRDv2.1,"{""Benwell 1998""}","{""VA Group IV"",""Survives 100% scorch; resprouts from root suckers or rhizomes"",""Overall value of fireresponse column is R""}",NA,All,NA,NA,NA,Benwell 1998,surv1 logic
surv1,Leptomeria acida,5865,NSWFFRDv2.1,"{""Benwell 1998""}","{""VA Group 2"",""Killed by 100% scorch; seed storage in soil"",""Overall value of fireresponse column is Sr""}","{""Variable (39), Some resprouting with low intensity fire (105)""}",None,NA,NA,NA,Benwell 1998,surv1 logic
surv1,Leptospermum arachnoides,4213,NSWFFRDv2.1,"{""Keith 1991""}","{""VA Group 9"",""Survives 100% scorch; resprout location unknown"",""Overall value of fireresponse column is Rs""}","{""Variable (39)""}",All,NA,NA,NA,Keith 1991,surv1 logic
surv1,Leptospermum grandifolium,7766,NSWFFRDv2.1,"{""Keith 1991""}","{""VA Group 9"",""Survives 100% scorch; resprout location unknown"",""Overall value of fireresponse column is R""}",NA,All,NA,NA,NA,Keith 1991,surv1 logic
surv1,Leptospermum juniperinum,4221,NSWFFRDv2.1,"{""Benwell 1998""}","{""VA Group 9"",""Survives 100% scorch; resprout location unknown"",""Overall value of fireresponse column is Rs""}","{""Variable (39); Post-fire abundance decrease (85)""}",All,NA,NA,NA,Benwell 1998,surv1 logic
surv1,Leptospermum juniperinum,4221,NSWFFRDv2.1,"{""Keith 1991""}","{""VA Group 9"",""Survives 100% scorch; resprout location unknown"",""Overall value of fireresponse column is Rs""}","{""Variable (39); Post-fire abundance decrease (85)""}",All,NA,NA,NA,Keith 1991,surv1 logic
surv1,Leptospermum juniperinum,4221,NSWFFRDv2.1,"{""Benwell 1998""}","{""VA Group IX"",""Survives 100% scorch; resprout location unknown"",""Overall value of fireresponse column is Rs""}","{""Variable (39); Post-fire abundance decrease (85)""}",All,NA,NA,NA,Benwell 1998,surv1 logic
surv1,Leptospermum liversidgei,4224,NSWFFRDv2.1,"{""Benwell 1998""}","{""VA Group 9"",""Survives 100% scorch; resprout location unknown"",""Overall value of fireresponse column is R""}",NA,All,NA,NA,NA,Benwell 1998,surv1 logic
surv1,Leptospermum liversidgei,4224,NSWFFRDv2.1,"{""Benwell 1998""}","{""VA Group IX"",""Survives 100% scorch; resprout location unknown"",""Overall value of fireresponse column is R""}",NA,All,NA,NA,NA,Benwell 1998,surv1 logic
surv1,Leptospermum novae-angliae,8478,NSWFFRDv2.1,"{""Clarke Fulloon 1999""}","{""VA Group IX"",""Survives 100% scorch; resprout location unknown"",""Overall value of fireresponse column is Rs""}","{""Killed by 100% scorch (95a)""}",All,NA,NA,NA,Clarke Fulloon 1999,surv1 logic
surv1,Leptospermum polygalifolium subsp. polygalifolium,8197,NSWFFRDv2.1,"{""Keith 1991""}","{""VA Group 9"",""Survives 100% scorch; resprout location unknown"",""Overall value of fireresponse column is Rs""}",NA,All,NA,NA,NA,Keith 1991,surv1 logic
surv1,Leptospermum polygalifolium subsp. polygalifolium,8197,NSWFFRDv2.1,"{""Benwell 1998""}","{""VA Group 9"",""Survives 100% scorch; resprout location unknown"",""Overall value of fireresponse column is Rs""}",NA,All,NA,NA,NA,Benwell 1998,surv1 logic
surv1,Leptospermum polygalifolium subsp. polygalifolium,8197,NSWFFRDv2.1,"{""Benwell 1998""}","{""VA Group IX"",""Survives 100% scorch; resprout location unknown"",""Overall value of fireresponse column is Rs""}",NA,All,NA,NA,NA,Benwell 1998,surv1 logic
surv1,Leptospermum semibaccatum,4236,NSWFFRDv2.1,"{""Benwell 1998""}","{""VA Group 9"",""Survives 100% scorch; resprout location unknown"",""Overall value of fireresponse column is R""}",NA,All,NA,NA,NA,Benwell 1998,surv1 logic
surv1,Leptospermum semibaccatum,4236,NSWFFRDv2.1,"{""Benwell 1998""}","{""VA Group IX"",""Survives 100% scorch; resprout location unknown"",""Overall value of fireresponse column is R""}",NA,All,NA,NA,NA,Benwell 1998,surv1 logic
surv1,Leptospermum trinervium,8486,NSWFFRDv2.1,"{""Benwell 1998""}","{""VA Group 9"",""Survives 100% scorch; resprout location unknown"",""Overall value of fireresponse column is R""}","{""Some plants killed (1); Plant mortality 2%; Stem mortality 80% after high intensity fire, 28% after low intensity; Mortality may be increased by repeated burning (103)""}",All,NA,NA,NA,Benwell 1998,surv1 logic
surv1,Leptospermum trinervium,8486,NSWFFRDv2.1,"{""Benwell 1998""}","{""VA Group IX"",""Survives 100% scorch; resprout location unknown"",""Overall value of fireresponse column is R""}","{""Some plants killed (1); Plant mortality 2%; Stem mortality 80% after high intensity fire, 28% after low intensity; Mortality may be increased by repeated burning (103)""}",All,NA,NA,NA,Benwell 1998,surv1 logic
surv1,Leptospermum trinervium,8486,NSWFFRDv2.1,"{""Clarke Fulloon 1999""}","{""VA Group V"",""Survives 100% scorch; resprouts from basal stem buds (eg lignotuber)"",""Overall value of fireresponse column is R""}","{""Some plants killed (1); Plant mortality 2%; Stem mortality 80% after high intensity fire, 28% after low intensity; Mortality may be increased by repeated burning (103)""}",All,NA,NA,NA,Clarke Fulloon 1999,surv1 logic
surv1,Lepyrodia anarthria,5535,NSWFFRDv2.1,"{""Keith 1991""}","{""VA Group 9"",""Survives 100% scorch; resprout location unknown"",""Overall value of fireresponse column is R""}",NA,All,NA,NA,NA,Keith 1991,surv1 logic
surv1,Lepyrodia scariosa,5541,NSWFFRDv2.1,"{""Keith 1991""}","{""VA Group 9"",""Survives 100% scorch; resprout location unknown"",""Overall value of fireresponse column is R""}",NA,All,NA,NA,NA,Keith 1991,surv1 logic
surv1,Leucopogon deformis,2615,NSWFFRDv2.1,"{""Benwell 1998""}","{""VA Group 2"",""Killed by 100% scorch; seed storage in soil"",""Overall value of fireresponse column is S""}",NA,None,NA,NA,NA,Benwell 1998,surv1 logic
surv1,Leucopogon ericoides,2616,NSWFFRDv2.1,"{""Benwell 1998""}","{""VA Group 2"",""Killed by 100% scorch; seed storage in soil"",""Overall value of fireresponse column is Sr""}","{""Variable (39)""}",None,NA,NA,NA,Benwell 1998,surv1 logic
surv1,Leucopogon lanceolatus var. gracilis,6845,NSWFFRDv2.1,"{""Benwell 1998""}","{""VA Group 2"",""Killed by 100% scorch; seed storage in soil"",""Overall value of fireresponse column is S""}",NA,None,NA,NA,NA,Benwell 1998,surv1 logic
surv1,Leucopogon leptospermoides,2625,NSWFFRDv2.1,"{""Benwell 1998""}","{""VA Group 9"",""Survives 100% scorch; resprout location unknown"",""Overall value of fireresponse column is R""}",NA,All,NA,NA,NA,Benwell 1998,surv1 logic
surv1,Leucopogon leptospermoides,2625,NSWFFRDv2.1,"{""Benwell 1998""}","{""VA Group IX"",""Survives 100% scorch; resprout location unknown"",""Overall value of fireresponse column is R""}",NA,All,NA,NA,NA,Benwell 1998,surv1 logic
surv1,Leucopogon melaleucoides,2628,NSWFFRDv2.1,"{""Clarke Fulloon 1999""}","{""VA Group IX"",""Survives 100% scorch; resprout location unknown"",""Overall value of fireresponse column is R""}",NA,All,NA,NA,NA,Clarke Fulloon 1999,surv1 logic
surv1,Leucopogon microphyllus,2629,NSWFFRDv2.1,"{""Benson 1985""}","{""VA Group 8"",""Killed by 100% scorch; seed storage unknown"",""Overall value of fireresponse column is S""}",NA,None,NA,NA,NA,Benson 1985,surv1 logic
surv1,Leucopogon rodwayi,2636,NSWFFRDv2.1,"{""Benwell 1998""}","{""VA Group 2"",""Killed by 100% scorch; seed storage in soil"",""Overall value of fireresponse column is S/R""}",NA,None,NA,NA,NA,Benwell 1998,surv1 logic
surv1,Leucopogon virgatus,2639,NSWFFRDv2.1,"{""Benwell 1998""}","{""VA Group 9"",""Survives 100% scorch; resprout location unknown"",""Overall value of fireresponse column is R""}",NA,All,NA,NA,NA,Benwell 1998,surv1 logic
surv1,Leucopogon virgatus,2639,NSWFFRDv2.1,"{""Benwell 1998""}","{""VA Group IX"",""Survives 100% scorch; resprout location unknown"",""Overall value of fireresponse column is R""}",NA,All,NA,NA,NA,Benwell 1998,surv1 logic
surv1,Lomandra cylindrica,6298,NSWFFRDv2.1,"{""Keith 1991""}","{""VA Group 9"",""Survives 100% scorch; resprout location unknown"",""Overall value of fireresponse column is R""}","{""Mortality 13-37% (57); Post-fire abundance increase (57)""}",All,NA,NA,NA,Keith 1991,surv1 logic
surv1,Lomandra elongata,6301,NSWFFRDv2.1,"{""Benwell 1998""}","{""VA Group 9"",""Survives 100% scorch; resprout location unknown"",""Overall value of fireresponse column is R""}",NA,All,NA,NA,NA,Benwell 1998,surv1 logic
surv1,Lomandra elongata,6301,NSWFFRDv2.1,"{""Benwell 1998""}","{""VA Group IX"",""Survives 100% scorch; resprout location unknown"",""Overall value of fireresponse column is R""}",NA,All,NA,NA,NA,Benwell 1998,surv1 logic
surv1,Lomandra filiformis,6302,NSWFFRDv2.1,"{""Benwell 1998""}","{""VA Group 9"",""Survives 100% scorch; resprout location unknown"",""Overall value of fireresponse column is R""}","{""Mortality 11-38% (57); Post-fire abundance increase (P)""}",All,NA,NA,NA,Benwell 1998,surv1 logic
surv1,Lomandra filiformis subsp. coriacea,6511,NSWFFRDv2.1,"{""Keith 1991""}","{""VA Group 9"",""Survives 100% scorch; resprout location unknown"",""Overall value of fireresponse column is R""}",NA,All,NA,NA,NA,Keith 1991,surv1 logic
surv1,Lomandra filiformis subsp. filiformis,7931,NSWFFRDv2.1,"{""Keith 1991""}","{""VA Group 9"",""Survives 100% scorch; resprout location unknown"",""Overall value of fireresponse column is R""}",NA,All,NA,NA,NA,Keith 1991,surv1 logic
surv1,Lomandra longifolia,6308,NSWFFRDv2.1,"{""Benwell 1998""}","{""VA Group 11"",""Survives 100% scorch: obligate resprouters"",""Overall value of fireresponse column is R""}","{""Mortality 20-27% (99); Post-fire abundance increase (P)""}",All,NA,NA,NA,Benwell 1998,surv1 logic
surv1,Lomandra obliqua,6312,NSWFFRDv2.1,"{""Keith 1991""}","{""VA Group 9"",""Survives 100% scorch; resprout location unknown"",""Overall value of fireresponse column is Rs""}","{""Variable (39), Mortality 0-41% (57)""}",All,NA,NA,NA,Keith 1991,surv1 logic
surv1,Lomatia silaifolia,5445,NSWFFRDv2.1,"{""Keith 1991""}","{""VA Group 9"",""Survives 100% scorch; resprout location unknown"",""Overall value of fireresponse column is R""}",NA,All,NA,NA,NA,Keith 1991,surv1 logic
surv1,Lomatia silaifolia,5445,NSWFFRDv2.1,"{""Clarke Fulloon 1999""}","{""VA Group IX"",""Survives 100% scorch; resprout location unknown"",""Overall value of fireresponse column is R""}",NA,All,NA,NA,NA,Clarke Fulloon 1999,surv1 logic
surv1,Lycopodiella lateralis,9293,NSWFFRDv2.1,"{""Keith 1991""}","{""VA Group 9"",""Survives 100% scorch; resprout location unknown"",""Overall value of fireresponse column is R""}",NA,All,NA,NA,NA,Keith 1991,surv1 logic
surv1,Macarthuria neocambrica,3907,NSWFFRDv2.1,"{""Benwell 1998""}","{""VA Group 2"",""Killed by 100% scorch; seed storage in soil"",""Overall value of fireresponse column is S""}","{""Fire ephemeral (6)""}",None,NA,NA,NA,Benwell 1998,surv1 logic
surv1,Melaleuca linariifolia,4257,NSWFFRDv2.1,"{""Keith 1991""}","{""VA Group 9"",""Survives 100% scorch; resprout location unknown"",""Overall value of fireresponse column is Rs""}","{""Variable (39)""}",All,NA,NA,NA,Keith 1991,surv1 logic
surv1,Melaleuca nodosa,4258,NSWFFRDv2.1,"{""Benwell 1998""}","{""VA Group 4"",""Survives 100% scorch; resprouts from root suckers or rhizomes"",""Overall value of fireresponse column is R""}",NA,All,NA,NA,NA,Benwell 1998,surv1 logic
surv1,Melaleuca nodosa,4258,NSWFFRDv2.1,"{""Benwell 1998""}","{""VA Group IX"",""Survives 100% scorch; resprout location unknown"",""Overall value of fireresponse column is R""}",NA,All,NA,NA,NA,Benwell 1998,surv1 logic
surv1,Melaleuca quinquenervia,4260,NSWFFRDv2.1,"{""Benwell 1998""}","{""VA Group 9"",""Survives 100% scorch; resprout location unknown"",""Overall value of fireresponse column is Rs""}","{""Killed by crown fire, resprouts after partail burn (96)""}",All,NA,NA,NA,Benwell 1998,surv1 logic
surv1,Melaleuca quinquenervia,4260,NSWFFRDv2.1,"{""Benwell 1998""}","{""VA Group IX"",""Survives 100% scorch; resprout location unknown"",""Overall value of fireresponse column is Rs""}","{""Killed by crown fire, resprouts after partail burn (96)""}",All,NA,NA,NA,Benwell 1998,surv1 logic
surv1,Melaleuca sieberi,4261,NSWFFRDv2.1,"{""Benwell 1998""}","{""VA Group 9"",""Survives 100% scorch; resprout location unknown"",""Overall value of fireresponse column is R""}",NA,All,NA,NA,NA,Benwell 1998,surv1 logic
surv1,Melaleuca sieberi,4261,NSWFFRDv2.1,"{""Benwell 1998""}","{""VA Group IX"",""Survives 100% scorch; resprout location unknown"",""Overall value of fireresponse column is R""}",NA,All,NA,NA,NA,Benwell 1998,surv1 logic
surv1,Melaleuca squamea,4262,NSWFFRDv2.1,"{""Benwell 1998""}","{""VA Group 1"",""Killed by 100% scorch; seed storage on plant"",""Overall value of fireresponse column is Sr""}",NA,None,NA,NA,NA,Benwell 1998,surv1 logic
surv1,Melaleuca squarrosa,4263,NSWFFRDv2.1,"{""Keith 1991""}","{""VA Group 9"",""Survives 100% scorch; resprout location unknown"",""Overall value of fireresponse column is Rs""}",NA,All,NA,NA,NA,Keith 1991,surv1 logic
surv1,Melaleuca thymifolia,4266,NSWFFRDv2.1,"{""Benwell 1998""}","{""VA Group 9"",""Survives 100% scorch; resprout location unknown"",""Overall value of fireresponse column is R""}","{""Stems killed (1)""}",All,NA,NA,NA,Benwell 1998,surv1 logic
surv1,Melaleuca thymifolia,4266,NSWFFRDv2.1,"{""Keith 1991""}","{""VA Group 9"",""Survives 100% scorch; resprout location unknown"",""Overall value of fireresponse column is R""}","{""Stems killed (1)""}",All,NA,NA,NA,Keith 1991,surv1 logic
surv1,Melichrus erubescens,2644,NSWFFRDv2.1,"{""Clarke Fulloon 1999""}","{""VA Group IX"",""Survives 100% scorch; resprout location unknown"",""Overall value of fireresponse column is S/R""}",NA,All,NA,NA,NA,Clarke Fulloon 1999,surv1 logic
surv1,Microlaena stipoides var. stipoides,7707,NSWFFRDv2.1,"{""Keith 1991""}","{""VA Group 9"",""Survives 100% scorch; resprout location unknown"",""Overall value of fireresponse column is R""}","{""Juveniles die (67), Mortality 20-71% (57); Post-fire abundance increase (57)""}",All,NA,NA,NA,Keith 1991,surv1 logic
surv1,Mirbelia pungens,2937,NSWFFRDv2.1,"{""Clarke Fulloon 1999""}","{""VA Group IX"",""Survives 100% scorch; resprout location unknown"",""Overall value of fireresponse column is S/R""}",NA,All,NA,NA,NA,Clarke Fulloon 1999,surv1 logic
surv1,Mirbelia rubiifolia,2938,NSWFFRDv2.1,"{""Benwell 1998""}","{""VA Group 2"",""Killed by 100% scorch; seed storage in soil"",""Overall value of fireresponse column is Sr""}","{""Variable (39)""}",None,NA,NA,NA,Benwell 1998,surv1 logic
surv1,Mirbelia speciosa subsp. speciosa,7736,NSWFFRDv2.1,"{""Keith 1991""}","{""VA Group 8"",""Killed by 100% scorch; seed storage unknown"",""Overall value of fireresponse column is S""}",NA,None,NA,NA,NA,Keith 1991,surv1 logic
surv1,Mitrasacme polymorpha,3595,NSWFFRDv2.1,"{""Benson 1985""}","{""VA Group 8"",""Killed by 100% scorch; seed storage unknown"",""Overall value of fireresponse column is Sr""}","{""Variable fire response (6)""}",None,NA,NA,NA,Benson 1985,surv1 logic
surv1,Mitrasacme polymorpha,3595,NSWFFRDv2.1,"{""Benwell 1998""}","{""VA Group 2"",""Killed by 100% scorch; seed storage in soil"",""Overall value of fireresponse column is Sr""}","{""Variable fire response (6)""}",None,NA,NA,NA,Benwell 1998,surv1 logic
surv1,Mitrasacme polymorpha,3595,NSWFFRDv2.1,"{""Benwell 1998""}","{""VA Group 9"",""Survives 100% scorch; resprout location unknown"",""Overall value of fireresponse column is Sr""}","{""Variable fire response (6)""}",All,NA,NA,NA,Benwell 1998,surv1 logic
surv1,Mitrasacme polymorpha,3595,NSWFFRDv2.1,"{""Keith 1991""}","{""VA Group 9"",""Survives 100% scorch; resprout location unknown"",""Overall value of fireresponse column is Sr""}","{""Variable fire response (6)""}",All,NA,NA,NA,Keith 1991,surv1 logic
surv1,Monotaxis linifolia,2738,NSWFFRDv2.1,"{""Keith 1991""}","{""VA Group 9"",""Survives 100% scorch; resprout location unknown"",""Overall value of fireresponse column is R""}",NA,All,NA,NA,NA,Keith 1991,surv1 logic
surv1,Monotoca elliptica,2647,NSWFFRDv2.1,"{""Benwell 1998""}","{""VA Group 9"",""Survives 100% scorch; resprout location unknown"",""Overall value of fireresponse column is Rs""}","{""Most of population killed, a few resprouted after high intensity (1), Variable (39); Post-fire abundance decrease (57)""}",All,NA,NA,NA,Benwell 1998,surv1 logic
surv1,Monotoca scoparia,2649,NSWFFRDv2.1,"{""Benwell 1998""}","{""VA Group 9"",""Survives 100% scorch; resprout location unknown"",""Overall value of fireresponse column is Rs""}","{""Few individuals recorded by (VE), Variable (39), Mortality 4% when burnt, 4% when burnt and grazed (99)""}",All,NA,NA,NA,Benwell 1998,surv1 logic
surv1,Monotoca scoparia,2649,NSWFFRDv2.1,"{""Benwell 1998""}","{""VA Group IX"",""Survives 100% scorch; resprout location unknown"",""Overall value of fireresponse column is Rs""}","{""Few individuals recorded by (VE), Variable (39), Mortality 4% when burnt, 4% when burnt and grazed (99)""}",All,NA,NA,NA,Benwell 1998,surv1 logic
surv1,Ochrosperma citriodorum,6949,NSWFFRDv2.1,"{""Benwell 1998""}","{""VA Group 2"",""Killed by 100% scorch; seed storage in soil"",""Overall value of fireresponse column is S""}",NA,None,NA,NA,NA,Benwell 1998,surv1 logic
surv1,Ochrosperma lineare,6474,NSWFFRDv2.1,"{""Benwell 1998""}","{""VA Group 2"",""Killed by 100% scorch; seed storage in soil"",""Overall value of fireresponse column is Rs""}",NA,None,NA,NA,NA,Benwell 1998,surv1 logic
surv1,Olax retusa,4307,NSWFFRDv2.1,"{""Benwell 1998""}","{""VA Group 9"",""Survives 100% scorch; resprout location unknown"",""Overall value of fireresponse column is R""}",NA,All,NA,NA,NA,Benwell 1998,surv1 logic
surv1,Olax retusa,4307,NSWFFRDv2.1,"{""Benwell 1998""}","{""VA Group IX"",""Survives 100% scorch; resprout location unknown"",""Overall value of fireresponse column is R""}",NA,All,NA,NA,NA,Benwell 1998,surv1 logic
surv1,Olax stricta,6407,NSWFFRDv2.1,"{""Benwell 1998""}","{""VA Group 2"",""Killed by 100% scorch; seed storage in soil"",""Overall value of fireresponse column is Rs""}",NA,None,NA,NA,NA,Benwell 1998,surv1 logic
surv1,Olearia gravis,1595,NSWFFRDv2.1,"{""Clarke Fulloon 1999""}","{""VA Group IX"",""Survives 100% scorch; resprout location unknown"",""Overall value of fireresponse column is Rs""}","{""Seedlings killed (69)""}",All,NA,NA,NA,Clarke Fulloon 1999,surv1 logic
surv1,Orthoceras strictum,4476,NSWFFRDv2.1,"{""Keith 1991""}","{""VA Group 9"",""Survives 100% scorch; resprout location unknown"",""Overall value of fireresponse column is R""}",NA,All,NA,NA,NA,Keith 1991,surv1 logic
surv1,Panicum simile,5066,NSWFFRDv2.1,"{""Benwell 1998""}","{""VA Group 9"",""Survives 100% scorch; resprout location unknown"",""Overall value of fireresponse column is R""}",NA,All,NA,NA,NA,Benwell 1998,surv1 logic
surv1,Panicum simile,5066,NSWFFRDv2.1,"{""Benwell 1998""}","{""VA Group IX"",""Survives 100% scorch; resprout location unknown"",""Overall value of fireresponse column is R""}",NA,All,NA,NA,NA,Benwell 1998,surv1 logic
surv1,Patersonia fragilis,3300,NSWFFRDv2.1,"{""Benwell 1998""}","{""VA Group 9"",""Survives 100% scorch; resprout location unknown"",""Overall value of fireresponse column is R""}",NA,All,NA,NA,NA,Benwell 1998,surv1 logic
surv1,Patersonia fragilis,3300,NSWFFRDv2.1,"{""Keith 1991""}","{""VA Group 9"",""Survives 100% scorch; resprout location unknown"",""Overall value of fireresponse column is R""}",NA,All,NA,NA,NA,Keith 1991,surv1 logic
surv1,Patersonia fragilis,3300,NSWFFRDv2.1,"{""Benwell 1998""}","{""VA Group IX"",""Survives 100% scorch; resprout location unknown"",""Overall value of fireresponse column is R""}",NA,All,NA,NA,NA,Benwell 1998,surv1 logic
surv1,Patersonia glabrata,3301,NSWFFRDv2.1,"{""Benwell 1998""}","{""VA Group 9"",""Survives 100% scorch; resprout location unknown"",""Overall value of fireresponse column is R""}",NA,All,NA,NA,NA,Benwell 1998,surv1 logic
surv1,Patersonia glabrata,3301,NSWFFRDv2.1,"{""Benwell 1998""}","{""VA Group IX"",""Survives 100% scorch; resprout location unknown"",""Overall value of fireresponse column is R""}",NA,All,NA,NA,NA,Benwell 1998,surv1 logic
surv1,Patersonia sericea,3303,NSWFFRDv2.1,"{""Benwell 1998""}","{""VA Group 9"",""Survives 100% scorch; resprout location unknown"",""Overall value of fireresponse column is R""}","{""Mortality 25-40% (57); Post-fire abundance increase after autumn burn(57)""}",All,NA,NA,NA,Benwell 1998,surv1 logic
surv1,Patersonia sericea,3303,NSWFFRDv2.1,"{""Keith 1991""}","{""VA Group 9"",""Survives 100% scorch; resprout location unknown"",""Overall value of fireresponse column is R""}","{""Mortality 25-40% (57); Post-fire abundance increase after autumn burn(57)""}",All,NA,NA,NA,Keith 1991,surv1 logic
surv1,Patersonia sericea,3303,NSWFFRDv2.1,"{""Benwell 1998""}","{""VA Group IX"",""Survives 100% scorch; resprout location unknown"",""Overall value of fireresponse column is R""}","{""Mortality 25-40% (57); Post-fire abundance increase after autumn burn(57)""}",All,NA,NA,NA,Benwell 1998,surv1 logic
surv1,Persoonia cornifolia,5455,NSWFFRDv2.1,"{""Clarke Fulloon 1999""}","{""VA Group IX"",""Survives 100% scorch; resprout location unknown"",""Overall value of fireresponse column is R""}",NA,All,NA,NA,NA,Clarke Fulloon 1999,surv1 logic
surv1,Persoonia levis,5462,NSWFFRDv2.1,"{""Keith 1991""}","{""VA Group 9"",""Survives 100% scorch; resprout location unknown"",""Overall value of fireresponse column is R""}",NA,All,NA,NA,NA,Keith 1991,surv1 logic
surv1,Persoonia tenuifolia,5475,NSWFFRDv2.1,"{""Clarke Fulloon 1999""}","{""VA Group IX"",""Survives 100% scorch; resprout location unknown"",""Overall value of fireresponse column is R""}",NA,All,NA,NA,NA,Clarke Fulloon 1999,surv1 logic
surv1,Persoonia terminalis subsp. terminalis,9048,NSWFFRDv2.1,"{""Clarke Fulloon 1999""}","{""VA Group II"",""Killed by 100% scorch; seed storage in soil"",""Overall value of fireresponse column is S""}",NA,None,NA,NA,NA,Clarke Fulloon 1999,surv1 logic
surv1,Persoonia virgata,5476,NSWFFRDv2.1,"{""Benwell 1998""}","{""VA Group 2"",""Killed by 100% scorch; seed storage in soil"",""Overall value of fireresponse column is S""}",NA,None,NA,NA,NA,Benwell 1998,surv1 logic
surv1,Petrophile canescens,5477,NSWFFRDv2.1,"{""Benwell 1998""}","{""VA Group 9"",""Survives 100% scorch; resprout location unknown"",""Overall value of fireresponse column is R""}",NA,All,NA,NA,NA,Benwell 1998,surv1 logic
surv1,Petrophile canescens,5477,NSWFFRDv2.1,"{""Benwell 1998""}","{""VA Group IX"",""Survives 100% scorch; resprout location unknown"",""Overall value of fireresponse column is R""}",NA,All,NA,NA,NA,Benwell 1998,surv1 logic
surv1,Petrophile canescens,5477,NSWFFRDv2.1,"{""Clarke Fulloon 1999""}","{""VA Group IX"",""Survives 100% scorch; resprout location unknown"",""Overall value of fireresponse column is R""}",NA,All,NA,NA,NA,Clarke Fulloon 1999,surv1 logic
surv1,Petrophile pulchella,5479,NSWFFRDv2.1,"{""Benwell 1998""}","{""VA Group 9"",""Survives 100% scorch; resprout location unknown"",""Overall value of fireresponse column is Sr""}",NA,All,NA,NA,NA,Benwell 1998,surv1 logic
surv1,Petrophile pulchella,5479,NSWFFRDv2.1,"{""Benson 1985""}","{""VA Group 8"",""Killed by 100% scorch; seed storage unknown"",""Overall value of fireresponse column is Sr""}",NA,None,NA,NA,NA,Benson 1985,surv1 logic
surv1,Phebalium glandulosum subsp. eglandulosum,9419,NSWFFRDv2.1,"{""Clarke Fulloon 1999""}","{""VA Group II"",""Killed by 100% scorch; seed storage in soil"",""Overall value of fireresponse column is S""}",NA,None,NA,NA,NA,Clarke Fulloon 1999,surv1 logic
surv1,Philotheca buxifolia,10577,NSWFFRDv2.1,"{""Benson 1985""}","{""VA Group 8"",""Killed by 100% scorch; seed storage unknown"",""Overall value of fireresponse column is Sr""}",NA,None,NA,NA,NA,Benson 1985,surv1 logic
surv1,Philotheca epilosa,12004,NSWFFRDv2.1,"{""Clarke Fulloon 1999""}","{""VA Group VIII"",""Killed by 100% scorch; seed storage unknown"",""Overall value of fireresponse column is S""}",NA,None,NA,NA,NA,Clarke Fulloon 1999,surv1 logic
surv1,Philotheca salsolifolia subsp. salsolifolia,10596,NSWFFRDv2.1,"{""Benson 1985""}","{""VA Group 8"",""Killed by 100% scorch; seed storage unknown"",""Overall value of fireresponse column is Rs""}","{""Variable (39)""}",None,NA,NA,NA,Benson 1985,surv1 logic
surv1,Phragmites australis,5113,NSWFFRDv2.1,"{""Keith 1991""}","{""VA Group 9"",""Survives 100% scorch; resprout location unknown"",""Overall value of fireresponse column is R""}",NA,All,NA,NA,NA,Keith 1991,surv1 logic
surv1,Phyllanthus hirtellus,8216,NSWFFRDv2.1,"{""Benwell 1998""}","{""VA Group 9"",""Survives 100% scorch; resprout location unknown"",""Overall value of fireresponse column is Rs""}","{""Mortality 27-49% (57), No resprouting at 4 months post-fire site, resprouting at 1 y post-fire site (105)""}",All,NA,NA,NA,Benwell 1998,surv1 logic
surv1,Phyllanthus hirtellus,8216,NSWFFRDv2.1,"{""Benwell 1998""}","{""VA Group IX"",""Survives 100% scorch; resprout location unknown"",""Overall value of fireresponse column is Rs""}","{""Mortality 27-49% (57), No resprouting at 4 months post-fire site, resprouting at 1 y post-fire site (105)""}",All,NA,NA,NA,Benwell 1998,surv1 logic
surv1,Phyllota phylicoides,2958,NSWFFRDv2.1,"{""Benwell 1998""}","{""VA Group 4"",""Survives 100% scorch; resprouts from root suckers or rhizomes"",""Overall value of fireresponse column is S/R""}","{""Variable (39)""}",All,NA,NA,NA,Benwell 1998,surv1 logic
surv1,Phyllota phylicoides,2958,NSWFFRDv2.1,"{""Benwell 1998""}","{""VA Group IV"",""Survives 100% scorch; resprouts from root suckers or rhizomes"",""Overall value of fireresponse column is S/R""}","{""Variable (39)""}",All,NA,NA,NA,Benwell 1998,surv1 logic
surv1,Pimelea linifolia,6182,NSWFFRDv2.1,"{""Benson 1985""}","{""VA Group 8"",""Killed by 100% scorch; seed storage unknown"",""Overall value of fireresponse column is S/R""}","{""Variable fire response (6), Mortlaity 100% (57); Post-fire abundance decrease (57)""}",None,NA,NA,NA,Benson 1985,surv1 logic
surv1,Pimelea linifolia,6182,NSWFFRDv2.1,"{""Benwell 1998""}","{""VA Group 2"",""Killed by 100% scorch; seed storage in soil"",""Overall value of fireresponse column is S/R""}","{""Variable fire response (6), Mortlaity 100% (57); Post-fire abundance decrease (57)""}",None,NA,NA,NA,Benwell 1998,surv1 logic
surv1,Pimelea linifolia,6182,NSWFFRDv2.1,"{""Benwell 1998""}","{""VA Group 9"",""Survives 100% scorch; resprout location unknown"",""Overall value of fireresponse column is S/R""}","{""Variable fire response (6), Mortlaity 100% (57); Post-fire abundance decrease (57)""}",All,NA,NA,NA,Benwell 1998,surv1 logic
surv1,Pimelea linifolia,6182,NSWFFRDv2.1,"{""Benwell 1998""}","{""VA Group IX"",""Survives 100% scorch; resprout location unknown"",""Overall value of fireresponse column is S/R""}","{""Variable fire response (6), Mortlaity 100% (57); Post-fire abundance decrease (57)""}",All,NA,NA,NA,Benwell 1998,surv1 logic
surv1,Platysace ericoides,1143,NSWFFRDv2.1,"{""Benwell 1998""}","{""VA Group 4"",""Survives 100% scorch; resprouts from root suckers or rhizomes"",""Overall value of fireresponse column is Sr""}","{""Variable fire response (6, 39), Mortality 65-82% (57); Post-fire abundance equal after spring burn, increase after autumn burn (57)""}",All,NA,NA,NA,Benwell 1998,surv1 logic
surv1,Platysace ericoides,1143,NSWFFRDv2.1,"{""Benwell 1998""}","{""VA Group 2"",""Killed by 100% scorch; seed storage in soil"",""Overall value of fireresponse column is Sr""}","{""Variable fire response (6, 39), Mortality 65-82% (57); Post-fire abundance equal after spring burn, increase after autumn burn (57)""}",None,NA,NA,NA,Benwell 1998,surv1 logic
surv1,Platysace linearifolia,1145,NSWFFRDv2.1,"{""Benson 1985""}","{""VA Group 8"",""Killed by 100% scorch; seed storage unknown"",""Overall value of fireresponse column is Rs""}","{""May be killed by high intensity fire (1), Variable (39)""}",None,NA,NA,NA,Benson 1985,surv1 logic
surv1,Platysace linearifolia,1145,NSWFFRDv2.1,"{""Benwell 1998""}","{""VA Group 9"",""Survives 100% scorch; resprout location unknown"",""Overall value of fireresponse column is Rs""}","{""May be killed by high intensity fire (1), Variable (39)""}",All,NA,NA,NA,Benwell 1998,surv1 logic
surv1,Plinthanthesis paradoxa,5117,NSWFFRDv2.1,"{""Keith 1991""}","{""VA Group 9"",""Survives 100% scorch; resprout location unknown"",""Overall value of fireresponse column is R""}",NA,All,NA,NA,NA,Keith 1991,surv1 logic
surv1,Pomax umbellata,5703,NSWFFRDv2.1,"{""Benwell 1998""}","{""VA Group 2"",""Killed by 100% scorch; seed storage in soil"",""Overall value of fireresponse column is S""}","{""Post-fire abundance increase (M)""}",None,NA,NA,NA,Benwell 1998,surv1 logic
surv1,Poranthera ericifolia,2754,NSWFFRDv2.1,"{""Benson 1985""}","{""VA Group 8"",""Killed by 100% scorch; seed storage unknown"",""Overall value of fireresponse column is S""}",NA,None,NA,NA,NA,Benson 1985,surv1 logic
surv1,Prasophyllum australe,4491,NSWFFRDv2.1,"{""Keith 1991""}","{""VA Group 9"",""Survives 100% scorch; resprout location unknown"",""Overall value of fireresponse column is R""}",NA,All,NA,NA,NA,Keith 1991,surv1 logic
surv1,Prasophyllum brevilabre,4494,NSWFFRDv2.1,"{""Keith 1991""}","{""VA Group 9"",""Survives 100% scorch; resprout location unknown"",""Overall value of fireresponse column is R""}","{""Post-fire abundance decrease (P)""}",All,NA,NA,NA,Keith 1991,surv1 logic
surv1,Prostanthera teretifolia,3436,NSWFFRDv2.1,"{""Clarke Fulloon 1999""}","{""VA Group II"",""Killed by 100% scorch; seed storage in soil"",""Overall value of fireresponse column is S""}","{""5% plants resprouted after fire; resprouts after drought (69)""}",None,NA,NA,NA,Clarke Fulloon 1999,surv1 logic
surv1,Pseudanthus orientalis,2756,NSWFFRDv2.1,"{""Benwell 1998""}","{""VA Group 8"",""Killed by 100% scorch; seed storage unknown"",""Overall value of fireresponse column is Sr""}","{""Variable fire response (6)""}",None,NA,NA,NA,Benwell 1998,surv1 logic
surv1,Pseudanthus orientalis,2756,NSWFFRDv2.1,"{""Benwell 1998""}","{""VA Group II"",""Killed by 100% scorch; seed storage in soil"",""Overall value of fireresponse column is Sr""}","{""Variable fire response (6)""}",None,NA,NA,NA,Benwell 1998,surv1 logic
surv1,Pseudanthus orientalis,2756,NSWFFRDv2.1,"{""Benwell 1998""}","{""VA Group IX"",""Survives 100% scorch; resprout location unknown"",""Overall value of fireresponse column is Sr""}","{""Variable fire response (6)""}",All,NA,NA,NA,Benwell 1998,surv1 logic
surv1,Pseudanthus ovalifolius,9467,NSWFFRDv2.1,"{""Clarke Fulloon 1999""}","{""VA Group IX"",""Survives 100% scorch; resprout location unknown"",""Overall value of fireresponse column is R""}",NA,All,NA,NA,NA,Clarke Fulloon 1999,surv1 logic
surv1,Pteridium esculentum,6403,NSWFFRDv2.1,"{""Keith 1991""}","{""VA Group 9"",""Survives 100% scorch; resprout location unknown"",""Overall value of fireresponse column is R""}","{""Juveniles die (67); Post-fire abundance increase (CT, M)""}",All,NA,NA,NA,Keith 1991,surv1 logic
surv1,Pterostylis parviflora,4566,NSWFFRDv2.1,"{""Benwell 1998""}","{""VA Group 9"",""Survives 100% scorch; resprout location unknown"",""Overall value of fireresponse column is R""}","{""Post-fire abundance decrease (P)""}",All,NA,NA,NA,Benwell 1998,surv1 logic
surv1,Pterostylis parviflora,4566,NSWFFRDv2.1,"{""Keith 1991""}","{""VA Group 9"",""Survives 100% scorch; resprout location unknown"",""Overall value of fireresponse column is R""}","{""Post-fire abundance decrease (P)""}",All,NA,NA,NA,Keith 1991,surv1 logic
surv1,Ptilothrix deusta,8956,NSWFFRDv2.1,"{""Keith 1991""}","{""VA Group 9"",""Survives 100% scorch; resprout location unknown"",""Overall value of fireresponse column is R""}",NA,All,NA,NA,NA,Keith 1991,surv1 logic
surv1,Pultenaea divaricata,2987,NSWFFRDv2.1,"{""Keith 1991""}","{""VA Group 9"",""Survives 100% scorch; resprout location unknown"",""Overall value of fireresponse column is R""}",NA,All,NA,NA,NA,Keith 1991,surv1 logic
surv1,Pultenaea foliolosa,2994,NSWFFRDv2.1,"{""Clarke Fulloon 1999""}","{""VA Group IX"",""Survives 100% scorch; resprout location unknown"",""Overall value of fireresponse column is R""}","{""Seedlings killed (69)""}",All,NA,NA,NA,Clarke Fulloon 1999,surv1 logic
surv1,Pultenaea tuberculata,11386,NSWFFRDv2.1,"{""Keith 1991""}","{""VA Group 9"",""Survives 100% scorch; resprout location unknown"",""Overall value of fireresponse column is Rs""}","{""Variable (1, 39)""}",All,NA,NA,NA,Keith 1991,surv1 logic
surv1,Rhynchospora rubra,2484,NSWFFRDv2.1,"{""Benwell 1998""}","{""VA Group 2"",""Killed by 100% scorch; seed storage in soil"",""Overall value of fireresponse column is S""}",NA,None,NA,NA,NA,Benwell 1998,surv1 logic
surv1,Ricinocarpos pinifolius,2759,NSWFFRDv2.1,"{""Benwell 1998""}","{""VA Group 9"",""Survives 100% scorch; resprout location unknown"",""Overall value of fireresponse column is Rs""}",NA,All,NA,NA,NA,Benwell 1998,surv1 logic
surv1,Ricinocarpos pinifolius,2759,NSWFFRDv2.1,"{""Benwell 1998""}","{""VA Group IX"",""Survives 100% scorch; resprout location unknown"",""Overall value of fireresponse column is Rs""}",NA,All,NA,NA,NA,Benwell 1998,surv1 logic
surv1,Schizaea bifida,8181,NSWFFRDv2.1,"{""Keith 1991""}","{""VA Group 9"",""Survives 100% scorch; resprout location unknown"",""Overall value of fireresponse column is R""}",NA,All,NA,NA,NA,Keith 1991,surv1 logic
surv1,Schoenus brevifolius,2492,NSWFFRDv2.1,"{""Benwell 1998""}","{""VA Group 4"",""Survives 100% scorch; resprouts from root suckers or rhizomes"",""Overall value of fireresponse column is R""}",NA,All,NA,NA,NA,Benwell 1998,surv1 logic
surv1,Schoenus brevifolius,2492,NSWFFRDv2.1,"{""Keith 1991""}","{""VA Group 9"",""Survives 100% scorch; resprout location unknown"",""Overall value of fireresponse column is R""}",NA,All,NA,NA,NA,Keith 1991,surv1 logic
surv1,Schoenus brevifolius,2492,NSWFFRDv2.1,"{""Benwell 1998""}","{""VA Group IV"",""Survives 100% scorch; resprouts from root suckers or rhizomes"",""Overall value of fireresponse column is R""}",NA,All,NA,NA,NA,Benwell 1998,surv1 logic
surv1,Schoenus ericetorum,2495,NSWFFRDv2.1,"{""Benwell 1998""}","{""VA Group 9"",""Survives 100% scorch; resprout location unknown"",""Overall value of fireresponse column is R""}",NA,All,NA,NA,NA,Benwell 1998,surv1 logic
surv1,Schoenus ericetorum,2495,NSWFFRDv2.1,"{""Keith 1991""}","{""VA Group 9"",""Survives 100% scorch; resprout location unknown"",""Overall value of fireresponse column is R""}",NA,All,NA,NA,NA,Keith 1991,surv1 logic
surv1,Schoenus ericetorum,2495,NSWFFRDv2.1,"{""Benwell 1998""}","{""VA Group IX"",""Survives 100% scorch; resprout location unknown"",""Overall value of fireresponse column is R""}",NA,All,NA,NA,NA,Benwell 1998,surv1 logic
surv1,Schoenus lepidosperma subsp. pachylepis,9057,NSWFFRDv2.1,"{""Keith 1991""}","{""VA Group 9"",""Survives 100% scorch; resprout location unknown"",""Overall value of fireresponse column is R""}",NA,All,NA,NA,NA,Keith 1991,surv1 logic
surv1,Schoenus maschalinus,2499,NSWFFRDv2.1,"{""Keith 1991""}","{""VA Group 9"",""Survives 100% scorch; resprout location unknown"",""Overall value of fireresponse column is R""}",NA,All,NA,NA,NA,Keith 1991,surv1 logic
surv1,Schoenus paludosus,2504,NSWFFRDv2.1,"{""Keith 1991""}","{""VA Group 9"",""Survives 100% scorch; resprout location unknown"",""Overall value of fireresponse column is R""}",NA,All,NA,NA,NA,Keith 1991,surv1 logic
surv1,Schoenus turbinatus,2507,NSWFFRDv2.1,"{""Benwell 1998""}","{""VA Group 2"",""Killed by 100% scorch; seed storage in soil"",""Overall value of fireresponse column is S/R""}",NA,None,NA,NA,NA,Benwell 1998,surv1 logic
surv1,Selaginella uliginosa,8187,NSWFFRDv2.1,"{""Keith 1991""}","{""VA Group 9"",""Survives 100% scorch; resprout location unknown"",""Overall value of fireresponse column is R""}",NA,All,NA,NA,NA,Keith 1991,surv1 logic
surv1,Senecio hispidulus,1664,NSWFFRDv2.1,"{""Keith 1991""}","{""VA Group 8"",""Killed by 100% scorch; seed storage unknown"",""Overall value of fireresponse column is S""}",NA,None,NA,NA,NA,Keith 1991,surv1 logic
surv1,Senecio vulgaris,1681,NSWFFRDv2.1,"{""Benwell 1998""}","{""VA Group 8"",""Killed by 100% scorch; seed storage unknown"",""Overall value of fireresponse column is S""}",NA,None,NA,NA,NA,Benwell 1998,surv1 logic
surv1,Sowerbaea juncea,3567,NSWFFRDv2.1,"{""Keith 1991""}","{""VA Group 9"",""Survives 100% scorch; resprout location unknown"",""Overall value of fireresponse column is R""}",NA,All,NA,NA,NA,Keith 1991,surv1 logic
surv1,Sowerbaea juncea,3567,NSWFFRDv2.1,"{""Benwell 1998""}","{""VA Group 9"",""Survives 100% scorch; resprout location unknown"",""Overall value of fireresponse column is R""}",NA,All,NA,NA,NA,Benwell 1998,surv1 logic
surv1,Sowerbaea juncea,3567,NSWFFRDv2.1,"{""Benwell 1998""}","{""VA Group IX"",""Survives 100% scorch; resprout location unknown"",""Overall value of fireresponse column is R""}",NA,All,NA,NA,NA,Benwell 1998,surv1 logic
surv1,Sporadanthus gracilis,10603,NSWFFRDv2.1,"{""Keith 1991""}","{""VA Group 9"",""Survives 100% scorch; resprout location unknown"",""Overall value of fireresponse column is R""}",NA,All,NA,NA,NA,Keith 1991,surv1 logic
surv1,Sporadanthus interruptus,10604,NSWFFRDv2.1,"{""Benwell 1998""}","{""VA Group 4"",""Survives 100% scorch; resprouts from root suckers or rhizomes"",""Overall value of fireresponse column is R""}",NA,All,NA,NA,NA,Benwell 1998,surv1 logic
surv1,Sporadanthus interruptus,10604,NSWFFRDv2.1,"{""Benwell 1998""}","{""VA Group IV"",""Survives 100% scorch; resprouts from root suckers or rhizomes"",""Overall value of fireresponse column is R""}",NA,All,NA,NA,NA,Benwell 1998,surv1 logic
surv1,Sprengelia sprengelioides,2655,NSWFFRDv2.1,"{""Benwell 1998""}","{""VA Group 2"",""Killed by 100% scorch; seed storage in soil"",""Overall value of fireresponse column is S""}",NA,None,NA,NA,NA,Benwell 1998,surv1 logic
surv1,Stackhousia nuda,6122,NSWFFRDv2.1,"{""Keith 1991""}","{""VA Group 9"",""Survives 100% scorch; resprout location unknown"",""Overall value of fireresponse column is Rs""}","{""Variable fire response (6)""}",All,NA,NA,NA,Keith 1991,surv1 logic
surv1,Stackhousia nuda,6122,NSWFFRDv2.1,"{""Benwell 1998""}","{""VA Group 9"",""Survives 100% scorch; resprout location unknown"",""Overall value of fireresponse column is Rs""}","{""Variable fire response (6)""}",All,NA,NA,NA,Benwell 1998,surv1 logic
surv1,Stackhousia nuda,6122,NSWFFRDv2.1,"{""Benwell 1998""}","{""VA Group IX"",""Survives 100% scorch; resprout location unknown"",""Overall value of fireresponse column is Rs""}","{""Variable fire response (6)""}",All,NA,NA,NA,Benwell 1998,surv1 logic
surv1,Stackhousia nuda,6122,NSWFFRDv2.1,"{""Benwell 1998""}","{""VA Group II"",""Killed by 100% scorch; seed storage in soil"",""Overall value of fireresponse column is Rs""}","{""Variable fire response (6)""}",None,NA,NA,NA,Benwell 1998,surv1 logic
surv1,Stylidium debile,6154,NSWFFRDv2.1,"{""Benwell 1998""}","{""VA Group 9"",""Survives 100% scorch; resprout location unknown"",""Overall value of fireresponse column is R""}",NA,All,NA,NA,NA,Benwell 1998,surv1 logic
surv1,Stylidium graminifolium,6157,NSWFFRDv2.1,"{""Benwell 1998""}","{""VA Group 9"",""Survives 100% scorch; resprout location unknown"",""Overall value of fireresponse column is Rs""}","{""Mortality 0% after low intensity burn (99); Post-fire abundance decrease (P)""}",All,NA,NA,NA,Benwell 1998,surv1 logic
surv1,Stylidium graminifolium,6157,NSWFFRDv2.1,"{""Benwell 1998""}","{""VA Group IX"",""Survives 100% scorch; resprout location unknown"",""Overall value of fireresponse column is Rs""}","{""Mortality 0% after low intensity burn (99); Post-fire abundance decrease (P)""}",All,NA,NA,NA,Benwell 1998,surv1 logic
surv1,Stylidium lineare,6159,NSWFFRDv2.1,"{""Keith 1991""}","{""VA Group 9"",""Survives 100% scorch; resprout location unknown"",""Overall value of fireresponse column is R""}",NA,All,NA,NA,NA,Keith 1991,surv1 logic
surv1,Styphelia triflora,2660,NSWFFRDv2.1,"{""Clarke Fulloon 1999""}","{""VA Group II"",""Killed by 100% scorch; seed storage in soil"",""Overall value of fireresponse column is S""}",NA,None,NA,NA,NA,Clarke Fulloon 1999,surv1 logic
surv1,Styphelia viridis,2662,NSWFFRDv2.1,"{""Benwell 1998""}","{""VA Group 2"",""Killed by 100% scorch; seed storage in soil"",""Overall value of fireresponse column is S""}",NA,None,NA,NA,NA,Benwell 1998,surv1 logic
surv1,Tetraria capillaris,2516,NSWFFRDv2.1,"{""Keith 1991""}","{""VA Group 9"",""Survives 100% scorch; resprout location unknown"",""Overall value of fireresponse column is R""}",NA,All,NA,NA,NA,Keith 1991,surv1 logic
surv1,Tetratheca ericifolia,6204,NSWFFRDv2.1,"{""Benson 1985""}","{""VA Group 8"",""Killed by 100% scorch; seed storage unknown"",""Overall value of fireresponse column is Rs""}",NA,None,NA,NA,NA,Benson 1985,surv1 logic
surv1,Tetratheca thymifolia,6214,NSWFFRDv2.1,"{""Benwell 1998""}","{""VA Group 2"",""Killed by 100% scorch; seed storage in soil"",""Overall value of fireresponse column is Sr""}","{""Variable fire response (6); some resprouting, mostly killed (105)""}",None,NA,NA,NA,Benwell 1998,surv1 logic
surv1,Tetratheca thymifolia,6214,NSWFFRDv2.1,"{""Benwell 1998""}","{""VA Group 9"",""Survives 100% scorch; resprout location unknown"",""Overall value of fireresponse column is Sr""}","{""Variable fire response (6); some resprouting, mostly killed (105)""}",All,NA,NA,NA,Benwell 1998,surv1 logic
surv1,Thelionema caespitosum,7664,NSWFFRDv2.1,"{""Keith 1991""}","{""VA Group 9"",""Survives 100% scorch; resprout location unknown"",""Overall value of fireresponse column is R""}",NA,All,NA,NA,NA,Keith 1991,surv1 logic
surv1,Thelionema grande,8301,NSWFFRDv2.1,"{""Clarke Fulloon 1999""}","{""VA Group IV"",""Survives 100% scorch; resprouts from root suckers or rhizomes"",""Overall value of fireresponse column is R""}",NA,All,NA,NA,NA,Clarke Fulloon 1999,surv1 logic
surv1,Thelionema umbellatum,6461,NSWFFRDv2.1,"{""Keith 1991""}","{""VA Group 9"",""Survives 100% scorch; resprout location unknown"",""Overall value of fireresponse column is R""}",NA,All,NA,NA,NA,Keith 1991,surv1 logic
surv1,Thelymitra ixioides var. ixioides,8968,NSWFFRDv2.1,"{""Benwell 1998""}","{""VA Group 9"",""Survives 100% scorch; resprout location unknown"",""Overall value of fireresponse column is R""}",NA,All,NA,NA,NA,Benwell 1998,surv1 logic
surv1,Themeda australis,5219,NSWFFRDv2.1,"{""Benwell 1998""}","{""VA Group 9"",""Survives 100% scorch; resprout location unknown"",""Overall value of fireresponse column is R""}",NA,All,NA,NA,NA,Benwell 1998,surv1 logic
surv1,Themeda australis,5219,NSWFFRDv2.1,"{""Benwell 1998""}","{""VA Group IX"",""Survives 100% scorch; resprout location unknown"",""Overall value of fireresponse column is R""}",NA,All,NA,NA,NA,Benwell 1998,surv1 logic
surv1,Themeda triandra,7770,NSWFFRDv2.1,"{""Benwell 1998""}","{""VA Group 9"",""Survives 100% scorch; resprout location unknown"",""Overall value of fireresponse column is R""}","{""100% survival in semi arid conditions (133)""}",All,NA,NA,NA,Benwell 1998,surv1 logic
surv1,Thysanotus tuberosus subsp. tuberosus,6427,NSWFFRDv2.1,"{""Benwell 1998""}","{""VA Group 9"",""Survives 100% scorch; resprout location unknown"",""Overall value of fireresponse column is Rs""}","{""Juveniles die (67); Post-fire abundance decrease (P)""}",All,NA,NA,NA,Benwell 1998,surv1 logic
surv1,Tricoryne elatior,7355,NSWFFRDv2.1,"{""Benwell 1998""}","{""VA Group 9"",""Survives 100% scorch; resprout location unknown"",""Overall value of fireresponse column is R""}",NA,All,NA,NA,NA,Benwell 1998,surv1 logic
surv1,Tricoryne simplex,3577,NSWFFRDv2.1,"{""Keith 1991""}","{""VA Group 9"",""Survives 100% scorch; resprout location unknown"",""Overall value of fireresponse column is R""}",NA,All,NA,NA,NA,Keith 1991,surv1 logic
surv1,Tricostularia pauciflora,2518,NSWFFRDv2.1,"{""Keith 1991""}","{""VA Group 9"",""Survives 100% scorch; resprout location unknown"",""Overall value of fireresponse column is R""}",NA,All,NA,NA,NA,Keith 1991,surv1 logic
surv1,Utricularia dichotoma,3507,NSWFFRDv2.1,"{""Benwell 1998""}","{""VA Group 2"",""Killed by 100% scorch; seed storage in soil"",""Overall value of fireresponse column is R""}","{""Variable (39)""}",None,NA,NA,NA,Benwell 1998,surv1 logic
surv1,Utricularia dichotoma,3507,NSWFFRDv2.1,"{""Keith 1991""}","{""VA Group 9"",""Survives 100% scorch; resprout location unknown"",""Overall value of fireresponse column is R""}","{""Variable (39)""}",All,NA,NA,NA,Keith 1991,surv1 logic
surv1,Utricularia lateriflora,3508,NSWFFRDv2.1,"{""Benwell 1998""}","{""VA Group 2"",""Killed by 100% scorch; seed storage in soil"",""Overall value of fireresponse column is R""}","{""Variable (39)""}",None,NA,NA,NA,Benwell 1998,surv1 logic
surv1,Utricularia lateriflora,3508,NSWFFRDv2.1,"{""Keith 1991""}","{""VA Group 9"",""Survives 100% scorch; resprout location unknown"",""Overall value of fireresponse column is R""}","{""Variable (39)""}",All,NA,NA,NA,Keith 1991,surv1 logic
surv1,Villarsia exaltata,3692,NSWFFRDv2.1,"{""Keith 1991""}","{""VA Group 9"",""Survives 100% scorch; resprout location unknown"",""Overall value of fireresponse column is Rs""}","{""Variable (39)""}",All,NA,NA,NA,Keith 1991,surv1 logic
surv1,Woollsia pungens,2664,NSWFFRDv2.1,"{""Benson 1985""}","{""VA Group 8"",""Killed by 100% scorch; seed storage unknown"",""Overall value of fireresponse column is Sr""}","{""Variable (39)""}",None,NA,NA,NA,Benson 1985,surv1 logic
surv1,Woollsia pungens,2664,NSWFFRDv2.1,"{""Benwell 1998""}","{""VA Group 2"",""Killed by 100% scorch; seed storage in soil"",""Overall value of fireresponse column is Sr""}","{""Variable (39)""}",None,NA,NA,NA,Benwell 1998,surv1 logic
surv1,Xanthorrhoea fulva,8771,NSWFFRDv2.1,"{""Benwell 1998""}","{""VA Group 9"",""Survives 100% scorch; resprout location unknown"",""Overall value of fireresponse column is R""}",NA,All,NA,NA,NA,Benwell 1998,surv1 logic
surv1,Xanthorrhoea johnsonii,6317,NSWFFRDv2.1,"{""Benwell 1998""}","{""VA Group 9"",""Survives 100% scorch; resprout location unknown"",""Overall value of fireresponse column is R""}",NA,All,NA,NA,NA,Benwell 1998,surv1 logic
surv1,Xanthorrhoea resinosa,6321,NSWFFRDv2.1,"{""Keith 1991""}","{""VA Group 9"",""Survives 100% scorch; resprout location unknown"",""Overall value of fireresponse column is R""}",NA,All,NA,NA,NA,Keith 1991,surv1 logic
surv1,Xanthosia dissecta,1161,NSWFFRDv2.1,"{""Keith 1991""}","{""VA Group 9"",""Survives 100% scorch; resprout location unknown"",""Overall value of fireresponse column is R""}",NA,All,NA,NA,NA,Keith 1991,surv1 logic
surv1,Xanthosia pilosa,1162,NSWFFRDv2.1,"{""Benwell 1998""}","{""VA Group 2"",""Killed by 100% scorch; seed storage in soil"",""Overall value of fireresponse column is Sr""}","{""Both resprouting and killed forms seen in Garigal NP; (1), Variable (39)""}",None,NA,NA,NA,Benwell 1998,surv1 logic
surv1,Xanthosia tridentata,1163,NSWFFRDv2.1,"{""Benson 1985""}","{""VA Group 8"",""Killed by 100% scorch; seed storage unknown"",""Overall value of fireresponse column is Sr""}",NA,None,NA,NA,NA,Benson 1985,surv1 logic
surv1,Xyris juncea,6323,NSWFFRDv2.1,"{""Benwell 1998""}","{""VA Group 9"",""Survives 100% scorch; resprout location unknown"",""Overall value of fireresponse column is R""}",NA,All,NA,NA,NA,Benwell 1998,surv1 logic
surv1,Xyris juncea,6323,NSWFFRDv2.1,"{""Keith 1991""}","{""VA Group 9"",""Survives 100% scorch; resprout location unknown"",""Overall value of fireresponse column is R""}",NA,All,NA,NA,NA,Keith 1991,surv1 logic
surv1,Xyris operculata,6324,NSWFFRDv2.1,"{""Benwell 1998""}","{""VA Group 9"",""Survives 100% scorch; resprout location unknown"",""Overall value of fireresponse column is R""}",NA,All,NA,NA,NA,Benwell 1998,surv1 logic
surv1,Xyris operculata,6324,NSWFFRDv2.1,"{""Keith 1991""}","{""VA Group 9"",""Survives 100% scorch; resprout location unknown"",""Overall value of fireresponse column is R""}",NA,All,NA,NA,NA,Keith 1991,surv1 logic
surv1,Xyris ustulata,6325,NSWFFRDv2.1,"{""Keith 1991""}","{""VA Group 9"",""Survives 100% scorch; resprout location unknown"",""Overall value of fireresponse column is R""}",NA,All,NA,NA,NA,Keith 1991,surv1 logic
surv1,Zieria laevigata,5841,NSWFFRDv2.1,"{""Benwell 1998""}","{""VA Group 9"",""Survives 100% scorch; resprout location unknown"",""Overall value of fireresponse column is Sr""}","{""Variable fire response (6)""}",All,NA,NA,NA,Benwell 1998,surv1 logic
surv1,Zieria laevigata,5841,NSWFFRDv2.1,"{""Benwell 1998""}","{""VA Group IX"",""Survives 100% scorch; resprout location unknown"",""Overall value of fireresponse column is Sr""}","{""Variable fire response (6)""}",All,NA,NA,NA,Benwell 1998,surv1 logic
surv1,Zieria laevigata,5841,NSWFFRDv2.1,"{""Benwell 1998""}","{""VA Group II"",""Killed by 100% scorch; seed storage in soil"",""Overall value of fireresponse column is Sr""}","{""Variable fire response (6)""}",None,NA,NA,NA,Benwell 1998,surv1 logic
germ1,Callistemon pungens,9126,NSWFFRDv2.1,"{""Clarke Fulloon 1999""}","{""Seed storage"",""serotinous canopy""}","{""Cell color index 12""}",Canopy,NA,NA,NA,Clarke Fulloon 1999,retire - not reflected in source
rect2,Leucopogon melaleucoides,2628,NSWFFRDv2.1,"{""Benwell 1998""}","{Establishment,""T (observed 6 yrs after fire)"",->,T}","{""Cell color index 12"",""original record split into multiple entries, prob. different sources""}",Tolerant,NA,NA,NA,Benwell 1998,retire - not reflected in source
rect2,Prostanthera teretifolia,3436,NSWFFRDv2.1,"{""Clarke Fulloon 1999""}","{Establishment,T}","{""Cell color index 12""}",Tolerant,NA,NA,NA,Clarke Fulloon 1999,retire - not reflected in source
repr2,Thelymitra ixioides var. ixioides,8968,NSWFFRDv2.1,"{""Benwell 1998"",""Keith David pers. comm.""}","{""Post-fire flowering"",facultative}","{""Cell color index 12""}",Facultative,NA,NA,NA,Benwell 1998,identified as a faculative resprouter --> does this justify  this translation? two sources listed so could just be… pers comms.
repr2,Xanthorrhoea fulva,8771,NSWFFRDv2.1,"{""Benwell 1998"",""Keith David pers. comm.""}","{""Post-fire flowering"",exclusive}","{""Cell color index 12""}",Exclusive,NA,NA,NA,Benwell 1998,"states seedlings within two years, no mention of flowering.  two sources listed so could just be… pers comms."
repr2,Xanthorrhoea johnsonii,6317,NSWFFRDv2.1,"{""Benwell 1998"",""Keith David pers. comm.""}","{""Post-fire flowering"",exclusive}","{""Cell color index 12""}",Exclusive,NA,NA,NA,Benwell 1998,"states seedlings within two years, no mention of flowering.  two sources listed so could just be… pers comms."
repr3,Banksia ericifolia subsp. ericifolia,11049,NSWFFRDv2.1,"{""Benson 1985""}","{""Primary juvenile period"",""7-8 (BE)""}",NA,NA,NA,8,7,Benson 1985,retire - name mismatch - subsp. ericifolia
repr3,Banksia serrata,5348,NSWFFRDv2.1,"{""Bradstock 1990"",""Department Natural Resources Environment "",""Benson 1985""}","{""Primary juvenile period"",5->8}","{""Cell color index 12""}",NA,NA,NA,5,Benson 1985,does not match source if (no flowering yet is listed) - may be from other listed sources eg bradstock
repr3,Dillwynia retorta species complex,12383,NSWFFRDv2.1,"{""Keith David pers. comm."",""Watts Greg. pers. comm."",""Benson 1985"",""Purdie Slatyer 1976""}","{""Primary juvenile period"",2-5}","{""Cell color index 12""}",NA,NA,5,2,Benson 1985,retire - name mismatch - species complex
repr3,Goodenia bellidifolia subsp. bellidifolia,8711,NSWFFRDv2.1,"{""Keith David pers. comm."",""Benson 1985""}","{""Primary juvenile period"",4}","{""Cell color index 12""}",NA,4,NA,NA,Benson 1985,retire - name mismatch - subsp. 
repr3,Hibbertia cistiflora subsp. cistiflora,10556,NSWFFRDv2.1,"{""Benson 1985""}","{""Primary juvenile period"",3}","{""Cell color index 12""}",NA,3,NA,NA,Benson 1985,retire - name mismatch - subsp. 
repr3,Philotheca salsolifolia subsp. salsolifolia,10596,NSWFFRDv2.1,"{""Benson 1985""}","{""Primary juvenile period"",5}","{""Cell color index 12""}",NA,5,NA,NA,Benson 1985,retire - name mismatch - subsp. 
repr4,Actinotus helianthi,1094,NSWFFRDv2.1,"{""Benson 1985""}","{""Prim Juv period - 3-4 for 50% of population to flower (BE)""}","{""Data entry by"",""Renee Woodward""}",NA,4,NA,3,Benson 1985,taken from flowering data - not seed data
repr4,Platysace linearifolia,1145,NSWFFRDv2.1,"{""Benson 1985""}","{""Prim Juv period - 4 for 50% of population to flower""}","{""Data entry by"",""Renee Woodward""}",NA,4,NA,NA,Benson 1985,taken from flowering data - not seed data
surv5,Babingtonia odontocalyx,9817,NSWFFRDv2.1,"{""Clarke Fulloon 1999""}","{""Life span"",>10?}","{""Cell color index 12"",uncertain}",NA,NA,NA,10,Clarke Fulloon 1999,retire - name mismatch - subsp. 
surv5,Olearia gravis,1595,NSWFFRDv2.1,"{""Clarke Fulloon 1999""}","{""Life span"",short}","{""Cell color index 12""}",NA,NA,NA,NA,Clarke Fulloon 1999,retire - NA record
surv5,Prostanthera teretifolia,3436,NSWFFRDv2.1,"{""Clarke Fulloon 1999""}","{""Life span"",<10?}","{""Cell color index 12"",uncertain}",NA,NA,10,NA,Clarke Fulloon 1999,retire - not reflected in source
