"row_number","trait_code","species","species_code","main_source","original_sources","raw_value","original_notes","norm_value","best","upper","lower","sources"
14944,"surv1","Acacia baueri subsp. baueri","7060","NSWFFRDv2.1","{""Benwell 1998""}","{""VA Group 2"",""Killed by 100% scorch; seed storage in soil"",""Overall value of fireresponse column is S""}",NA,"None",NA,NA,NA,"Benwell 1998"
15050,"surv1","Acacia burbidgeae","3725","NSWFFRDv2.1","{""Clarke Fulloon 1999""}","{""VA Group II"",""Killed by 100% scorch; seed storage in soil"",""Overall value of fireresponse column is S""}",NA,"None",NA,NA,NA,"Clarke Fulloon 1999"
15101,"surv1","Acacia buxifolia","3727","NSWFFRDv2.1","{""Clarke Fulloon 1999""}","{""VA Group II"",""Killed by 100% scorch; seed storage in soil"",""Overall value of fireresponse column is Rs""}","{""Post-fire abundance increase (P)""}","None",NA,NA,NA,"Clarke Fulloon 1999"
15492,"surv1","Acacia granitica","3784","NSWFFRDv2.1","{""Clarke Fulloon 1999""}","{""VA Group II"",""Killed by 100% scorch; seed storage in soil"",""Overall value of fireresponse column is S""}",NA,"None",NA,NA,NA,"Clarke Fulloon 1999"
15680,"surv1","Acacia lanigera","3806","NSWFFRDv2.1","{""Benwell 1998""}","{""VA Group 2"",""Killed by 100% scorch; seed storage in soil"",""Overall value of fireresponse column is S""}",NA,"None",NA,NA,NA,"Benwell 1998"
15724,"surv1","Acacia latisepala","3807","NSWFFRDv2.1","{""Clarke Fulloon 1999""}","{""VA Group II"",""Killed by 100% scorch; seed storage in soil"",""Overall value of fireresponse column is S""}",NA,"None",NA,NA,NA,"Clarke Fulloon 1999"
15797,"surv1","Acacia longifolia subsp. longifolia","10790","NSWFFRDv2.1","{""Keith 1991""}","{""VA Group 8"",""Killed by 100% scorch; seed storage unknown"",""Overall value of fireresponse column is Sr""}",NA,"None",NA,NA,NA,"Keith 1991"
15859,"surv1","Acacia macnuttiana","3820","NSWFFRDv2.1","{""Clarke Fulloon 1999""}","{""VA Group VIII"",""Killed by 100% scorch; seed storage unknown"",""Overall value of fireresponse column is S""}","{""Mortality 75% (100)""}","None",NA,NA,NA,"Clarke Fulloon 1999"
16426,"surv1","Acacia pruinosa","3858","NSWFFRDv2.1","{""Clarke Fulloon 1999""}","{""VA Group IX"",""Survives 100% scorch; resprout location unknown"",""Overall value of fireresponse column is R""}",NA,"All",NA,NA,NA,"Clarke Fulloon 1999"
16470,"surv1","Acacia pubifolia","9405","NSWFFRDv2.1","{""Clarke Fulloon 1999""}","{""VA Group VIII"",""Killed by 100% scorch; seed storage unknown"",""Overall value of fireresponse column is S""}",NA,"None",NA,NA,NA,"Clarke Fulloon 1999"
16640,"surv1","Acacia suaveolens","3881","NSWFFRDv2.1","{""Benwell 1998""}","{""VA Group 2"",""Killed by 100% scorch; seed storage in soil"",""Overall value of fireresponse column is Sr""}","{""Mortality >85% (105)""}","None",NA,NA,NA,"Benwell 1998"
16819,"surv1","Acacia torringtonensis","3888","NSWFFRDv2.1","{""Clarke Fulloon 1999""}","{""VA Group II"",""Killed by 100% scorch; seed storage in soil"",""Overall value of fireresponse column is S""}",NA,"None",NA,NA,NA,"Clarke Fulloon 1999"
16866,"surv1","Acacia ulicifolia","3893","NSWFFRDv2.1","{""Benwell 1998""}","{""VA Group 9"",""Survives 100% scorch; resprout location unknown"",""Overall value of fireresponse column is Sr""}","{""Variable fire response (6), Some populations (Nullo Mt, Lithgow) resprout or root sucker (1), Variable (39), Some resprouting after low-intensity fire (105)""}","All",NA,NA,NA,"Benwell 1998"
16925,"surv1","Acacia venulosa","8865","NSWFFRDv2.1","{""Clarke Fulloon 1999""}","{""VA Group II"",""Killed by 100% scorch; seed storage in soil"",""Overall value of fireresponse column is S/R""}",NA,"None",NA,NA,NA,"Clarke Fulloon 1999"
17031,"surv1","Acacia viscidula","3899","NSWFFRDv2.1","{""Clarke Fulloon 1999""}","{""VA Group II"",""Killed by 100% scorch; seed storage in soil"",""Overall value of fireresponse column is Sr""}",NA,"None",NA,NA,NA,"Clarke Fulloon 1999"
17073,"surv1","Acacia williamsiana","10796","NSWFFRDv2.1","{""Clarke Fulloon 1999""}","{""VA Group VIII"",""Killed by 100% scorch; seed storage unknown"",""Overall value of fireresponse column is SR""}","{""II-100? (inferred from morphology)""}","None",NA,NA,NA,"Clarke Fulloon 1999"
17451,"surv1","Actinotus minor","1095","NSWFFRDv2.1","{""Benson 1985""}","{""VA Group 8"",""Killed by 100% scorch; seed storage unknown"",""Overall value of fireresponse column is Sr""}","{""May resprout after low intensity fire (1)""}","None",NA,NA,NA,"Benson 1985"
17513,"surv1","Adrastaea salicifolia","2525","NSWFFRDv2.1","{""Benwell 1998""}","{""VA Group 9"",""Survives 100% scorch; resprout location unknown"",""Overall value of fireresponse column is R""}",NA,"All",NA,NA,NA,"Benwell 1998"
17525,"surv1","Agiortia pedicellata","12011","NSWFFRDv2.1","{""Benwell 1998""}","{""VA Group 4"",""Survives 100% scorch; resprouts from root suckers or rhizomes"",""Overall value of fireresponse column is R""}",NA,"All",NA,NA,NA,"Benwell 1998"
17526,"surv1","Agiortia pedicellata","12011","NSWFFRDv2.1","{""Benwell 1998""}","{""VA Group IV"",""Survives 100% scorch; resprouts from root suckers or rhizomes"",""Overall value of fireresponse column is R""}",NA,"All",NA,NA,NA,"Benwell 1998"
17799,"surv1","Allocasuarina littoralis","2012","NSWFFRDv2.1","{""Benwell 1998""}","{""VA Group 9"",""Survives 100% scorch; resprout location unknown"",""Overall value of fireresponse column is Rs""}","{""Resprouting may be age dependant, with older plants killed; May become dominant in long unburnt communities (1); Variable (39); 45% resprouting after modearte intensity fire (92); Has no protected vegetative buds or insulated bark; Mortality 10""}","All",NA,NA,NA,"Benwell 1998"
17872,"surv1","Allocasuarina paludosa","2015","NSWFFRDv2.1","{""Keith 1991""}","{""VA Group 9"",""Survives 100% scorch; resprout location unknown"",""Overall value of fireresponse column is R""}",NA,"All",NA,NA,NA,"Keith 1991"
18154,"surv1","Amperea xiphoclada var. xiphoclada","9713","NSWFFRDv2.1","{""Benwell 1998""}","{""VA Group 11"",""Survives 100% scorch: obligate resprouters"",""Overall value of fireresponse column is R""}","{""Killed at 1 of 2 sites - NB sampled within 6 months of fire (105)""}","All",NA,NA,NA,"Benwell 1998"
19530,"surv1","Aotus ericoides","2770","NSWFFRDv2.1","{""Benwell 1998""}","{""VA Group 9"",""Survives 100% scorch; resprout location unknown"",""Overall value of fireresponse column is Rs""}","{""Variable (39)""}","All",NA,NA,NA,"Benwell 1998"
19540,"surv1","Aotus ericoides","2770","NSWFFRDv2.1","{""Keith 1991""}","{""VA Group 9"",""Survives 100% scorch; resprout location unknown"",""Overall value of fireresponse column is Rs""}","{""Variable (39)""}","All",NA,NA,NA,"Keith 1991"
19551,"surv1","Aotus lanigera","2771","NSWFFRDv2.1","{""Benwell 1998""}","{""VA Group 2"",""Killed by 100% scorch; seed storage in soil"",""Overall value of fireresponse column is S""}",NA,"None",NA,NA,NA,"Benwell 1998"
19695,"surv1","Aristida warburgii","4774","NSWFFRDv2.1","{""Keith 1991""}","{""VA Group 9"",""Survives 100% scorch; resprout location unknown"",""Overall value of fireresponse column is R""}",NA,"All",NA,NA,NA,"Keith 1991"
19848,"surv1","Astroloma pinifolium","2585","NSWFFRDv2.1","{""Benwell 1998""}","{""VA Group 2"",""Killed by 100% scorch; seed storage in soil"",""Overall value of fireresponse column is S""}",NA,"None",NA,NA,NA,"Benwell 1998"
20071,"surv1","Babingtonia odontocalyx","9817","NSWFFRDv2.1","{""Clarke Fulloon 1999""}","{""VA Group II"",""Killed by 100% scorch; seed storage in soil"",""Overall value of fireresponse column is S""}",NA,"None",NA,NA,NA,"Clarke Fulloon 1999"
20093,"surv1","Baeckea frutescens","9835","NSWFFRDv2.1","{""Benwell 1998""}","{""VA Group 4"",""Survives 100% scorch; resprouts from root suckers or rhizomes"",""Overall value of fireresponse column is R""}",NA,"All",NA,NA,NA,"Benwell 1998"
20094,"surv1","Baeckea frutescens","9835","NSWFFRDv2.1","{""Benwell 1998""}","{""VA Group IV"",""Survives 100% scorch; resprouts from root suckers or rhizomes"",""Overall value of fireresponse column is R""}",NA,"All",NA,NA,NA,"Benwell 1998"
20120,"surv1","Baeckea imbricata","3995","NSWFFRDv2.1","{""Benwell 1998""}","{""VA Group 9"",""Survives 100% scorch; resprout location unknown"",""Overall value of fireresponse column is R""}","{""May be killed by high intensity fire (1)""}","All",NA,NA,NA,"Benwell 1998"
20121,"surv1","Baeckea imbricata","3995","NSWFFRDv2.1","{""Keith 1991""}","{""VA Group 9"",""Survives 100% scorch; resprout location unknown"",""Overall value of fireresponse column is R""}","{""May be killed by high intensity fire (1)""}","All",NA,NA,NA,"Keith 1991"
20148,"surv1","Baeckea linifolia","3997","NSWFFRDv2.1","{""Keith 1991""}","{""VA Group 9"",""Survives 100% scorch; resprout location unknown"",""Overall value of fireresponse column is R""}",NA,"All",NA,NA,NA,"Keith 1991"
20186,"surv1","Baloskion gracile","10607","NSWFFRDv2.1","{""Keith 1991""}","{""VA Group 9"",""Survives 100% scorch; resprout location unknown"",""Overall value of fireresponse column is S/R""}",NA,"All",NA,NA,NA,"Keith 1991"
20192,"surv1","Baloskion pallens","10609","NSWFFRDv2.1","{""Benwell 1998""}","{""VA Group 4"",""Survives 100% scorch; resprouts from root suckers or rhizomes"",""Overall value of fireresponse column is R""}",NA,"All",NA,NA,NA,"Benwell 1998"
20194,"surv1","Baloskion pallens","10609","NSWFFRDv2.1","{""Benwell 1998""}","{""VA Group IV"",""Survives 100% scorch; resprouts from root suckers or rhizomes"",""Overall value of fireresponse column is R""}",NA,"All",NA,NA,NA,"Benwell 1998"
20231,"surv1","Banksia aemula","5339","NSWFFRDv2.1","{""Benwell 1998""}","{""VA Group 9"",""Survives 100% scorch; resprout location unknown"",""Overall value of fireresponse column is R""}",NA,"All",NA,NA,NA,"Benwell 1998"
20233,"surv1","Banksia aemula","5339","NSWFFRDv2.1","{""Benwell 1998""}","{""VA Group IX"",""Survives 100% scorch; resprout location unknown"",""Overall value of fireresponse column is R""}",NA,"All",NA,NA,NA,"Benwell 1998"
20270,"surv1","Banksia ericifolia subsp. ericifolia","11049","NSWFFRDv2.1","{""Benson 1985""}","{""VA Group 8"",""Killed by 100% scorch; seed storage unknown"",""Overall value of fireresponse column is S""}","{""Resprouting population in Jervis Bay; Mortality generally >85%, 1 site mortality 60-85%, some resprouters at Jervis Bay (105)""}","None",NA,NA,NA,"Benson 1985"
20271,"surv1","Banksia ericifolia subsp. ericifolia","11049","NSWFFRDv2.1","{""Benwell 1998""}","{""VA Group 8"",""Killed by 100% scorch; seed storage unknown"",""Overall value of fireresponse column is S""}","{""Resprouting population in Jervis Bay; Mortality generally >85%, 1 site mortality 60-85%, some resprouters at Jervis Bay (105)""}","None",NA,NA,NA,"Benwell 1998"
20273,"surv1","Banksia ericifolia subsp. ericifolia","11049","NSWFFRDv2.1","{""Keith 1991""}","{""VA Group 8"",""Killed by 100% scorch; seed storage unknown"",""Overall value of fireresponse column is S""}","{""Resprouting population in Jervis Bay; Mortality generally >85%, 1 site mortality 60-85%, some resprouters at Jervis Bay (105)""}","None",NA,NA,NA,"Keith 1991"
20287,"surv1","Banksia ericifolia subsp. macrantha","11050","NSWFFRDv2.1","{""Benwell 1998""}","{""VA Group I"",""Killed by 100% scorch; seed storage on plant"",""Overall value of fireresponse column is S""}",NA,"None",NA,NA,NA,"Benwell 1998"
20395,"surv1","Banksia oblongifolia","5345","NSWFFRDv2.1","{""Benwell 1998""}","{""VA Group 9"",""Survives 100% scorch; resprout location unknown"",""Overall value of fireresponse column is R""}",NA,"All",NA,NA,NA,"Benwell 1998"
20397,"surv1","Banksia oblongifolia","5345","NSWFFRDv2.1","{""Keith 1991""}","{""VA Group 9"",""Survives 100% scorch; resprout location unknown"",""Overall value of fireresponse column is R""}",NA,"All",NA,NA,NA,"Keith 1991"
20430,"surv1","Banksia paludosa","5346","NSWFFRDv2.1","{""Keith 1991""}","{""VA Group 9"",""Survives 100% scorch; resprout location unknown"",""Overall value of fireresponse column is R""}","{""Mortality <10% (105)""}","All",NA,NA,NA,"Keith 1991"
20445,"surv1","Banksia robur","5347","NSWFFRDv2.1","{""Keith 1991""}","{""VA Group 9"",""Survives 100% scorch; resprout location unknown"",""Overall value of fireresponse column is R""}",NA,"All",NA,NA,NA,"Keith 1991"
20546,"surv1","Bauera microphylla","7219","NSWFFRDv2.1","{""Keith 1991""}","{""VA Group 9"",""Survives 100% scorch; resprout location unknown"",""Overall value of fireresponse column is R""}",NA,"All",NA,NA,NA,"Keith 1991"
20572,"surv1","Bauera rubioides","2268","NSWFFRDv2.1","{""Benwell 1998""}","{""VA Group 9"",""Survives 100% scorch; resprout location unknown"",""Overall value of fireresponse column is Rs""}","{""May be killed by high intensity fire (1), Variable (39); Post-fire abundance increase (61)""}","All",NA,NA,NA,"Benwell 1998"
20586,"surv1","Baumea acuta","2294","NSWFFRDv2.1","{""Keith 1991""}","{""VA Group 9"",""Survives 100% scorch; resprout location unknown"",""Overall value of fireresponse column is R""}",NA,"All",NA,NA,NA,"Keith 1991"
20592,"surv1","Baumea gunnii","2297","NSWFFRDv2.1","{""Keith 1991""}","{""VA Group 9"",""Survives 100% scorch; resprout location unknown"",""Overall value of fireresponse column is R""}",NA,"All",NA,NA,NA,"Keith 1991"
20619,"surv1","Baumea muelleri","2300","NSWFFRDv2.1","{""Benwell 1998""}","{""VA Group 9"",""Survives 100% scorch; resprout location unknown"",""Overall value of fireresponse column is R""}",NA,"All",NA,NA,NA,"Benwell 1998"
20620,"surv1","Baumea muelleri","2300","NSWFFRDv2.1","{""Benwell 1998""}","{""VA Group IX"",""Survives 100% scorch; resprout location unknown"",""Overall value of fireresponse column is R""}",NA,"All",NA,NA,NA,"Benwell 1998"
20624,"surv1","Baumea rubiginosa","2302","NSWFFRDv2.1","{""Keith 1991""}","{""VA Group 9"",""Survives 100% scorch; resprout location unknown"",""Overall value of fireresponse column is R""}",NA,"All",NA,NA,NA,"Keith 1991"
20646,"surv1","Baumea teretifolia","2303","NSWFFRDv2.1","{""Keith 1991""}","{""VA Group 9"",""Survives 100% scorch; resprout location unknown"",""Overall value of fireresponse column is R""}",NA,"All",NA,NA,NA,"Keith 1991"
20781,"surv1","Blandfordia nobilis","3529","NSWFFRDv2.1","{""Benwell 1998""}","{""VA Group 9"",""Survives 100% scorch; resprout location unknown"",""Overall value of fireresponse column is R""}",NA,"All",NA,NA,NA,"Benwell 1998"
20783,"surv1","Blandfordia nobilis","3529","NSWFFRDv2.1","{""Keith 1991""}","{""VA Group 9"",""Survives 100% scorch; resprout location unknown"",""Overall value of fireresponse column is R""}",NA,"All",NA,NA,NA,"Keith 1991"
20804,"surv1","Blechnum nudum","8058","NSWFFRDv2.1","{""Keith 1991""}","{""VA Group 9"",""Survives 100% scorch; resprout location unknown"",""Overall value of fireresponse column is R""}",NA,"All",NA,NA,NA,"Keith 1991"
20898,"surv1","Boronia falcifolia","5739","NSWFFRDv2.1","{""Benwell 1998""}","{""VA Group 9"",""Survives 100% scorch; resprout location unknown"",""Overall value of fireresponse column is R""}",NA,"All",NA,NA,NA,"Benwell 1998"
20899,"surv1","Boronia falcifolia","5739","NSWFFRDv2.1","{""Benwell 1998""}","{""VA Group IX"",""Survives 100% scorch; resprout location unknown"",""Overall value of fireresponse column is R""}",NA,"All",NA,NA,NA,"Benwell 1998"
20905,"surv1","Boronia granitica","5743","NSWFFRDv2.1","{""Clarke Fulloon 1999""}","{""VA Group II"",""Killed by 100% scorch; seed storage in soil"",""Overall value of fireresponse column is S""}","{""no resprouts from 30 burnt individuals (69); lignotuber or other structure absent (R44)""}","None",NA,NA,NA,"Clarke Fulloon 1999"
20966,"surv1","Boronia parviflora","5749","NSWFFRDv2.1","{""Keith 1991""}","{""VA Group 9"",""Survives 100% scorch; resprout location unknown"",""Overall value of fireresponse column is Rs""}",NA,"All",NA,NA,NA,"Keith 1991"
21008,"surv1","Boronia safrolifera","5758","NSWFFRDv2.1","{""Benwell 1998""}","{""VA Group 9"",""Survives 100% scorch; resprout location unknown"",""Overall value of fireresponse column is R""}",NA,"All",NA,NA,NA,"Benwell 1998"
21009,"surv1","Boronia safrolifera","5758","NSWFFRDv2.1","{""Benwell 1998""}","{""VA Group IX"",""Survives 100% scorch; resprout location unknown"",""Overall value of fireresponse column is R""}",NA,"All",NA,NA,NA,"Benwell 1998"
21033,"surv1","Boronia sp. aff. microphylla","n/a","NSWFFRDv2.1","{""Clarke Fulloon 1999""}","{""VA Group IX"",""Survives 100% scorch; resprout location unknown"",""Overall value of fireresponse column is R""}",NA,"All",NA,NA,NA,"Clarke Fulloon 1999"
21065,"surv1","Bossiaea ensata","2778","NSWFFRDv2.1","{""Benwell 1998""}","{""VA Group 9"",""Survives 100% scorch; resprout location unknown"",""Overall value of fireresponse column is Rs""}","{""Variable (39), Mostly killed, some resprouting (105)""}","All",NA,NA,NA,"Benwell 1998"
21079,"surv1","Bossiaea heterophylla","2780","NSWFFRDv2.1","{""Benwell 1998""}","{""VA Group 9"",""Survives 100% scorch; resprout location unknown"",""Overall value of fireresponse column is Rs""}","{""Variable fire response (6, 39), Mortality 82-89% (57); Post-fire abundance decrease (57)""}","All",NA,NA,NA,"Benwell 1998"
21248,"surv1","Brachyloma daphnoides subsp. daphnoides","10689","NSWFFRDv2.1","{""Benwell 1998""}","{""VA Group 9"",""Survives 100% scorch; resprout location unknown"",""Overall value of fireresponse column is Rs""}","{""Variable (39); Post-fire abundance decrease (P)""}","All",NA,NA,NA,"Benwell 1998"
21280,"surv1","Brachyloma daphnoides subsp. daphnoides","10689","NSWFFRDv2.1","{""Clarke Fulloon 1999""}","{""VA Group IX"",""Survives 100% scorch; resprout location unknown"",""Overall value of fireresponse column is Rs""}","{""Variable (39); Post-fire abundance decrease (P)""}","All",NA,NA,NA,"Clarke Fulloon 1999"
21286,"surv1","Brachyloma saxicola","9295","NSWFFRDv2.1","{""Clarke Fulloon 1999""}","{Fireresponse,Sr,""Overall value of fireresponse column is Sr""}",NA,"Few",NA,NA,NA,"Clarke Fulloon 1999"
22579,"surv1","Brunoniella pumilio","1004","NSWFFRDv2.1","{""Keith 1991""}","{""VA Group 9"",""Survives 100% scorch; resprout location unknown"",""Overall value of fireresponse column is R""}","{""Mortality 27-38% (57)""}","All",NA,NA,NA,"Keith 1991"
22649,"surv1","Burchardia umbellata","3533","NSWFFRDv2.1","{""Keith 1991""}","{""VA Group 9"",""Survives 100% scorch; resprout location unknown"",""Overall value of fireresponse column is R""}","{""Juveniles die (67)""}","All",NA,NA,NA,"Keith 1991"
22652,"surv1","Burchardia umbellata","3533","NSWFFRDv2.1","{""Benwell 1998""}","{""VA Group 9"",""Survives 100% scorch; resprout location unknown"",""Overall value of fireresponse column is R""}","{""Juveniles die (67)""}","All",NA,NA,NA,"Benwell 1998"
22730,"surv1","Caesia parviflora","3535","NSWFFRDv2.1","{""Keith 1991""}","{""VA Group 9"",""Survives 100% scorch; resprout location unknown"",""Overall value of fireresponse column is R""}",NA,"All",NA,NA,NA,"Keith 1991"
22732,"surv1","Caesia parviflora","3535","NSWFFRDv2.1","{""Benwell 1998""}","{""VA Group 9"",""Survives 100% scorch; resprout location unknown"",""Overall value of fireresponse column is R""}",NA,"All",NA,NA,NA,"Benwell 1998"
22795,"surv1","Caladenia carnea","4373","NSWFFRDv2.1","{""Benwell 1998""}","{""VA Group 9"",""Survives 100% scorch; resprout location unknown"",""Overall value of fireresponse column is R""}","{""Post-fire abundance decrease (P)""}","All",NA,NA,NA,"Benwell 1998"
22892,"surv1","Caleana major","4389","NSWFFRDv2.1","{""Benwell 1998""}","{""VA Group 4"",""Survives 100% scorch; resprouts from root suckers or rhizomes"",""Overall value of fireresponse column is R""}",NA,"All",NA,NA,NA,"Benwell 1998"
22894,"surv1","Caleana major","4389","NSWFFRDv2.1","{""Benwell 1998""}","{""VA Group 9"",""Survives 100% scorch; resprout location unknown"",""Overall value of fireresponse column is R""}",NA,"All",NA,NA,NA,"Benwell 1998"
22928,"surv1","Callistemon citrinus","4004","NSWFFRDv2.1","{""Keith 1991""}","{""VA Group 9"",""Survives 100% scorch; resprout location unknown"",""Overall value of fireresponse column is R""}",NA,"All",NA,NA,NA,"Keith 1991"
22949,"surv1","Callistemon pachyphyllus","4010","NSWFFRDv2.1","{""Benwell 1998""}","{""VA Group 11"",""Survives 100% scorch: obligate resprouters"",""Overall value of fireresponse column is R""}",NA,"All",NA,NA,NA,"Benwell 1998"
22980,"surv1","Callistemon pungens","9126","NSWFFRDv2.1","{""Clarke Fulloon 1999""}","{""VA Group IX"",""Survives 100% scorch; resprout location unknown"",""Overall value of fireresponse column is R""}",NA,"All",NA,NA,NA,"Clarke Fulloon 1999"
23014,"surv1","Callistemon sp. aff. flavovirens","14189","NSWFFRDv2.1","{""Clarke Fulloon 1999""}","{""VA Group V"",""Survives 100% scorch; resprouts from basal stem buds (eg lignotuber)"",""Overall value of fireresponse column is R""}",NA,"All",NA,NA,NA,"Clarke Fulloon 1999"
23145,"surv1","Calochlaena dubia","8341","NSWFFRDv2.1","{""Keith 1991""}","{""VA Group 9"",""Survives 100% scorch; resprout location unknown"",""Overall value of fireresponse column is R""}",NA,"All",NA,NA,NA,"Keith 1991"
23201,"surv1","Calytrix tetragona","4021","NSWFFRDv2.1","{""Benwell 1998""}","{""VA Group 9"",""Survives 100% scorch; resprout location unknown"",""Overall value of fireresponse column is S/R""}",NA,"All",NA,NA,NA,"Benwell 1998"
23225,"surv1","Calytrix tetragona","4021","NSWFFRDv2.1","{""Benwell 1998""}","{""VA Group IX"",""Survives 100% scorch; resprout location unknown"",""Overall value of fireresponse column is S/R""}",NA,"All",NA,NA,NA,"Benwell 1998"
23230,"surv1","Calytrix tetragona","4021","NSWFFRDv2.1","{""Clarke Fulloon 1999""}","{""VA Group II"",""Killed by 100% scorch; seed storage in soil"",""Overall value of fireresponse column is S/R""}",NA,"None",NA,NA,NA,"Clarke Fulloon 1999"
23600,"surv1","Caustis recurvata var. recurvata","9315","NSWFFRDv2.1","{""Benwell 1998""}","{""VA Group 2"",""Killed by 100% scorch; seed storage in soil"",""Overall value of fireresponse column is Sr""}","{""Variable (39), killed by fire (126)""}","None",NA,NA,NA,"Benwell 1998"
23849,"surv1","Chordifex fastigiatus","13528","NSWFFRDv2.1","{""Keith 1991""}","{""VA Group 9"",""Survives 100% scorch; resprout location unknown"",""Overall value of fireresponse column is R""}",NA,"All",NA,NA,NA,"Keith 1991"
23881,"surv1","Chorizandra cymbaria","2344","NSWFFRDv2.1","{""Keith 1991""}","{""VA Group 9"",""Survives 100% scorch; resprout location unknown"",""Overall value of fireresponse column is R""}",NA,"All",NA,NA,NA,"Keith 1991"
23884,"surv1","Chorizandra sphaerocephala","2345","NSWFFRDv2.1","{""Keith 1991""}","{""VA Group 9"",""Survives 100% scorch; resprout location unknown"",""Overall value of fireresponse column is R""}",NA,"All",NA,NA,NA,"Keith 1991"
23906,"surv1","Chorizema parviflorum","2797","NSWFFRDv2.1","{""Benwell 1998""}","{""VA Group 9"",""Survives 100% scorch; resprout location unknown"",""Overall value of fireresponse column is Rs""}","{""Variable fire response (R in heath, S in forest) (BW)""}","All",NA,NA,NA,"Benwell 1998"
23907,"surv1","Chorizema parviflorum","2797","NSWFFRDv2.1","{""Benwell 1998""}","{""VA Group IX"",""Survives 100% scorch; resprout location unknown"",""Overall value of fireresponse column is Rs""}","{""Variable fire response (R in heath, S in forest) (BW)""}","All",NA,NA,NA,"Benwell 1998"
24096,"surv1","Coleocarya gracilis","5531","NSWFFRDv2.1","{""Benwell 1998""}","{""VA Group 2"",""Killed by 100% scorch; seed storage in soil"",""Overall value of fireresponse column is Rs""}","{""Variable fire response (BW)""}","None",NA,NA,NA,"Benwell 1998"
24097,"surv1","Coleocarya gracilis","5531","NSWFFRDv2.1","{""Benwell 1998""}","{""VA Group 4"",""Survives 100% scorch; resprouts from root suckers or rhizomes"",""Overall value of fireresponse column is Rs""}","{""Variable fire response (BW)""}","All",NA,NA,NA,"Benwell 1998"
24120,"surv1","Comesperma defoliatum","5252","NSWFFRDv2.1","{""Keith 1991""}","{""VA Group 9"",""Survives 100% scorch; resprout location unknown"",""Overall value of fireresponse column is R""}",NA,"All",NA,NA,NA,"Keith 1991"
24121,"surv1","Comesperma defoliatum","5252","NSWFFRDv2.1","{""Benwell 1998""}","{""VA Group 9"",""Survives 100% scorch; resprout location unknown"",""Overall value of fireresponse column is R""}",NA,"All",NA,NA,NA,"Benwell 1998"
24125,"surv1","Comesperma defoliatum","5252","NSWFFRDv2.1","{""Benwell 1998""}","{""VA Group IX"",""Survives 100% scorch; resprout location unknown"",""Overall value of fireresponse column is R""}",NA,"All",NA,NA,NA,"Benwell 1998"
24140,"surv1","Comesperma retusum","5255","NSWFFRDv2.1","{""Keith 1991""}","{""VA Group 9"",""Survives 100% scorch; resprout location unknown"",""Overall value of fireresponse column is S/R""}","{""Seeder in subalpine treeless plain (120)""}","All",NA,NA,NA,"Keith 1991"
24143,"surv1","Comesperma retusum","5255","NSWFFRDv2.1","{""Benwell 1998""}","{""VA Group IX"",""Survives 100% scorch; resprout location unknown"",""Overall value of fireresponse column is S/R""}","{""Seeder in subalpine treeless plain (120)""}","All",NA,NA,NA,"Benwell 1998"
25370,"surv1","Conospermum taxifolium","5352","NSWFFRDv2.1","{""Benwell 1998""}","{""VA Group 9"",""Survives 100% scorch; resprout location unknown"",""Overall value of fireresponse column is S/R""}",NA,"All",NA,NA,NA,"Benwell 1998"
25372,"surv1","Conospermum taxifolium","5352","NSWFFRDv2.1","{""Keith 1991""}","{""VA Group 9"",""Survives 100% scorch; resprout location unknown"",""Overall value of fireresponse column is S/R""}",NA,"All",NA,NA,NA,"Keith 1991"
25377,"surv1","Conospermum taxifolium","5352","NSWFFRDv2.1","{""Benwell 1998""}","{""VA Group IX"",""Survives 100% scorch; resprout location unknown"",""Overall value of fireresponse column is S/R""}",NA,"All",NA,NA,NA,"Benwell 1998"
25453,"surv1","Coprosma hirtella","5670","NSWFFRDv2.1","{""Clarke Fulloon 1999""}","{""VA Group II"",""Killed by 100% scorch; seed storage in soil"",""Overall value of fireresponse column is R""}",NA,"None",NA,NA,NA,"Clarke Fulloon 1999"
25617,"surv1","Correa reflexa","5772","NSWFFRDv2.1","{""Clarke Fulloon 1999""}","{""VA Group II"",""Killed by 100% scorch; seed storage in soil"",""Overall value of fireresponse column is Rs""}","{""Variable (39), Vegetative response at 69% of sites (78)""}","None",NA,NA,NA,"Clarke Fulloon 1999"
25630,"surv1","Corybas fordhamii","4408","NSWFFRDv2.1","{""Benwell 1998""}","{""VA Group 9"",""Survives 100% scorch; resprout location unknown"",""Overall value of fireresponse column is R""}",NA,"All",NA,NA,NA,"Benwell 1998"
25631,"surv1","Corybas fordhamii","4408","NSWFFRDv2.1","{""Keith 1991""}","{""VA Group 9"",""Survives 100% scorch; resprout location unknown"",""Overall value of fireresponse column is R""}",NA,"All",NA,NA,NA,"Keith 1991"
25641,"surv1","Corymbia gummifera","9687","NSWFFRDv2.1","{""Keith 1991""}","{""VA Group 9"",""Survives 100% scorch; resprout location unknown"",""Overall value of fireresponse column is R""}",NA,"All",NA,NA,NA,"Keith 1991"
25739,"surv1","Crassocephalum crepidioides","1421","NSWFFRDv2.1","{""Benwell 1998""}","{""VA Group 8"",""Killed by 100% scorch; seed storage unknown"",""Overall value of fireresponse column is S""}",NA,"None",NA,NA,NA,"Benwell 1998"
25868,"surv1","Cryptandra lanosiflora","5557","NSWFFRDv2.1","{""Clarke Fulloon 1999""}","{""VA Group VIII"",""Killed by 100% scorch; seed storage unknown"",""Overall value of fireresponse column is S""}",NA,"None",NA,NA,NA,"Clarke Fulloon 1999"
25915,"surv1","Cryptostylis subulata","4417","NSWFFRDv2.1","{""Keith 1991""}","{""VA Group 9"",""Survives 100% scorch; resprout location unknown"",""Overall value of fireresponse column is R""}",NA,"All",NA,NA,NA,"Keith 1991"
26042,"surv1","Cyathochaeta diandra","2347","NSWFFRDv2.1","{""Keith 1991""}","{""VA Group 9"",""Survives 100% scorch; resprout location unknown"",""Overall value of fireresponse column is R""}","{""Mortality 0-32% (57)""}","All",NA,NA,NA,"Keith 1991"
26151,"surv1","Dampiera stricta","3174","NSWFFRDv2.1","{""Benwell 1998""}","{""VA Group 11"",""Survives 100% scorch: obligate resprouters"",""Overall value of fireresponse column is R""}",NA,"All",NA,NA,NA,"Benwell 1998"
26172,"surv1","Dampiera stricta","3174","NSWFFRDv2.1","{""Keith 1991""}","{""VA Group 9"",""Survives 100% scorch; resprout location unknown"",""Overall value of fireresponse column is R""}",NA,"All",NA,NA,NA,"Keith 1991"
26245,"surv1","Darwinia grandiflora","4029","NSWFFRDv2.1","{""Keith 1991""}","{""VA Group 9"",""Survives 100% scorch; resprout location unknown"",""Overall value of fireresponse column is R""}",NA,"All",NA,NA,NA,"Keith 1991"
26444,"surv1","Daviesia ulicifolia","2827","NSWFFRDv2.1","{""Clarke Fulloon 1999""}","{""VA Group II"",""Killed by 100% scorch; seed storage in soil"",""Overall value of fireresponse column is Rs""}","{""May be killed (1), Variable (39), Mortality 12% when burnt, 51% when burnt and grazed (99); ""}","None",NA,NA,NA,"Clarke Fulloon 1999"
26554,"surv1","Deyeuxia decipiens","4881","NSWFFRDv2.1","{""Keith 1991""}","{""VA Group 9"",""Survives 100% scorch; resprout location unknown"",""Overall value of fireresponse column is Sr""}",NA,"All",NA,NA,NA,"Keith 1991"
26591,"surv1","Deyeuxia quadriseta","4891","NSWFFRDv2.1","{""Keith 1991""}","{""VA Group 9"",""Survives 100% scorch; resprout location unknown"",""Overall value of fireresponse column is R""}","{""Juveniles die (67)""}","All",NA,NA,NA,"Keith 1991"
26882,"surv1","Dillwynia floribunda","2843","NSWFFRDv2.1","{""Benwell 1998""}","{""VA Group 2"",""Killed by 100% scorch; seed storage in soil"",""Overall value of fireresponse column is S""}",NA,"None",NA,NA,NA,"Benwell 1998"
26961,"surv1","Dillwynia phylicoides","7225","NSWFFRDv2.1","{""Clarke Fulloon 1999""}","{""VA Group II"",""Killed by 100% scorch; seed storage in soil"",""Overall value of fireresponse column is Sr""}",NA,"None",NA,NA,NA,"Clarke Fulloon 1999"
26993,"surv1","Dillwynia retorta species complex","12383","NSWFFRDv2.1","{""Benson 1985""}","{""VA Group 8"",""Killed by 100% scorch; seed storage unknown"",""Overall value of fireresponse column is S""}","{""Variable (39), Mortality 95-100% (57), Mortality 100% when burnt or burnt and grazed; 100% after low or high, autumn or spring burn (99), Mortality >85% (105); Post-fire abundance decrease (57)""}","None",NA,NA,NA,"Benson 1985"
26996,"surv1","Dillwynia retorta species complex","12383","NSWFFRDv2.1","{""Benwell 1998""}","{""VA Group 2"",""Killed by 100% scorch; seed storage in soil"",""Overall value of fireresponse column is S""}","{""Variable (39), Mortality 95-100% (57), Mortality 100% when burnt or burnt and grazed; 100% after low or high, autumn or spring burn (99), Mortality >85% (105); Post-fire abundance decrease (57)""}","None",NA,NA,NA,"Benwell 1998"
28221,"surv1","Dodonaea hirsuta","5897","NSWFFRDv2.1","{""Clarke Fulloon 1999""}","{""VA Group II"",""Killed by 100% scorch; seed storage in soil"",""Overall value of fireresponse column is S""}",NA,"None",NA,NA,NA,"Clarke Fulloon 1999"
28361,"surv1","Drosera binata","2557","NSWFFRDv2.1","{""Keith 1991""}","{""VA Group 9"",""Survives 100% scorch; resprout location unknown"",""Overall value of fireresponse column is R""}",NA,"All",NA,NA,NA,"Keith 1991"
28421,"surv1","Drosera peltata","2559","NSWFFRDv2.1","{""Keith 1991""}","{""VA Group 9"",""Survives 100% scorch; resprout location unknown"",""Overall value of fireresponse column is Rs""}","{""Variable (39)""}","All",NA,NA,NA,"Keith 1991"
28440,"surv1","Drosera pygmaea","2560","NSWFFRDv2.1","{""Keith 1991""}","{""VA Group 9"",""Survives 100% scorch; resprout location unknown"",""Overall value of fireresponse column is Rs""}","{""Variable (39)""}","All",NA,NA,NA,"Keith 1991"
28469,"surv1","Drosera spatulata","2561","NSWFFRDv2.1","{""Benwell 1998""}","{""VA Group 2"",""Killed by 100% scorch; seed storage in soil"",""Overall value of fireresponse column is Rs""}","{""Variable (39)""}","None",NA,NA,NA,"Benwell 1998"
28471,"surv1","Drosera spatulata","2561","NSWFFRDv2.1","{""Keith 1991""}","{""VA Group 9"",""Survives 100% scorch; resprout location unknown"",""Overall value of fireresponse column is Rs""}","{""Variable (39)""}","All",NA,NA,NA,"Keith 1991"
28601,"surv1","Elaeocarpus sedentarius","14538","NSWFFRDv2.1","{""Benwell 1998""}","{Fireresponse,S,""Overall value of fireresponse column is S""}","{""Expected that large individuals could survive fire (bark becomes thick), smaller plants susceptible (R6)""}","None",NA,NA,NA,"Benwell 1998"
28607,"surv1","Eleocharis sphacelata","6988","NSWFFRDv2.1","{""Keith 1991""}","{""VA Group 9"",""Survives 100% scorch; resprout location unknown"",""Overall value of fireresponse column is R""}",NA,"All",NA,NA,NA,"Keith 1991"
28637,"surv1","Empodisma minus","5532","NSWFFRDv2.1","{""Keith 1991""}","{""VA Group 9"",""Survives 100% scorch; resprout location unknown"",""Overall value of fireresponse column is S/R""}","{""Resprouter and seeder in subalpine treeless plain (120); V in subalpine montane swamp (136)""}","All",NA,NA,NA,"Keith 1991"
28721,"surv1","Entolasia stricta","4947","NSWFFRDv2.1","{""Benwell 1998""}","{""VA Group 4"",""Survives 100% scorch; resprouts from root suckers or rhizomes"",""Overall value of fireresponse column is R""}","{""Mortality 40-58% (57)""}","All",NA,NA,NA,"Benwell 1998"
28745,"surv1","Entolasia stricta","4947","NSWFFRDv2.1","{""Keith 1991""}","{""VA Group 9"",""Survives 100% scorch; resprout location unknown"",""Overall value of fireresponse column is R""}","{""Mortality 40-58% (57)""}","All",NA,NA,NA,"Keith 1991"
28873,"surv1","Epacris obtusifolia","2602","NSWFFRDv2.1","{""Benwell 1998""}","{""VA Group 2"",""Killed by 100% scorch; seed storage in soil"",""Overall value of fireresponse column is Sr""}",NA,"None",NA,NA,NA,"Benwell 1998"
28907,"surv1","Epacris paludosa","2603","NSWFFRDv2.1","{""Keith 1991""}","{""VA Group 9"",""Survives 100% scorch; resprout location unknown"",""Overall value of fireresponse column is Rs""}",NA,"All",NA,NA,NA,"Keith 1991"
28914,"surv1","Epacris pulchella","2605","NSWFFRDv2.1","{""Benwell 1998""}","{""VA Group 2"",""Killed by 100% scorch; seed storage in soil"",""Overall value of fireresponse column is S""}",NA,"None",NA,NA,NA,"Benwell 1998"
29067,"surv1","Eriachne glabrata","4979","NSWFFRDv2.1","{""Keith 1991""}","{""VA Group 9"",""Survives 100% scorch; resprout location unknown"",""Overall value of fireresponse column is R""}",NA,"All",NA,NA,NA,"Keith 1991"
29100,"surv1","Eriostemon australasius","5776","NSWFFRDv2.1","{""Benwell 1998""}","{""VA Group 9"",""Survives 100% scorch; resprout location unknown"",""Overall value of fireresponse column is Sr""}","{""Variable (39), Mortality 60% (57)""}","All",NA,NA,NA,"Benwell 1998"
29278,"surv1","Eucalyptus caleyi subsp. ovendenii","9517","NSWFFRDv2.1","{""Clarke Fulloon 1999""}","{Fireresponse,R,""Overall value of fireresponse column is R""}",NA,"All",NA,NA,NA,"Clarke Fulloon 1999"
29540,"surv1","Eucalyptus haemastoma","4104","NSWFFRDv2.1","{""Keith 1991""}","{""VA Group 9"",""Survives 100% scorch; resprout location unknown"",""Overall value of fireresponse column is R""}",NA,"All",NA,NA,NA,"Keith 1991"
29660,"surv1","Eucalyptus mckieana","4123","NSWFFRDv2.1","{""Clarke Fulloon 1999""}","{Fireresponse,R,""Overall value of fireresponse column is R""}",NA,"All",NA,NA,NA,"Clarke Fulloon 1999"
31073,"surv1","Eucalyptus youmanii","4199","NSWFFRDv2.1","{""Clarke Fulloon 1999""}","{Fireresponse,R,""Overall value of fireresponse column is R""}",NA,"All",NA,NA,NA,"Clarke Fulloon 1999"
31184,"surv1","Eurychorda complanata","10615","NSWFFRDv2.1","{""Keith 1991""}","{""VA Group 9"",""Survives 100% scorch; resprout location unknown"",""Overall value of fireresponse column is Rs""}",NA,"All",NA,NA,NA,"Keith 1991"
31339,"surv1","Fimbristylis dichotoma","7435","NSWFFRDv2.1","{""Benwell 1998""}","{""VA Group 9"",""Survives 100% scorch; resprout location unknown"",""Overall value of fireresponse column is R""}",NA,"All",NA,NA,NA,"Benwell 1998"
31422,"surv1","Gahnia sieberiana","2442","NSWFFRDv2.1","{""Benwell 1998""}","{""VA Group 9"",""Survives 100% scorch; resprout location unknown"",""Overall value of fireresponse column is R""}","{""New leaves from base within 1 month""}","All",NA,NA,NA,"Benwell 1998"
31423,"surv1","Gahnia sieberiana","2442","NSWFFRDv2.1","{""Keith 1991""}","{""VA Group 9"",""Survives 100% scorch; resprout location unknown"",""Overall value of fireresponse column is R""}","{""New leaves from base within 1 month""}","All",NA,NA,NA,"Keith 1991"
31632,"surv1","Gleichenia dicarpa","7138","NSWFFRDv2.1","{""Keith 1991""}","{""VA Group 9"",""Survives 100% scorch; resprout location unknown"",""Overall value of fireresponse column is R""}",NA,"All",NA,NA,NA,"Keith 1991"
31637,"surv1","Gleichenia microphylla","6708","NSWFFRDv2.1","{""Keith 1991""}","{""VA Group 9"",""Survives 100% scorch; resprout location unknown"",""Overall value of fireresponse column is R""}",NA,"All",NA,NA,NA,"Keith 1991"
31678,"surv1","Glossodia minor","4466","NSWFFRDv2.1","{""Keith 1991""}","{""VA Group 9"",""Survives 100% scorch; resprout location unknown"",""Overall value of fireresponse column is R""}",NA,"All",NA,NA,NA,"Keith 1991"
31846,"surv1","Gompholobium pinnatum","2868","NSWFFRDv2.1","{""Benwell 1998""}","{""VA Group 9"",""Survives 100% scorch; resprout location unknown"",""Overall value of fireresponse column is Rs""}",NA,"All",NA,NA,NA,"Benwell 1998"
31847,"surv1","Gompholobium pinnatum","2868","NSWFFRDv2.1","{""Benwell 1998""}","{""VA Group IX"",""Survives 100% scorch; resprout location unknown"",""Overall value of fireresponse column is Rs""}",NA,"All",NA,NA,NA,"Benwell 1998"
31872,"surv1","Gompholobium virgatum","2870","NSWFFRDv2.1","{""Benwell 1998""}","{""VA Group 2"",""Killed by 100% scorch; seed storage in soil"",""Overall value of fireresponse column is Sr""}",NA,"None",NA,NA,NA,"Benwell 1998"
31891,"surv1","Gonocarpus micranthus","3243","NSWFFRDv2.1","{""Benwell 1998""}","{""VA Group 2"",""Killed by 100% scorch; seed storage in soil"",""Overall value of fireresponse column is Sr""}",NA,"None",NA,NA,NA,"Benwell 1998"
31955,"surv1","Gonocarpus tetragynus","3247","NSWFFRDv2.1","{""Keith 1991""}","{""VA Group 9"",""Survives 100% scorch; resprout location unknown"",""Overall value of fireresponse column is Rs""}","{""Variable (39), Vegetative response at 50% of sites (78)""}","All",NA,NA,NA,"Keith 1991"
31983,"surv1","Gonocarpus tetragynus","3247","NSWFFRDv2.1","{""Clarke Fulloon 1999""}","{""VA Group II"",""Killed by 100% scorch; seed storage in soil"",""Overall value of fireresponse column is Rs""}","{""Variable (39), Vegetative response at 50% of sites (78)""}","None",NA,NA,NA,"Clarke Fulloon 1999"
32002,"surv1","Goodenia bellidifolia subsp. bellidifolia","8711","NSWFFRDv2.1","{""Keith 1991""}","{""VA Group 9"",""Survives 100% scorch; resprout location unknown"",""Overall value of fireresponse column is Rs""}","{""Survival may depend on fire intensity (1), Variable (39), Mortality 41-64% (57); Post-fire abundance increase (57)""}","All",NA,NA,NA,"Keith 1991"
32003,"surv1","Goodenia bellidifolia subsp. bellidifolia","8711","NSWFFRDv2.1","{""Benson 1985""}","{""VA Group 8"",""Killed by 100% scorch; seed storage unknown"",""Overall value of fireresponse column is Rs""}","{""Survival may depend on fire intensity (1), Variable (39), Mortality 41-64% (57); Post-fire abundance increase (57)""}","None",NA,NA,NA,"Benson 1985"
32138,"surv1","Goodenia stelligera","3197","NSWFFRDv2.1","{""Benwell 1998""}","{""VA Group 2"",""Killed by 100% scorch; seed storage in soil"",""Overall value of fireresponse column is Rs""}","{""Variable (39)""}","None",NA,NA,NA,"Benwell 1998"
32284,"surv1","Grevillea beadleana","8293","NSWFFRDv2.1","{""Clarke Fulloon 1999""}","{""VA Group II"",""Killed by 100% scorch; seed storage in soil"",""Overall value of fireresponse column is Sr""}","{""Lacks lignotuber, occasional suckering observed in individuals where lower base protected during fire (53), Some large individuals may resprout (69), Very often killed, coppicing does occur but mainly from young plants, Mortality after fire 50% and 42% (R""}","None",NA,NA,NA,"Clarke Fulloon 1999"
32441,"surv1","Grevillea linearifolia","5381","NSWFFRDv2.1","{""Clarke Fulloon 1999""}","{""VA Group II"",""Killed by 100% scorch; seed storage in soil"",""Overall value of fireresponse column is Sr""}",NA,"None",NA,NA,NA,"Clarke Fulloon 1999"
32517,"surv1","Grevillea oleoides","5388","NSWFFRDv2.1","{""Keith 1991""}","{""VA Group 9"",""Survives 100% scorch; resprout location unknown"",""Overall value of fireresponse column is R""}",NA,"All",NA,NA,NA,"Keith 1991"
33744,"surv1","Gymnoschoenus sphaerocephalus","2445","NSWFFRDv2.1","{""Keith 1991""}","{""VA Group 9"",""Survives 100% scorch; resprout location unknown"",""Overall value of fireresponse column is R""}",NA,"All",NA,NA,NA,"Keith 1991"
33786,"surv1","Haemodorum corymbosum","6435","NSWFFRDv2.1","{""Keith 1991""}","{""VA Group 9"",""Survives 100% scorch; resprout location unknown"",""Overall value of fireresponse column is R""}",NA,"All",NA,NA,NA,"Keith 1991"
33805,"surv1","Haemodorum corymbosum","6435","NSWFFRDv2.1","{""Benwell 1998""}","{""VA Group 9"",""Survives 100% scorch; resprout location unknown"",""Overall value of fireresponse column is R""}",NA,"All",NA,NA,NA,"Benwell 1998"
33911,"surv1","Hakea laevipes subsp. laevipes","10804","NSWFFRDv2.1","{""Keith 1991""}","{""VA Group 9"",""Survives 100% scorch; resprout location unknown"",""Overall value of fireresponse column is R""}","{""resprouting form of H. dactyloides""}","All",NA,NA,NA,"Keith 1991"
33920,"surv1","Hakea laevipes subsp. laevipes","10804","NSWFFRDv2.1","{""Clarke Fulloon 1999""}","{""VA Group IX"",""Survives 100% scorch; resprout location unknown"",""Overall value of fireresponse column is R""}","{""resprouting form of H. dactyloides""}","All",NA,NA,NA,"Clarke Fulloon 1999"
33930,"surv1","Hakea macrorrhyncha","9602","NSWFFRDv2.1","{""Clarke Fulloon 1999""}","{""VA Group I"",""Killed by 100% scorch; seed storage on plant"",""Overall value of fireresponse column is S""}",NA,"None",NA,NA,NA,"Clarke Fulloon 1999"
34144,"surv1","Harmogia densifolia","13289","NSWFFRDv2.1","{""Clarke Fulloon 1999""}","{""VA Group IX"",""Survives 100% scorch; resprout location unknown"",""Overall value of fireresponse column is S/R""}",NA,"All",NA,NA,NA,"Clarke Fulloon 1999"
34209,"surv1","Hemarthria uncinata var. uncinata","7871","NSWFFRDv2.1","{""Keith 1991""}","{""VA Group 9"",""Survives 100% scorch; resprout location unknown"",""Overall value of fireresponse column is R""}",NA,"All",NA,NA,NA,"Keith 1991"
34246,"surv1","Hibbertia acicularis","2526","NSWFFRDv2.1","{""Benwell 1998""}","{""VA Group 9"",""Survives 100% scorch; resprout location unknown"",""Overall value of fireresponse column is Rs""}","{""Variable (39), vegetative response at 25% of sites (78)""}","All",NA,NA,NA,"Benwell 1998"
34293,"surv1","Hibbertia cistiflora subsp. cistiflora","10556","NSWFFRDv2.1","{""Benson 1985""}","{""VA Group 8"",""Killed by 100% scorch; seed storage unknown"",""Overall value of fireresponse column is Sr""}",NA,"None",NA,NA,NA,"Benson 1985"
34363,"surv1","Hibbertia fasciculata","2536","NSWFFRDv2.1","{""Benwell 1998""}","{""VA Group 2"",""Killed by 100% scorch; seed storage in soil"",""Overall value of fireresponse column is Sr""}","{""Variable (39), 9VE (recorded by VE from 3 individuals in low intensity burn)""}","None",NA,NA,NA,"Benwell 1998"
34410,"surv1","Hibbertia linearis","2539","NSWFFRDv2.1","{""Benwell 1998""}","{""VA Group 2"",""Killed by 100% scorch; seed storage in soil"",""Overall value of fireresponse column is Sr""}","{""Variable (39)""}","None",NA,NA,NA,"Benwell 1998"
34445,"surv1","Hibbertia obtusifolia","2542","NSWFFRDv2.1","{""Benwell 1998""}","{""VA Group 2"",""Killed by 100% scorch; seed storage in soil"",""Overall value of fireresponse column is S/R""}","{""Variable (39); Post-fire abundance increase (P)""}","None",NA,NA,NA,"Benwell 1998"
34453,"surv1","Hibbertia obtusifolia","2542","NSWFFRDv2.1","{""Clarke Fulloon 1999""}","{""VA Group IX"",""Survives 100% scorch; resprout location unknown"",""Overall value of fireresponse column is S/R""}","{""Variable (39); Post-fire abundance increase (P)""}","All",NA,NA,NA,"Clarke Fulloon 1999"
34466,"surv1","Hibbertia riparia","2545","NSWFFRDv2.1","{""Keith 1991""}","{""VA Group 9"",""Survives 100% scorch; resprout location unknown"",""Overall value of fireresponse column is R""}",NA,"All",NA,NA,NA,"Keith 1991"
34557,"surv1","Hibbertia serpyllifolia","2550","NSWFFRDv2.1","{""Keith 1991""}","{""VA Group 9"",""Survives 100% scorch; resprout location unknown"",""Overall value of fireresponse column is Rs""}","{""Mortality 37-44% after spring burn 79-87% after autumn burn (57); Post-fire abundance decrease (57)""}","All",NA,NA,NA,"Keith 1991"
34593,"surv1","Hibbertia vestita","2551","NSWFFRDv2.1","{""Benwell 1998""}","{""VA Group 9"",""Survives 100% scorch; resprout location unknown"",""Overall value of fireresponse column is R""}",NA,"All",NA,NA,NA,"Benwell 1998"
34594,"surv1","Hibbertia vestita","2551","NSWFFRDv2.1","{""Benwell 1998""}","{""VA Group IX"",""Survives 100% scorch; resprout location unknown"",""Overall value of fireresponse column is R""}",NA,"All",NA,NA,NA,"Benwell 1998"
34706,"surv1","Homoranthus lunatus","9034","NSWFFRDv2.1","{""Clarke Fulloon 1999""}","{""VA Group VIII"",""Killed by 100% scorch; seed storage unknown"",""Overall value of fireresponse column is S""}",NA,"None",NA,NA,NA,"Clarke Fulloon 1999"
34710,"surv1","Homoranthus virgatus","4203","NSWFFRDv2.1","{""Benwell 1998""}","{""VA Group 2"",""Killed by 100% scorch; seed storage in soil"",""Overall value of fireresponse column is S""}",NA,"None",NA,NA,NA,"Benwell 1998"
34790,"surv1","Hovea purpurea","2880","NSWFFRDv2.1","{""Clarke Fulloon 1999""}","{""VA Group II"",""Killed by 100% scorch; seed storage in soil"",""Overall value of fireresponse column is S""}",NA,"None",NA,NA,NA,"Clarke Fulloon 1999"
34949,"surv1","Hypericum gramineum","7240","NSWFFRDv2.1","{""Keith 1991""}","{""VA Group 9"",""Survives 100% scorch; resprout location unknown"",""Overall value of fireresponse column is Rs""}","{""Juveniles die (67), Variable (39), Killed at sites with high-intensity fire, resprout at site with low-intensity (105)""}","All",NA,NA,NA,"Keith 1991"
35001,"surv1","Hypolaena fastigiata","5533","NSWFFRDv2.1","{""Benwell 1998""}","{""VA Group 4"",""Survives 100% scorch; resprouts from root suckers or rhizomes"",""Overall value of fireresponse column is R""}","{""Vegetative response at 67% of sites (78)""}","All",NA,NA,NA,"Benwell 1998"
35029,"surv1","Hypolaena fastigiata","5533","NSWFFRDv2.1","{""Keith 1991""}","{""VA Group 9"",""Survives 100% scorch; resprout location unknown"",""Overall value of fireresponse column is R""}","{""Vegetative response at 67% of sites (78)""}","All",NA,NA,NA,"Keith 1991"
35031,"surv1","Hypolaena fastigiata","5533","NSWFFRDv2.1","{""Benwell 1998""}","{""VA Group IV"",""Survives 100% scorch; resprouts from root suckers or rhizomes"",""Overall value of fireresponse column is R""}","{""Vegetative response at 67% of sites (78)""}","All",NA,NA,NA,"Benwell 1998"
35071,"surv1","Hypoxis hygrometrica","3553","NSWFFRDv2.1","{""Keith 1991""}","{""VA Group 9"",""Survives 100% scorch; resprout location unknown"",""Overall value of fireresponse column is R""}",NA,"All",NA,NA,NA,"Keith 1991"
35209,"surv1","Isopogon anemonifolius","5433","NSWFFRDv2.1","{""Keith 1991""}","{""VA Group 9"",""Survives 100% scorch; resprout location unknown"",""Overall value of fireresponse column is Rs""}","{""Variable (39), Mortality 46-65% (57), Mortality 10-40% at one site, 60-85% at another (105); Post-fire abundance decrease (57)""}","All",NA,NA,NA,"Keith 1991"
35288,"surv1","Jacksonia stackhousei","2893","NSWFFRDv2.1","{""Benwell 1998""}","{""VA Group 8"",""Killed by 100% scorch; seed storage unknown"",""Overall value of fireresponse column is Sr""}","{""Variable fire response, resprouts at lower fire inensity (6)""}","None",NA,NA,NA,"Benwell 1998"
35289,"surv1","Jacksonia stackhousei","2893","NSWFFRDv2.1","{""Benwell 1998""}","{""VA Group 9"",""Survives 100% scorch; resprout location unknown"",""Overall value of fireresponse column is Sr""}","{""Variable fire response, resprouts at lower fire inensity (6)""}","All",NA,NA,NA,"Benwell 1998"
35310,"surv1","Jacksonia stackhousei","2893","NSWFFRDv2.1","{""Benwell 1998""}","{Fireresponse,Sr,""Overall value of fireresponse column is Sr""}","{""Variable fire response, resprouts at lower fire inensity (6)""}","Few",NA,NA,NA,"Benwell 1998"
35356,"surv1","Juncus planifolius","3340","NSWFFRDv2.1","{""Keith 1991""}","{""VA Group 9"",""Survives 100% scorch; resprout location unknown"",""Overall value of fireresponse column is R""}",NA,"All",NA,NA,NA,"Keith 1991"
35451,"surv1","Kunzea bracteolata","4205","NSWFFRDv2.1","{""Clarke Fulloon 1999""}","{""VA Group I"",""Killed by 100% scorch; seed storage on plant"",""Overall value of fireresponse column is S""}",NA,"None",NA,NA,NA,"Clarke Fulloon 1999"
35479,"surv1","Kunzea capitata","4207","NSWFFRDv2.1","{""Keith 1991""}","{""VA Group 9"",""Survives 100% scorch; resprout location unknown"",""Overall value of fireresponse column is Rs""}","{"" Many plants killed by high intensity fire (1), some resprouting at 1 of 4 sites (105)""}","All",NA,NA,NA,"Keith 1991"
35564,"surv1","Lambertia formosa","5440","NSWFFRDv2.1","{""Keith 1991""}","{""VA Group 9"",""Survives 100% scorch; resprout location unknown"",""Overall value of fireresponse column is R""}","{""Mortality 0-12% (57)""}","All",NA,NA,NA,"Keith 1991"
35659,"surv1","Laxmannia gracilis","3556","NSWFFRDv2.1","{""Benwell 1998""}","{""VA Group 2"",""Killed by 100% scorch; seed storage in soil"",""Overall value of fireresponse column is Sr""}",NA,"None",NA,NA,NA,"Benwell 1998"
35675,"surv1","Leionema ambiens","10724","NSWFFRDv2.1","{""Clarke Fulloon 1999""}","{""VA Group VIII"",""Killed by 100% scorch; seed storage unknown"",""Overall value of fireresponse column is S""}",NA,"None",NA,NA,NA,"Clarke Fulloon 1999"
35712,"surv1","Leionema rotundifolium","10736","NSWFFRDv2.1","{""Clarke Fulloon 1999""}","{""VA Group II"",""Killed by 100% scorch; seed storage in soil"",""Overall value of fireresponse column is S""}",NA,"None",NA,NA,NA,"Clarke Fulloon 1999"
36807,"surv1","Lepidosperma filiforme","2465","NSWFFRDv2.1","{""Keith 1991""}","{""VA Group 9"",""Survives 100% scorch; resprout location unknown"",""Overall value of fireresponse column is Rs""}",NA,"All",NA,NA,NA,"Keith 1991"
36814,"surv1","Lepidosperma forsythii","2467","NSWFFRDv2.1","{""Keith 1991""}","{""VA Group 9"",""Survives 100% scorch; resprout location unknown"",""Overall value of fireresponse column is R""}",NA,"All",NA,NA,NA,"Keith 1991"
36876,"surv1","Lepidosperma limicola","2469","NSWFFRDv2.1","{""Keith 1991""}","{""VA Group 9"",""Survives 100% scorch; resprout location unknown"",""Overall value of fireresponse column is R""}",NA,"All",NA,NA,NA,"Keith 1991"
36907,"surv1","Lepidosperma neesii","2471","NSWFFRDv2.1","{""Keith 1991""}","{""VA Group 9"",""Survives 100% scorch; resprout location unknown"",""Overall value of fireresponse column is R""}",NA,"All",NA,NA,NA,"Keith 1991"
36958,"surv1","Leptocarpus tenax","5534","NSWFFRDv2.1","{""Benwell 1998""}","{""VA Group 4"",""Survives 100% scorch; resprouts from root suckers or rhizomes"",""Overall value of fireresponse column is R""}",NA,"All",NA,NA,NA,"Benwell 1998"
36960,"surv1","Leptocarpus tenax","5534","NSWFFRDv2.1","{""Keith 1991""}","{""VA Group 9"",""Survives 100% scorch; resprout location unknown"",""Overall value of fireresponse column is R""}",NA,"All",NA,NA,NA,"Keith 1991"
36961,"surv1","Leptocarpus tenax","5534","NSWFFRDv2.1","{""Benwell 1998""}","{""VA Group IV"",""Survives 100% scorch; resprouts from root suckers or rhizomes"",""Overall value of fireresponse column is R""}",NA,"All",NA,NA,NA,"Benwell 1998"
36988,"surv1","Leptomeria acida","5865","NSWFFRDv2.1","{""Benwell 1998""}","{""VA Group 2"",""Killed by 100% scorch; seed storage in soil"",""Overall value of fireresponse column is Sr""}","{""Variable (39), Some resprouting with low intensity fire (105)""}","None",NA,NA,NA,"Benwell 1998"
37050,"surv1","Leptospermum arachnoides","4213","NSWFFRDv2.1","{""Keith 1991""}","{""VA Group 9"",""Survives 100% scorch; resprout location unknown"",""Overall value of fireresponse column is Rs""}","{""Variable (39)""}","All",NA,NA,NA,"Keith 1991"
37098,"surv1","Leptospermum grandifolium","7766","NSWFFRDv2.1","{""Keith 1991""}","{""VA Group 9"",""Survives 100% scorch; resprout location unknown"",""Overall value of fireresponse column is R""}",NA,"All",NA,NA,NA,"Keith 1991"
37128,"surv1","Leptospermum juniperinum","4221","NSWFFRDv2.1","{""Benwell 1998""}","{""VA Group 9"",""Survives 100% scorch; resprout location unknown"",""Overall value of fireresponse column is Rs""}","{""Variable (39); Post-fire abundance decrease (85)""}","All",NA,NA,NA,"Benwell 1998"
37133,"surv1","Leptospermum juniperinum","4221","NSWFFRDv2.1","{""Keith 1991""}","{""VA Group 9"",""Survives 100% scorch; resprout location unknown"",""Overall value of fireresponse column is Rs""}","{""Variable (39); Post-fire abundance decrease (85)""}","All",NA,NA,NA,"Keith 1991"
37137,"surv1","Leptospermum juniperinum","4221","NSWFFRDv2.1","{""Benwell 1998""}","{""VA Group IX"",""Survives 100% scorch; resprout location unknown"",""Overall value of fireresponse column is Rs""}","{""Variable (39); Post-fire abundance decrease (85)""}","All",NA,NA,NA,"Benwell 1998"
37202,"surv1","Leptospermum liversidgei","4224","NSWFFRDv2.1","{""Benwell 1998""}","{""VA Group 9"",""Survives 100% scorch; resprout location unknown"",""Overall value of fireresponse column is R""}",NA,"All",NA,NA,NA,"Benwell 1998"
37203,"surv1","Leptospermum liversidgei","4224","NSWFFRDv2.1","{""Benwell 1998""}","{""VA Group IX"",""Survives 100% scorch; resprout location unknown"",""Overall value of fireresponse column is R""}",NA,"All",NA,NA,NA,"Benwell 1998"
37267,"surv1","Leptospermum novae-angliae","8478","NSWFFRDv2.1","{""Clarke Fulloon 1999""}","{""VA Group IX"",""Survives 100% scorch; resprout location unknown"",""Overall value of fireresponse column is Rs""}","{""Killed by 100% scorch (95a)""}","All",NA,NA,NA,"Clarke Fulloon 1999"
37306,"surv1","Leptospermum polygalifolium subsp. polygalifolium","8197","NSWFFRDv2.1","{""Keith 1991""}","{""VA Group 9"",""Survives 100% scorch; resprout location unknown"",""Overall value of fireresponse column is Rs""}",NA,"All",NA,NA,NA,"Keith 1991"
37309,"surv1","Leptospermum polygalifolium subsp. polygalifolium","8197","NSWFFRDv2.1","{""Benwell 1998""}","{""VA Group 9"",""Survives 100% scorch; resprout location unknown"",""Overall value of fireresponse column is Rs""}",NA,"All",NA,NA,NA,"Benwell 1998"
37312,"surv1","Leptospermum polygalifolium subsp. polygalifolium","8197","NSWFFRDv2.1","{""Benwell 1998""}","{""VA Group IX"",""Survives 100% scorch; resprout location unknown"",""Overall value of fireresponse column is Rs""}",NA,"All",NA,NA,NA,"Benwell 1998"
37346,"surv1","Leptospermum semibaccatum","4236","NSWFFRDv2.1","{""Benwell 1998""}","{""VA Group 9"",""Survives 100% scorch; resprout location unknown"",""Overall value of fireresponse column is R""}",NA,"All",NA,NA,NA,"Benwell 1998"
37347,"surv1","Leptospermum semibaccatum","4236","NSWFFRDv2.1","{""Benwell 1998""}","{""VA Group IX"",""Survives 100% scorch; resprout location unknown"",""Overall value of fireresponse column is R""}",NA,"All",NA,NA,NA,"Benwell 1998"
37362,"surv1","Leptospermum trinervium","8486","NSWFFRDv2.1","{""Benwell 1998""}","{""VA Group 9"",""Survives 100% scorch; resprout location unknown"",""Overall value of fireresponse column is R""}","{""Some plants killed (1); Plant mortality 2%; Stem mortality 80% after high intensity fire, 28% after low intensity; Mortality may be increased by repeated burning (103)""}","All",NA,NA,NA,"Benwell 1998"
37368,"surv1","Leptospermum trinervium","8486","NSWFFRDv2.1","{""Benwell 1998""}","{""VA Group IX"",""Survives 100% scorch; resprout location unknown"",""Overall value of fireresponse column is R""}","{""Some plants killed (1); Plant mortality 2%; Stem mortality 80% after high intensity fire, 28% after low intensity; Mortality may be increased by repeated burning (103)""}","All",NA,NA,NA,"Benwell 1998"
37372,"surv1","Leptospermum trinervium","8486","NSWFFRDv2.1","{""Clarke Fulloon 1999""}","{""VA Group V"",""Survives 100% scorch; resprouts from basal stem buds (eg lignotuber)"",""Overall value of fireresponse column is R""}","{""Some plants killed (1); Plant mortality 2%; Stem mortality 80% after high intensity fire, 28% after low intensity; Mortality may be increased by repeated burning (103)""}","All",NA,NA,NA,"Clarke Fulloon 1999"
37397,"surv1","Lepyrodia anarthria","5535","NSWFFRDv2.1","{""Keith 1991""}","{""VA Group 9"",""Survives 100% scorch; resprout location unknown"",""Overall value of fireresponse column is R""}",NA,"All",NA,NA,NA,"Keith 1991"
37428,"surv1","Lepyrodia scariosa","5541","NSWFFRDv2.1","{""Keith 1991""}","{""VA Group 9"",""Survives 100% scorch; resprout location unknown"",""Overall value of fireresponse column is R""}",NA,"All",NA,NA,NA,"Keith 1991"
37458,"surv1","Leucopogon deformis","2615","NSWFFRDv2.1","{""Benwell 1998""}","{""VA Group 2"",""Killed by 100% scorch; seed storage in soil"",""Overall value of fireresponse column is S""}",NA,"None",NA,NA,NA,"Benwell 1998"
37480,"surv1","Leucopogon ericoides","2616","NSWFFRDv2.1","{""Benwell 1998""}","{""VA Group 2"",""Killed by 100% scorch; seed storage in soil"",""Overall value of fireresponse column is Sr""}","{""Variable (39)""}","None",NA,NA,NA,"Benwell 1998"
37548,"surv1","Leucopogon lanceolatus var. gracilis","6845","NSWFFRDv2.1","{""Benwell 1998""}","{""VA Group 2"",""Killed by 100% scorch; seed storage in soil"",""Overall value of fireresponse column is S""}",NA,"None",NA,NA,NA,"Benwell 1998"
37581,"surv1","Leucopogon leptospermoides","2625","NSWFFRDv2.1","{""Benwell 1998""}","{""VA Group 9"",""Survives 100% scorch; resprout location unknown"",""Overall value of fireresponse column is R""}",NA,"All",NA,NA,NA,"Benwell 1998"
37582,"surv1","Leucopogon leptospermoides","2625","NSWFFRDv2.1","{""Benwell 1998""}","{""VA Group IX"",""Survives 100% scorch; resprout location unknown"",""Overall value of fireresponse column is R""}",NA,"All",NA,NA,NA,"Benwell 1998"
37586,"surv1","Leucopogon melaleucoides","2628","NSWFFRDv2.1","{""Clarke Fulloon 1999""}","{""VA Group IX"",""Survives 100% scorch; resprout location unknown"",""Overall value of fireresponse column is R""}",NA,"All",NA,NA,NA,"Clarke Fulloon 1999"
37662,"surv1","Leucopogon rodwayi","2636","NSWFFRDv2.1","{""Benwell 1998""}","{""VA Group 2"",""Killed by 100% scorch; seed storage in soil"",""Overall value of fireresponse column is S/R""}",NA,"None",NA,NA,NA,"Benwell 1998"
37720,"surv1","Leucopogon virgatus","2639","NSWFFRDv2.1","{""Benwell 1998""}","{""VA Group 9"",""Survives 100% scorch; resprout location unknown"",""Overall value of fireresponse column is R""}",NA,"All",NA,NA,NA,"Benwell 1998"
37724,"surv1","Leucopogon virgatus","2639","NSWFFRDv2.1","{""Benwell 1998""}","{""VA Group IX"",""Survives 100% scorch; resprout location unknown"",""Overall value of fireresponse column is R""}",NA,"All",NA,NA,NA,"Benwell 1998"
37975,"surv1","Lomandra cylindrica","6298","NSWFFRDv2.1","{""Keith 1991""}","{""VA Group 9"",""Survives 100% scorch; resprout location unknown"",""Overall value of fireresponse column is R""}","{""Mortality 13-37% (57); Post-fire abundance increase (57)""}","All",NA,NA,NA,"Keith 1991"
37985,"surv1","Lomandra elongata","6301","NSWFFRDv2.1","{""Benwell 1998""}","{""VA Group 9"",""Survives 100% scorch; resprout location unknown"",""Overall value of fireresponse column is R""}",NA,"All",NA,NA,NA,"Benwell 1998"
37987,"surv1","Lomandra elongata","6301","NSWFFRDv2.1","{""Benwell 1998""}","{""VA Group IX"",""Survives 100% scorch; resprout location unknown"",""Overall value of fireresponse column is R""}",NA,"All",NA,NA,NA,"Benwell 1998"
38016,"surv1","Lomandra filiformis","6302","NSWFFRDv2.1","{""Benwell 1998""}","{""VA Group 9"",""Survives 100% scorch; resprout location unknown"",""Overall value of fireresponse column is R""}","{""Mortality 11-38% (57); Post-fire abundance increase (P)""}","All",NA,NA,NA,"Benwell 1998"
38046,"surv1","Lomandra filiformis subsp. coriacea","6511","NSWFFRDv2.1","{""Keith 1991""}","{""VA Group 9"",""Survives 100% scorch; resprout location unknown"",""Overall value of fireresponse column is R""}",NA,"All",NA,NA,NA,"Keith 1991"
38051,"surv1","Lomandra filiformis subsp. filiformis","7931","NSWFFRDv2.1","{""Keith 1991""}","{""VA Group 9"",""Survives 100% scorch; resprout location unknown"",""Overall value of fireresponse column is R""}",NA,"All",NA,NA,NA,"Keith 1991"
38126,"surv1","Lomandra longifolia","6308","NSWFFRDv2.1","{""Benwell 1998""}","{""VA Group 11"",""Survives 100% scorch: obligate resprouters"",""Overall value of fireresponse column is R""}","{""Mortality 20-27% (99); Post-fire abundance increase (P)""}","All",NA,NA,NA,"Benwell 1998"
38203,"surv1","Lomandra obliqua","6312","NSWFFRDv2.1","{""Keith 1991""}","{""VA Group 9"",""Survives 100% scorch; resprout location unknown"",""Overall value of fireresponse column is Rs""}","{""Variable (39), Mortality 0-41% (57)""}","All",NA,NA,NA,"Keith 1991"
38256,"surv1","Lomatia silaifolia","5445","NSWFFRDv2.1","{""Keith 1991""}","{""VA Group 9"",""Survives 100% scorch; resprout location unknown"",""Overall value of fireresponse column is R""}",NA,"All",NA,NA,NA,"Keith 1991"
38282,"surv1","Lomatia silaifolia","5445","NSWFFRDv2.1","{""Clarke Fulloon 1999""}","{""VA Group IX"",""Survives 100% scorch; resprout location unknown"",""Overall value of fireresponse column is R""}",NA,"All",NA,NA,NA,"Clarke Fulloon 1999"
38356,"surv1","Lycopodiella lateralis","9293","NSWFFRDv2.1","{""Keith 1991""}","{""VA Group 9"",""Survives 100% scorch; resprout location unknown"",""Overall value of fireresponse column is R""}",NA,"All",NA,NA,NA,"Keith 1991"
38367,"surv1","Macarthuria neocambrica","3907","NSWFFRDv2.1","{""Benwell 1998""}","{""VA Group 2"",""Killed by 100% scorch; seed storage in soil"",""Overall value of fireresponse column is S""}","{""Fire ephemeral (6)""}","None",NA,NA,NA,"Benwell 1998"
38624,"surv1","Melaleuca linariifolia","4257","NSWFFRDv2.1","{""Keith 1991""}","{""VA Group 9"",""Survives 100% scorch; resprout location unknown"",""Overall value of fireresponse column is Rs""}","{""Variable (39)""}","All",NA,NA,NA,"Keith 1991"
38654,"surv1","Melaleuca nodosa","4258","NSWFFRDv2.1","{""Benwell 1998""}","{""VA Group 4"",""Survives 100% scorch; resprouts from root suckers or rhizomes"",""Overall value of fireresponse column is R""}",NA,"All",NA,NA,NA,"Benwell 1998"
38655,"surv1","Melaleuca nodosa","4258","NSWFFRDv2.1","{""Benwell 1998""}","{""VA Group IX"",""Survives 100% scorch; resprout location unknown"",""Overall value of fireresponse column is R""}",NA,"All",NA,NA,NA,"Benwell 1998"
38668,"surv1","Melaleuca quinquenervia","4260","NSWFFRDv2.1","{""Benwell 1998""}","{""VA Group 9"",""Survives 100% scorch; resprout location unknown"",""Overall value of fireresponse column is Rs""}","{""Killed by crown fire, resprouts after partail burn (96)""}","All",NA,NA,NA,"Benwell 1998"
38670,"surv1","Melaleuca quinquenervia","4260","NSWFFRDv2.1","{""Benwell 1998""}","{""VA Group IX"",""Survives 100% scorch; resprout location unknown"",""Overall value of fireresponse column is Rs""}","{""Killed by crown fire, resprouts after partail burn (96)""}","All",NA,NA,NA,"Benwell 1998"
38674,"surv1","Melaleuca sieberi","4261","NSWFFRDv2.1","{""Benwell 1998""}","{""VA Group 9"",""Survives 100% scorch; resprout location unknown"",""Overall value of fireresponse column is R""}",NA,"All",NA,NA,NA,"Benwell 1998"
38676,"surv1","Melaleuca sieberi","4261","NSWFFRDv2.1","{""Benwell 1998""}","{""VA Group IX"",""Survives 100% scorch; resprout location unknown"",""Overall value of fireresponse column is R""}",NA,"All",NA,NA,NA,"Benwell 1998"
38704,"surv1","Melaleuca squamea","4262","NSWFFRDv2.1","{""Benwell 1998""}","{""VA Group 1"",""Killed by 100% scorch; seed storage on plant"",""Overall value of fireresponse column is Sr""}",NA,"None",NA,NA,NA,"Benwell 1998"
38736,"surv1","Melaleuca squarrosa","4263","NSWFFRDv2.1","{""Keith 1991""}","{""VA Group 9"",""Survives 100% scorch; resprout location unknown"",""Overall value of fireresponse column is Rs""}",NA,"All",NA,NA,NA,"Keith 1991"
38768,"surv1","Melaleuca thymifolia","4266","NSWFFRDv2.1","{""Benwell 1998""}","{""VA Group 9"",""Survives 100% scorch; resprout location unknown"",""Overall value of fireresponse column is R""}","{""Stems killed (1)""}","All",NA,NA,NA,"Benwell 1998"
38770,"surv1","Melaleuca thymifolia","4266","NSWFFRDv2.1","{""Keith 1991""}","{""VA Group 9"",""Survives 100% scorch; resprout location unknown"",""Overall value of fireresponse column is R""}","{""Stems killed (1)""}","All",NA,NA,NA,"Keith 1991"
38805,"surv1","Melichrus erubescens","2644","NSWFFRDv2.1","{""Clarke Fulloon 1999""}","{""VA Group IX"",""Survives 100% scorch; resprout location unknown"",""Overall value of fireresponse column is S/R""}",NA,"All",NA,NA,NA,"Clarke Fulloon 1999"
38890,"surv1","Microlaena stipoides var. stipoides","7707","NSWFFRDv2.1","{""Keith 1991""}","{""VA Group 9"",""Survives 100% scorch; resprout location unknown"",""Overall value of fireresponse column is R""}","{""Juveniles die (67), Mortality 20-71% (57); Post-fire abundance increase (57)""}","All",NA,NA,NA,"Keith 1991"
39944,"surv1","Mirbelia pungens","2937","NSWFFRDv2.1","{""Clarke Fulloon 1999""}","{""VA Group IX"",""Survives 100% scorch; resprout location unknown"",""Overall value of fireresponse column is S/R""}",NA,"All",NA,NA,NA,"Clarke Fulloon 1999"
39953,"surv1","Mirbelia rubiifolia","2938","NSWFFRDv2.1","{""Benwell 1998""}","{""VA Group 2"",""Killed by 100% scorch; seed storage in soil"",""Overall value of fireresponse column is Sr""}","{""Variable (39)""}","None",NA,NA,NA,"Benwell 1998"
39986,"surv1","Mirbelia speciosa subsp. speciosa","7736","NSWFFRDv2.1","{""Keith 1991""}","{""VA Group 8"",""Killed by 100% scorch; seed storage unknown"",""Overall value of fireresponse column is S""}",NA,"None",NA,NA,NA,"Keith 1991"
40017,"surv1","Mitrasacme polymorpha","3595","NSWFFRDv2.1","{""Benwell 1998""}","{""VA Group 2"",""Killed by 100% scorch; seed storage in soil"",""Overall value of fireresponse column is Sr""}","{""Variable fire response (6)""}","None",NA,NA,NA,"Benwell 1998"
40018,"surv1","Mitrasacme polymorpha","3595","NSWFFRDv2.1","{""Benwell 1998""}","{""VA Group 9"",""Survives 100% scorch; resprout location unknown"",""Overall value of fireresponse column is Sr""}","{""Variable fire response (6)""}","All",NA,NA,NA,"Benwell 1998"
40039,"surv1","Mitrasacme polymorpha","3595","NSWFFRDv2.1","{""Keith 1991""}","{""VA Group 9"",""Survives 100% scorch; resprout location unknown"",""Overall value of fireresponse column is Sr""}","{""Variable fire response (6)""}","All",NA,NA,NA,"Keith 1991"
40054,"surv1","Monotaxis linifolia","2738","NSWFFRDv2.1","{""Keith 1991""}","{""VA Group 9"",""Survives 100% scorch; resprout location unknown"",""Overall value of fireresponse column is R""}",NA,"All",NA,NA,NA,"Keith 1991"
40061,"surv1","Monotoca elliptica","2647","NSWFFRDv2.1","{""Benwell 1998""}","{""VA Group 9"",""Survives 100% scorch; resprout location unknown"",""Overall value of fireresponse column is Rs""}","{""Most of population killed, a few resprouted after high intensity (1), Variable (39); Post-fire abundance decrease (57)""}","All",NA,NA,NA,"Benwell 1998"
40113,"surv1","Monotoca scoparia","2649","NSWFFRDv2.1","{""Benwell 1998""}","{""VA Group 9"",""Survives 100% scorch; resprout location unknown"",""Overall value of fireresponse column is Rs""}","{""Few individuals recorded by (VE), Variable (39), Mortality 4% when burnt, 4% when burnt and grazed (99)""}","All",NA,NA,NA,"Benwell 1998"
40124,"surv1","Monotoca scoparia","2649","NSWFFRDv2.1","{""Benwell 1998""}","{""VA Group IX"",""Survives 100% scorch; resprout location unknown"",""Overall value of fireresponse column is Rs""}","{""Few individuals recorded by (VE), Variable (39), Mortality 4% when burnt, 4% when burnt and grazed (99)""}","All",NA,NA,NA,"Benwell 1998"
40372,"surv1","Ochrosperma citriodorum","6949","NSWFFRDv2.1","{""Benwell 1998""}","{""VA Group 2"",""Killed by 100% scorch; seed storage in soil"",""Overall value of fireresponse column is S""}",NA,"None",NA,NA,NA,"Benwell 1998"
40375,"surv1","Ochrosperma lineare","6474","NSWFFRDv2.1","{""Benwell 1998""}","{""VA Group 2"",""Killed by 100% scorch; seed storage in soil"",""Overall value of fireresponse column is Rs""}",NA,"None",NA,NA,NA,"Benwell 1998"
40378,"surv1","Olax retusa","4307","NSWFFRDv2.1","{""Benwell 1998""}","{""VA Group 9"",""Survives 100% scorch; resprout location unknown"",""Overall value of fireresponse column is R""}",NA,"All",NA,NA,NA,"Benwell 1998"
40379,"surv1","Olax retusa","4307","NSWFFRDv2.1","{""Benwell 1998""}","{""VA Group IX"",""Survives 100% scorch; resprout location unknown"",""Overall value of fireresponse column is R""}",NA,"All",NA,NA,NA,"Benwell 1998"
40381,"surv1","Olax stricta","6407","NSWFFRDv2.1","{""Benwell 1998""}","{""VA Group 2"",""Killed by 100% scorch; seed storage in soil"",""Overall value of fireresponse column is Rs""}",NA,"None",NA,NA,NA,"Benwell 1998"
40471,"surv1","Olearia gravis","1595","NSWFFRDv2.1","{""Clarke Fulloon 1999""}","{""VA Group IX"",""Survives 100% scorch; resprout location unknown"",""Overall value of fireresponse column is Rs""}","{""Seedlings killed (69)""}","All",NA,NA,NA,"Clarke Fulloon 1999"
40810,"surv1","Orthoceras strictum","4476","NSWFFRDv2.1","{""Keith 1991""}","{""VA Group 9"",""Survives 100% scorch; resprout location unknown"",""Overall value of fireresponse column is R""}",NA,"All",NA,NA,NA,"Keith 1991"
41137,"surv1","Panicum simile","5066","NSWFFRDv2.1","{""Benwell 1998""}","{""VA Group 9"",""Survives 100% scorch; resprout location unknown"",""Overall value of fireresponse column is R""}",NA,"All",NA,NA,NA,"Benwell 1998"
41139,"surv1","Panicum simile","5066","NSWFFRDv2.1","{""Benwell 1998""}","{""VA Group IX"",""Survives 100% scorch; resprout location unknown"",""Overall value of fireresponse column is R""}",NA,"All",NA,NA,NA,"Benwell 1998"
41273,"surv1","Patersonia fragilis","3300","NSWFFRDv2.1","{""Benwell 1998""}","{""VA Group 9"",""Survives 100% scorch; resprout location unknown"",""Overall value of fireresponse column is R""}",NA,"All",NA,NA,NA,"Benwell 1998"
41274,"surv1","Patersonia fragilis","3300","NSWFFRDv2.1","{""Keith 1991""}","{""VA Group 9"",""Survives 100% scorch; resprout location unknown"",""Overall value of fireresponse column is R""}",NA,"All",NA,NA,NA,"Keith 1991"
41276,"surv1","Patersonia fragilis","3300","NSWFFRDv2.1","{""Benwell 1998""}","{""VA Group IX"",""Survives 100% scorch; resprout location unknown"",""Overall value of fireresponse column is R""}",NA,"All",NA,NA,NA,"Benwell 1998"
41283,"surv1","Patersonia glabrata","3301","NSWFFRDv2.1","{""Benwell 1998""}","{""VA Group 9"",""Survives 100% scorch; resprout location unknown"",""Overall value of fireresponse column is R""}",NA,"All",NA,NA,NA,"Benwell 1998"
41317,"surv1","Patersonia glabrata","3301","NSWFFRDv2.1","{""Benwell 1998""}","{""VA Group IX"",""Survives 100% scorch; resprout location unknown"",""Overall value of fireresponse column is R""}",NA,"All",NA,NA,NA,"Benwell 1998"
41328,"surv1","Patersonia sericea","3303","NSWFFRDv2.1","{""Benwell 1998""}","{""VA Group 9"",""Survives 100% scorch; resprout location unknown"",""Overall value of fireresponse column is R""}","{""Mortality 25-40% (57); Post-fire abundance increase after autumn burn(57)""}","All",NA,NA,NA,"Benwell 1998"
41363,"surv1","Patersonia sericea","3303","NSWFFRDv2.1","{""Keith 1991""}","{""VA Group 9"",""Survives 100% scorch; resprout location unknown"",""Overall value of fireresponse column is R""}","{""Mortality 25-40% (57); Post-fire abundance increase after autumn burn(57)""}","All",NA,NA,NA,"Keith 1991"
41370,"surv1","Patersonia sericea","3303","NSWFFRDv2.1","{""Benwell 1998""}","{""VA Group IX"",""Survives 100% scorch; resprout location unknown"",""Overall value of fireresponse column is R""}","{""Mortality 25-40% (57); Post-fire abundance increase after autumn burn(57)""}","All",NA,NA,NA,"Benwell 1998"
41559,"surv1","Persoonia cornifolia","5455","NSWFFRDv2.1","{""Clarke Fulloon 1999""}","{""VA Group IX"",""Survives 100% scorch; resprout location unknown"",""Overall value of fireresponse column is R""}",NA,"All",NA,NA,NA,"Clarke Fulloon 1999"
41701,"surv1","Persoonia levis","5462","NSWFFRDv2.1","{""Keith 1991""}","{""VA Group 9"",""Survives 100% scorch; resprout location unknown"",""Overall value of fireresponse column is R""}",NA,"All",NA,NA,NA,"Keith 1991"
41935,"surv1","Persoonia tenuifolia","5475","NSWFFRDv2.1","{""Clarke Fulloon 1999""}","{""VA Group IX"",""Survives 100% scorch; resprout location unknown"",""Overall value of fireresponse column is R""}",NA,"All",NA,NA,NA,"Clarke Fulloon 1999"
41939,"surv1","Persoonia terminalis subsp. terminalis","9048","NSWFFRDv2.1","{""Clarke Fulloon 1999""}","{""VA Group II"",""Killed by 100% scorch; seed storage in soil"",""Overall value of fireresponse column is S""}",NA,"None",NA,NA,NA,"Clarke Fulloon 1999"
41944,"surv1","Persoonia virgata","5476","NSWFFRDv2.1","{""Benwell 1998""}","{""VA Group 2"",""Killed by 100% scorch; seed storage in soil"",""Overall value of fireresponse column is S""}",NA,"None",NA,NA,NA,"Benwell 1998"
41949,"surv1","Petrophile canescens","5477","NSWFFRDv2.1","{""Benwell 1998""}","{""VA Group 9"",""Survives 100% scorch; resprout location unknown"",""Overall value of fireresponse column is R""}",NA,"All",NA,NA,NA,"Benwell 1998"
41983,"surv1","Petrophile canescens","5477","NSWFFRDv2.1","{""Benwell 1998""}","{""VA Group IX"",""Survives 100% scorch; resprout location unknown"",""Overall value of fireresponse column is R""}",NA,"All",NA,NA,NA,"Benwell 1998"
41984,"surv1","Petrophile canescens","5477","NSWFFRDv2.1","{""Clarke Fulloon 1999""}","{""VA Group IX"",""Survives 100% scorch; resprout location unknown"",""Overall value of fireresponse column is R""}",NA,"All",NA,NA,NA,"Clarke Fulloon 1999"
41994,"surv1","Petrophile pulchella","5479","NSWFFRDv2.1","{""Benwell 1998""}","{""VA Group 9"",""Survives 100% scorch; resprout location unknown"",""Overall value of fireresponse column is Sr""}",NA,"All",NA,NA,NA,"Benwell 1998"
42080,"surv1","Phebalium glandulosum subsp. eglandulosum","9419","NSWFFRDv2.1","{""Clarke Fulloon 1999""}","{""VA Group II"",""Killed by 100% scorch; seed storage in soil"",""Overall value of fireresponse column is S""}",NA,"None",NA,NA,NA,"Clarke Fulloon 1999"
42251,"surv1","Philotheca epilosa","12004","NSWFFRDv2.1","{""Clarke Fulloon 1999""}","{""VA Group VIII"",""Killed by 100% scorch; seed storage unknown"",""Overall value of fireresponse column is S""}",NA,"None",NA,NA,NA,"Clarke Fulloon 1999"
42292,"surv1","Philotheca salsolifolia subsp. salsolifolia","10596","NSWFFRDv2.1","{""Benson 1985""}","{""VA Group 8"",""Killed by 100% scorch; seed storage unknown"",""Overall value of fireresponse column is Rs""}","{""Variable (39)""}","None",NA,NA,NA,"Benson 1985"
42841,"surv1","Phragmites australis","5113","NSWFFRDv2.1","{""Keith 1991""}","{""VA Group 9"",""Survives 100% scorch; resprout location unknown"",""Overall value of fireresponse column is R""}",NA,"All",NA,NA,NA,"Keith 1991"
42855,"surv1","Phyllanthus hirtellus","8216","NSWFFRDv2.1","{""Benwell 1998""}","{""VA Group 9"",""Survives 100% scorch; resprout location unknown"",""Overall value of fireresponse column is Rs""}","{""Mortality 27-49% (57), No resprouting at 4 months post-fire site, resprouting at 1 y post-fire site (105)""}","All",NA,NA,NA,"Benwell 1998"
42859,"surv1","Phyllanthus hirtellus","8216","NSWFFRDv2.1","{""Benwell 1998""}","{""VA Group IX"",""Survives 100% scorch; resprout location unknown"",""Overall value of fireresponse column is Rs""}","{""Mortality 27-49% (57), No resprouting at 4 months post-fire site, resprouting at 1 y post-fire site (105)""}","All",NA,NA,NA,"Benwell 1998"
42895,"surv1","Phyllota phylicoides","2958","NSWFFRDv2.1","{""Benwell 1998""}","{""VA Group 4"",""Survives 100% scorch; resprouts from root suckers or rhizomes"",""Overall value of fireresponse column is S/R""}","{""Variable (39)""}","All",NA,NA,NA,"Benwell 1998"
42898,"surv1","Phyllota phylicoides","2958","NSWFFRDv2.1","{""Benwell 1998""}","{""VA Group IV"",""Survives 100% scorch; resprouts from root suckers or rhizomes"",""Overall value of fireresponse column is S/R""}","{""Variable (39)""}","All",NA,NA,NA,"Benwell 1998"
42965,"surv1","Pimelea linifolia","6182","NSWFFRDv2.1","{""Benwell 1998""}","{""VA Group 2"",""Killed by 100% scorch; seed storage in soil"",""Overall value of fireresponse column is S/R""}","{""Variable fire response (6), Mortlaity 100% (57); Post-fire abundance decrease (57)""}","None",NA,NA,NA,"Benwell 1998"
42966,"surv1","Pimelea linifolia","6182","NSWFFRDv2.1","{""Benwell 1998""}","{""VA Group 9"",""Survives 100% scorch; resprout location unknown"",""Overall value of fireresponse column is S/R""}","{""Variable fire response (6), Mortlaity 100% (57); Post-fire abundance decrease (57)""}","All",NA,NA,NA,"Benwell 1998"
42976,"surv1","Pimelea linifolia","6182","NSWFFRDv2.1","{""Benwell 1998""}","{""VA Group IX"",""Survives 100% scorch; resprout location unknown"",""Overall value of fireresponse column is S/R""}","{""Variable fire response (6), Mortlaity 100% (57); Post-fire abundance decrease (57)""}","All",NA,NA,NA,"Benwell 1998"
43099,"surv1","Platysace ericoides","1143","NSWFFRDv2.1","{""Benwell 1998""}","{""VA Group 4"",""Survives 100% scorch; resprouts from root suckers or rhizomes"",""Overall value of fireresponse column is Sr""}","{""Variable fire response (6, 39), Mortality 65-82% (57); Post-fire abundance equal after spring burn, increase after autumn burn (57)""}","All",NA,NA,NA,"Benwell 1998"
43100,"surv1","Platysace ericoides","1143","NSWFFRDv2.1","{""Benwell 1998""}","{""VA Group 2"",""Killed by 100% scorch; seed storage in soil"",""Overall value of fireresponse column is Sr""}","{""Variable fire response (6, 39), Mortality 65-82% (57); Post-fire abundance equal after spring burn, increase after autumn burn (57)""}","None",NA,NA,NA,"Benwell 1998"
43123,"surv1","Platysace linearifolia","1145","NSWFFRDv2.1","{""Benson 1985""}","{""VA Group 8"",""Killed by 100% scorch; seed storage unknown"",""Overall value of fireresponse column is Rs""}","{""May be killed by high intensity fire (1), Variable (39)""}","None",NA,NA,NA,"Benson 1985"
43124,"surv1","Platysace linearifolia","1145","NSWFFRDv2.1","{""Benwell 1998""}","{""VA Group 9"",""Survives 100% scorch; resprout location unknown"",""Overall value of fireresponse column is Rs""}","{""May be killed by high intensity fire (1), Variable (39)""}","All",NA,NA,NA,"Benwell 1998"
43148,"surv1","Plinthanthesis paradoxa","5117","NSWFFRDv2.1","{""Keith 1991""}","{""VA Group 9"",""Survives 100% scorch; resprout location unknown"",""Overall value of fireresponse column is R""}",NA,"All",NA,NA,NA,"Keith 1991"
43375,"surv1","Pomax umbellata","5703","NSWFFRDv2.1","{""Benwell 1998""}","{""VA Group 2"",""Killed by 100% scorch; seed storage in soil"",""Overall value of fireresponse column is S""}","{""Post-fire abundance increase (M)""}","None",NA,NA,NA,"Benwell 1998"
43416,"surv1","Prasophyllum australe","4491","NSWFFRDv2.1","{""Keith 1991""}","{""VA Group 9"",""Survives 100% scorch; resprout location unknown"",""Overall value of fireresponse column is R""}",NA,"All",NA,NA,NA,"Keith 1991"
43421,"surv1","Prasophyllum brevilabre","4494","NSWFFRDv2.1","{""Keith 1991""}","{""VA Group 9"",""Survives 100% scorch; resprout location unknown"",""Overall value of fireresponse column is R""}","{""Post-fire abundance decrease (P)""}","All",NA,NA,NA,"Keith 1991"
43517,"surv1","Prostanthera teretifolia","3436","NSWFFRDv2.1","{""Clarke Fulloon 1999""}","{""VA Group II"",""Killed by 100% scorch; seed storage in soil"",""Overall value of fireresponse column is S""}","{""5% plants resprouted after fire; resprouts after drought (69)""}","None",NA,NA,NA,"Clarke Fulloon 1999"
43533,"surv1","Pseudanthus orientalis","2756","NSWFFRDv2.1","{""Benwell 1998""}","{""VA Group 8"",""Killed by 100% scorch; seed storage unknown"",""Overall value of fireresponse column is Sr""}","{""Variable fire response (6)""}","None",NA,NA,NA,"Benwell 1998"
43537,"surv1","Pseudanthus orientalis","2756","NSWFFRDv2.1","{""Benwell 1998""}","{""VA Group II"",""Killed by 100% scorch; seed storage in soil"",""Overall value of fireresponse column is Sr""}","{""Variable fire response (6)""}","None",NA,NA,NA,"Benwell 1998"
43538,"surv1","Pseudanthus orientalis","2756","NSWFFRDv2.1","{""Benwell 1998""}","{""VA Group IX"",""Survives 100% scorch; resprout location unknown"",""Overall value of fireresponse column is Sr""}","{""Variable fire response (6)""}","All",NA,NA,NA,"Benwell 1998"
43542,"surv1","Pseudanthus ovalifolius","9467","NSWFFRDv2.1","{""Clarke Fulloon 1999""}","{""VA Group IX"",""Survives 100% scorch; resprout location unknown"",""Overall value of fireresponse column is R""}",NA,"All",NA,NA,NA,"Clarke Fulloon 1999"
43578,"surv1","Pteridium esculentum","6403","NSWFFRDv2.1","{""Keith 1991""}","{""VA Group 9"",""Survives 100% scorch; resprout location unknown"",""Overall value of fireresponse column is R""}","{""Juveniles die (67); Post-fire abundance increase (CT, M)""}","All",NA,NA,NA,"Keith 1991"
43663,"surv1","Pterostylis parviflora","4566","NSWFFRDv2.1","{""Benwell 1998""}","{""VA Group 9"",""Survives 100% scorch; resprout location unknown"",""Overall value of fireresponse column is R""}","{""Post-fire abundance decrease (P)""}","All",NA,NA,NA,"Benwell 1998"
43665,"surv1","Pterostylis parviflora","4566","NSWFFRDv2.1","{""Keith 1991""}","{""VA Group 9"",""Survives 100% scorch; resprout location unknown"",""Overall value of fireresponse column is R""}","{""Post-fire abundance decrease (P)""}","All",NA,NA,NA,"Keith 1991"
43680,"surv1","Ptilothrix deusta","8956","NSWFFRDv2.1","{""Keith 1991""}","{""VA Group 9"",""Survives 100% scorch; resprout location unknown"",""Overall value of fireresponse column is R""}",NA,"All",NA,NA,NA,"Keith 1991"
43736,"surv1","Pultenaea divaricata","2987","NSWFFRDv2.1","{""Keith 1991""}","{""VA Group 9"",""Survives 100% scorch; resprout location unknown"",""Overall value of fireresponse column is R""}",NA,"All",NA,NA,NA,"Keith 1991"
43747,"surv1","Pultenaea foliolosa","2994","NSWFFRDv2.1","{""Clarke Fulloon 1999""}","{""VA Group IX"",""Survives 100% scorch; resprout location unknown"",""Overall value of fireresponse column is R""}","{""Seedlings killed (69)""}","All",NA,NA,NA,"Clarke Fulloon 1999"
43830,"surv1","Pultenaea tuberculata","11386","NSWFFRDv2.1","{""Keith 1991""}","{""VA Group 9"",""Survives 100% scorch; resprout location unknown"",""Overall value of fireresponse column is Rs""}","{""Variable (1, 39)""}","All",NA,NA,NA,"Keith 1991"
43926,"surv1","Rhynchospora rubra","2484","NSWFFRDv2.1","{""Benwell 1998""}","{""VA Group 2"",""Killed by 100% scorch; seed storage in soil"",""Overall value of fireresponse column is S""}",NA,"None",NA,NA,NA,"Benwell 1998"
43947,"surv1","Ricinocarpos pinifolius","2759","NSWFFRDv2.1","{""Benwell 1998""}","{""VA Group 9"",""Survives 100% scorch; resprout location unknown"",""Overall value of fireresponse column is Rs""}",NA,"All",NA,NA,NA,"Benwell 1998"
43952,"surv1","Ricinocarpos pinifolius","2759","NSWFFRDv2.1","{""Benwell 1998""}","{""VA Group IX"",""Survives 100% scorch; resprout location unknown"",""Overall value of fireresponse column is Rs""}",NA,"All",NA,NA,NA,"Benwell 1998"
44158,"surv1","Schizaea bifida","8181","NSWFFRDv2.1","{""Keith 1991""}","{""VA Group 9"",""Survives 100% scorch; resprout location unknown"",""Overall value of fireresponse column is R""}",NA,"All",NA,NA,NA,"Keith 1991"
44191,"surv1","Schoenus brevifolius","2492","NSWFFRDv2.1","{""Benwell 1998""}","{""VA Group 4"",""Survives 100% scorch; resprouts from root suckers or rhizomes"",""Overall value of fireresponse column is R""}",NA,"All",NA,NA,NA,"Benwell 1998"
44195,"surv1","Schoenus brevifolius","2492","NSWFFRDv2.1","{""Keith 1991""}","{""VA Group 9"",""Survives 100% scorch; resprout location unknown"",""Overall value of fireresponse column is R""}",NA,"All",NA,NA,NA,"Keith 1991"
44197,"surv1","Schoenus brevifolius","2492","NSWFFRDv2.1","{""Benwell 1998""}","{""VA Group IV"",""Survives 100% scorch; resprouts from root suckers or rhizomes"",""Overall value of fireresponse column is R""}",NA,"All",NA,NA,NA,"Benwell 1998"
44204,"surv1","Schoenus ericetorum","2495","NSWFFRDv2.1","{""Benwell 1998""}","{""VA Group 9"",""Survives 100% scorch; resprout location unknown"",""Overall value of fireresponse column is R""}",NA,"All",NA,NA,NA,"Benwell 1998"
44206,"surv1","Schoenus ericetorum","2495","NSWFFRDv2.1","{""Keith 1991""}","{""VA Group 9"",""Survives 100% scorch; resprout location unknown"",""Overall value of fireresponse column is R""}",NA,"All",NA,NA,NA,"Keith 1991"
44210,"surv1","Schoenus ericetorum","2495","NSWFFRDv2.1","{""Benwell 1998""}","{""VA Group IX"",""Survives 100% scorch; resprout location unknown"",""Overall value of fireresponse column is R""}",NA,"All",NA,NA,NA,"Benwell 1998"
44226,"surv1","Schoenus lepidosperma subsp. pachylepis","9057","NSWFFRDv2.1","{""Keith 1991""}","{""VA Group 9"",""Survives 100% scorch; resprout location unknown"",""Overall value of fireresponse column is R""}",NA,"All",NA,NA,NA,"Keith 1991"
44233,"surv1","Schoenus maschalinus","2499","NSWFFRDv2.1","{""Keith 1991""}","{""VA Group 9"",""Survives 100% scorch; resprout location unknown"",""Overall value of fireresponse column is R""}",NA,"All",NA,NA,NA,"Keith 1991"
44244,"surv1","Schoenus paludosus","2504","NSWFFRDv2.1","{""Keith 1991""}","{""VA Group 9"",""Survives 100% scorch; resprout location unknown"",""Overall value of fireresponse column is R""}",NA,"All",NA,NA,NA,"Keith 1991"
44253,"surv1","Schoenus turbinatus","2507","NSWFFRDv2.1","{""Benwell 1998""}","{""VA Group 2"",""Killed by 100% scorch; seed storage in soil"",""Overall value of fireresponse column is S/R""}",NA,"None",NA,NA,NA,"Benwell 1998"
44286,"surv1","Selaginella uliginosa","8187","NSWFFRDv2.1","{""Keith 1991""}","{""VA Group 9"",""Survives 100% scorch; resprout location unknown"",""Overall value of fireresponse column is R""}",NA,"All",NA,NA,NA,"Keith 1991"
44318,"surv1","Senecio hispidulus","1664","NSWFFRDv2.1","{""Keith 1991""}","{""VA Group 8"",""Killed by 100% scorch; seed storage unknown"",""Overall value of fireresponse column is S""}",NA,"None",NA,NA,NA,"Keith 1991"
44374,"surv1","Senecio vulgaris","1681","NSWFFRDv2.1","{""Benwell 1998""}","{""VA Group 8"",""Killed by 100% scorch; seed storage unknown"",""Overall value of fireresponse column is S""}",NA,"None",NA,NA,NA,"Benwell 1998"
44547,"surv1","Sowerbaea juncea","3567","NSWFFRDv2.1","{""Keith 1991""}","{""VA Group 9"",""Survives 100% scorch; resprout location unknown"",""Overall value of fireresponse column is R""}",NA,"All",NA,NA,NA,"Keith 1991"
44548,"surv1","Sowerbaea juncea","3567","NSWFFRDv2.1","{""Benwell 1998""}","{""VA Group 9"",""Survives 100% scorch; resprout location unknown"",""Overall value of fireresponse column is R""}",NA,"All",NA,NA,NA,"Benwell 1998"
44551,"surv1","Sowerbaea juncea","3567","NSWFFRDv2.1","{""Benwell 1998""}","{""VA Group IX"",""Survives 100% scorch; resprout location unknown"",""Overall value of fireresponse column is R""}",NA,"All",NA,NA,NA,"Benwell 1998"
44585,"surv1","Sporadanthus gracilis","10603","NSWFFRDv2.1","{""Keith 1991""}","{""VA Group 9"",""Survives 100% scorch; resprout location unknown"",""Overall value of fireresponse column is R""}",NA,"All",NA,NA,NA,"Keith 1991"
44589,"surv1","Sporadanthus interruptus","10604","NSWFFRDv2.1","{""Benwell 1998""}","{""VA Group 4"",""Survives 100% scorch; resprouts from root suckers or rhizomes"",""Overall value of fireresponse column is R""}",NA,"All",NA,NA,NA,"Benwell 1998"
44590,"surv1","Sporadanthus interruptus","10604","NSWFFRDv2.1","{""Benwell 1998""}","{""VA Group IV"",""Survives 100% scorch; resprouts from root suckers or rhizomes"",""Overall value of fireresponse column is R""}",NA,"All",NA,NA,NA,"Benwell 1998"
44620,"surv1","Sprengelia sprengelioides","2655","NSWFFRDv2.1","{""Benwell 1998""}","{""VA Group 2"",""Killed by 100% scorch; seed storage in soil"",""Overall value of fireresponse column is S""}",NA,"None",NA,NA,NA,"Benwell 1998"
44656,"surv1","Stackhousia nuda","6122","NSWFFRDv2.1","{""Keith 1991""}","{""VA Group 9"",""Survives 100% scorch; resprout location unknown"",""Overall value of fireresponse column is Rs""}","{""Variable fire response (6)""}","All",NA,NA,NA,"Keith 1991"
44657,"surv1","Stackhousia nuda","6122","NSWFFRDv2.1","{""Benwell 1998""}","{""VA Group 9"",""Survives 100% scorch; resprout location unknown"",""Overall value of fireresponse column is Rs""}","{""Variable fire response (6)""}","All",NA,NA,NA,"Benwell 1998"
44659,"surv1","Stackhousia nuda","6122","NSWFFRDv2.1","{""Benwell 1998""}","{""VA Group IX"",""Survives 100% scorch; resprout location unknown"",""Overall value of fireresponse column is Rs""}","{""Variable fire response (6)""}","All",NA,NA,NA,"Benwell 1998"
44660,"surv1","Stackhousia nuda","6122","NSWFFRDv2.1","{""Benwell 1998""}","{""VA Group II"",""Killed by 100% scorch; seed storage in soil"",""Overall value of fireresponse column is Rs""}","{""Variable fire response (6)""}","None",NA,NA,NA,"Benwell 1998"
44724,"surv1","Stylidium debile","6154","NSWFFRDv2.1","{""Benwell 1998""}","{""VA Group 9"",""Survives 100% scorch; resprout location unknown"",""Overall value of fireresponse column is R""}",NA,"All",NA,NA,NA,"Benwell 1998"
44736,"surv1","Stylidium graminifolium","6157","NSWFFRDv2.1","{""Benwell 1998""}","{""VA Group 9"",""Survives 100% scorch; resprout location unknown"",""Overall value of fireresponse column is Rs""}","{""Mortality 0% after low intensity burn (99); Post-fire abundance decrease (P)""}","All",NA,NA,NA,"Benwell 1998"
44742,"surv1","Stylidium graminifolium","6157","NSWFFRDv2.1","{""Benwell 1998""}","{""VA Group IX"",""Survives 100% scorch; resprout location unknown"",""Overall value of fireresponse column is Rs""}","{""Mortality 0% after low intensity burn (99); Post-fire abundance decrease (P)""}","All",NA,NA,NA,"Benwell 1998"
44755,"surv1","Stylidium lineare","6159","NSWFFRDv2.1","{""Keith 1991""}","{""VA Group 9"",""Survives 100% scorch; resprout location unknown"",""Overall value of fireresponse column is R""}",NA,"All",NA,NA,NA,"Keith 1991"
44786,"surv1","Styphelia triflora","2660","NSWFFRDv2.1","{""Clarke Fulloon 1999""}","{""VA Group II"",""Killed by 100% scorch; seed storage in soil"",""Overall value of fireresponse column is S""}",NA,"None",NA,NA,NA,"Clarke Fulloon 1999"
44796,"surv1","Styphelia viridis","2662","NSWFFRDv2.1","{""Benwell 1998""}","{""VA Group 2"",""Killed by 100% scorch; seed storage in soil"",""Overall value of fireresponse column is S""}",NA,"None",NA,NA,NA,"Benwell 1998"
44882,"surv1","Tetraria capillaris","2516","NSWFFRDv2.1","{""Keith 1991""}","{""VA Group 9"",""Survives 100% scorch; resprout location unknown"",""Overall value of fireresponse column is R""}",NA,"All",NA,NA,NA,"Keith 1991"
44929,"surv1","Tetratheca thymifolia","6214","NSWFFRDv2.1","{""Benwell 1998""}","{""VA Group 2"",""Killed by 100% scorch; seed storage in soil"",""Overall value of fireresponse column is Sr""}","{""Variable fire response (6); some resprouting, mostly killed (105)""}","None",NA,NA,NA,"Benwell 1998"
44930,"surv1","Tetratheca thymifolia","6214","NSWFFRDv2.1","{""Benwell 1998""}","{""VA Group 9"",""Survives 100% scorch; resprout location unknown"",""Overall value of fireresponse column is Sr""}","{""Variable fire response (6); some resprouting, mostly killed (105)""}","All",NA,NA,NA,"Benwell 1998"
44936,"surv1","Thelionema caespitosum","7664","NSWFFRDv2.1","{""Keith 1991""}","{""VA Group 9"",""Survives 100% scorch; resprout location unknown"",""Overall value of fireresponse column is R""}",NA,"All",NA,NA,NA,"Keith 1991"
44940,"surv1","Thelionema grande","8301","NSWFFRDv2.1","{""Clarke Fulloon 1999""}","{""VA Group IV"",""Survives 100% scorch; resprouts from root suckers or rhizomes"",""Overall value of fireresponse column is R""}",NA,"All",NA,NA,NA,"Clarke Fulloon 1999"
44944,"surv1","Thelionema umbellatum","6461","NSWFFRDv2.1","{""Keith 1991""}","{""VA Group 9"",""Survives 100% scorch; resprout location unknown"",""Overall value of fireresponse column is R""}",NA,"All",NA,NA,NA,"Keith 1991"
44967,"surv1","Thelymitra ixioides var. ixioides","8968","NSWFFRDv2.1","{""Benwell 1998""}","{""VA Group 9"",""Survives 100% scorch; resprout location unknown"",""Overall value of fireresponse column is R""}",NA,"All",NA,NA,NA,"Benwell 1998"
44996,"surv1","Themeda australis","5219","NSWFFRDv2.1","{""Benwell 1998""}","{""VA Group 9"",""Survives 100% scorch; resprout location unknown"",""Overall value of fireresponse column is R""}",NA,"All",NA,NA,NA,"Benwell 1998"
44998,"surv1","Themeda australis","5219","NSWFFRDv2.1","{""Benwell 1998""}","{""VA Group IX"",""Survives 100% scorch; resprout location unknown"",""Overall value of fireresponse column is R""}",NA,"All",NA,NA,NA,"Benwell 1998"
45007,"surv1","Themeda triandra","7770","NSWFFRDv2.1","{""Benwell 1998""}","{""VA Group 9"",""Survives 100% scorch; resprout location unknown"",""Overall value of fireresponse column is R""}","{""100% survival in semi arid conditions (133)""}","All",NA,NA,NA,"Benwell 1998"
45057,"surv1","Thysanotus tuberosus subsp. tuberosus","6427","NSWFFRDv2.1","{""Benwell 1998""}","{""VA Group 9"",""Survives 100% scorch; resprout location unknown"",""Overall value of fireresponse column is Rs""}","{""Juveniles die (67); Post-fire abundance decrease (P)""}","All",NA,NA,NA,"Benwell 1998"
45111,"surv1","Tricoryne elatior","7355","NSWFFRDv2.1","{""Benwell 1998""}","{""VA Group 9"",""Survives 100% scorch; resprout location unknown"",""Overall value of fireresponse column is R""}",NA,"All",NA,NA,NA,"Benwell 1998"
45118,"surv1","Tricoryne simplex","3577","NSWFFRDv2.1","{""Keith 1991""}","{""VA Group 9"",""Survives 100% scorch; resprout location unknown"",""Overall value of fireresponse column is R""}",NA,"All",NA,NA,NA,"Keith 1991"
45122,"surv1","Tricostularia pauciflora","2518","NSWFFRDv2.1","{""Keith 1991""}","{""VA Group 9"",""Survives 100% scorch; resprout location unknown"",""Overall value of fireresponse column is R""}",NA,"All",NA,NA,NA,"Keith 1991"
45205,"surv1","Utricularia dichotoma","3507","NSWFFRDv2.1","{""Benwell 1998""}","{""VA Group 2"",""Killed by 100% scorch; seed storage in soil"",""Overall value of fireresponse column is R""}","{""Variable (39)""}","None",NA,NA,NA,"Benwell 1998"
45206,"surv1","Utricularia dichotoma","3507","NSWFFRDv2.1","{""Keith 1991""}","{""VA Group 9"",""Survives 100% scorch; resprout location unknown"",""Overall value of fireresponse column is R""}","{""Variable (39)""}","All",NA,NA,NA,"Keith 1991"
45214,"surv1","Utricularia lateriflora","3508","NSWFFRDv2.1","{""Benwell 1998""}","{""VA Group 2"",""Killed by 100% scorch; seed storage in soil"",""Overall value of fireresponse column is R""}","{""Variable (39)""}","None",NA,NA,NA,"Benwell 1998"
45215,"surv1","Utricularia lateriflora","3508","NSWFFRDv2.1","{""Keith 1991""}","{""VA Group 9"",""Survives 100% scorch; resprout location unknown"",""Overall value of fireresponse column is R""}","{""Variable (39)""}","All",NA,NA,NA,"Keith 1991"
45269,"surv1","Villarsia exaltata","3692","NSWFFRDv2.1","{""Keith 1991""}","{""VA Group 9"",""Survives 100% scorch; resprout location unknown"",""Overall value of fireresponse column is Rs""}","{""Variable (39)""}","All",NA,NA,NA,"Keith 1991"
45417,"surv1","Woollsia pungens","2664","NSWFFRDv2.1","{""Benwell 1998""}","{""VA Group 2"",""Killed by 100% scorch; seed storage in soil"",""Overall value of fireresponse column is Sr""}","{""Variable (39)""}","None",NA,NA,NA,"Benwell 1998"
45448,"surv1","Xanthorrhoea fulva","8771","NSWFFRDv2.1","{""Benwell 1998""}","{""VA Group 9"",""Survives 100% scorch; resprout location unknown"",""Overall value of fireresponse column is R""}",NA,"All",NA,NA,NA,"Benwell 1998"
45462,"surv1","Xanthorrhoea johnsonii","6317","NSWFFRDv2.1","{""Benwell 1998""}","{""VA Group 9"",""Survives 100% scorch; resprout location unknown"",""Overall value of fireresponse column is R""}",NA,"All",NA,NA,NA,"Benwell 1998"
45489,"surv1","Xanthorrhoea resinosa","6321","NSWFFRDv2.1","{""Keith 1991""}","{""VA Group 9"",""Survives 100% scorch; resprout location unknown"",""Overall value of fireresponse column is R""}",NA,"All",NA,NA,NA,"Keith 1991"
45502,"surv1","Xanthosia dissecta","1161","NSWFFRDv2.1","{""Keith 1991""}","{""VA Group 9"",""Survives 100% scorch; resprout location unknown"",""Overall value of fireresponse column is R""}",NA,"All",NA,NA,NA,"Keith 1991"
45506,"surv1","Xanthosia pilosa","1162","NSWFFRDv2.1","{""Benwell 1998""}","{""VA Group 2"",""Killed by 100% scorch; seed storage in soil"",""Overall value of fireresponse column is Sr""}","{""Both resprouting and killed forms seen in Garigal NP; (1), Variable (39)""}","None",NA,NA,NA,"Benwell 1998"
45552,"surv1","Xyris juncea","6323","NSWFFRDv2.1","{""Benwell 1998""}","{""VA Group 9"",""Survives 100% scorch; resprout location unknown"",""Overall value of fireresponse column is R""}",NA,"All",NA,NA,NA,"Benwell 1998"
45553,"surv1","Xyris juncea","6323","NSWFFRDv2.1","{""Keith 1991""}","{""VA Group 9"",""Survives 100% scorch; resprout location unknown"",""Overall value of fireresponse column is R""}",NA,"All",NA,NA,NA,"Keith 1991"
45557,"surv1","Xyris operculata","6324","NSWFFRDv2.1","{""Benwell 1998""}","{""VA Group 9"",""Survives 100% scorch; resprout location unknown"",""Overall value of fireresponse column is R""}",NA,"All",NA,NA,NA,"Benwell 1998"
45558,"surv1","Xyris operculata","6324","NSWFFRDv2.1","{""Keith 1991""}","{""VA Group 9"",""Survives 100% scorch; resprout location unknown"",""Overall value of fireresponse column is R""}",NA,"All",NA,NA,NA,"Keith 1991"
45565,"surv1","Xyris ustulata","6325","NSWFFRDv2.1","{""Keith 1991""}","{""VA Group 9"",""Survives 100% scorch; resprout location unknown"",""Overall value of fireresponse column is R""}",NA,"All",NA,NA,NA,"Keith 1991"
45595,"surv1","Zieria laevigata","5841","NSWFFRDv2.1","{""Benwell 1998""}","{""VA Group 9"",""Survives 100% scorch; resprout location unknown"",""Overall value of fireresponse column is Sr""}","{""Variable fire response (6)""}","All",NA,NA,NA,"Benwell 1998"
45598,"surv1","Zieria laevigata","5841","NSWFFRDv2.1","{""Benwell 1998""}","{""VA Group IX"",""Survives 100% scorch; resprout location unknown"",""Overall value of fireresponse column is Sr""}","{""Variable fire response (6)""}","All",NA,NA,NA,"Benwell 1998"
45599,"surv1","Zieria laevigata","5841","NSWFFRDv2.1","{""Benwell 1998""}","{""VA Group II"",""Killed by 100% scorch; seed storage in soil"",""Overall value of fireresponse column is Sr""}","{""Variable fire response (6)""}","None",NA,NA,NA,"Benwell 1998"
49017,"germ1","Callistemon pungens","9126","NSWFFRDv2.1","{""Clarke Fulloon 1999""}","{""Seed storage"",""serotinous canopy""}","{""Cell color index 12""}","Canopy",NA,NA,NA,"Clarke Fulloon 1999"
58175,"rect2","Leucopogon melaleucoides","2628","NSWFFRDv2.1","{""Benwell 1998""}","{Establishment,""T (observed 6 yrs after fire)"",->,T}","{""Cell color index 12"",""original record split into multiple entries, prob. different sources""}","Tolerant",NA,NA,NA,"Benwell 1998"
58421,"rect2","Prostanthera teretifolia","3436","NSWFFRDv2.1","{""Clarke Fulloon 1999""}","{Establishment,T}","{""Cell color index 12""}","Tolerant",NA,NA,NA,"Clarke Fulloon 1999"
59624,"repr2","Thelymitra ixioides var. ixioides","8968","NSWFFRDv2.1","{""Benwell 1998"",""Keith David pers. comm.""}","{""Post-fire flowering"",facultative}","{""Cell color index 12""}","Facultative",NA,NA,NA,"Benwell 1998"
59636,"repr2","Xanthorrhoea fulva","8771","NSWFFRDv2.1","{""Benwell 1998"",""Keith David pers. comm.""}","{""Post-fire flowering"",exclusive}","{""Cell color index 12""}","Exclusive",NA,NA,NA,"Benwell 1998"
59638,"repr2","Xanthorrhoea johnsonii","6317","NSWFFRDv2.1","{""Benwell 1998"",""Keith David pers. comm.""}","{""Post-fire flowering"",exclusive}","{""Cell color index 12""}","Exclusive",NA,NA,NA,"Benwell 1998"
95018,"repr3","Banksia ericifolia subsp. ericifolia","11049","NSWFFRDv2.1","{""Benson 1985""}","{""Primary juvenile period"",""7-8 (BE)""}",NA,NA,NA,8,7,"Benson 1985"
95038,"repr3","Banksia serrata","5348","NSWFFRDv2.1","{""Bradstock 1990"",""Department Natural Resources Environment "",""Benson 1985""}","{""Primary juvenile period"",5->8}","{""Cell color index 12""}",NA,NA,NA,5,"Benson 1985"
95220,"repr3","Dillwynia retorta species complex","12383","NSWFFRDv2.1","{""Keith David pers. comm."",""Watts Greg. pers. comm."",""Benson 1985"",""Purdie Slatyer 1976""}","{""Primary juvenile period"",2-5}","{""Cell color index 12""}",NA,NA,5,2,"Benson 1985"
95332,"repr3","Goodenia bellidifolia subsp. bellidifolia","8711","NSWFFRDv2.1","{""Keith David pers. comm."",""Benson 1985""}","{""Primary juvenile period"",4}","{""Cell color index 12""}",NA,4,NA,NA,"Benson 1985"
95391,"repr3","Hibbertia cistiflora subsp. cistiflora","10556","NSWFFRDv2.1","{""Benson 1985""}","{""Primary juvenile period"",3}","{""Cell color index 12""}",NA,3,NA,NA,"Benson 1985"
95611,"repr3","Philotheca salsolifolia subsp. salsolifolia","10596","NSWFFRDv2.1","{""Benson 1985""}","{""Primary juvenile period"",5}","{""Cell color index 12""}",NA,5,NA,NA,"Benson 1985"
96956,"surv5","Babingtonia odontocalyx","9817","NSWFFRDv2.1","{""Clarke Fulloon 1999""}","{""Life span"",>10?}","{""Cell color index 12"",uncertain}",NA,NA,NA,10,"Clarke Fulloon 1999"
97747,"surv5","Olearia gravis","1595","NSWFFRDv2.1","{""Clarke Fulloon 1999""}","{""Life span"",short}","{""Cell color index 12""}",NA,NA,NA,NA,"Clarke Fulloon 1999"
97908,"surv5","Prostanthera teretifolia","3436","NSWFFRDv2.1","{""Clarke Fulloon 1999""}","{""Life span"",<10?}","{""Cell color index 12"",uncertain}",NA,NA,10,NA,"Clarke Fulloon 1999"
