row_number,trait_code,species,species_code,main_source,original_sources,raw_value,original_notes,norm_value,best,upper,lower
96801,surv5,Abutilon oxycarpum,3632,NSWFFRDv2.1,"{""Benson McDougall Ecology Sydney Plant Species Cunn""}","{""Life span"",4-10}","{""Cell color index 12""}",NA,NA,10,4
96802,surv5,Acacia baileyana,3710,NSWFFRDv2.1,"{""Benson McDougall Ecology Sydney Plant Species Cunn""}","{""Life span"",20-30}","{""Cell color index 12""}",NA,NA,30,20
96803,surv5,Acacia binervata,3716,NSWFFRDv2.1,NA,"{""Life span"",20}","{""Cell color index 12""}",NA,20,NA,NA
96804,surv5,Acacia binervia,3717,NSWFFRDv2.1,"{""Benson McDougall Ecology Sydney Plant Species Cunn""}","{""Life span"",50-100}","{""Cell color index 12""}",NA,NA,100,50
96805,surv5,Acacia bulgaensis,8601,NSWFFRDv2.1,NA,"{""Life span"",""c. 20-40""}",NA,NA,NA,40,NA
96806,surv5,Acacia constablei,3747,NSWFFRDv2.1,"{""RP Threatened Flora of Rocky Outcrops in South Eas""}","{""Life span"",short?}","{""Cell color index 12"",uncertain}",NA,NA,NA,NA
96807,surv5,Acacia dealbata,3758,NSWFFRDv2.1,"{""Watts Greg. pers. comm.""}","{""Life span"",20}","{""Cell color index 12""}",NA,20,NA,NA
96808,surv5,Acacia decurrens,3762,NSWFFRDv2.1,"{""Benson McDougall Ecology Sydney Plant Species Cunn""}","{""Life span"",15-30}","{""Cell color index 12""}",NA,NA,30,15
96809,surv5,Acacia elata,3768,NSWFFRDv2.1,"{""Benson McDougall Ecology Sydney Plant Species Cunn""}","{""Life span"",50?}","{""Cell color index 12"",uncertain}",NA,50,NA,NA
96810,surv5,Acacia falcata,3771,NSWFFRDv2.1,"{""Benson McDougall Ecology Sydney Plant Species Cunn""}","{""Life span"",5-20}","{""Cell color index 12""}",NA,NA,20,5
96811,surv5,Acacia floribunda,3777,NSWFFRDv2.1,"{""Benson McDougall Ecology Sydney Plant Species Cunn""}","{""Life span"",25-60}","{""Cell color index 12""}",NA,NA,60,25
96812,surv5,Acacia fulva,3780,NSWFFRDv2.1,"{""Maryott-Brown Wilks 1993""}","{""Life span"",""c. 20-30""}","{""Cell color index 12""}",NA,NA,30,NA
96813,surv5,Acacia georgensis,3782,NSWFFRDv2.1,"{""RP Threatened Flora of Rocky Outcrops in South Eas""}","{""Life span"",long}","{""Cell color index 12""}",NA,NA,NA,NA
96814,surv5,Acacia hispidula,3790,NSWFFRDv2.1,"{""Benson McDougall Ecology Sydney Plant Species Cunn""}","{""Life span"",<10}","{""Cell color index 12""}",NA,NA,10,NA
96815,surv5,Acacia implexa,3792,NSWFFRDv2.1,"{""Benson McDougall Ecology Sydney Plant Species Cunn""}","{""Life span"",<50?}","{""Cell color index 12"",uncertain}",NA,NA,50,NA
96816,surv5,Acacia irrorata subsp. irrorata,6472,NSWFFRDv2.1,"{""Watts Greg. pers. comm.""}","{""Life span"",20}","{""Cell color index 12""}",NA,20,NA,NA
96817,surv5,Acacia kulnurensis,9983,NSWFFRDv2.1,NA,"{""Life span"",""c. 15-25""}",NA,NA,NA,25,NA
96818,surv5,Acacia latisepala,3807,NSWFFRDv2.1,"{""Clarke Fulloon 1999""}","{""Life span"",>10}","{""Cell color index 12""}",NA,NA,NA,10
96819,surv5,Acacia linifolia,3814,NSWFFRDv2.1,"{""Benson McDougall Ecology Sydney Plant Species Cunn""}","{""Life span"",c.10-15}","{""Cell color index 12""}",NA,NA,15,NA
96820,surv5,Acacia longifolia subsp. longifolia,10790,NSWFFRDv2.1,"{""Keith David pers. comm."",""Watts Greg. pers. comm.""}","{""Life span"",20-60}","{""Cell color index 12""}",NA,NA,60,20
96821,surv5,Acacia longifolia subsp. longifolia,10790,NSWFFRDv2.1,"{""Keith David pers. comm."",""Watts Greg. pers. comm.""}","{""Life span"",20-60}","{""Cell color index 12""}",NA,NA,60,20
96822,surv5,Acacia longifolia subsp. sophorae,10791,NSWFFRDv2.1,"{""Clarke 1989""}","{""Life span"",5-30}","{""Cell color index 12""}",NA,NA,30,5
96823,surv5,Acacia maidenii,3821,NSWFFRDv2.1,"{""Watts Greg. pers. comm.""}","{""Life span"",""c. 20""}","{""Cell color index 12""}",NA,NA,NA,NA
96824,surv5,Acacia mearnsii,3823,NSWFFRDv2.1,"{""Melick 1990""}","{""Life span"",""20 (84)""}",NA,NA,20,NA,NA
96825,surv5,Acacia mearnsii,3823,NSWFFRDv2.1,"{""Benson McDougall Ecology Sydney Plant Species Cunn""}","{""Life span"",""short (1)""}",NA,NA,NA,NA,NA
96826,surv5,Acacia melanoxylon,3824,NSWFFRDv2.1,"{""Benson McDougall Ecology Sydney Plant Species Cunn""}","{""Life span"",""50 (1)""}","{""Cell color index 8""}",NA,50,NA,NA
96827,surv5,Acacia melanoxylon,3824,NSWFFRDv2.1,"{""Chesterfield Taylor Molnar 1990""}","{""Life span"",""90 (CT)""}","{""Cell color index 8""}",NA,90,NA,NA
96828,surv5,Acacia melanoxylon,3824,NSWFFRDv2.1,"{""McMahon 1987""}","{""Life span"",""50-100 (M)""}","{""Cell color index 8""}",NA,NA,100,50
96829,surv5,Acacia myrtifolia,3834,NSWFFRDv2.1,"{""Benson McDougall Ecology Sydney Plant Species Cunn""}","{""Life span"",""5-25 (1)""}",NA,NA,NA,25,5
96830,surv5,Acacia myrtifolia,3834,NSWFFRDv2.1,"{""Groves ""}","{""Life span"",""c. 30 (101)""}",NA,NA,NA,NA,NA
96831,surv5,Acacia oxycedrus,3844,NSWFFRDv2.1,"{""Benson McDougall Ecology Sydney Plant Species Cunn"",""Keith David pers. comm.""}","{""Life span"",20-30}","{""Cell color index 12""}",NA,NA,30,20
96832,surv5,Acacia oxycedrus,3844,NSWFFRDv2.1,"{""Benson McDougall Ecology Sydney Plant Species Cunn"",""Keith David pers. comm.""}","{""Life span"",20-30}","{""Cell color index 12""}",NA,NA,30,20
96833,surv5,Acacia parramattensis,3846,NSWFFRDv2.1,"{""Benson McDougall Ecology Sydney Plant Species Cunn""}","{""Life span"",""stems live up to 25y, root-suckering may extend lifespan of individual""}","{""Cell color index 12""}",NA,NA,NA,NA
96834,surv5,Acacia prominens,3857,NSWFFRDv2.1,"{""Maryott-Brown Wilks 1993""}","{""Life span"",""c. 25-35""}","{""Cell color index 12""}",NA,NA,35,NA
96835,surv5,Acacia pubescens,3860,NSWFFRDv2.1,"{""Benson McDougall Ecology Sydney Plant Species Cunn""}","{""Life span"",""50 (1)""}","{""Cell color index 12""}",NA,50,NA,NA
96836,surv5,Acacia pubescens,3860,NSWFFRDv2.1,"{""Maryott-Brown Wilks 1993""}","{""Life span"",""c. 25-35 (71)""}","{""Cell color index 12""}",NA,NA,35,NA
96837,surv5,Acacia pubescens,3860,NSWFFRDv2.1,"{""RP Acacia pubescens""}","{""Life span"","">50 (R21)""}","{""Cell color index 12""}",NA,NA,NA,50
96838,surv5,Acacia rubida,3869,NSWFFRDv2.1,"{""Benson McDougall Ecology Sydney Plant Species Cunn""}","{""Life span"",25-60}","{""Cell color index 12""}",NA,NA,60,25
96839,surv5,Acacia saligna,3873,NSWFFRDv2.1,"{""Clarke 1989""}","{""Life span"",5-30}","{""Cell color index 12""}",NA,NA,30,5
96840,surv5,Acacia suaveolens,3881,NSWFFRDv2.1,"{""Auld 1987""}","{""Life span"",""populations reduced after 10 y, max ls 20-25 y (28)""}",NA,NA,NA,NA,NA
96841,surv5,Acacia suaveolens,3881,NSWFFRDv2.1,"{""Keith David pers. comm.""}","{""Life span"",""5-25 (9)""}",NA,NA,NA,25,5
96842,surv5,Acacia suaveolens,3881,NSWFFRDv2.1,"{""Benson McDougall Ecology Sydney Plant Species Cunn""}","{""Life span"",""5-10, maximum 15-25 (1c)""}",NA,NA,NA,NA,5
96843,surv5,Acacia suaveolens,3881,NSWFFRDv2.1,"{""Clemens Franklin 1980""}","{""Life span"",""absent or rare in 10 yo site (46)""}",NA,NA,NA,NA,NA
96844,surv5,Acacia suaveolens,3881,NSWFFRDv2.1,"{""EcoGIS 2002""}","{""Life span"",""plants uncommon (<5% cover) but still flowering at sites 15, 22, 25 years since fire (105)""}",NA,NA,NA,NA,NA
96845,surv5,Acacia terminalis,3885,NSWFFRDv2.1,"{""Keith David pers. comm."",""EcoGIS 2002""}","{""Life span"",""5-25 (9), plants still present and flowering at sites 22, 25 years post-fire (105)""}",NA,NA,NA,25,5
96846,surv5,Acacia terminalis,3885,NSWFFRDv2.1,"{""Keith David pers. comm."",""EcoGIS 2002""}","{""Life span"",""5-25 (9), plants still present and flowering at sites 22, 25 years post-fire (105)""}",NA,NA,NA,25,5
96847,surv5,Acacia terminalis s. lat. (winged form),n/a,NSWFFRDv2.1,NA,"{""Life span"",""c. 15-25""}",NA,NA,NA,25,NA
96848,surv5,Acacia ulicifolia,3893,NSWFFRDv2.1,"{""Benson McDougall Ecology Sydney Plant Species Cunn"",""EcoGIS 2002""}","{""Life span"",""25 (1), plants still present and flowering at sites 25 years post-fire (105)""}",NA,NA,25,NA,NA
96849,surv5,Acacia ulicifolia,3893,NSWFFRDv2.1,"{""Benson McDougall Ecology Sydney Plant Species Cunn"",""EcoGIS 2002""}","{""Life span"",""25 (1), plants still present and flowering at sites 25 years post-fire (105)""}",NA,NA,25,NA,NA
96850,surv5,Alchornea ilicifolia,8669,NSWFFRDv2.1,NA,"{""Life span"",>30}",NA,NA,NA,NA,30
96851,surv5,Acacia verticillata subsp. verticillata,11245,NSWFFRDv2.1,"{""Ashton Chappill 1989""}","{""Life span"",28}","{""Cell color index 12""}",NA,28,NA,NA
96852,surv5,Acaena echinata,5603,NSWFFRDv2.1,"{""Morgan 1999""}","{""Life span"",long}","{""Cell color index 12""}",NA,NA,NA,NA
96853,surv5,Acaena novae-zelandiae,5604,NSWFFRDv2.1,"{""Wahren Papst Williams 1999""}","{""Life span"",10?}","{""Cell color index 12"",uncertain}",NA,10,NA,NA
96854,surv5,Acaena ovina,5605,NSWFFRDv2.1,"{""Wahren Papst Williams 1999""}","{""Life span"",10?}","{""Cell color index 12"",uncertain}",NA,10,NA,NA
96855,surv5,Aciphylla glacialis,1090,NSWFFRDv2.1,"{""Wahren Papst Williams 1999""}","{""Life span"",15?}","{""Cell color index 12"",uncertain}",NA,15,NA,NA
96856,surv5,Acmena smithii,3968,NSWFFRDv2.1,"{""Benson McDougall Ecology Sydney Plant Species Cunn"",""Chesterfield Taylor Molnar 1990""}","{""Life span"",100-200}","{""Cell color index 12""}",NA,NA,200,100
96857,surv5,Acmena smithii,3968,NSWFFRDv2.1,"{""Benson McDougall Ecology Sydney Plant Species Cunn"",""Chesterfield Taylor Molnar 1990""}","{""Life span"",100-200}","{""Cell color index 12""}",NA,NA,200,100
96858,surv5,Acrophyllum australe,2265,NSWFFRDv2.1,"{""Benson McDougall Ecology Sydney Plant Species Cunn""}","{""Life span"",medium}","{""Cell color index 12""}",NA,NA,NA,NA
96859,surv5,Acrothamnus montanus,12059,NSWFFRDv2.1,"{""Wahren Papst Williams 1999""}","{""Life span"",50?}","{""Cell color index 12"",uncertain}",NA,50,NA,NA
96860,surv5,Acrotriche divaricata,2581,NSWFFRDv2.1,NA,"{""Life span"",20-100?}",{uncertain},NA,NA,100,20
96861,surv5,Acrotriche serrulata,2583,NSWFFRDv2.1,"{""Russell Parsons 1978"",""EcoGIS 2002""}","{""Life span"",""<15? (37), common and flowering at sites 22 yo site (105)""}",{uncertain},NA,NA,15,NA
96862,surv5,Acrotriche serrulata,2583,NSWFFRDv2.1,"{""Russell Parsons 1978"",""EcoGIS 2002""}","{""Life span"",""<15? (37), common and flowering at sites 22 yo site (105)""}",{uncertain},NA,NA,15,NA
96863,surv5,Actephila lindleyi,2675,NSWFFRDv2.1,NA,"{""Life span"",>50}",NA,NA,NA,NA,50
96864,surv5,Actinobole uliginosum,1253,NSWFFRDv2.1,NA,"{""Life span"",annual}",NA,NA,NA,NA,NA
96865,surv5,Actinotus forsythii,1092,NSWFFRDv2.1,NA,"{""Life span"",annual}",NA,NA,NA,NA,NA
96866,surv5,Actinotus gibbonsii,1093,NSWFFRDv2.1,NA,"{""Life span"",annual}",NA,NA,NA,NA,NA
96867,surv5,Actinotus helianthi,1094,NSWFFRDv2.1,"{""Benson McDougall Ecology Sydney Plant Species Cunn""}","{""Life span"",""generally 4-5 some plants up to 15 (1)""}",NA,NA,NA,NA,NA
96868,surv5,Actinotus helianthi,1094,NSWFFRDv2.1,"{""Clemens Franklin 1980"",""Keith David pers. comm.""}","{""Life span"",""absent or rare in 10 yo heath (46), 5-10 (9)""}",NA,NA,NA,NA,NA
96869,surv5,Actinotus helianthi,1094,NSWFFRDv2.1,"{""Clemens Franklin 1980"",""Keith David pers. comm.""}","{""Life span"",""absent or rare in 10 yo heath (46), 5-10 (9)""}",NA,NA,NA,NA,NA
96870,surv5,Actinotus minor,1095,NSWFFRDv2.1,"{""Keith David pers. comm."",""Clemens Franklin 1980"",""EcoGIS 2002""}","{""Life span"",""25-60 (9), absent or rare in 10 yo heath (46), common at 15 and 22 yo sites (105)""}",NA,NA,NA,60,25
96871,surv5,Actinotus minor,1095,NSWFFRDv2.1,"{""Keith David pers. comm."",""Clemens Franklin 1980"",""EcoGIS 2002""}","{""Life span"",""25-60 (9), absent or rare in 10 yo heath (46), common at 15 and 22 yo sites (105)""}",NA,NA,NA,60,25
96872,surv5,Actinotus minor,1095,NSWFFRDv2.1,"{""Keith David pers. comm."",""Clemens Franklin 1980"",""EcoGIS 2002""}","{""Life span"",""25-60 (9), absent or rare in 10 yo heath (46), common at 15 and 22 yo sites (105)""}",NA,NA,NA,60,25
96873,surv5,Adiantum aethiopicum,7997,NSWFFRDv2.1,"{""Benson McDougall Ecology Sydney Plant Species Cunn""}","{""Life span"",indefinite}","{""Cell color index 12""}",NA,NA,NA,NA
96874,surv5,Adiantum diaphanum,7998,NSWFFRDv2.1,"{""Benson McDougall Ecology Sydney Plant Species Cunn""}","{""Life span"",indefinite}","{""Cell color index 12""}",NA,NA,NA,NA
96875,surv5,Adiantum hispidulum,8000,NSWFFRDv2.1,NA,"{""Life span"",indefinite}",NA,NA,NA,NA,NA
96876,surv5,Aegiceras corniculatum,7459,NSWFFRDv2.1,NA,"{""Life span"",long}",NA,NA,NA,NA,NA
96877,surv5,Agrostis parviflora,4726,NSWFFRDv2.1,NA,"{""Life span"",annual}",NA,NA,NA,NA,NA
96878,surv5,Agrostis venusta,4729,NSWFFRDv2.1,NA,"{""Life span"",annual}",NA,NA,NA,NA,NA
96879,surv5,Aira cupaniana,4731,NSWFFRDv2.1,NA,"{""Life span"",annual}",NA,NA,NA,NA,NA
96880,surv5,Ajuga australis,3371,NSWFFRDv2.1,"{""Wahren Papst Williams 1999""}","{""Life span"",""10? (58)""}",{uncertain},NA,10,NA,NA
96881,surv5,Ajuga australis,3371,NSWFFRDv2.1,"{""Benson McDougall Ecology Sydney Plant Species Cunn""}","{""Life span"",""c. 2-3 (1)""}",NA,NA,NA,3,NA
96882,surv5,Cerastium glomeratum,1960,NSWFFRDv2.1,NA,"{""Life span"",annual}",NA,NA,NA,NA,NA
96883,surv5,Alectryon subcinereus,5875,NSWFFRDv2.1,"{""Clarke 1989""}","{""Life span"",>30}","{""Cell color index 12""}",NA,NA,NA,30
96884,surv5,Allocasuarina distyla,2010,NSWFFRDv2.1,"{""Benson McDougall Ecology Sydney Plant Species Cunn"",""Keith David pers. comm."",""EcoGIS 2002""}","{""Life span"",""25-40 (1), 40-60 (9), still present and with fruit at 22 and 25 yo sites (105)""}",NA,NA,NA,40,25
96885,surv5,Allocasuarina distyla,2010,NSWFFRDv2.1,"{""Benson McDougall Ecology Sydney Plant Species Cunn"",""Keith David pers. comm."",""EcoGIS 2002""}","{""Life span"",""25-40 (1), 40-60 (9), still present and with fruit at 22 and 25 yo sites (105)""}",NA,NA,NA,40,25
96886,surv5,Allocasuarina distyla,2010,NSWFFRDv2.1,"{""Benson McDougall Ecology Sydney Plant Species Cunn"",""Keith David pers. comm."",""EcoGIS 2002""}","{""Life span"",""25-40 (1), 40-60 (9), still present and with fruit at 22 and 25 yo sites (105)""}",NA,NA,NA,40,25
96887,surv5,Allocasuarina glareicola,8320,NSWFFRDv2.1,"{""Benson McDougall Ecology Sydney Plant Species Cunn""}","{""Life span"",indefinite}","{""Cell color index 12""}",NA,NA,NA,NA
96888,surv5,Allocasuarina littoralis,2012,NSWFFRDv2.1,"{""Lunt 1998"",""Keith David pers. comm."",""EcoGIS 2002""}","{""Life span"",""c. 70 (17) , 40-60 (9), present at 20-25 yo sites (105)""}",NA,NA,NA,NA,NA
96889,surv5,Allocasuarina littoralis,2012,NSWFFRDv2.1,"{""Lunt 1998"",""Keith David pers. comm."",""EcoGIS 2002""}","{""Life span"",""c. 70 (17) , 40-60 (9), present at 20-25 yo sites (105)""}",NA,NA,NA,NA,NA
96890,surv5,Allocasuarina littoralis,2012,NSWFFRDv2.1,"{""Lunt 1998"",""Keith David pers. comm."",""EcoGIS 2002""}","{""Life span"",""c. 70 (17) , 40-60 (9), present at 20-25 yo sites (105)""}",NA,NA,NA,NA,NA
96891,surv5,Allocasuarina luehmannii,2013,NSWFFRDv2.1,"{""RP RFA Victoria - North East""}","{""Life span"",>50}","{""Cell color index 12""}",NA,NA,NA,50
96892,surv5,Allocasuarina nana,2014,NSWFFRDv2.1,"{""Benson McDougall Ecology Sydney Plant Species Cunn""}","{""Life span"",50-100?}","{""Cell color index 12"",uncertain}",NA,NA,100,50
96893,surv5,Allocasuarina paludosa,2015,NSWFFRDv2.1,"{""Benson McDougall Ecology Sydney Plant Species Cunn"",""Keith David pers. comm.""}","{""Life span"",60-100}","{""Cell color index 12""}",NA,NA,100,60
96894,surv5,Allocasuarina paludosa,2015,NSWFFRDv2.1,"{""Benson McDougall Ecology Sydney Plant Species Cunn"",""Keith David pers. comm.""}","{""Life span"",60-100}","{""Cell color index 12""}",NA,NA,100,60
96895,surv5,Allocasuarina torulosa,2017,NSWFFRDv2.1,"{""Benson McDougall Ecology Sydney Plant Species Cunn""}","{""Life span"",50-100?}","{""Cell color index 12"",uncertain}",NA,NA,100,50
96896,surv5,Allocasuarina verticillata,2018,NSWFFRDv2.1,"{""Lunt 1998""}","{""Life span"",>90}","{""Cell color index 12""}",NA,NA,NA,90
96897,surv5,Almaleea incurvata,8365,NSWFFRDv2.1,"{""Benson McDougall Ecology Sydney Plant Species Cunn""}","{""Life span"",10?}","{""Cell color index 12"",uncertain}",NA,10,NA,NA
96898,surv5,Almaleea paludosa,8364,NSWFFRDv2.1,"{""Benson McDougall Ecology Sydney Plant Species Cunn"",""Keith David pers. comm.""}","{""Life span"",5-25}","{""Cell color index 12""}",NA,NA,25,5
96899,surv5,Almaleea paludosa,8364,NSWFFRDv2.1,"{""Benson McDougall Ecology Sydney Plant Species Cunn"",""Keith David pers. comm.""}","{""Life span"",5-25}","{""Cell color index 12""}",NA,NA,25,5
96900,surv5,Alyssum linifolium,1775,NSWFFRDv2.1,NA,"{""Life span"",annual}",NA,NA,NA,NA,NA
96901,surv5,Alyxia buxifolia,1165,NSWFFRDv2.1,"{""Clarke 1989""}","{""Life span"",5-30}","{""Cell color index 12""}",NA,NA,30,5
96902,surv5,Ambrosia artemisiifolia,1259,NSWFFRDv2.1,NA,"{""Life span"",annual}",NA,NA,NA,NA,NA
96903,surv5,Amperea xiphoclada var. xiphoclada,9713,NSWFFRDv2.1,"{""Benson McDougall Ecology Sydney Plant Species Cunn"",""EcoGIS 2002""}","{""Life span"",""indefinite (1), present and flowering at 20-25 yo sites (105)""}",NA,NA,NA,NA,NA
96904,surv5,Amperea xiphoclada var. xiphoclada,9713,NSWFFRDv2.1,"{""Benson McDougall Ecology Sydney Plant Species Cunn"",""EcoGIS 2002""}","{""Life span"",""indefinite (1), present and flowering at 20-25 yo sites (105)""}",NA,NA,NA,NA,NA
96905,surv5,Amphipogon caricinus var. caricinus,7539,NSWFFRDv2.1,"{""Specht Rayson Jackman 1958""}","{""Life span"",>25}","{""Cell color index 12""}",NA,NA,NA,25
96906,surv5,Angianthus tomentosus,1268,NSWFFRDv2.1,NA,"{""Life span"",annual}",NA,NA,NA,NA,NA
96907,surv5,Angophora bakeri,3969,NSWFFRDv2.1,"{""Benson McDougall Ecology Sydney Plant Species Cunn""}","{""Life span"",>100}","{""Cell color index 12""}",NA,NA,NA,100
96908,surv5,Angophora costata,3970,NSWFFRDv2.1,"{""Benson McDougall Ecology Sydney Plant Species Cunn""}","{""Life span"",>100}","{""Cell color index 12""}",NA,NA,NA,100
96909,surv5,Angophora crassifolia,9012,NSWFFRDv2.1,NA,"{""Life span"",>100}",NA,NA,NA,NA,100
96910,surv5,Angophora euryphylla,9717,NSWFFRDv2.1,NA,"{""Life span"",>100}",NA,NA,NA,NA,100
96911,surv5,Angophora floribunda,3971,NSWFFRDv2.1,"{""Benson McDougall Ecology Sydney Plant Species Cunn""}","{""Life span"",>100}","{""Cell color index 12""}",NA,NA,NA,100
96912,surv5,Angophora hispida,3972,NSWFFRDv2.1,"{""Benson McDougall Ecology Sydney Plant Species Cunn""}","{""Life span"",""50-100 (1)""}",NA,NA,NA,100,50
96913,surv5,Angophora hispida,3972,NSWFFRDv2.1,"{""Keith David pers. comm.""}","{""Life span"",""100-200 (9)""}",NA,NA,NA,200,100
96914,surv5,Angophora inopina,9619,NSWFFRDv2.1,NA,"{""Life span"",>200}",NA,NA,NA,NA,200
96915,surv5,Angophora subvelutina,3974,NSWFFRDv2.1,NA,"{""Life span"",>200}",NA,NA,NA,NA,200
96916,surv5,Anisopogon avenaceus,4749,NSWFFRDv2.1,"{""Keith David pers. comm.""}","{""Life span"",indefinite}","{""Cell color index 12""}",NA,NA,NA,NA
96917,surv5,Anthemis arvensis,1269,NSWFFRDv2.1,NA,"{""Life span"",annual}",NA,NA,NA,NA,NA
96918,surv5,Aotus ericoides,2770,NSWFFRDv2.1,"{""Benson McDougall Ecology Sydney Plant Species Cunn"",""Keith David pers. comm.""}","{""Life span"",25-60}","{""Cell color index 12""}",NA,NA,60,25
96919,surv5,Aotus ericoides,2770,NSWFFRDv2.1,"{""Benson McDougall Ecology Sydney Plant Species Cunn"",""Keith David pers. comm.""}","{""Life span"",25-60}","{""Cell color index 12""}",NA,NA,60,25
96920,surv5,Apalochlamys spectabilis,8221,NSWFFRDv2.1,NA,"{""Life span"",biennual}",NA,NA,NA,NA,NA
96921,surv5,Aphanes australiana,5609,NSWFFRDv2.1,NA,"{""Life span"",annual}",NA,NA,NA,NA,NA
96922,surv5,Aphelia gracilis,2037,NSWFFRDv2.1,NA,"{""Life span"",annual}",NA,NA,NA,NA,NA
96923,surv5,Apium prostratum var. prostratum,11824,NSWFFRDv2.1,NA,"{""Life span"",biennial}",NA,NA,NA,NA,NA
96924,surv5,Arctotheca calendula,1273,NSWFFRDv2.1,NA,"{""Life span"",annual}",NA,NA,NA,NA,NA
96925,surv5,Argentipallium obtusifolium,9721,NSWFFRDv2.1,"{""Specht Rayson Jackman 1958""}","{""Life span"",3-4}","{""Cell color index 12""}",NA,NA,4,3
96926,surv5,Argyrotegium fordianum,12689,NSWFFRDv2.1,"{""Wahren Papst Williams 1999""}","{""Life span"",10?}","{""Cell color index 12"",uncertain}",NA,10,NA,NA
96927,surv5,Aristida holathera var. holathera,7537,NSWFFRDv2.1,NA,"{""Life span"",annual}",NA,NA,NA,NA,NA
96928,surv5,Aristida vagans,4773,NSWFFRDv2.1,"{""EcoGIS 2002""}","{""Life span"",""present at 20 yo site""}","{""Cell color index 12""}",NA,NA,NA,NA
96929,surv5,Aristida warburgii,4774,NSWFFRDv2.1,NA,"{""Life span"",5-25}",NA,NA,NA,25,5
96930,surv5,Artanema fimbriatum,5943,NSWFFRDv2.1,NA,"{""Life span"",short}",NA,NA,NA,NA,NA
96931,surv5,Asperula gunnii,5657,NSWFFRDv2.1,"{""Wahren Papst Williams 1999""}","{""Life span"",5?}","{""Cell color index 12"",uncertain}",NA,5,NA,NA
96932,surv5,Asperula scoparia,5659,NSWFFRDv2.1,"{""Wahren Papst Williams 1999""}","{""Life span"",5?}","{""Cell color index 12"",uncertain}",NA,5,NA,NA
96933,surv5,Asphodelus fistulosus,3524,NSWFFRDv2.1,NA,"{""Life span"",annual}",NA,NA,NA,NA,NA
96934,surv5,Asplenium australasicum,8031,NSWFFRDv2.1,"{""Benson McDougall Ecology Sydney Plant Species Cunn""}","{""Life span"",long}","{""Cell color index 12""}",NA,NA,NA,NA
96935,surv5,Asplenium bulbiferum subsp. gracillimum,8866,NSWFFRDv2.1,NA,"{""Life span"",indefinite}",NA,NA,NA,NA,NA
96936,surv5,Asplenium trichomanes,9259,NSWFFRDv2.1,NA,"{""Life span"",15-40?}",{uncertain},NA,NA,40,15
96937,surv5,Asterolasia trymalioides,5730,NSWFFRDv2.1,"{""Wahren Papst Williams 1999""}","{""Life span"",""50? (58)""}",{uncertain},NA,50,NA,NA
96938,surv5,Asterolasia trymalioides,5730,NSWFFRDv2.1,"{""Williams Ashton 1988""}","{""Life span"","">40 (80)""}",NA,NA,NA,NA,40
96939,surv5,Astrotricha crassifolia,1200,NSWFFRDv2.1,NA,"{""Life span"",indefinite?}",{uncertain},NA,NA,NA,NA
96940,surv5,Astrotricha latifolia,1202,NSWFFRDv2.1,"{""Benson McDougall Ecology Sydney Plant Species Cunn""}","{""Life span"",<10?}","{""Cell color index 12"",uncertain}",NA,NA,10,NA
96941,surv5,Astrotricha longifolia,1205,NSWFFRDv2.1,NA,"{""Life span"",indefinite}",NA,NA,NA,NA,NA
96942,surv5,Atkinsonia ligustrina,3611,NSWFFRDv2.1,NA,"{""Life span"",20?}",{uncertain},NA,20,NA,NA
96943,surv5,Atriplex elachophylla,2050,NSWFFRDv2.1,NA,"{""Life span"",annual}",NA,NA,NA,NA,NA
96944,surv5,Brachyscome perpusilla var. tenella,10409,NSWFFRDv2.1,NA,"{""Life span"",annual}",NA,NA,NA,NA,NA
96945,surv5,Atriplex vesicaria,2078,NSWFFRDv2.1,"{""Cunningham Mulham Milthorpe Leigh 1992""}","{""Life span"",20-30}","{""Cell color index 12""}",NA,NA,30,20
96946,surv5,Australopyrum velutinum,7840,NSWFFRDv2.1,"{""Wahren Papst Williams 1999""}","{""Life span"",5?}","{""Cell color index 12"",uncertain}",NA,5,NA,NA
96947,surv5,Austrocynoglossum latifolium,8667,NSWFFRDv2.1,NA,"{""Life span"",<5}",NA,NA,NA,5,NA
96948,surv5,Austrofestuca littoralis,6594,NSWFFRDv2.1,NA,"{""Life span"",<5}",NA,NA,NA,5,NA
96949,surv5,Austromyrtus dulcis,3979,NSWFFRDv2.1,"{""Clarke 1989""}","{""Life span"",5-30}","{""Cell color index 12""}",NA,NA,30,5
96950,surv5,Austromyrtus tenuifolia,3982,NSWFFRDv2.1,NA,"{""Life span"",25-50?}",{uncertain},NA,NA,50,25
96951,surv5,Austrostipa nivicola,9960,NSWFFRDv2.1,"{""Wahren Papst Williams 1999""}","{""Life span"",10?}","{""Cell color index 12"",uncertain}",NA,10,NA,NA
96952,surv5,Austrostipa rudis subsp. nervosa,10398,NSWFFRDv2.1,"{""EcoGIS 2002""}","{""Life span"",""common at 20 yo site""}","{""Cell color index 12""}",NA,NA,NA,NA
96953,surv5,Austrostipa semibarbata,10394,NSWFFRDv2.1,"{""Specht Rayson Jackman 1958""}","{""Life span"",>25}","{""Cell color index 12""}",NA,NA,NA,25
96954,surv5,Avena fatua,4780,NSWFFRDv2.1,NA,"{""Life span"",annual}",NA,NA,NA,NA,NA
96955,surv5,Avicennia marina subsp. australasica,10427,NSWFFRDv2.1,NA,"{""Life span"",100}",NA,NA,100,NA,NA
96956,surv5,Babingtonia odontocalyx,9817,NSWFFRDv2.1,"{""Clarke Fulloon 1999""}","{""Life span"",>10?}","{""Cell color index 12"",uncertain}",NA,NA,NA,10
96957,surv5,Backhousia myrtifolia,3984,NSWFFRDv2.1,NA,"{""Life span"",>100}",NA,NA,NA,NA,100
96958,surv5,Baeckea brevifolia,3986,NSWFFRDv2.1,"{""Benson McDougall Ecology Sydney Plant Species Cunn"",""Keith David pers. comm.""}","{""Life span"",25-60}","{""Cell color index 12""}",NA,NA,60,25
96959,surv5,Baeckea brevifolia,3986,NSWFFRDv2.1,"{""Benson McDougall Ecology Sydney Plant Species Cunn"",""Keith David pers. comm.""}","{""Life span"",25-60}","{""Cell color index 12""}",NA,NA,60,25
96960,surv5,Baeckea gunniana,3994,NSWFFRDv2.1,"{""Wahren Papst Williams 1999""}","{""Life span"",50?}","{""Cell color index 12"",uncertain}",NA,50,NA,NA
96961,surv5,Baeckea imbricata,3995,NSWFFRDv2.1,"{""Benson McDougall Ecology Sydney Plant Species Cunn"",""Keith David pers. comm.""}","{""Life span"",40-70}","{""Cell color index 12""}",NA,NA,70,40
96962,surv5,Baeckea imbricata,3995,NSWFFRDv2.1,"{""Benson McDougall Ecology Sydney Plant Species Cunn"",""Keith David pers. comm.""}","{""Life span"",40-70}","{""Cell color index 12""}",NA,NA,70,40
96963,surv5,Baeckea linifolia,3997,NSWFFRDv2.1,"{""Benson McDougall Ecology Sydney Plant Species Cunn"",""Keith David pers. comm.""}","{""Life span"",40-70}","{""Cell color index 12""}",NA,NA,70,40
96964,surv5,Baeckea linifolia,3997,NSWFFRDv2.1,"{""Benson McDougall Ecology Sydney Plant Species Cunn"",""Keith David pers. comm.""}","{""Life span"",40-70}","{""Cell color index 12""}",NA,NA,70,40
96965,surv5,Baeckea utilis,4000,NSWFFRDv2.1,"{""EcoGIS 2002""}","{""Life span"",""common at 22 yo site""}","{""Cell color index 12""}",NA,NA,NA,NA
96966,surv5,Baloskion australe,10605,NSWFFRDv2.1,"{""Wahren Papst Williams 1999""}","{""Life span"",15?}","{""Cell color index 12"",uncertain}",NA,15,NA,NA
96967,surv5,Banksia aemula,5339,NSWFFRDv2.1,"{""Benson McDougall Ecology Sydney Plant Species Cunn""}","{""Life span"",>100}","{""Cell color index 12""}",NA,NA,NA,100
96968,surv5,Banksia cunninghamii,8595,NSWFFRDv2.1,"{""Benson McDougall Ecology Sydney Plant Species Cunn""}","{""Life span"",30-50?}","{""Cell color index 12"",uncertain}",NA,NA,50,30
96969,surv5,Banksia ericifolia subsp. ericifolia,11049,NSWFFRDv2.1,"{""Keith David pers. comm.""}","{""Life span"",""40-50 (9)""}",NA,NA,NA,50,40
96970,surv5,Banksia ericifolia subsp. ericifolia,11049,NSWFFRDv2.1,"{""Bradstock 1988""}","{""Life span"",""30-50 (30)""}",NA,NA,NA,50,30
96971,surv5,Banksia integrifolia subsp. integrifolia,6603,NSWFFRDv2.1,"{""Clarke 1989"",""Benson McDougall Ecology Sydney Plant Species Cunn"",""EcoGIS 2002""}","{""Life span"","">30 (96), 100-150? (1), present at 20 yo site (105)""}",{uncertain},NA,NA,NA,30
96972,surv5,Banksia integrifolia subsp. integrifolia,6603,NSWFFRDv2.1,"{""Clarke 1989"",""Benson McDougall Ecology Sydney Plant Species Cunn"",""EcoGIS 2002""}","{""Life span"","">30 (96), 100-150? (1), present at 20 yo site (105)""}",{uncertain},NA,NA,NA,30
96973,surv5,Banksia integrifolia subsp. integrifolia,6603,NSWFFRDv2.1,"{""Clarke 1989"",""Benson McDougall Ecology Sydney Plant Species Cunn"",""EcoGIS 2002""}","{""Life span"","">30 (96), 100-150? (1), present at 20 yo site (105)""}",{uncertain},NA,NA,NA,30
96974,surv5,Banksia marginata,5344,NSWFFRDv2.1,"{""Keith David pers. comm.""}","{""Life span"","">50 (9)""}","{""Cell color index 8""}",NA,NA,NA,50
96975,surv5,Banksia marginata,5344,NSWFFRDv2.1,"{""Specht Rayson Jackman 1958""}","{""Life span"",""parent plants die out about 25yo, leaving vigorous suckers (33)""}","{""Cell color index 8""}",NA,NA,NA,NA
96976,surv5,Banksia marginata,5344,NSWFFRDv2.1,"{""Watts Greg. pers. comm.""}","{""Life span"",30}","{""Cell color index 12""}",NA,30,NA,NA
96977,surv5,Banksia oblongifolia,5345,NSWFFRDv2.1,"{""Keith David pers. comm.""}","{""Life span"",40-80}","{""Cell color index 12""}",NA,NA,80,40
96978,surv5,Banksia paludosa,5346,NSWFFRDv2.1,"{""Keith David pers. comm.""}","{""Life span"",40-80}","{""Cell color index 12""}",NA,NA,80,40
96979,surv5,Banksia penicillata,10872,NSWFFRDv2.1,NA,"{""Life span"",30-50?}",{uncertain},NA,NA,50,30
96980,surv5,Banksia robur,5347,NSWFFRDv2.1,"{""Keith David pers. comm.""}","{""Life span"",40-80}","{""Cell color index 12""}",NA,NA,80,40
96981,surv5,Banksia serrata,5348,NSWFFRDv2.1,"{""Bradstock 1990""}","{""Life span"",""70->80 (29)""}",NA,NA,NA,NA,70
96982,surv5,Banksia serrata,5348,NSWFFRDv2.1,"{""Department Natural Resources Environment ""}","{""Life span"",""75 (38)""}",NA,NA,75,NA,NA
96983,surv5,Banksia serrata,5348,NSWFFRDv2.1,"{""Benson McDougall Ecology Sydney Plant Species Cunn""}","{""Life span"",""100 (1)""}",NA,NA,100,NA,NA
96984,surv5,Banksia spinulosa var. spinulosa,7488,NSWFFRDv2.1,"{""Benson McDougall Ecology Sydney Plant Species Cunn""}","{""Life span"",50-100}","{""Cell color index 12""}",NA,NA,100,50
96985,surv5,Barbarea grayi,7495,NSWFFRDv2.1,NA,"{""Life span"",annual}",NA,NA,NA,NA,NA
96986,surv5,Bartsia trixago,9188,NSWFFRDv2.1,NA,"{""Life span"",annual}",NA,NA,NA,NA,NA
96987,surv5,Bauera microphylla,7219,NSWFFRDv2.1,"{""Benson McDougall Ecology Sydney Plant Species Cunn"",""Keith David pers. comm.""}","{""Life span"",25-60}","{""Cell color index 12""}",NA,NA,60,25
96988,surv5,Bauera microphylla,7219,NSWFFRDv2.1,"{""Benson McDougall Ecology Sydney Plant Species Cunn"",""Keith David pers. comm.""}","{""Life span"",25-60}","{""Cell color index 12""}",NA,NA,60,25
96989,surv5,Baumea acuta,2294,NSWFFRDv2.1,"{""Keith David pers. comm.""}","{""Life span"",indefinite}","{""Cell color index 12""}",NA,NA,NA,NA
96990,surv5,Baumea articulata,2296,NSWFFRDv2.1,"{""Watts Greg. pers. comm.""}","{""Life span"",>30}","{""Cell color index 12""}",NA,NA,NA,30
96991,surv5,Baumea gunnii,2297,NSWFFRDv2.1,NA,"{""Life span"",indefinite}",NA,NA,NA,NA,NA
96992,surv5,Baumea rubiginosa,2302,NSWFFRDv2.1,NA,"{""Life span"",indefinite}",NA,NA,NA,NA,NA
96993,surv5,Baumea teretifolia,2303,NSWFFRDv2.1,NA,"{""Life span"",indefinite}",NA,NA,NA,NA,NA
96994,surv5,Bedfordia arborescens,1282,NSWFFRDv2.1,"{""Groves ""}","{""Life span"",""c. 100""}","{""Cell color index 12""}",NA,NA,NA,NA
96995,surv5,Beyeria lasiocarpa,2691,NSWFFRDv2.1,"{""Benson McDougall Ecology Sydney Plant Species Cunn""}","{""Life span"",10-20?}","{""Cell color index 12"",uncertain}",NA,NA,20,10
96996,surv5,Beyeria viscosa,2694,NSWFFRDv2.1,"{""Benson McDougall Ecology Sydney Plant Species Cunn""}","{""Life span"",c.50}","{""Cell color index 12""}",NA,NA,NA,NA
96997,surv5,Bidens pilosa,1283,NSWFFRDv2.1,NA,"{""Life span"",annual}",NA,NA,NA,NA,NA
96998,surv5,Bidens subalternans,1284,NSWFFRDv2.1,NA,"{""Life span"",annual}",NA,NA,NA,NA,NA
96999,surv5,Bidens tripartita,1285,NSWFFRDv2.1,NA,"{""Life span"",annual}",NA,NA,NA,NA,NA
97000,surv5,Billardiera scandens,4671,NSWFFRDv2.1,"{""EcoGIS 2002""}","{""Life span"",""present at 20-22 yo sites""}","{""Cell color index 12""}",NA,NA,NA,NA
97001,surv5,Billardiera scandens,4671,NSWFFRDv2.1,"{""Watts Greg. pers. comm.""}","{""Life span"",>30}","{""Cell color index 12""}",NA,NA,NA,30
97002,surv5,Blandfordia nobilis,3529,NSWFFRDv2.1,"{""Keith David pers. comm.""}","{""Life span"",25-60}","{""Cell color index 12""}",NA,NA,60,25
97003,surv5,Blechnum cartilagineum,8052,NSWFFRDv2.1,"{""Benson McDougall Ecology Sydney Plant Species Cunn""}","{""Life span"",""indefinite (1)""}",NA,NA,NA,NA,NA
97004,surv5,Blechnum cartilagineum,8052,NSWFFRDv2.1,"{""RP RFA Tasmania""}","{""Life span"",""25-100? (R42)""}",{uncertain},NA,NA,100,25
97005,surv5,Blechnum minus,7760,NSWFFRDv2.1,"{""Benson McDougall Ecology Sydney Plant Species Cunn""}","{""Life span"",indefinite}","{""Cell color index 12""}",NA,NA,NA,NA
97006,surv5,Blechnum nudum,8058,NSWFFRDv2.1,"{""Benson McDougall Ecology Sydney Plant Species Cunn"",""Keith David pers. comm.""}","{""Life span"",indefinite}","{""Cell color index 12""}",NA,NA,NA,NA
97007,surv5,Blechnum nudum,8058,NSWFFRDv2.1,"{""Benson McDougall Ecology Sydney Plant Species Cunn"",""Keith David pers. comm.""}","{""Life span"",indefinite}","{""Cell color index 12""}",NA,NA,NA,NA
97008,surv5,Blechnum wattsii,8063,NSWFFRDv2.1,"{""Benson McDougall Ecology Sydney Plant Species Cunn""}","{""Life span"",indefinite}","{""Cell color index 12""}",NA,NA,NA,NA
97009,surv5,Boronia coerulescens subsp. coerulescens,10752,NSWFFRDv2.1,"{""Specht Rayson Jackman 1958""}","{""Life span"",>25}","{""Cell color index 12""}",NA,NA,NA,25
97010,surv5,Boronia granitica,5743,NSWFFRDv2.1,"{""RP Boronia granitica""}","{""Life span"",""estimated about 15 y""}","{""Cell color index 12""}",NA,NA,NA,NA
97011,surv5,Boronia parviflora,5749,NSWFFRDv2.1,"{""Keith David pers. comm.""}","{""Life span"",5-25}","{""Cell color index 12""}",NA,NA,25,5
97012,surv5,Bossiaea ensata,2778,NSWFFRDv2.1,"{""Benson McDougall Ecology Sydney Plant Species Cunn""}","{""Life span"",indefinite}","{""Cell color index 12""}",NA,NA,NA,NA
97013,surv5,Bossiaea foliosa,2779,NSWFFRDv2.1,"{""Wahren Papst Williams 1999""}","{""Life span"",60?}","{""Cell color index 12"",uncertain}",NA,60,NA,NA
97014,surv5,Bossiaea heterophylla,2780,NSWFFRDv2.1,"{""Benson McDougall Ecology Sydney Plant Species Cunn"",""Clemens Franklin 1980"",""EcoGIS 2002""}","{""Life span"",""short-medium (1), absent or rare in 10 yo heath (46), common and flowering at 30 yo site (105)""}",NA,NA,NA,NA,NA
97015,surv5,Bossiaea heterophylla,2780,NSWFFRDv2.1,"{""Benson McDougall Ecology Sydney Plant Species Cunn"",""Clemens Franklin 1980"",""EcoGIS 2002""}","{""Life span"",""short-medium (1), absent or rare in 10 yo heath (46), common and flowering at 30 yo site (105)""}",NA,NA,NA,NA,NA
97016,surv5,Bossiaea heterophylla,2780,NSWFFRDv2.1,"{""Benson McDougall Ecology Sydney Plant Species Cunn"",""Clemens Franklin 1980"",""EcoGIS 2002""}","{""Life span"",""short-medium (1), absent or rare in 10 yo heath (46), common and flowering at 30 yo site (105)""}",NA,NA,NA,NA,NA
97017,surv5,Bossiaea obcordata,2784,NSWFFRDv2.1,"{""Benson McDougall Ecology Sydney Plant Species Cunn"",""EcoGIS 2002""}","{""Life span"",""indefinite (1), present at 20 yo site (105)""}",NA,NA,NA,NA,NA
97018,surv5,Bossiaea obcordata,2784,NSWFFRDv2.1,"{""Benson McDougall Ecology Sydney Plant Species Cunn"",""EcoGIS 2002""}","{""Life span"",""indefinite (1), present at 20 yo site (105)""}",NA,NA,NA,NA,NA
97019,surv5,Bossiaea rhombifolia,2787,NSWFFRDv2.1,"{""Benson McDougall Ecology Sydney Plant Species Cunn""}","{""Life span"",medium-long}","{""Cell color index 12""}",NA,NA,NA,NA
97020,surv5,Bossiaea scolopendria,2789,NSWFFRDv2.1,"{""Keith David pers. comm.""}","{""Life span"",5-25}","{""Cell color index 12""}",NA,NA,25,5
97021,surv5,Botrychium australe,8144,NSWFFRDv2.1,"{""Benson McDougall Ecology Sydney Plant Species Cunn""}","{""Life span"",indefinite}","{""Cell color index 12""}",NA,NA,NA,NA
97022,surv5,Brachyloma daphnoides subsp. daphnoides,10689,NSWFFRDv2.1,"{""Benson McDougall Ecology Sydney Plant Species Cunn""}","{""Life span"",indefinite}","{""Cell color index 12""}",NA,NA,NA,NA
97023,surv5,Brachyloma saxicola,9295,NSWFFRDv2.1,"{""Clarke Fulloon 1999""}","{""Life span"",>20}","{""Cell color index 12""}",NA,NA,NA,20
97024,surv5,Brachyscome angustifolia var. heterophylla,7700,NSWFFRDv2.1,NA,"{""Life span"",indefinite}","{""Cell color index 8""}",NA,NA,NA,NA
97025,surv5,Brachyscome debilis,6914,NSWFFRDv2.1,NA,"{""Life span"",annual}",NA,NA,NA,NA,NA
97026,surv5,Brachyscome decipiens,6485,NSWFFRDv2.1,"{""Wahren Papst Williams 1999""}","{""Life span"",10?}","{""Cell color index 12"",uncertain}",NA,10,NA,NA
97027,surv5,Brachyscome goniocarpa,7562,NSWFFRDv2.1,NA,"{""Life span"",annual}",NA,NA,NA,NA,NA
97028,surv5,Brachyscome gracilis,6542,NSWFFRDv2.1,NA,"{""Life span"",annual}",NA,NA,NA,NA,NA
97029,surv5,Brachyscome linearifolia,13832,NSWFFRDv2.1,NA,"{""Life span"",indefinite}",NA,NA,NA,NA,NA
97030,surv5,Brachyscome lineariloba,6861,NSWFFRDv2.1,NA,"{""Life span"",annual}",NA,NA,NA,NA,NA
97031,surv5,Brachyscome multifida,7317,NSWFFRDv2.1,NA,"{""Life span"",annual}",NA,NA,NA,NA,NA
97032,surv5,Brachyscome ptychocarpa,6567,NSWFFRDv2.1,NA,"{""Life span"",annual}",NA,NA,NA,NA,NA
97033,surv5,Brachyscome rigidula,6559,NSWFFRDv2.1,"{""Wahren Papst Williams 1999""}","{""Life span"",10?}","{""Cell color index 12"",uncertain}",NA,10,NA,NA
97034,surv5,Brachyscome scapigera,7318,NSWFFRDv2.1,"{""Wahren Papst Williams 1999""}","{""Life span"",10?}","{""Cell color index 12"",uncertain}",NA,10,NA,NA
97035,surv5,Brachyscome spathulata,7357,NSWFFRDv2.1,"{""Wahren Papst Williams 1999""}","{""Life span"",10?}","{""Cell color index 12"",uncertain}",NA,10,NA,NA
97036,surv5,Brachyscome tenuiscapa,7266,NSWFFRDv2.1,"{""Wahren Papst Williams 1999""}","{""Life span"",10?}","{""Cell color index 12"",uncertain}",NA,10,NA,NA
97037,surv5,Brassica tournefortii,1790,NSWFFRDv2.1,NA,"{""Life span"",annual}",NA,NA,NA,NA,NA
97038,surv5,Breynia oblongifolia,2695,NSWFFRDv2.1,"{""Benson McDougall Ecology Sydney Plant Species Cunn"",""Watts Greg. pers. comm."",""EcoGIS 2002""}","{""Life span"","">20 (1), >30 (35), present at 20 yo site (105)""}",NA,NA,NA,NA,20
97039,surv5,Breynia oblongifolia,2695,NSWFFRDv2.1,"{""Benson McDougall Ecology Sydney Plant Species Cunn"",""Watts Greg. pers. comm."",""EcoGIS 2002""}","{""Life span"","">20 (1), >30 (35), present at 20 yo site (105)""}",NA,NA,NA,NA,20
97040,surv5,Breynia oblongifolia,2695,NSWFFRDv2.1,"{""Benson McDougall Ecology Sydney Plant Species Cunn"",""Watts Greg. pers. comm."",""EcoGIS 2002""}","{""Life span"","">20 (1), >30 (35), present at 20 yo site (105)""}",NA,NA,NA,NA,20
97041,surv5,Briza maxima,4800,NSWFFRDv2.1,NA,"{""Life span"",annual}",NA,NA,NA,NA,NA
97042,surv5,Briza minor,4801,NSWFFRDv2.1,NA,"{""Life span"",annual}",NA,NA,NA,NA,NA
97043,surv5,Bromus arenarius,4804,NSWFFRDv2.1,NA,"{""Life span"",annual}",NA,NA,NA,NA,NA
97044,surv5,Bromus diandrus,4806,NSWFFRDv2.1,NA,"{""Life span"",annual}",NA,NA,NA,NA,NA
97045,surv5,Bromus rubens,4813,NSWFFRDv2.1,NA,"{""Life span"",annual}",NA,NA,NA,NA,NA
97046,surv5,Bromus sterilis,4817,NSWFFRDv2.1,NA,"{""Life span"",annual}",NA,NA,NA,NA,NA
97047,surv5,Brunoniella australis,1003,NSWFFRDv2.1,NA,"{""Life span"",indefinite}",NA,NA,NA,NA,NA
97048,surv5,Brunoniella pumilio,1004,NSWFFRDv2.1,"{""Benson McDougall Ecology Sydney Plant Species Cunn"",""Keith David pers. comm.""}","{""Life span"",5-25}","{""Cell color index 12""}",NA,NA,25,5
97049,surv5,Brunoniella pumilio,1004,NSWFFRDv2.1,"{""Benson McDougall Ecology Sydney Plant Species Cunn"",""Keith David pers. comm.""}","{""Life span"",5-25}","{""Cell color index 12""}",NA,NA,25,5
97050,surv5,Bulbine semibarbata,3532,NSWFFRDv2.1,NA,"{""Life span"",annual}",NA,NA,NA,NA,NA
97051,surv5,Bulbostylis barbata,7748,NSWFFRDv2.1,NA,"{""Life span"",annual}",NA,NA,NA,NA,NA
97052,surv5,Burchardia umbellata,3533,NSWFFRDv2.1,"{""Keith David pers. comm."",""EcoGIS 2002""}","{""Life span"",""25-60 (9), present and flowering at 25 yo site (105)""}",NA,NA,NA,60,25
97053,surv5,Burchardia umbellata,3533,NSWFFRDv2.1,"{""Keith David pers. comm."",""EcoGIS 2002""}","{""Life span"",""25-60 (9), present and flowering at 25 yo site (105)""}",NA,NA,NA,60,25
97054,surv5,Burnettia cuneata,4368,NSWFFRDv2.1,"{""Keith 1996""}","{""Life span"",2-4}","{""Cell color index 12""}",NA,NA,4,2
97055,surv5,Bursaria spinosa subsp. spinosa,11018,NSWFFRDv2.1,"{""Benson McDougall Ecology Sydney Plant Species Cunn""}","{""Life span"",25-60}","{""Cell color index 12""}",NA,NA,60,25
97056,surv5,Caesia alpina,3534,NSWFFRDv2.1,"{""Wahren Papst Williams 1999""}","{""Life span"",5?}","{""Cell color index 12"",uncertain}",NA,5,NA,NA
97057,surv5,Caesia parviflora,3535,NSWFFRDv2.1,"{""Keith David pers. comm.""}","{""Life span"",25-60}","{""Cell color index 12""}",NA,NA,60,25
97058,surv5,Cakile edentula,1791,NSWFFRDv2.1,NA,"{""Life span"",annual}",NA,NA,NA,NA,NA
97059,surv5,Caladenia concolor,9523,NSWFFRDv2.1,"{""RP RFA Victoria - North East""}","{""Life span"",long}","{""Cell color index 12""}",NA,NA,NA,NA
97060,surv5,Caladenia rosella,9477,NSWFFRDv2.1,NA,"{""Life span"",10}",NA,NA,10,NA,NA
97061,surv5,Calandrinia calyptrata,5309,NSWFFRDv2.1,NA,"{""Life span"",annual}",NA,NA,NA,NA,NA
97062,surv5,Calandrinia granulifera,5312,NSWFFRDv2.1,NA,"{""Life span"",annual}",NA,NA,NA,NA,NA
97063,surv5,Calandrinia pickeringii,5314,NSWFFRDv2.1,NA,"{""Life span"",annual}",NA,NA,NA,NA,NA
97064,surv5,Caldcluvia paniculosa,2269,NSWFFRDv2.1,NA,"{""Life span"",>100}",NA,NA,NA,NA,100
97065,surv5,Calendula officinalis,10175,NSWFFRDv2.1,NA,"{""Life span"",annual}",NA,NA,NA,NA,NA
97066,surv5,Callicoma serratifolia,2270,NSWFFRDv2.1,"{""Benson McDougall Ecology Sydney Plant Species Cunn""}","{""Life span"",>50}","{""Cell color index 12""}",NA,NA,NA,50
97067,surv5,Callistemon citrinus,4004,NSWFFRDv2.1,"{""Keith David pers. comm.""}","{""Life span"",40-80}","{""Cell color index 12""}",NA,NA,80,40
97068,surv5,Callistemon pityoides,7943,NSWFFRDv2.1,"{""Wahren Papst Williams 1999""}","{""Life span"",50?}","{""Cell color index 12"",uncertain}",NA,50,NA,NA
97069,surv5,Callistemon salignus,4015,NSWFFRDv2.1,"{""Watts Greg. pers. comm.""}","{""Life span"","">30 (35)""}",NA,NA,NA,NA,30
97070,surv5,Callistemon salignus,4015,NSWFFRDv2.1,"{""Benson McDougall Ecology Sydney Plant Species Cunn""}","{""Life span"",""50 (1)""}",NA,NA,50,NA,NA
97071,surv5,Callistemon shiressii,4016,NSWFFRDv2.1,"{""Benson McDougall Ecology Sydney Plant Species Cunn""}","{""Life span"",""50-80 (1)""}",NA,NA,NA,80,50
97072,surv5,Callistemon shiressii,4016,NSWFFRDv2.1,"{""Maryott-Brown Wilks 1993""}","{""Life span"",""20? (71)""}",{uncertain},NA,20,NA,NA
97073,surv5,Callitris muelleri,2282,NSWFFRDv2.1,"{""Benson McDougall Ecology Sydney Plant Species Cunn""}","{""Life span"",25-50?}","{""Cell color index 12"",uncertain}",NA,NA,50,25
97074,surv5,Callitris rhomboidea,2285,NSWFFRDv2.1,"{""Hans Enright Thomas 1999""}","{""Life span"","">40 (41)""}",NA,NA,NA,NA,40
97075,surv5,Callitris rhomboidea,2285,NSWFFRDv2.1,"{""Benson McDougall Ecology Sydney Plant Species Cunn""}","{""Life span"",""50? (1)""}",{uncertain},NA,50,NA,NA
97076,surv5,Calocephalus citreus,1330,NSWFFRDv2.1,"{""RP RFA Tasmania""}","{""Life span"",>5}","{""Cell color index 12""}",NA,NA,NA,5
97077,surv5,Calocephalus platycephalus,1331,NSWFFRDv2.1,NA,"{""Life span"",annual}",NA,NA,NA,NA,NA
97078,surv5,Calochlaena dubia,8341,NSWFFRDv2.1,"{""Benson McDougall Ecology Sydney Plant Species Cunn"",""Keith David pers. comm.""}","{""Life span"",indefinite}","{""Cell color index 12""}",NA,NA,NA,NA
97079,surv5,Calochlaena dubia,8341,NSWFFRDv2.1,"{""Benson McDougall Ecology Sydney Plant Species Cunn"",""Keith David pers. comm.""}","{""Life span"",indefinite}","{""Cell color index 12""}",NA,NA,NA,NA
97080,surv5,Calomeria amaranthoides,1333,NSWFFRDv2.1,"{""Benson McDougall Ecology Sydney Plant Species Cunn""}","{""Life span"",2}","{""Cell color index 12""}",NA,2,NA,NA
97081,surv5,Calotis hispidula,1342,NSWFFRDv2.1,NA,"{""Life span"",annual}",NA,NA,NA,NA,NA
97082,surv5,Calystegia marginata,2215,NSWFFRDv2.1,"{""Chesterfield Taylor Molnar 1990""}","{""Life span"",<5}","{""Cell color index 12""}",NA,NA,5,NA
97083,surv5,Capsella bursa-pastoris,1794,NSWFFRDv2.1,NA,"{""Life span"",annual}",NA,NA,NA,NA,NA
97084,surv5,Cardamine flexuosa,7410,NSWFFRDv2.1,NA,"{""Life span"",annual}",NA,NA,NA,NA,NA
97085,surv5,Cardamine hirsuta,1795,NSWFFRDv2.1,NA,"{""Life span"",annual}",NA,NA,NA,NA,NA
97086,surv5,Cardamine lilacina,1796,NSWFFRDv2.1,NA,"{""Life span"",annual}",NA,NA,NA,NA,NA
97087,surv5,Cardamine lilacina,1796,NSWFFRDv2.1,"{""Benson McDougall Ecology Sydney Plant Species Cunn"",""Wahren Papst Williams 1999""}","{""Life span"",""1-5 (1, 58)""}",NA,NA,NA,5,1
97088,surv5,Cardamine lilacina,1796,NSWFFRDv2.1,"{""Benson McDougall Ecology Sydney Plant Species Cunn"",""Wahren Papst Williams 1999""}","{""Life span"",""1-5 (1, 58)""}",NA,NA,NA,5,1
97089,surv5,Carduus tenuiflorus,1355,NSWFFRDv2.1,NA,"{""Life span"",annual}",NA,NA,NA,NA,NA
97090,surv5,Carex appressa,2310,NSWFFRDv2.1,"{""Wahren Papst Williams 1999""}","{""Life span"",10?}","{""Cell color index 12"",uncertain}",NA,10,NA,NA
97091,surv5,Carex breviculmis,2313,NSWFFRDv2.1,"{""Wahren Papst Williams 1999""}","{""Life span"",10?}","{""Cell color index 12"",uncertain}",NA,10,NA,NA
97092,surv5,Carex canescens,2315,NSWFFRDv2.1,"{""Wahren Papst Williams 1999""}","{""Life span"",10?}","{""Cell color index 12"",uncertain}",NA,10,NA,NA
97093,surv5,Cerastium balearicum,9348,NSWFFRDv2.1,NA,"{""Life span"",annual}",NA,NA,NA,NA,NA
97094,surv5,Carex capillacea,2316,NSWFFRDv2.1,"{""Wahren Papst Williams 1999""}","{""Life span"",10?}","{""Cell color index 12"",uncertain}",NA,10,NA,NA
97095,surv5,Carex cephalotes,2317,NSWFFRDv2.1,"{""Wahren Papst Williams 1999""}","{""Life span"",10?}","{""Cell color index 12"",uncertain}",NA,10,NA,NA
97096,surv5,Carex gaudichaudiana,2322,NSWFFRDv2.1,"{""Wahren Papst Williams 1999""}","{""Life span"",10?}","{""Cell color index 12"",uncertain}",NA,10,NA,NA
97097,surv5,Carex hebes,2324,NSWFFRDv2.1,"{""Wahren Papst Williams 1999""}","{""Life span"",10?}","{""Cell color index 12"",uncertain}",NA,10,NA,NA
97098,surv5,Carex jackiana,2329,NSWFFRDv2.1,"{""Wahren Papst Williams 1999""}","{""Life span"",10?}","{""Cell color index 12"",uncertain}",NA,10,NA,NA
97099,surv5,Carpha nivicola,2339,NSWFFRDv2.1,"{""Wahren Papst Williams 1999""}","{""Life span"",10?}","{""Cell color index 12"",uncertain}",NA,10,NA,NA
97100,surv5,Carrichtera annua,1798,NSWFFRDv2.1,NA,"{""Life span"",annual}",NA,NA,NA,NA,NA
97101,surv5,Carthamus lanatus,1358,NSWFFRDv2.1,NA,"{""Life span"",annual}",NA,NA,NA,NA,NA
97102,surv5,Cassinia aculeata,1360,NSWFFRDv2.1,"{""Benson McDougall Ecology Sydney Plant Species Cunn""}","{""Life span"","">36 (1)""}",NA,NA,NA,NA,36
97103,surv5,Cassinia aculeata,1360,NSWFFRDv2.1,"{""Groves ""}","{""Life span"",""25-30 (101)""}",NA,NA,NA,30,25
97104,surv5,Cassinia aculeata,1360,NSWFFRDv2.1,"{""Chesterfield Taylor Molnar 1990""}","{""Life span"",""<30? (CT)""}",{uncertain},NA,NA,30,NA
97105,surv5,Cassinia arcuata,1362,NSWFFRDv2.1,NA,"{""Life span"",c.10-20}",NA,NA,NA,20,NA
97106,surv5,Cassinia longifolia,1369,NSWFFRDv2.1,"{""Chesterfield Taylor Molnar 1990""}","{""Life span"",<30?}","{""Cell color index 12"",uncertain}",NA,NA,30,NA
97107,surv5,Cassytha glabella,3467,NSWFFRDv2.1,"{""Keith David pers. comm.""}","{""Life span"",""indefinite (9), present and flowering at 25 yo site""}",NA,NA,NA,NA,NA
97108,surv5,Cassytha melantha,3468,NSWFFRDv2.1,"{""Benson McDougall Ecology Sydney Plant Species Cunn""}","{""Life span"",20?}","{""Cell color index 12"",uncertain}",NA,20,NA,NA
97109,surv5,Cassytha pubescens,3469,NSWFFRDv2.1,"{""Clarke 1989""}","{""Life span"",5-30}","{""Cell color index 12""}",NA,NA,30,5
97110,surv5,Casuarina cunninghamiana subsp. cunninghamiana,9006,NSWFFRDv2.1,NA,"{""Life span"",50-100}",NA,NA,NA,100,50
97111,surv5,Casuarina glauca,2022,NSWFFRDv2.1,"{""Benson McDougall Ecology Sydney Plant Species Cunn""}","{""Life span"",100-200}","{""Cell color index 12""}",NA,NA,200,100
97112,surv5,Caustis flexuosa,2341,NSWFFRDv2.1,NA,"{""Life span"",indefinite}",NA,NA,NA,NA,NA
97113,surv5,Caustis pentandra,2342,NSWFFRDv2.1,NA,"{""Life span"",indefinite}",NA,NA,NA,NA,NA
97114,surv5,Caustis recurvata var. recurvata,9315,NSWFFRDv2.1,"{""Keith David pers. comm.""}","{""Life span"",25-60}","{""Cell color index 12""}",NA,NA,60,25
97115,surv5,Celastrus subspicata,6794,NSWFFRDv2.1,NA,"{""Life span"",long}",NA,NA,NA,NA,NA
97116,surv5,Celmisia pugioniformis,10835,NSWFFRDv2.1,"{""Wahren Papst Williams 1999""}","{""Life span"",15?}","{""Cell color index 12"",uncertain}",NA,15,NA,NA
97117,surv5,Centaurea melitensis,1382,NSWFFRDv2.1,NA,"{""Life span"",annual}",NA,NA,NA,NA,NA
97118,surv5,Centaurium erythraea,3131,NSWFFRDv2.1,NA,"{""Life span"",annual}",NA,NA,NA,NA,NA
97119,surv5,Centrolepis aristata,10339,NSWFFRDv2.1,NA,"{""Life span"",annual}",NA,NA,NA,NA,NA
97120,surv5,Centrolepis polygyna,2040,NSWFFRDv2.1,NA,"{""Life span"",annual}",NA,NA,NA,NA,NA
97121,surv5,Centrolepis strigosa subsp. strigosa,8807,NSWFFRDv2.1,NA,"{""Life span"",annual}",NA,NA,NA,NA,NA
97122,surv5,Ceratogyne obionoides,1388,NSWFFRDv2.1,NA,"{""Life span"",annual}",NA,NA,NA,NA,NA
97123,surv5,Ceratopetalum apetalum,2271,NSWFFRDv2.1,"{""Benson McDougall Ecology Sydney Plant Species Cunn""}","{""Life span"",200}","{""Cell color index 12""}",NA,200,NA,NA
97124,surv5,Ceratopetalum gummiferum,2272,NSWFFRDv2.1,"{""Benson McDougall Ecology Sydney Plant Species Cunn""}","{""Life span"",100?}","{""Cell color index 12"",uncertain}",NA,100,NA,NA
97125,surv5,Chamaesyce hirta,9130,NSWFFRDv2.1,NA,"{""Life span"",annual}",NA,NA,NA,NA,NA
97126,surv5,Cheilanthes austrotenuifolia,8005,NSWFFRDv2.1,"{""Benson McDougall Ecology Sydney Plant Species Cunn""}","{""Life span"",indefinite}","{""Cell color index 12""}",NA,NA,NA,NA
97127,surv5,Cheilanthes distans,6382,NSWFFRDv2.1,NA,"{""Life span"",5-20?}",{uncertain},NA,NA,20,5
97128,surv5,Cheilanthes sieberi subsp. sieberi,8007,NSWFFRDv2.1,NA,"{""Life span"",indefinite}",NA,NA,NA,NA,NA
97129,surv5,Chenopodium album,2084,NSWFFRDv2.1,NA,"{""Life span"",annual}",NA,NA,NA,NA,NA
97130,surv5,Chenopodium cristatum,2089,NSWFFRDv2.1,NA,"{""Life span"",annual}",NA,NA,NA,NA,NA
97131,surv5,Chenopodium erosum,2093,NSWFFRDv2.1,NA,"{""Life span"",annual}",NA,NA,NA,NA,NA
97132,surv5,Chloris truncata,4833,NSWFFRDv2.1,"{""Keith 1996""}","{""Life span"",2-3}","{""Cell color index 12""}",NA,NA,3,2
97133,surv5,Chondrilla juncea,1391,NSWFFRDv2.1,NA,"{""Life span"",annual}",NA,NA,NA,NA,NA
97134,surv5,Chordifex fastigiatus,13528,NSWFFRDv2.1,NA,"{""Life span"",indefinite}",NA,NA,NA,NA,NA
97135,surv5,Choricarpia leptopetala,4022,NSWFFRDv2.1,NA,"{""Life span"",25-100}",NA,NA,NA,100,25
97136,surv5,Chorizandra cymbaria,2344,NSWFFRDv2.1,NA,"{""Life span"",indefinite}",NA,NA,NA,NA,NA
97137,surv5,Chorizandra sphaerocephala,2345,NSWFFRDv2.1,NA,"{""Life span"",indefinite}",NA,NA,NA,NA,NA
97138,surv5,Christella dentata,8188,NSWFFRDv2.1,"{""Benson McDougall Ecology Sydney Plant Species Cunn""}","{""Life span"",indefinite}",NA,NA,NA,NA,NA
97139,surv5,Chthonocephalus pseudevax,1395,NSWFFRDv2.1,NA,"{""Life span"",annual}",NA,NA,NA,NA,NA
97140,surv5,Cinnamomum oliveri,3472,NSWFFRDv2.1,NA,"{""Life span"",long}",NA,NA,NA,NA,NA
97141,surv5,Cirsium vulgare,1400,NSWFFRDv2.1,NA,"{""Life span"",annual}",NA,NA,NA,NA,NA
97142,surv5,Cissus hypoglauca,6283,NSWFFRDv2.1,"{""Clarke 1989""}","{""Life span"",5-30}","{""Cell color index 12""}",NA,NA,30,5
97143,surv5,Claoxylon australe,2698,NSWFFRDv2.1,NA,"{""Life span"",>20}",NA,NA,NA,NA,20
97144,surv5,Clematis glycinoides var. glycinoides,6903,NSWFFRDv2.1,"{""Benson McDougall Ecology Sydney Plant Species Cunn""}","{""Life span"",10-20?}","{""Cell color index 12"",uncertain}",NA,NA,20,10
97145,surv5,Codonocarpus attenuatus,3231,NSWFFRDv2.1,"{""Benson McDougall Ecology Sydney Plant Species Cunn""}","{""Life span"",short}","{""Cell color index 12""}",NA,NA,NA,NA
97146,surv5,Comesperma defoliatum,5252,NSWFFRDv2.1,"{""Keith David pers. comm.""}","{""Life span"",5-25}","{""Cell color index 12""}",NA,NA,25,5
97147,surv5,Comesperma retusum,5255,NSWFFRDv2.1,"{""Benson McDougall Ecology Sydney Plant Species Cunn"",""Keith David pers. comm.""}","{""Life span"",25-60}","{""Cell color index 12""}",NA,NA,60,25
97148,surv5,Comesperma retusum,5255,NSWFFRDv2.1,"{""Benson McDougall Ecology Sydney Plant Species Cunn"",""Keith David pers. comm.""}","{""Life span"",25-60}","{""Cell color index 12""}",NA,NA,60,25
97149,surv5,Commelina cyanea,2209,NSWFFRDv2.1,"{""Clarke 1989"",""EcoGIS 2002""}","{""Life span"",""<5 (96), common at 22 yo site (105)""}",NA,NA,NA,5,NA
97150,surv5,Commelina cyanea,2209,NSWFFRDv2.1,"{""Clarke 1989"",""EcoGIS 2002""}","{""Life span"",""<5 (96), common at 22 yo site (105)""}",NA,NA,NA,5,NA
97151,surv5,Commersonia amystia,n/a,NSWFFRDv2.1,NA,"{""Life span"",3}",NA,NA,3,NA,NA
97152,surv5,Commersonia breviseta,13958,NSWFFRDv2.1,NA,"{""Life span"",5}",NA,NA,5,NA,NA
97153,surv5,Conospermum ellipticum,9136,NSWFFRDv2.1,"{""Benson McDougall Ecology Sydney Plant Species Cunn"",""Keith David pers. comm.""}","{""Life span"",25-60}","{""Cell color index 12""}",NA,NA,60,25
97154,surv5,Conospermum ellipticum,9136,NSWFFRDv2.1,"{""Benson McDougall Ecology Sydney Plant Species Cunn"",""Keith David pers. comm.""}","{""Life span"",25-60}","{""Cell color index 12""}",NA,NA,60,25
97155,surv5,Conospermum taxifolium,5352,NSWFFRDv2.1,"{""Keith David pers. comm.""}","{""Life span"",25-60}","{""Cell color index 12""}",NA,NA,60,25
97156,surv5,Conospermum tenuifolium,5353,NSWFFRDv2.1,"{""Keith David pers. comm.""}","{""Life span"",25-60}","{""Cell color index 12""}",NA,NA,60,25
97157,surv5,Conyza bilbaoana,1403,NSWFFRDv2.1,NA,"{""Life span"",annual}",NA,NA,NA,NA,NA
97158,surv5,Conyza bonariensis,1404,NSWFFRDv2.1,NA,"{""Life span"",annual}",NA,NA,NA,NA,NA
97159,surv5,Conyza canadensis var. canadensis,10138,NSWFFRDv2.1,NA,"{""Life span"",annual}",NA,NA,NA,NA,NA
97160,surv5,Conyza parva,1408,NSWFFRDv2.1,NA,"{""Life span"",annual}",NA,NA,NA,NA,NA
97161,surv5,Conyza sumatrensis,10442,NSWFFRDv2.1,NA,"{""Life span"",annual}",NA,NA,NA,NA,NA
97162,surv5,Corchorus cunninghamii,6198,NSWFFRDv2.1,NA,"{""Life span"",3-4?}",{uncertain},NA,NA,4,3
97163,surv5,Coronidium scorpioides,13836,NSWFFRDv2.1,"{""Benson McDougall Ecology Sydney Plant Species Cunn""}","{""Life span"",short?}","{""Cell color index 12"",uncertain}",NA,NA,NA,NA
97164,surv5,Coronidium waddelliae,13966,NSWFFRDv2.1,NA,"{""Life span"",annual}",NA,NA,NA,NA,NA
97165,surv5,Coronopus didymus,1800,NSWFFRDv2.1,NA,"{""Life span"",annual}",NA,NA,NA,NA,NA
97166,surv5,Correa reflexa,5772,NSWFFRDv2.1,"{""Clarke 1989""}","{""Life span"",5-30}","{""Cell color index 12""}",NA,NA,30,5
97167,surv5,Corybas fordhamii,4408,NSWFFRDv2.1,"{""Keith David pers. comm.""}","{""Life span"",indefinite}","{""Cell color index 12""}",NA,NA,NA,NA
97168,surv5,Corymbia eximia,9743,NSWFFRDv2.1,"{""Benson McDougall Ecology Sydney Plant Species Cunn""}","{""Life span"",>100}","{""Cell color index 12""}",NA,NA,NA,100
97169,surv5,Corymbia gummifera,9687,NSWFFRDv2.1,"{""Keith David pers. comm.""}","{""Life span"",200-300}","{""Cell color index 12""}",NA,NA,300,200
97170,surv5,Corymbia intermedia,9601,NSWFFRDv2.1,"{""Clarke 1989""}","{""Life span"",>30}","{""Cell color index 12""}",NA,NA,NA,30
97171,surv5,Corymbia maculata,9692,NSWFFRDv2.1,"{""Benson McDougall Ecology Sydney Plant Species Cunn""}","{""Life span"",>100}","{""Cell color index 12""}",NA,NA,NA,100
97172,surv5,Cosmos bipinnatus,1410,NSWFFRDv2.1,NA,"{""Life span"",annual}",NA,NA,NA,NA,NA
97173,surv5,Cotula alpina,1411,NSWFFRDv2.1,"{""Benson McDougall Ecology Sydney Plant Species Cunn""}","{""Life span"",indefinite}","{""Cell color index 12""}",NA,NA,NA,NA
97174,surv5,Cotula australis,1412,NSWFFRDv2.1,NA,"{""Life span"",annual}",NA,NA,NA,NA,NA
97175,surv5,Craspedia aurantia,9952,NSWFFRDv2.1,"{""Wahren Papst Williams 1999""}","{""Life span"",10?}","{""Cell color index 12"",uncertain}",NA,10,NA,NA
97176,surv5,Craspedia coolaminica,8565,NSWFFRDv2.1,"{""Wahren Papst Williams 1999""}","{""Life span"",10?}","{""Cell color index 12"",uncertain}",NA,10,NA,NA
97177,surv5,Craspedia jamesii,8566,NSWFFRDv2.1,"{""Wahren Papst Williams 1999""}","{""Life span"",10?}","{""Cell color index 12"",uncertain}",NA,10,NA,NA
97178,surv5,Crassocephalum crepidioides,1421,NSWFFRDv2.1,NA,"{""Life span"",annual}",NA,NA,NA,NA,NA
97179,surv5,Crassula decumbens var. decumbens,7745,NSWFFRDv2.1,NA,"{""Life span"",annual}",NA,NA,NA,NA,NA
97180,surv5,Crassula peduncularis,6820,NSWFFRDv2.1,NA,"{""Life span"",annual}",NA,NA,NA,NA,NA
97181,surv5,Darwinia biflora,4024,NSWFFRDv2.1,"{""RP Darwinnia biflora""}","{""Life span"",""c. 15-20 (R34)""}",NA,NA,NA,20,NA
97182,surv5,Crassula sieberiana,2242,NSWFFRDv2.1,"{""Benson McDougall Ecology Sydney Plant Species Cunn""}","{""Life span"",1-3}","{""Cell color index 12""}",NA,NA,3,1
97183,surv5,Crepidomanes venosum,12520,NSWFFRDv2.1,"{""Benson McDougall Ecology Sydney Plant Species Cunn""}","{""Life span"",indefinite}","{""Cell color index 12""}",NA,NA,NA,NA
97184,surv5,Crotalaria montana var. angustifolia,12020,NSWFFRDv2.1,NA,"{""Life span"",annual}",NA,NA,NA,NA,NA
97185,surv5,Croton verreauxii,2706,NSWFFRDv2.1,"{""Benson McDougall Ecology Sydney Plant Species Cunn""}","{""Life span"",>30}","{""Cell color index 12""}",NA,NA,NA,30
97186,surv5,Crowea saligna,5775,NSWFFRDv2.1,"{""Clemens Franklin 1980""}","{""Life span"",""absent or rare in 10 yo heath""}","{""Cell color index 12""}",NA,NA,NA,NA
97187,surv5,Cryptandra amara,5554,NSWFFRDv2.1,"{""Wahren Papst Williams 1999""}","{""Life span"",20?}","{""Cell color index 12"",uncertain}",NA,20,NA,NA
97188,surv5,Cryptandra ericoides,5556,NSWFFRDv2.1,"{""Benson McDougall Ecology Sydney Plant Species Cunn"",""EcoGIS 2002""}","{""Life span"",""25-60 (1), common and flowering at 22 yo site (105)""}",NA,NA,NA,60,25
97189,surv5,Cryptandra ericoides,5556,NSWFFRDv2.1,"{""Benson McDougall Ecology Sydney Plant Species Cunn"",""EcoGIS 2002""}","{""Life span"",""25-60 (1), common and flowering at 22 yo site (105)""}",NA,NA,NA,60,25
97190,surv5,Cryptocarya glaucescens,3479,NSWFFRDv2.1,NA,"{""Life span"",long}",NA,NA,NA,NA,NA
97191,surv5,Cryptocarya microneura,3483,NSWFFRDv2.1,NA,"{""Life span"",long}",NA,NA,NA,NA,NA
97192,surv5,Cryptostylis subulata,4417,NSWFFRDv2.1,NA,"{""Life span"",indefinite}",NA,NA,NA,NA,NA
97193,surv5,Cullen cinereum,10668,NSWFFRDv2.1,NA,"{""Life span"",annual}",NA,NA,NA,NA,NA
97194,surv5,Cupaniopsis anacardioides,5884,NSWFFRDv2.1,"{""Clarke 1989""}","{""Life span"",>30}","{""Cell color index 12""}",NA,NA,NA,30
97195,surv5,Cuscuta australis,2286,NSWFFRDv2.1,NA,"{""Life span"",annual}",NA,NA,NA,NA,NA
97196,surv5,Cuscuta campestris,2287,NSWFFRDv2.1,NA,"{""Life span"",annual}",NA,NA,NA,NA,NA
97197,surv5,Cyathea australis,8074,NSWFFRDv2.1,"{""Mueck Ough Banks 1996""}","{""Life span"",300-400}","{""Cell color index 12""}",NA,NA,400,300
97198,surv5,Cyathochaeta diandra,2347,NSWFFRDv2.1,"{""Keith David pers. comm.""}","{""Life span"",indefinite}","{""Cell color index 12""}",NA,NA,NA,NA
97199,surv5,Cymbidium suave,4419,NSWFFRDv2.1,"{""EcoGIS 2002""}","{""Life span"",""present at 22 yo site""}","{""Cell color index 12""}",NA,NA,NA,NA
97200,surv5,Cymbonotus preissianus,1427,NSWFFRDv2.1,NA,"{""Life span"",long}",NA,NA,NA,NA,NA
97201,surv5,Cynosurus echinatus,4845,NSWFFRDv2.1,NA,"{""Life span"",annual}",NA,NA,NA,NA,NA
97202,surv5,Cyperus albostriatus,2348,NSWFFRDv2.1,NA,"{""Life span"",indefinite}",NA,NA,NA,NA,NA
97203,surv5,Cyperus brevifolius,2353,NSWFFRDv2.1,NA,"{""Life span"",indefinite}",NA,NA,NA,NA,NA
97204,surv5,Cyperus eragrostis,2364,NSWFFRDv2.1,NA,"{""Life span"",indefinite}",NA,NA,NA,NA,NA
97205,surv5,Cyperus polystachyos,8483,NSWFFRDv2.1,NA,"{""Life span"",""absent or rare in 10 yo heath""}",NA,NA,NA,NA,NA
97206,surv5,Cyperus sanguinolentus,2395,NSWFFRDv2.1,NA,"{""Life span"",annual}",NA,NA,NA,NA,NA
97207,surv5,Cytisus scoparius subsp. scoparius,11075,NSWFFRDv2.1,NA,"{""Life span"",>20}",NA,NA,NA,NA,20
97208,surv5,Dactyloctenium aegyptium,9338,NSWFFRDv2.1,NA,"{""Life span"",annual}",NA,NA,NA,NA,NA
97209,surv5,Dampiera stricta,3174,NSWFFRDv2.1,"{""Benson McDougall Ecology Sydney Plant Species Cunn"",""Keith David pers. comm.""}","{""Life span"",indefinite}","{""Cell color index 12""}",NA,NA,NA,NA
97210,surv5,Dampiera stricta,3174,NSWFFRDv2.1,"{""Benson McDougall Ecology Sydney Plant Species Cunn"",""Keith David pers. comm.""}","{""Life span"",indefinite}","{""Cell color index 12""}",NA,NA,NA,NA
97211,surv5,Darwinia biflora,4024,NSWFFRDv2.1,"{""Benson McDougall Ecology Sydney Plant Species Cunn"",""Auld Scott 1997""}","{""Life span"",""5-10 (1, 13)""}",NA,NA,NA,10,5
97212,surv5,Darwinia biflora,4024,NSWFFRDv2.1,"{""Benson McDougall Ecology Sydney Plant Species Cunn"",""Auld Scott 1997""}","{""Life span"",""5-10 (1, 13)""}",NA,NA,NA,10,5
97213,surv5,Epacris rigida,2608,NSWFFRDv2.1,NA,"{""Life span"",5-25}",NA,NA,NA,25,5
97214,surv5,Darwinia camptostylis,4025,NSWFFRDv2.1,"{""Benson McDougall Ecology Sydney Plant Species Cunn"",""EcoGIS 2002""}","{""Life span"",""c. 5-10 (1), present at 15 and 22 yo sites (105)""}",NA,NA,NA,10,NA
97215,surv5,Darwinia camptostylis,4025,NSWFFRDv2.1,"{""Benson McDougall Ecology Sydney Plant Species Cunn"",""EcoGIS 2002""}","{""Life span"",""c. 5-10 (1), present at 15 and 22 yo sites (105)""}",NA,NA,NA,10,NA
97216,surv5,Darwinia fascicularis subsp. fascicularis,6508,NSWFFRDv2.1,"{""Benson McDougall Ecology Sydney Plant Species Cunn"",""Keith David pers. comm.""}","{""Life span"",25-60}","{""Cell color index 12""}",NA,NA,60,25
97217,surv5,Darwinia fascicularis subsp. fascicularis,6508,NSWFFRDv2.1,"{""Benson McDougall Ecology Sydney Plant Species Cunn"",""Keith David pers. comm.""}","{""Life span"",25-60}","{""Cell color index 12""}",NA,NA,60,25
97218,surv5,Darwinia fascicularis subsp. oligantha,7135,NSWFFRDv2.1,NA,"{""Life span"",5-25}",NA,NA,NA,25,5
97219,surv5,Darwinia grandiflora,4029,NSWFFRDv2.1,"{""Keith David pers. comm.""}","{""Life span"",25-60}","{""Cell color index 12""}",NA,NA,60,25
97220,surv5,Darwinia procera,4032,NSWFFRDv2.1,"{""Benson McDougall Ecology Sydney Plant Species Cunn""}","{""Life span"",""c. 30""}","{""Cell color index 12""}",NA,NA,NA,NA
97221,surv5,Darwinia taxifolia subsp. taxifolia,10038,NSWFFRDv2.1,NA,"{""Life span"",5-25}",NA,NA,NA,25,5
97222,surv5,Daucus glochidiatus,1109,NSWFFRDv2.1,NA,"{""Life span"",annual}",NA,NA,NA,NA,NA
97223,surv5,Davallia solida var. pyxidata,10647,NSWFFRDv2.1,"{""Benson McDougall Ecology Sydney Plant Species Cunn""}","{""Life span"",indefinite}","{""Cell color index 12""}",NA,NA,NA,NA
97224,surv5,Daviesia ulicifolia,2827,NSWFFRDv2.1,"{""Benson McDougall Ecology Sydney Plant Species Cunn""}","{""Life span"",medium}","{""Cell color index 12""}",NA,NA,NA,NA
97225,surv5,Daviesia wyattiana,2830,NSWFFRDv2.1,"{""McMahon 1987""}","{""Life span"",20?}","{""Cell color index 12"",uncertain}",NA,20,NA,NA
97226,surv5,Deyeuxia crassiuscula,4880,NSWFFRDv2.1,"{""Wahren Papst Williams 1999""}","{""Life span"",5?}","{""Cell color index 12"",uncertain}",NA,5,NA,NA
97227,surv5,Deyeuxia decipiens,4881,NSWFFRDv2.1,NA,"{""Life span"",1-5}",NA,NA,NA,5,1
97228,surv5,Deyeuxia innominata,10361,NSWFFRDv2.1,"{""Wahren Papst Williams 1999""}","{""Life span"",5?}","{""Cell color index 12"",uncertain}",NA,5,NA,NA
97229,surv5,Deyeuxia monticola var. monticola,6940,NSWFFRDv2.1,"{""Wahren Papst Williams 1999""}","{""Life span"",5?}","{""Cell color index 12"",uncertain}",NA,5,NA,NA
97230,surv5,Dianella caerulea,3540,NSWFFRDv2.1,"{""Hunter Vegetation Washpool National Park Western A""}","{""Life span"",5-30}","{""Cell color index 12""}",NA,NA,30,5
97231,surv5,Dianella caerulea var. caerulea,6700,NSWFFRDv2.1,"{""EcoGIS 2002""}","{""Life span"",""common in 22 yo site""}","{""Cell color index 12""}",NA,NA,NA,NA
97232,surv5,Dianella longifolia var. longifolia,8725,NSWFFRDv2.1,"{""RP RFA Tasmania"",""EcoGIS 2002""}","{""Life span"","">10 (R42), present at 22 yo site (105)""}",NA,NA,NA,NA,10
97233,surv5,Dianella longifolia var. longifolia,8725,NSWFFRDv2.1,"{""RP RFA Tasmania"",""EcoGIS 2002""}","{""Life span"","">10 (R42), present at 22 yo site (105)""}",NA,NA,NA,NA,10
97234,surv5,Dichelachne crinita,4897,NSWFFRDv2.1,"{""Wahren Papst Williams 1999""}","{""Life span"",""10? (58)""}",{uncertain},NA,10,NA,NA
97235,surv5,Dichelachne crinita,4897,NSWFFRDv2.1,"{""Clarke 1989""}","{""Life span"",""<5 (96)""}",NA,NA,NA,5,NA
97236,surv5,Dichelachne inaequiglumis,8748,NSWFFRDv2.1,"{""Wahren Papst Williams 1999""}","{""Life span"",5?}","{""Cell color index 12"",uncertain}",NA,5,NA,NA
97237,surv5,Dichelachne sieberiana,9151,NSWFFRDv2.1,NA,"{""Life span"",annual}",NA,NA,NA,NA,NA
97238,surv5,Dichondra repens,2222,NSWFFRDv2.1,"{""Wahren Papst Williams 1999"",""EcoGIS 2002""}","{""Life span"",""5? (58), common at 22 yo site (105)""}",{uncertain},NA,5,NA,NA
97239,surv5,Dichondra repens,2222,NSWFFRDv2.1,"{""Wahren Papst Williams 1999"",""EcoGIS 2002""}","{""Life span"",""5? (58), common at 22 yo site (105)""}",{uncertain},NA,5,NA,NA
97240,surv5,Dicksonia antarctica,8082,NSWFFRDv2.1,"{""Mueck Ough Banks 1996""}","{""Life span"",100-500}","{""Cell color index 12""}",NA,NA,500,100
97241,surv5,Dillwynia floribunda,2843,NSWFFRDv2.1,"{""Benson McDougall Ecology Sydney Plant Species Cunn"",""Keith David pers. comm.""}","{""Life span"",5-30}","{""Cell color index 12""}",NA,NA,30,5
97242,surv5,Dillwynia floribunda,2843,NSWFFRDv2.1,"{""Benson McDougall Ecology Sydney Plant Species Cunn"",""Keith David pers. comm.""}","{""Life span"",5-30}","{""Cell color index 12""}",NA,NA,30,5
97243,surv5,Dillwynia phylicoides,7225,NSWFFRDv2.1,"{""EcoGIS 2002""}","{""Life span"",""common at 20 yo site""}","{""Cell color index 12""}",NA,NA,NA,NA
97244,surv5,Dillwynia retorta species complex,12383,NSWFFRDv2.1,"{""Benson McDougall Ecology Sydney Plant Species Cunn"",""Keith David pers. comm."",""Watts Greg. pers. comm.""}","{""Life span"",5-25}","{""Cell color index 12""}",NA,NA,25,5
97245,surv5,Dillwynia retorta species complex,12383,NSWFFRDv2.1,"{""Benson McDougall Ecology Sydney Plant Species Cunn"",""Keith David pers. comm."",""Watts Greg. pers. comm.""}","{""Life span"",5-25}","{""Cell color index 12""}",NA,NA,25,5
97246,surv5,Dillwynia retorta species complex,12383,NSWFFRDv2.1,"{""Benson McDougall Ecology Sydney Plant Species Cunn"",""Keith David pers. comm."",""Watts Greg. pers. comm.""}","{""Life span"",5-25}","{""Cell color index 12""}",NA,NA,25,5
97247,surv5,Dillwynia sericea,2851,NSWFFRDv2.1,"{""EcoGIS 2002""}","{""Life span"",""present at 22 yo site""}","{""Cell color index 12""}",NA,NA,NA,NA
97248,surv5,Dillwynia sieberi,8734,NSWFFRDv2.1,NA,"{""Life span"",20-25?}",{uncertain},NA,NA,25,20
97249,surv5,Dillwynia stipulifera,2852,NSWFFRDv2.1,"{""Benson McDougall Ecology Sydney Plant Species Cunn""}","{""Life span"",""c. 15""}","{""Cell color index 12""}",NA,NA,NA,NA
97250,surv5,Dillwynia tenuifolia,2853,NSWFFRDv2.1,"{""Benson McDougall Ecology Sydney Plant Species Cunn""}","{""Life span"",""20-30? (1)""}",{uncertain},NA,NA,30,20
97251,surv5,Dillwynia tenuifolia,2853,NSWFFRDv2.1,"{""Maryott-Brown Wilks 1993""}","{""Life span"",""10-15? (71)""}",{uncertain},NA,NA,15,10
97252,surv5,Diplaspis nivis,11298,NSWFFRDv2.1,"{""Wahren Papst Williams 1999""}","{""Life span"",10?}","{""Cell color index 12"",uncertain}",NA,10,NA,NA
97253,surv5,Dipodium punctatum,7887,NSWFFRDv2.1,NA,"{""Life span"",annual}",NA,NA,NA,NA,NA
97254,surv5,Dipogon lignosus,2854,NSWFFRDv2.1,"{""Keith David pers. comm.""}","{""Life span"",References!C10}",NA,NA,NA,NA,NA
97255,surv5,Discaria pubescens,5564,NSWFFRDv2.1,"{""RP RFA Victoria - Gippsland""}","{""Life span"",""long (R38)""}",NA,NA,NA,NA,NA
97256,surv5,Discaria pubescens,5564,NSWFFRDv2.1,"{""RP RFA Tasmania""}","{""Life span"",""30 (R42)""}",NA,NA,30,NA,NA
97257,surv5,Dissocarpus paradoxus,2103,NSWFFRDv2.1,NA,"{""Life span"",annual}",NA,NA,NA,NA,NA
97258,surv5,Dodonaea triquetra,5911,NSWFFRDv2.1,"{""EcoGIS 2002""}","{""Life span"",""common in 25 yo site""}","{""Cell color index 12""}",NA,NA,NA,NA
97259,surv5,Doryphora sassafras,3913,NSWFFRDv2.1,NA,"{""Life span"",long}",NA,NA,NA,NA,NA
97260,surv5,Drabastrum alpestre,1806,NSWFFRDv2.1,NA,"{""Life span"",short}",NA,NA,NA,NA,NA
97261,surv5,Dracophyllum secundum,2589,NSWFFRDv2.1,"{""Keith David pers. comm.""}","{""Life span"",5-25}","{""Cell color index 12""}",NA,NA,25,5
97262,surv5,Drosera auriculata,2556,NSWFFRDv2.1,"{""Benson McDougall Ecology Sydney Plant Species Cunn""}","{""Life span"",indefinite}","{""Cell color index 12""}",NA,NA,NA,NA
97263,surv5,Drosera binata,2557,NSWFFRDv2.1,"{""Benson McDougall Ecology Sydney Plant Species Cunn"",""Keith David pers. comm.""}","{""Life span"",indefinite}","{""Cell color index 12""}",NA,NA,NA,NA
97264,surv5,Drosera binata,2557,NSWFFRDv2.1,"{""Benson McDougall Ecology Sydney Plant Species Cunn"",""Keith David pers. comm.""}","{""Life span"",indefinite}","{""Cell color index 12""}",NA,NA,NA,NA
97265,surv5,Drosera glanduligera,2558,NSWFFRDv2.1,"{""Benson McDougall Ecology Sydney Plant Species Cunn""}","{""Life span"",""<1? (1)""}",{uncertain},NA,NA,1,NA
97266,surv5,Drosera glanduligera,2558,NSWFFRDv2.1,"{""Harden 19901993""}","{""Life span"",""ephemeral (56)""}",NA,NA,NA,NA,NA
97267,surv5,Drosera peltata,2559,NSWFFRDv2.1,"{""Keith David pers. comm.""}","{""Life span"",""5-25 (9)""}",NA,NA,NA,25,5
97268,surv5,Drosera peltata,2559,NSWFFRDv2.1,"{""Benson McDougall Ecology Sydney Plant Species Cunn""}","{""Life span"",""indefinite (1)""}",NA,NA,NA,NA,NA
97269,surv5,Drosera pygmaea,2560,NSWFFRDv2.1,"{""Keith David pers. comm.""}","{""Life span"",5-25}","{""Cell color index 12""}",NA,NA,25,5
97270,surv5,Drosera spatulata,2561,NSWFFRDv2.1,"{""Keith David pers. comm.""}","{""Life span"",5-25}","{""Cell color index 12""}",NA,NA,25,5
97271,surv5,Dysoxylum fraserianum,3676,NSWFFRDv2.1,NA,"{""Life span"",long}",NA,NA,NA,NA,NA
97272,surv5,Dysphania kalpari,2105,NSWFFRDv2.1,NA,"{""Life span"",annual}",NA,NA,NA,NA,NA
97273,surv5,Eucalyptus moorei,4130,NSWFFRDv2.1,NA,"{""Life span"",>100}",NA,NA,NA,NA,100
97274,surv5,Echinopogon caespitosus var. caespitosus,7593,NSWFFRDv2.1,"{""EcoGIS 2002""}","{""Life span"",""present at 20-22 yo sites""}","{""Cell color index 12""}",NA,NA,NA,NA
97275,surv5,Echium plantagineum,1751,NSWFFRDv2.1,NA,"{""Life span"",annual}",NA,NA,NA,NA,NA
97276,surv5,Ehrharta longiflora,4938,NSWFFRDv2.1,NA,"{""Life span"",annual}",NA,NA,NA,NA,NA
97277,surv5,Elaeocarpus holopetalus,2571,NSWFFRDv2.1,NA,"{""Life span"",>100}",NA,NA,NA,NA,100
97278,surv5,Elaeocarpus kirtonii,2572,NSWFFRDv2.1,NA,"{""Life span"",>100}",NA,NA,NA,NA,100
97279,surv5,Elaeocarpus reticulatus,2574,NSWFFRDv2.1,"{""EcoGIS 2002""}","{""Life span"",""present in 20-22 yo sites""}","{""Cell color index 12""}",NA,NA,NA,NA
97280,surv5,Elaeodendron australe var. australe,12523,NSWFFRDv2.1,"{""Benson McDougall Ecology Sydney Plant Species Cunn""}","{""Life span"",>100}","{""Cell color index 12""}",NA,NA,NA,100
97281,surv5,Eleocharis sphacelata,6988,NSWFFRDv2.1,NA,"{""Life span"",indefinite}",NA,NA,NA,NA,NA
97282,surv5,Empodisma minus,5532,NSWFFRDv2.1,"{""Wahren Papst Williams 1999""}","{""Life span"",15?}","{""Cell color index 12"",uncertain}",NA,15,NA,NA
97283,surv5,Endiandra discolor,3489,NSWFFRDv2.1,NA,"{""Life span"",long}",NA,NA,NA,NA,NA
97284,surv5,Endiandra sieberi,3495,NSWFFRDv2.1,NA,"{""Life span"",long}",NA,NA,NA,NA,NA
97285,surv5,Enneapogon avenaceus,6720,NSWFFRDv2.1,NA,"{""Life span"",annual}",NA,NA,NA,NA,NA
97286,surv5,Enneapogon gracilis,4943,NSWFFRDv2.1,NA,"{""Life span"",annual}",NA,NA,NA,NA,NA
97287,surv5,Entolasia marginata,4946,NSWFFRDv2.1,NA,"{""Life span"",""present in 20-22 yo sites""}",NA,NA,NA,NA,NA
97288,surv5,Entolasia stricta,4947,NSWFFRDv2.1,"{""Keith David pers. comm.""}","{""Life span"",indefinite}","{""Cell color index 12""}",NA,NA,NA,NA
97289,surv5,Epacris breviflora,2591,NSWFFRDv2.1,"{""Wahren Papst Williams 1999""}","{""Life span"",50?}","{""Cell color index 12"",uncertain}",NA,50,NA,NA
97290,surv5,Epacris celata,10839,NSWFFRDv2.1,"{""Wahren Papst Williams 1999""}","{""Life span"",50?}","{""Cell color index 12"",uncertain}",NA,50,NA,NA
97291,surv5,Epacris glacialis,2595,NSWFFRDv2.1,"{""Wahren Papst Williams 1999""}","{""Life span"",50?}","{""Cell color index 12"",uncertain}",NA,50,NA,NA
97292,surv5,Epacris gunnii,10842,NSWFFRDv2.1,"{""Wahren Papst Williams 1999""}","{""Life span"",50?}","{""Cell color index 12"",uncertain}",NA,50,NA,NA
97293,surv5,Epacris hamiltonii,2596,NSWFFRDv2.1,NA,"{""Life span"",>15}",NA,NA,NA,NA,15
97294,surv5,Epacris microphylla,2599,NSWFFRDv2.1,"{""Benson McDougall Ecology Sydney Plant Species Cunn"",""EcoGIS 2002""}","{""Life span"",""5-20 (1), present and flowering in 20, 22, 25 yo sites (105)""}",NA,NA,NA,20,5
97295,surv5,Epacris microphylla,2599,NSWFFRDv2.1,"{""Benson McDougall Ecology Sydney Plant Species Cunn"",""EcoGIS 2002""}","{""Life span"",""5-20 (1), present and flowering in 20, 22, 25 yo sites (105)""}",NA,NA,NA,20,5
97296,surv5,Epacris obtusifolia,2602,NSWFFRDv2.1,"{""Benson McDougall Ecology Sydney Plant Species Cunn""}","{""Life span"",""10-20 (1)""}",NA,NA,NA,20,10
97297,surv5,Epacris obtusifolia,2602,NSWFFRDv2.1,"{""Keith David pers. comm.""}","{""Life span"",""5-25 (9)""}",NA,NA,NA,25,5
97298,surv5,Epacris paludosa,2603,NSWFFRDv2.1,"{""Benson McDougall Ecology Sydney Plant Species Cunn""}","{""Life span"","">60 (1)""}",NA,NA,NA,NA,60
97299,surv5,Epacris paludosa,2603,NSWFFRDv2.1,"{""Keith David pers. comm.""}","{""Life span"",""25-60 (9)""}",NA,NA,NA,60,25
97300,surv5,Epacris pulchella,2605,NSWFFRDv2.1,"{""Benson McDougall Ecology Sydney Plant Species Cunn"",""EcoGIS 2002""}","{""Life span"",""10-20 (1), common in 22 yo site (105)""}",NA,NA,NA,20,10
97301,surv5,Epacris pulchella,2605,NSWFFRDv2.1,"{""Benson McDougall Ecology Sydney Plant Species Cunn"",""EcoGIS 2002""}","{""Life span"",""10-20 (1), common in 22 yo site (105)""}",NA,NA,NA,20,10
97302,surv5,Epacris purpurascens var. purpurascens,7752,NSWFFRDv2.1,"{""Benson McDougall Ecology Sydney Plant Species Cunn""}","{""Life span"",5-20}","{""Cell color index 12""}",NA,NA,20,5
97303,surv5,Epilobium gunnianum,4329,NSWFFRDv2.1,"{""Wahren Papst Williams 1999""}","{""Life span"",10?}","{""Cell color index 12"",uncertain}",NA,10,NA,NA
97304,surv5,Eragrostis benthamii,7578,NSWFFRDv2.1,"{""EcoGIS 2002""}","{""Life span"",""present in 20-22 yo sites""}","{""Cell color index 12""}",NA,NA,NA,NA
97305,surv5,Erechtites valerianifolia,1439,NSWFFRDv2.1,NA,"{""Life span"",annual}",NA,NA,NA,NA,NA
97306,surv5,Eriachne glabrata,4979,NSWFFRDv2.1,NA,"{""Life span"",indefinite}",NA,NA,NA,NA,NA
97307,surv5,Erigeron bellidioides,11025,NSWFFRDv2.1,"{""Wahren Papst Williams 1999""}","{""Life span"",10?}","{""Cell color index 12"",uncertain}",NA,10,NA,NA
97308,surv5,Eriochilus cucullatus,4460,NSWFFRDv2.1,"{""Wahren Papst Williams 1999""}","{""Life span"",15?}","{""Cell color index 12"",uncertain}",NA,15,NA,NA
97309,surv5,Erodium crinitum,3142,NSWFFRDv2.1,NA,"{""Life span"",annual}",NA,NA,NA,NA,NA
97310,surv5,Eryngium vesiculosum,1117,NSWFFRDv2.1,"{""Benson McDougall Ecology Sydney Plant Species Cunn""}","{""Life span"",short}","{""Cell color index 12""}",NA,NA,NA,NA
97311,surv5,Eucalyptus acmenoides,7027,NSWFFRDv2.1,NA,"{""Life span"",>100}",NA,NA,NA,NA,100
97312,surv5,Eucalyptus agglomerata,4037,NSWFFRDv2.1,"{""Benson McDougall Ecology Sydney Plant Species Cunn""}","{""Life span"",>100}","{""Cell color index 12""}",NA,NA,NA,100
97313,surv5,Eucalyptus aggregata,4038,NSWFFRDv2.1,"{""Benson McDougall Ecology Sydney Plant Species Cunn""}","{""Life span"",>100}","{""Cell color index 12""}",NA,NA,NA,100
97314,surv5,Eucalyptus amplifolia subsp. amplifolia,9007,NSWFFRDv2.1,NA,"{""Life span"",>100}",NA,NA,NA,NA,100
97315,surv5,Eucalyptus apiculata,4043,NSWFFRDv2.1,NA,"{""Life span"",indefinite}",NA,NA,NA,NA,NA
97316,surv5,Eucalyptus baeuerlenii,4047,NSWFFRDv2.1,"{""Benson McDougall Ecology Sydney Plant Species Cunn""}","{""Life span"",>100}","{""Cell color index 12""}",NA,NA,NA,100
97317,surv5,Eucalyptus baueriana,7189,NSWFFRDv2.1,"{""Benson McDougall Ecology Sydney Plant Species Cunn""}","{""Life span"",>200}","{""Cell color index 12""}",NA,NA,NA,200
97318,surv5,Eucalyptus benthamii,4055,NSWFFRDv2.1,"{""Benson 1985b""}","{""Life span"",>250}","{""Cell color index 12""}",NA,NA,NA,250
97319,surv5,Eucalyptus blakelyi,4057,NSWFFRDv2.1,"{""Benson McDougall Ecology Sydney Plant Species Cunn""}","{""Life span"",>100}","{""Cell color index 12""}",NA,NA,NA,100
97320,surv5,Eucalyptus blaxlandii,4058,NSWFFRDv2.1,NA,"{""Life span"",>100}",NA,NA,NA,NA,100
97321,surv5,Eucalyptus bosistoana,4059,NSWFFRDv2.1,"{""Benson McDougall Ecology Sydney Plant Species Cunn""}","{""Life span"",>100}","{""Cell color index 12""}",NA,NA,NA,100
97322,surv5,Eucalyptus botryoides,4060,NSWFFRDv2.1,"{""Benson McDougall Ecology Sydney Plant Species Cunn""}","{""Life span"",600}","{""Cell color index 12""}",NA,600,NA,NA
97323,surv5,Eucalyptus bridgesiana,4061,NSWFFRDv2.1,"{""Benson McDougall Ecology Sydney Plant Species Cunn""}","{""Life span"",100-200}","{""Cell color index 12""}",NA,NA,200,100
97324,surv5,Eucalyptus burgessiana,4062,NSWFFRDv2.1,NA,"{""Life span"",indefinite}",NA,NA,NA,NA,NA
97325,surv5,Eucalyptus camfieldii,4067,NSWFFRDv2.1,"{""Benson McDougall Ecology Sydney Plant Species Cunn""}","{""Life span"","">100; may be disadvantaged by competion with absence of fire for 30 y (1)""}",NA,NA,NA,NA,NA
97326,surv5,Eucalyptus costata subsp. murrayana,12178,NSWFFRDv2.1,"{""Wellington Noble 1985""}","{""Life span"",>100}","{""Cell color index 12""}",NA,NA,NA,100
97327,surv5,Eucalyptus crebra,4074,NSWFFRDv2.1,NA,"{""Life span"",>100}",NA,NA,NA,NA,100
97328,surv5,Eucalyptus cunninghamii,6473,NSWFFRDv2.1,"{""Benson McDougall Ecology Sydney Plant Species Cunn""}","{""Life span"",indefinite}","{""Cell color index 12""}",NA,NA,NA,NA
97329,surv5,Eucalyptus cypellocarpa,4075,NSWFFRDv2.1,"{""Benson McDougall Ecology Sydney Plant Species Cunn""}","{""Life span"",>100}","{""Cell color index 12""}",NA,NA,NA,100
97330,surv5,Eucalyptus deanei,4079,NSWFFRDv2.1,NA,"{""Life span"",100-300}",NA,NA,NA,300,100
97331,surv5,Eucalyptus delegatensis subsp. delegatensis,6885,NSWFFRDv2.1,"{""Noble Slatyer 1980""}","{""Life span"",400}","{""Cell color index 12""}",NA,400,NA,NA
97332,surv5,Eucalyptus dives,4082,NSWFFRDv2.1,"{""Benson McDougall Ecology Sydney Plant Species Cunn""}","{""Life span"",>100}","{""Cell color index 12""}",NA,NA,NA,100
97333,surv5,Eucalyptus elata,4086,NSWFFRDv2.1,"{""Benson McDougall Ecology Sydney Plant Species Cunn""}","{""Life span"",40-60}","{""Cell color index 12""}",NA,NA,60,40
97334,surv5,Eucalyptus eugenioides,4087,NSWFFRDv2.1,"{""Benson McDougall Ecology Sydney Plant Species Cunn""}","{""Life span"",>100}","{""Cell color index 12""}",NA,NA,NA,100
97335,surv5,Eucalyptus fastigata,4090,NSWFFRDv2.1,"{""Benson McDougall Ecology Sydney Plant Species Cunn""}","{""Life span"",>100}","{""Cell color index 12""}",NA,NA,NA,100
97336,surv5,Eucalyptus fergusonii subsp. dorsiventralis,8354,NSWFFRDv2.1,"{""Maryott-Brown Wilks 1993""}","{""Life span"",""c. 200-250""}","{""Cell color index 12""}",NA,NA,250,NA
97337,surv5,Eucalyptus fibrosa,4091,NSWFFRDv2.1,NA,"{""Life span"",>100}",NA,NA,NA,NA,100
97338,surv5,Eucalyptus globoidea,4097,NSWFFRDv2.1,"{""Benson McDougall Ecology Sydney Plant Species Cunn""}","{""Life span"",>100}","{""Cell color index 12""}",NA,NA,NA,100
97339,surv5,Eucalyptus haemastoma,4104,NSWFFRDv2.1,"{""Keith David pers. comm.""}","{""Life span"",200-300}","{""Cell color index 12""}",NA,NA,300,200
97340,surv5,Eucalyptus laevopinea,4112,NSWFFRDv2.1,"{""Benson McDougall Ecology Sydney Plant Species Cunn""}","{""Life span"",>100}","{""Cell color index 12""}",NA,NA,NA,100
97341,surv5,Eucalyptus laophila,10030,NSWFFRDv2.1,NA,"{""Life span"",>100}",NA,NA,NA,NA,100
97342,surv5,Eucalyptus ligustrina,4117,NSWFFRDv2.1,"{""Benson McDougall Ecology Sydney Plant Species Cunn""}","{""Life span"",indefinite}","{""Cell color index 12""}",NA,NA,NA,NA
97343,surv5,Eucalyptus longifolia,4118,NSWFFRDv2.1,NA,"{""Life span"",>100}",NA,NA,NA,NA,100
97344,surv5,Eucalyptus luehmanniana,4116,NSWFFRDv2.1,"{""Benson McDougall Ecology Sydney Plant Species Cunn""}","{""Life span"",indefinite}","{""Cell color index 12""}",NA,NA,NA,NA
97345,surv5,Eucalyptus macarthurii,4119,NSWFFRDv2.1,NA,"{""Life span"",>100}",NA,NA,NA,NA,100
97346,surv5,Eucalyptus macrorhyncha,4120,NSWFFRDv2.1,"{""Benson McDougall Ecology Sydney Plant Species Cunn""}","{""Life span"",>100}","{""Cell color index 12""}",NA,NA,NA,100
97347,surv5,Eucalyptus mannifera subsp. mannifera,7827,NSWFFRDv2.1,"{""Benson McDougall Ecology Sydney Plant Species Cunn""}","{""Life span"",450}","{""Cell color index 12""}",NA,450,NA,NA
97348,surv5,Eucalyptus melliodora,4125,NSWFFRDv2.1,"{""Benson McDougall Ecology Sydney Plant Species Cunn""}","{""Life span"",>100}","{""Cell color index 12""}",NA,NA,NA,100
97349,surv5,Eucalyptus michaeliana,4126,NSWFFRDv2.1,"{""Benson McDougall Ecology Sydney Plant Species Cunn""}","{""Life span"","">100 (1)""}","{""Cell color index 8""}",NA,NA,NA,100
97350,surv5,Eucalyptus michaeliana,4126,NSWFFRDv2.1,"{""Maryott-Brown Wilks 1993""}","{""Life span"",""c. 200-250 (71)""}","{""Cell color index 8""}",NA,NA,250,NA
97351,surv5,Eucalyptus microcarpa,4127,NSWFFRDv2.1,"{""Benson McDougall Ecology Sydney Plant Species Cunn""}","{""Life span"",>100}","{""Cell color index 12""}",NA,NA,NA,100
97352,surv5,Eucalyptus microcorys,4128,NSWFFRDv2.1,"{""Benson McDougall Ecology Sydney Plant Species Cunn""}","{""Life span"",>100}","{""Cell color index 12""}",NA,NA,NA,100
97353,surv5,Eucalyptus moluccana,4129,NSWFFRDv2.1,NA,"{""Life span"",>100}",NA,NA,NA,NA,100
97354,surv5,Eucalyptus muelleriana,4132,NSWFFRDv2.1,"{""Benson McDougall Ecology Sydney Plant Species Cunn""}","{""Life span"",>100}","{""Cell color index 12""}",NA,NA,NA,100
97355,surv5,Eucalyptus multicaulis,4133,NSWFFRDv2.1,NA,"{""Life span"",indefinite}",NA,NA,NA,NA,NA
97356,surv5,Eucalyptus obliqua,4140,NSWFFRDv2.1,NA,"{""Life span"",>100}",NA,NA,NA,NA,100
97357,surv5,Eucalyptus oblonga,4141,NSWFFRDv2.1,"{""Benson McDougall Ecology Sydney Plant Species Cunn""}","{""Life span"",>100}","{""Cell color index 12""}",NA,NA,NA,100
97358,surv5,Eucalyptus obstans,10029,NSWFFRDv2.1,NA,"{""Life span"",>100}",NA,NA,NA,NA,100
97359,surv5,Eucalyptus oreades,4145,NSWFFRDv2.1,"{""Benson McDougall Ecology Sydney Plant Species Cunn""}","{""Life span"",100-150}","{""Cell color index 12""}",NA,NA,150,100
97360,surv5,Eucalyptus paniculata subsp. paniculata,8831,NSWFFRDv2.1,"{""Benson McDougall Ecology Sydney Plant Species Cunn""}","{""Life span"",>100}","{""Cell color index 12""}",NA,NA,NA,100
97361,surv5,Eucalyptus parramattensis subsp. parramattensis,8959,NSWFFRDv2.1,"{""Benson McDougall Ecology Sydney Plant Species Cunn""}","{""Life span"",>100}","{""Cell color index 12""}",NA,NA,NA,100
97362,surv5,Eucalyptus pauciflora,4151,NSWFFRDv2.1,"{""Benson McDougall Ecology Sydney Plant Species Cunn""}","{""Life span"",250-400}","{""Cell color index 12""}",NA,NA,400,250
97363,surv5,Eucalyptus pilularis,4155,NSWFFRDv2.1,"{""Benson McDougall Ecology Sydney Plant Species Cunn""}","{""Life span"",>200}","{""Cell color index 12""}",NA,NA,NA,200
97364,surv5,Eucalyptus piperita,4156,NSWFFRDv2.1,NA,"{""Life span"",>100}",NA,NA,NA,NA,100
97365,surv5,Eucalyptus propinqua,4162,NSWFFRDv2.1,"{""Benson McDougall Ecology Sydney Plant Species Cunn""}","{""Life span"",>100}","{""Cell color index 12""}",NA,NA,NA,100
97366,surv5,Eucalyptus pulverulenta,4163,NSWFFRDv2.1,"{""Benson McDougall Ecology Sydney Plant Species Cunn""}","{""Life span"",>100}","{""Cell color index 12""}",NA,NA,NA,100
97367,surv5,Eucalyptus punctata,4165,NSWFFRDv2.1,"{""Benson McDougall Ecology Sydney Plant Species Cunn""}","{""Life span"",>100}","{""Cell color index 12""}",NA,NA,NA,100
97368,surv5,Eucalyptus quadrangulata,4167,NSWFFRDv2.1,NA,"{""Life span"",>100}",NA,NA,NA,NA,100
97369,surv5,Eucalyptus racemosa,4168,NSWFFRDv2.1,"{""Benson McDougall Ecology Sydney Plant Species Cunn""}","{""Life span"",>100}","{""Cell color index 12""}",NA,NA,NA,100
97370,surv5,Eucalyptus radiata subsp. radiata,7338,NSWFFRDv2.1,NA,"{""Life span"",>100}",NA,NA,NA,NA,100
97371,surv5,Eucalyptus resinifera subsp. resinifera,9450,NSWFFRDv2.1,"{""Benson McDougall Ecology Sydney Plant Species Cunn""}","{""Life span"",>100}","{""Cell color index 12""}",NA,NA,NA,100
97372,surv5,Eucalyptus robusta,4171,NSWFFRDv2.1,"{""Benson McDougall Ecology Sydney Plant Species Cunn""}","{""Life span"",>200}","{""Cell color index 12""}",NA,NA,NA,200
97373,surv5,Eucalyptus rossii,4172,NSWFFRDv2.1,"{""Benson McDougall Ecology Sydney Plant Species Cunn""}","{""Life span"",>400}","{""Cell color index 12""}",NA,NA,NA,400
97374,surv5,Eucalyptus rubida subsp. rubida,9750,NSWFFRDv2.1,"{""Benson McDougall Ecology Sydney Plant Species Cunn""}","{""Life span"",>100}","{""Cell color index 12""}",NA,NA,NA,100
97375,surv5,Eucalyptus saligna,4177,NSWFFRDv2.1,"{""Benson McDougall Ecology Sydney Plant Species Cunn""}","{""Life span"",>200}","{""Cell color index 12""}",NA,NA,NA,200
97376,surv5,Eucalyptus sclerophylla,4178,NSWFFRDv2.1,"{""Benson McDougall Ecology Sydney Plant Species Cunn""}","{""Life span"",>100}","{""Cell color index 12""}",NA,NA,NA,100
97377,surv5,Eucalyptus siderophloia,4180,NSWFFRDv2.1,"{""Benson McDougall Ecology Sydney Plant Species Cunn""}","{""Life span"",>100}","{""Cell color index 12""}",NA,NA,NA,100
97378,surv5,Glossodia minor,4466,NSWFFRDv2.1,NA,"{""Life span"",indefinite}",NA,NA,NA,NA,NA
97379,surv5,Eucalyptus sideroxylon,4181,NSWFFRDv2.1,"{""Benson McDougall Ecology Sydney Plant Species Cunn""}","{""Life span"",>100}","{""Cell color index 12""}",NA,NA,NA,100
97380,surv5,Eucalyptus sieberi,4182,NSWFFRDv2.1,"{""Benson McDougall Ecology Sydney Plant Species Cunn""}","{""Life span"",>100}","{""Cell color index 12""}",NA,NA,NA,100
97381,surv5,Eucalyptus sparsifolia,8353,NSWFFRDv2.1,NA,"{""Life span"",>100}",NA,NA,NA,NA,100
97382,surv5,Eucalyptus squamosa,4186,NSWFFRDv2.1,NA,"{""Life span"",>100}",NA,NA,NA,NA,100
97383,surv5,Eucalyptus stellulata,4187,NSWFFRDv2.1,"{""Benson McDougall Ecology Sydney Plant Species Cunn""}","{""Life span"",>100}","{""Cell color index 12""}",NA,NA,NA,100
97384,surv5,Eucalyptus stricta,4189,NSWFFRDv2.1,"{""Benson McDougall Ecology Sydney Plant Species Cunn""}","{""Life span"",indefinite}","{""Cell color index 12""}",NA,NA,NA,NA
97385,surv5,Eucalyptus tereticornis,4191,NSWFFRDv2.1,"{""Benson McDougall Ecology Sydney Plant Species Cunn""}","{""Life span"",>100}","{""Cell color index 12""}",NA,NA,NA,100
97386,surv5,Eucalyptus umbra,4196,NSWFFRDv2.1,NA,"{""Life span"",>100}",NA,NA,NA,NA,100
97387,surv5,Eucalyptus viminalis,4197,NSWFFRDv2.1,"{""Benson McDougall Ecology Sydney Plant Species Cunn""}","{""Life span"",>100}","{""Cell color index 12""}",NA,NA,NA,100
97388,surv5,Euchiton gymnocephalus,9691,NSWFFRDv2.1,"{""Wahren Papst Williams 1999""}","{""Life span"",10?}","{""Cell color index 12"",uncertain}",NA,10,NA,NA
97389,surv5,Euchiton involucratus,9904,NSWFFRDv2.1,NA,"{""Life span"",annual}",NA,NA,NA,NA,NA
97390,surv5,Euchiton involucratus,9904,NSWFFRDv2.1,NA,"{""Life span"",biennial}",NA,NA,NA,NA,NA
97391,surv5,Euchiton limosus,13980,NSWFFRDv2.1,NA,"{""Life span"",annual}",NA,NA,NA,NA,NA
97392,surv5,Euchiton sphaericus,9690,NSWFFRDv2.1,NA,"{""Life span"",annual}",NA,NA,NA,NA,NA
97393,surv5,Eucryphia moorei,2672,NSWFFRDv2.1,"{""Benson McDougall Ecology Sydney Plant Species Cunn""}","{""Life span"",>100}","{""Cell color index 12""}",NA,NA,NA,100
97394,surv5,Euphorbia paralias,9899,NSWFFRDv2.1,NA,"{""Life span"",5-30}",NA,NA,NA,30,5
97395,surv5,Euphorbia peplus,2721,NSWFFRDv2.1,NA,"{""Life span"",annual}",NA,NA,NA,NA,NA
97396,surv5,Euphrasia bella,8332,NSWFFRDv2.1,NA,"{""Life span"",<10}",NA,NA,NA,10,NA
97397,surv5,Euphrasia collina,5958,NSWFFRDv2.1,NA,"{""Life span"",5-25}",NA,NA,NA,25,5
97398,surv5,Euphrasia collina subsp. muelleri,9166,NSWFFRDv2.1,NA,"{""Life span"",1-3}",NA,NA,NA,3,1
97399,surv5,Euphrasia collina subsp. paludosa,7778,NSWFFRDv2.1,"{""Wahren Papst Williams 1999""}","{""Life span"",10?}","{""Cell color index 12"",uncertain}",NA,10,NA,NA
97400,surv5,Euphrasia orthocheila subsp. peraspera,7019,NSWFFRDv2.1,NA,"{""Life span"",annual}",NA,NA,NA,NA,NA
97401,surv5,Euroschinus falcatus var. falcatus,7734,NSWFFRDv2.1,"{""Hunter Vegetation Washpool National Park Western A""}","{""Life span"",>30}","{""Cell color index 12""}",NA,NA,NA,30
97402,surv5,Eurychorda complanata,10615,NSWFFRDv2.1,"{""Keith David pers. comm.""}","{""Life span"",""indefinite (9)""}",NA,NA,NA,NA,NA
97403,surv5,Eurychorda complanata,10615,NSWFFRDv2.1,"{""Clemens Franklin 1980""}","{""Life span"",""absent or rare in 10 yo heath (46)""}",NA,NA,NA,NA,NA
97404,surv5,Eustrephus latifolius,6015,NSWFFRDv2.1,"{""EcoGIS 2002""}","{""Life span"",""present at 22 yo site""}","{""Cell color index 12""}",NA,NA,NA,NA
97405,surv5,Exocarpos cupressiformis,5860,NSWFFRDv2.1,"{""EcoGIS 2002""}","{""Life span"",""present at 20 yo site""}","{""Cell color index 12""}",NA,NA,NA,NA
97406,surv5,Lindsaea microphylla,6401,NSWFFRDv2.1,NA,"{""Life span"",indefinite}",NA,NA,NA,NA,NA
97407,surv5,Festuca muelleri,4992,NSWFFRDv2.1,"{""Wahren Papst Williams 1999""}","{""Life span"",10?}","{""Cell color index 12"",uncertain}",NA,10,NA,NA
97408,surv5,Ficus coronata,7479,NSWFFRDv2.1,"{""Benson McDougall Ecology Sydney Plant Species Cunn""}","{""Life span"",long?}","{""Cell color index 12"",uncertain}",NA,NA,NA,NA
97409,surv5,Ficus rubiginosa,3924,NSWFFRDv2.1,NA,"{""Life span"",>100}",NA,NA,NA,NA,100
97410,surv5,Ficus superba var. henneana,8407,NSWFFRDv2.1,NA,"{""Life span"",long}",NA,NA,NA,NA,NA
97411,surv5,Fumaria capreolata subsp. capreolata,7396,NSWFFRDv2.1,NA,"{""Life span"",annual}",NA,NA,NA,NA,NA
97412,surv5,Fumaria muralis subsp. muralis,9367,NSWFFRDv2.1,NA,"{""Life span"",annual}",NA,NA,NA,NA,NA
97413,surv5,Fumaria officinalis subsp. officinalis,9649,NSWFFRDv2.1,NA,"{""Life span"",annual}",NA,NA,NA,NA,NA
97414,surv5,Gahnia sieberiana,2442,NSWFFRDv2.1,"{""Keith David pers. comm."",""EcoGIS 2002""}","{""Life span"",""indefinite (9), present and flowering at 22 yo site (105)""}",NA,NA,NA,NA,NA
97415,surv5,Gahnia sieberiana,2442,NSWFFRDv2.1,"{""Keith David pers. comm."",""EcoGIS 2002""}","{""Life span"",""indefinite (9), present and flowering at 22 yo site (105)""}",NA,NA,NA,NA,NA
97416,surv5,Galinsoga parviflora,1450,NSWFFRDv2.1,NA,"{""Life span"",annual}",NA,NA,NA,NA,NA
97417,surv5,Galium binifolium,5681,NSWFFRDv2.1,NA,"{""Life span"",annual}",NA,NA,NA,NA,NA
97418,surv5,Galium liratum,5685,NSWFFRDv2.1,NA,"{""Life span"",annual}",NA,NA,NA,NA,NA
97419,surv5,Galium murale,5687,NSWFFRDv2.1,NA,"{""Life span"",annual}",NA,NA,NA,NA,NA
97420,surv5,Gamochaeta calviceps,10142,NSWFFRDv2.1,NA,"{""Life span"",annual}",NA,NA,NA,NA,NA
97421,surv5,Gamochaeta pensylvanica,10143,NSWFFRDv2.1,NA,"{""Life span"",annual}",NA,NA,NA,NA,NA
97422,surv5,Genoplesium rhyoliticum,8337,NSWFFRDv2.1,"{""RP Threatened Flora of Rocky Outcrops in South Eas""}","{""Life span"",""long, annual replacement of the tuber""}","{""Cell color index 12""}",NA,NA,NA,NA
97423,surv5,Gentiana wingecarribiensis,7631,NSWFFRDv2.1,NA,"{""Life span"",annual}",NA,NA,NA,NA,NA
97424,surv5,Gentianella cunninghamii subsp. Cunninghamii,14547,NSWFFRDv2.1,"{""Wahren Papst Williams 1999""}","{""Life span"",10?}","{""Cell color index 12"",uncertain}",NA,10,NA,NA
97425,surv5,Geranium antrorsum,3146,NSWFFRDv2.1,"{""Wahren Papst Williams 1999""}","{""Life span"",10?}","{""Cell color index 12"",uncertain}",NA,10,NA,NA
97426,surv5,Geranium homeanum,3148,NSWFFRDv2.1,"{""Benson McDougall Ecology Sydney Plant Species Cunn""}","{""Life span"",short}","{""Cell color index 12""}",NA,NA,NA,NA
97427,surv5,Geranium potentilloides var. potentilloides,7107,NSWFFRDv2.1,"{""Wahren Papst Williams 1999""}","{""Life span"",10?}","{""Cell color index 12"",uncertain}",NA,10,NA,NA
97428,surv5,Geranium retrorsum,3154,NSWFFRDv2.1,"{""Morgan 1999""}","{""Life span"",long}","{""Cell color index 12""}",NA,NA,NA,NA
97429,surv5,Geranium solanderi,3156,NSWFFRDv2.1,"{""Benson McDougall Ecology Sydney Plant Species Cunn""}","{""Life span"",short}","{""Cell color index 12""}",NA,NA,NA,NA
97430,surv5,Geranium solanderi var. solanderi,8226,NSWFFRDv2.1,"{""Benson McDougall Ecology Sydney Plant Species Cunn""}","{""Life span"",short}","{""Cell color index 12""}",NA,NA,NA,NA
97431,surv5,Gleichenia dicarpa,7138,NSWFFRDv2.1,"{""Benson McDougall Ecology Sydney Plant Species Cunn"",""Keith David pers. comm.""}","{""Life span"",indefinite}","{""Cell color index 12""}",NA,NA,NA,NA
97432,surv5,Gleichenia dicarpa,7138,NSWFFRDv2.1,"{""Benson McDougall Ecology Sydney Plant Species Cunn"",""Keith David pers. comm.""}","{""Life span"",indefinite}","{""Cell color index 12""}",NA,NA,NA,NA
97433,surv5,Gleichenia microphylla,6708,NSWFFRDv2.1,"{""Benson McDougall Ecology Sydney Plant Species Cunn"",""Keith David pers. comm.""}","{""Life span"",indefinite}","{""Cell color index 12""}",NA,NA,NA,NA
97434,surv5,Gleichenia microphylla,6708,NSWFFRDv2.1,"{""Benson McDougall Ecology Sydney Plant Species Cunn"",""Keith David pers. comm.""}","{""Life span"",indefinite}","{""Cell color index 12""}",NA,NA,NA,NA
97435,surv5,Gleichenia rupestris,8093,NSWFFRDv2.1,NA,"{""Life span"",indefinite}",NA,NA,NA,NA,NA
97436,surv5,Glochidion ferdinandi var. ferdinandi,9360,NSWFFRDv2.1,NA,"{""Life span"",>60}",NA,NA,NA,NA,60
97437,surv5,Gompholobium glabratum,2864,NSWFFRDv2.1,"{""Keith David pers. comm."",""McMahon 1987""}","{""Life span"",5-25}","{""Cell color index 12""}",NA,NA,25,5
97438,surv5,Gompholobium glabratum,2864,NSWFFRDv2.1,"{""Keith David pers. comm."",""McMahon 1987""}","{""Life span"",5-25}","{""Cell color index 12""}",NA,NA,25,5
97439,surv5,Gompholobium grandiflorum,2865,NSWFFRDv2.1,"{""Keith David pers. comm.""}","{""Life span"",5-25}","{""Cell color index 12""}",NA,NA,25,5
97440,surv5,Gompholobium latifolium,2866,NSWFFRDv2.1,"{""Benson McDougall Ecology Sydney Plant Species Cunn""}","{""Life span"",medium}","{""Cell color index 12""}",NA,NA,NA,NA
97441,surv5,Gompholobium minus,2867,NSWFFRDv2.1,"{""Keith David pers. comm."",""Specht Rayson Jackman 1958"",""EcoGIS 2002""}","{""Life span"",""15-25 (9), <25 (33), present at 20 yo site (105)""}",NA,NA,NA,25,15
97442,surv5,Gompholobium minus,2867,NSWFFRDv2.1,"{""Keith David pers. comm."",""Specht Rayson Jackman 1958"",""EcoGIS 2002""}","{""Life span"",""15-25 (9), <25 (33), present at 20 yo site (105)""}",NA,NA,NA,25,15
97443,surv5,Gompholobium minus,2867,NSWFFRDv2.1,"{""Keith David pers. comm."",""Specht Rayson Jackman 1958"",""EcoGIS 2002""}","{""Life span"",""15-25 (9), <25 (33), present at 20 yo site (105)""}",NA,NA,NA,25,15
97444,surv5,Gonocarpus longifolius,3242,NSWFFRDv2.1,NA,"{""Life span"",short?}",{uncertain},NA,NA,NA,NA
97445,surv5,Gonocarpus micranthus,3243,NSWFFRDv2.1,"{""Benson McDougall Ecology Sydney Plant Species Cunn""}","{""Life span"",<5}","{""Cell color index 12""}",NA,NA,5,NA
97446,surv5,Gonocarpus micranthus subsp. micranthus,8649,NSWFFRDv2.1,NA,"{""Life span"",<5}",NA,NA,NA,5,NA
97447,surv5,Gonocarpus montanus,3244,NSWFFRDv2.1,"{""Wahren Papst Williams 1999""}","{""Life span"",10?}","{""Cell color index 12"",uncertain}",NA,10,NA,NA
97448,surv5,Gonocarpus salsoloides,3246,NSWFFRDv2.1,"{""Benson McDougall Ecology Sydney Plant Species Cunn"",""Keith David pers. comm.""}","{""Life span"",5-20}","{""Cell color index 12""}",NA,NA,20,5
97449,surv5,Gonocarpus salsoloides,3246,NSWFFRDv2.1,"{""Benson McDougall Ecology Sydney Plant Species Cunn"",""Keith David pers. comm.""}","{""Life span"",5-20}","{""Cell color index 12""}",NA,NA,20,5
97450,surv5,Gonocarpus tetragynus,3247,NSWFFRDv2.1,"{""Benson McDougall Ecology Sydney Plant Species Cunn"",""Keith David pers. comm.""}","{""Life span"",indefinite}","{""Cell color index 12""}",NA,NA,NA,NA
97451,surv5,Gonocarpus tetragynus,3247,NSWFFRDv2.1,"{""Benson McDougall Ecology Sydney Plant Species Cunn"",""Keith David pers. comm.""}","{""Life span"",indefinite}","{""Cell color index 12""}",NA,NA,NA,NA
97452,surv5,Gonocarpus teucrioides,3248,NSWFFRDv2.1,"{""Benson McDougall Ecology Sydney Plant Species Cunn"",""Keith David pers. comm.""}","{""Life span"",5-20}","{""Cell color index 12""}",NA,NA,20,5
97453,surv5,Gonocarpus teucrioides,3248,NSWFFRDv2.1,"{""Benson McDougall Ecology Sydney Plant Species Cunn"",""Keith David pers. comm.""}","{""Life span"",5-20}","{""Cell color index 12""}",NA,NA,20,5
97454,surv5,Goodenia bellidifolia subsp. bellidifolia,8711,NSWFFRDv2.1,"{""Benson McDougall Ecology Sydney Plant Species Cunn"",""Keith David pers. comm.""}","{""Life span"",""25-60 (1, 9)""}",NA,NA,NA,60,25
97455,surv5,Goodenia bellidifolia subsp. bellidifolia,8711,NSWFFRDv2.1,"{""Benson McDougall Ecology Sydney Plant Species Cunn"",""Keith David pers. comm.""}","{""Life span"",""25-60 (1, 9)""}",NA,NA,NA,60,25
97456,surv5,Goodenia bellidifolia subsp. bellidifolia,8711,NSWFFRDv2.1,"{""Clemens Franklin 1980""}","{""Life span"",""absent or rare in 10 yo heath (46)""}",NA,NA,NA,NA,NA
97457,surv5,Goodenia dimorpha var. dimorpha,8874,NSWFFRDv2.1,"{""Keith David pers. comm.""}","{""Life span"",25-60}","{""Cell color index 12""}",NA,NA,60,25
97458,surv5,Goodenia hederacea subsp. alpestris,7958,NSWFFRDv2.1,"{""Wahren Papst Williams 1999""}","{""Life span"",10?}","{""Cell color index 12"",uncertain}",NA,10,NA,NA
97459,surv5,Goodenia macbarronii,9168,NSWFFRDv2.1,NA,"{""Life span"",annual}",NA,NA,NA,NA,NA
97460,surv5,Goodenia ovata,3192,NSWFFRDv2.1,"{""Chesterfield Taylor Molnar 1990""}","{""Life span"",<30?}","{""Cell color index 12"",uncertain}",NA,NA,30,NA
97461,surv5,Goodenia paniculata,7057,NSWFFRDv2.1,"{""Benson McDougall Ecology Sydney Plant Species Cunn""}","{""Life span"",short}","{""Cell color index 12""}",NA,NA,NA,NA
97462,surv5,Goodenia pinnatifida,3193,NSWFFRDv2.1,"{""Morgan 1999""}","{""Life span"",long}","{""Cell color index 12""}",NA,NA,NA,NA
97463,surv5,Goodia lotifolia,2871,NSWFFRDv2.1,"{""Benson McDougall Ecology Sydney Plant Species Cunn""}","{""Life span"",5-20}","{""Cell color index 12""}",NA,NA,20,5
97464,surv5,Goodia lotifolia var. pubescens,10744,NSWFFRDv2.1,"{""Benson McDougall Ecology Sydney Plant Species Cunn""}","{""Life span"",5-20}","{""Cell color index 12""}",NA,NA,20,5
97465,surv5,Grammitis billardierei,10518,NSWFFRDv2.1,NA,"{""Life span"",indefinite}",NA,NA,NA,NA,NA
97466,surv5,Grevillea australis,6441,NSWFFRDv2.1,"{""Wahren Papst Williams 1999""}","{""Life span"",50?}","{""Cell color index 12"",uncertain}",NA,50,NA,NA
97467,surv5,Grevillea baueri subsp. baueri,9956,NSWFFRDv2.1,"{""EcoGIS 2002""}","{""Life span"",""present and flowering at 30 yo site (105)""}","{""Cell color index 12""}",NA,NA,NA,NA
97468,surv5,Grevillea beadleana,8293,NSWFFRDv2.1,"{""Watts Greg. pers. comm."",""Benson 1992"",""Clarke Fulloon 1999""}","{""Life span"",20-30}","{""Cell color index 12""}",NA,NA,30,20
97469,surv5,Grevillea beadleana,8293,NSWFFRDv2.1,"{""Watts Greg. pers. comm."",""Benson 1992"",""Clarke Fulloon 1999""}","{""Life span"",20-30}","{""Cell color index 12""}",NA,NA,30,20
97470,surv5,Grevillea beadleana,8293,NSWFFRDv2.1,"{""Watts Greg. pers. comm."",""Benson 1992"",""Clarke Fulloon 1999""}","{""Life span"",20-30}","{""Cell color index 12""}",NA,NA,30,20
97471,surv5,Grevillea buxifolia subsp. buxifolia,8409,NSWFFRDv2.1,"{""Benson McDougall Ecology Sydney Plant Species Cunn""}","{""Life span"",10-20}","{""Cell color index 12""}",NA,NA,20,10
97472,surv5,Grevillea caleyi,5365,NSWFFRDv2.1,"{""Auld Scott 1997""}","{""Life span"",""c. 20 (13)""}",NA,NA,NA,NA,NA
97473,surv5,Grevillea caleyi,5365,NSWFFRDv2.1,"{""RP Grevillea caleyi""}","{""Life span"",""senescence occurs from 12-15y, estimated half-life 8.6y (R4)""}",NA,NA,NA,NA,NA
97474,surv5,Grevillea kennedyana,5378,NSWFFRDv2.1,"{""Duncan 1992""}","{""Life span"",decades}","{""Cell color index 12""}",NA,NA,NA,NA
97475,surv5,Grevillea linearifolia,5381,NSWFFRDv2.1,"{""EcoGIS 2002""}","{""Life span"",""present and flowering at 30 yo site (105)""}","{""Cell color index 12""}",NA,NA,NA,NA
97476,surv5,Grevillea mucronulata,5385,NSWFFRDv2.1,"{""Benson McDougall Ecology Sydney Plant Species Cunn""}","{""Life span"",short-medium?}","{""Cell color index 12"",uncertain}",NA,NA,NA,NA
97477,surv5,Grevillea obtusiflora subsp. obtusiflora,9626,NSWFFRDv2.1,NA,"{""Life span"",indefinite?}",{uncertain},NA,NA,NA,NA
97478,surv5,Grevillea oleoides,5388,NSWFFRDv2.1,"{""Keith David pers. comm.""}","{""Life span"",indefinite}","{""Cell color index 12""}",NA,NA,NA,NA
97479,surv5,Grevillea parviflora,5389,NSWFFRDv2.1,"{""Keith David pers. comm.""}","{""Life span"",25-60}","{""Cell color index 12""}",NA,NA,60,25
97480,surv5,Grevillea parviflora subsp. parviflora,10009,NSWFFRDv2.1,NA,"{""Life span"",25-60}",NA,NA,NA,60,25
97481,surv5,Grevillea rivularis,5395,NSWFFRDv2.1,"{""McDougall Keith pers. comm.""}","{""Life span"",""probably >25""}","{""Cell color index 12""}",NA,NA,NA,NA
97482,surv5,Grevillea sericea,5399,NSWFFRDv2.1,"{""Keith David pers. comm.""}","{""Life span"",5-25}","{""Cell color index 12""}",NA,NA,25,5
97483,surv5,Grevillea speciosa,5401,NSWFFRDv2.1,"{""Keith David pers. comm.""}","{""Life span"",20-40}","{""Cell color index 12""}",NA,NA,40,20
97484,surv5,Grevillea wilkinsonii,9482,NSWFFRDv2.1,"{""RP Grevillea wilkinsonii""}","{""Life span"",""c. 30""}","{""Cell color index 12""}",NA,NA,NA,NA
97485,surv5,Gymnoschoenus sphaerocephalus,2445,NSWFFRDv2.1,NA,"{""Life span"",indefinite}",NA,NA,NA,NA,NA
97486,surv5,Gypsophila tubulosa,9031,NSWFFRDv2.1,NA,"{""Life span"",annual}",NA,NA,NA,NA,NA
97487,surv5,Gyrostemon thesioides,9411,NSWFFRDv2.1,"{""Benson McDougall Ecology Sydney Plant Species Cunn""}","{""Life span"",1}","{""Cell color index 12""}",NA,1,NA,NA
97488,surv5,Haemodorum corymbosum,6435,NSWFFRDv2.1,"{""Keith David pers. comm.""}","{""Life span"",25-60}","{""Cell color index 12""}",NA,NA,60,25
97489,surv5,Haemodorum planifolium,3236,NSWFFRDv2.1,"{""Clemens Franklin 1980""}","{""Life span"",""absent or rare in 10 yo heath""}","{""Cell color index 12""}",NA,NA,NA,NA
97490,surv5,Hainardia cylindrica,5000,NSWFFRDv2.1,NA,"{""Life span"",annual}",NA,NA,NA,NA,NA
97491,surv5,Hakea bakeriana,9114,NSWFFRDv2.1,"{""Benson McDougall Ecology Sydney Plant Species Cunn""}","{""Life span"",medium-long}","{""Cell color index 12""}",NA,NA,NA,NA
97492,surv5,Hakea dactyloides,5409,NSWFFRDv2.1,"{""Benson McDougall Ecology Sydney Plant Species Cunn""}","{""Life span"",15-28?}","{""Cell color index 12"",uncertain}",NA,NA,28,15
97493,surv5,Hakea dohertyi,10802,NSWFFRDv2.1,NA,"{""Life span"",>100}",NA,NA,NA,NA,100
97494,surv5,Hakea gibbosa,5415,NSWFFRDv2.1,"{""Benson McDougall Ecology Sydney Plant Species Cunn""}","{""Life span"",20-30?}","{""Cell color index 12"",uncertain}",NA,NA,30,20
97495,surv5,Hakea laevipes subsp. laevipes,10804,NSWFFRDv2.1,"{""Keith David pers. comm.""}","{""Life span"",40-80}","{""Cell color index 12""}",NA,NA,80,40
97496,surv5,Hakea macrorrhyncha,9602,NSWFFRDv2.1,"{""Clarke Fulloon 1999""}","{""Life span"",<20?}","{""Cell color index 12"",uncertain}",NA,NA,20,NA
97497,surv5,Hakea microcarpa,5420,NSWFFRDv2.1,"{""Wahren Papst Williams 1999""}","{""Life span"",70?}","{""Cell color index 12"",uncertain}",NA,70,NA,NA
97498,surv5,Hakea salicifolia subsp. salicifolia,10806,NSWFFRDv2.1,"{""Benson McDougall Ecology Sydney Plant Species Cunn""}","{""Life span"",20-30?}","{""Cell color index 12"",uncertain}",NA,NA,30,20
97499,surv5,Hakea sericea,5425,NSWFFRDv2.1,"{""Benson McDougall Ecology Sydney Plant Species Cunn"",""EcoGIS 2002""}","{""Life span"",""15-20; 23 (1), present with fruits at 20-25 yo sites (105)""}",NA,NA,NA,NA,15
97500,surv5,Hakea sericea,5425,NSWFFRDv2.1,"{""Benson McDougall Ecology Sydney Plant Species Cunn"",""EcoGIS 2002""}","{""Life span"",""15-20; 23 (1), present with fruits at 20-25 yo sites (105)""}",NA,NA,NA,NA,15
97501,surv5,Hakea teretifolia,5427,NSWFFRDv2.1,"{""Keith David pers. comm.""}","{""Life span"",25-60}","{""Cell color index 12""}",NA,NA,60,25
97502,surv5,Hakea ulicina,5429,NSWFFRDv2.1,"{""Department Natural Resources Environment ""}","{""Life span"",50}","{""Cell color index 12""}",NA,50,NA,NA
97503,surv5,Haloragis heterophylla,3252,NSWFFRDv2.1,"{""Benson McDougall Ecology Sydney Plant Species Cunn""}","{""Life span"",short?}","{""Cell color index 12"",uncertain}",NA,NA,NA,NA
97504,surv5,Haloragis odontocarpa,3253,NSWFFRDv2.1,NA,"{""Life span"",annual}",NA,NA,NA,NA,NA
97505,surv5,Hardenbergia violacea,2873,NSWFFRDv2.1,"{""Hunter Vegetation Washpool National Park Western A""}","{""Life span"",5-30}","{""Cell color index 12""}",NA,NA,30,5
97506,surv5,Harmsiodoxa blennodioides,1811,NSWFFRDv2.1,NA,"{""Life span"",annual}",NA,NA,NA,NA,NA
97507,surv5,Hedycarya angustifolia,3914,NSWFFRDv2.1,"{""Benson McDougall Ecology Sydney Plant Species Cunn""}","{""Life span"",20-50}","{""Cell color index 12""}",NA,NA,50,20
97508,surv5,Hedypnois rhagadioloides subsp. cretica,8913,NSWFFRDv2.1,NA,"{""Life span"",annual}",NA,NA,NA,NA,NA
97509,surv5,Helichrysum rutidolepis,1502,NSWFFRDv2.1,"{""Wahren Papst Williams 1999""}","{""Life span"",10?}","{""Cell color index 12"",uncertain}",NA,10,NA,NA
97510,surv5,Heliotropium europaeum,1761,NSWFFRDv2.1,NA,"{""Life span"",annual}",NA,NA,NA,NA,NA
97511,surv5,Hemarthria uncinata var. uncinata,7871,NSWFFRDv2.1,"{""Keith David pers. comm.""}","{""Life span"",indefinite}","{""Cell color index 12""}",NA,NA,NA,NA
97512,surv5,Hemigenia purpurea,3376,NSWFFRDv2.1,"{""Benson McDougall Ecology Sydney Plant Species Cunn"",""Keith David pers. comm.""}","{""Life span"",20-40}","{""Cell color index 12""}",NA,NA,40,20
97513,surv5,Hemigenia purpurea,3376,NSWFFRDv2.1,"{""Benson McDougall Ecology Sydney Plant Species Cunn"",""Keith David pers. comm.""}","{""Life span"",20-40}","{""Cell color index 12""}",NA,NA,40,20
97514,surv5,Herniaria cinerea,9667,NSWFFRDv2.1,NA,"{""Life span"",annual}",NA,NA,NA,NA,NA
97515,surv5,Herpolirion novae-zelandiae,3549,NSWFFRDv2.1,"{""Wahren Papst Williams 1999""}","{""Life span"",10?}","{""Cell color index 12"",uncertain}",NA,10,NA,NA
97516,surv5,Hibbertia aspera subsp. aspera,10554,NSWFFRDv2.1,"{""EcoGIS 2002""}","{""Life span"",""present at 22 yo site""}","{""Cell color index 12""}",NA,NA,NA,NA
97517,surv5,Hibbertia cistoidea,2531,NSWFFRDv2.1,"{""EcoGIS 2002""}","{""Life span"",""present & flowering at 20 yo site""}","{""Cell color index 12""}",NA,NA,NA,NA
97518,surv5,Hibbertia dentata,2532,NSWFFRDv2.1,"{""EcoGIS 2002""}","{""Life span"",""common at 22 yo site""}","{""Cell color index 12""}",NA,NA,NA,NA
97519,surv5,Hibbertia empetrifolia subsp. empetrifolia,10863,NSWFFRDv2.1,"{""Keith David pers. comm.""}","{""Life span"",25-60}","{""Cell color index 12""}",NA,NA,60,25
97520,surv5,Hibbertia fasciculata,2536,NSWFFRDv2.1,"{""Clemens Franklin 1980""}","{""Life span"",""absent or rare in 10 yo heath""}","{""Cell color index 12""}",NA,NA,NA,NA
97521,surv5,Linum trigynum,3584,NSWFFRDv2.1,NA,"{""Life span"",annual}",NA,NA,NA,NA,NA
97522,surv5,Hibbertia incana,9696,NSWFFRDv2.1,"{""Specht Rayson Jackman 1958""}","{""Life span"",>15}","{""Cell color index 12""}",NA,NA,NA,15
97523,surv5,Hibbertia riparia,2545,NSWFFRDv2.1,"{""Benson McDougall Ecology Sydney Plant Species Cunn""}","{""Life span"","">60 (1)""}",NA,NA,NA,NA,60
97524,surv5,Hibbertia riparia,2545,NSWFFRDv2.1,"{""Keith David pers. comm.""}","{""Life span"",""40-80 (9)""}",NA,NA,NA,80,40
97525,surv5,Hibbertia scandens,2548,NSWFFRDv2.1,"{""Benson McDougall Ecology Sydney Plant Species Cunn""}","{""Life span"",5-30}","{""Cell color index 12""}",NA,NA,30,5
97526,surv5,Hibbertia serpyllifolia,2550,NSWFFRDv2.1,"{""Benson McDougall Ecology Sydney Plant Species Cunn"",""Keith David pers. comm.""}","{""Life span"",40-80}","{""Cell color index 12""}",NA,NA,80,40
97527,surv5,Hibbertia serpyllifolia,2550,NSWFFRDv2.1,"{""Benson McDougall Ecology Sydney Plant Species Cunn"",""Keith David pers. comm.""}","{""Life span"",40-80}","{""Cell color index 12""}",NA,NA,80,40
97528,surv5,Hibiscus diversifolius,3641,NSWFFRDv2.1,NA,"{""Life span"",3-10}",NA,NA,NA,10,3
97529,surv5,Hibiscus heterophyllus subsp. heterophyllus,8877,NSWFFRDv2.1,NA,"{""Life span"",10-40}",NA,NA,NA,40,10
97530,surv5,Hibiscus splendens,3645,NSWFFRDv2.1,NA,"{""Life span"",5-10}",NA,NA,NA,10,5
97531,surv5,Histiopteris incisa,7271,NSWFFRDv2.1,"{""Benson McDougall Ecology Sydney Plant Species Cunn""}","{""Life span"",indefinite}","{""Cell color index 12""}",NA,NA,NA,NA
97532,surv5,Homalanthus populifolius,11947,NSWFFRDv2.1,"{""Benson McDougall Ecology Sydney Plant Species Cunn""}","{""Life span"",20-30}","{""Cell color index 12""}",NA,NA,30,20
97533,surv5,Hovea montana,9768,NSWFFRDv2.1,"{""Wahren Papst Williams 1999""}","{""Life span"",70?}","{""Cell color index 12"",uncertain}",NA,70,NA,NA
97534,surv5,Howittia trilocularis,3649,NSWFFRDv2.1,NA,"{""Life span"",5-20}",NA,NA,NA,20,5
97535,surv5,Hyalosperma demissum,9412,NSWFFRDv2.1,NA,"{""Life span"",annual}",NA,NA,NA,NA,NA
97536,surv5,Hydrocotyle acutiloba,7959,NSWFFRDv2.1,"{""Clarke 1989""}","{""Life span"",<5}","{""Cell color index 12""}",NA,NA,5,NA
97537,surv5,Hydrocotyle bonariensis,1123,NSWFFRDv2.1,NA,"{""Life span"",<5}",NA,NA,NA,5,NA
97538,surv5,Hydrocotyle callicarpa,1124,NSWFFRDv2.1,NA,"{""Life span"",annual}",NA,NA,NA,NA,NA
97539,surv5,Hydrocotyle laxiflora,1128,NSWFFRDv2.1,"{""EcoGIS 2002""}","{""Life span"",""present in 10 yo site""}","{""Cell color index 12""}",NA,NA,NA,NA
97540,surv5,Hymenophyllum cupressiforme,8107,NSWFFRDv2.1,"{""Benson McDougall Ecology Sydney Plant Species Cunn""}","{""Life span"",indefinite}","{""Cell color index 12""}",NA,NA,NA,NA
97541,surv5,Hypericum gramineum,7240,NSWFFRDv2.1,"{""Benson McDougall Ecology Sydney Plant Species Cunn"",""Keith David pers. comm."",""EcoGIS 2002""}","{""Life span"",""5-25 (1, 9), present at 20 yo site (105)""}",NA,NA,NA,25,5
97542,surv5,Hypericum gramineum,7240,NSWFFRDv2.1,"{""Benson McDougall Ecology Sydney Plant Species Cunn"",""Keith David pers. comm."",""EcoGIS 2002""}","{""Life span"",""5-25 (1, 9), present at 20 yo site (105)""}",NA,NA,NA,25,5
97543,surv5,Hypericum gramineum,7240,NSWFFRDv2.1,"{""Benson McDougall Ecology Sydney Plant Species Cunn"",""Keith David pers. comm."",""EcoGIS 2002""}","{""Life span"",""5-25 (1, 9), present at 20 yo site (105)""}",NA,NA,NA,25,5
97544,surv5,Hypericum japonicum,2203,NSWFFRDv2.1,"{""Wahren Papst Williams 1999""}","{""Life span"",10?}","{""Cell color index 12"",uncertain}",NA,10,NA,NA
97545,surv5,Hypochaeris glabra,1540,NSWFFRDv2.1,NA,"{""Life span"",annual}",NA,NA,NA,NA,NA
97546,surv5,Hypolaena fastigiata,5533,NSWFFRDv2.1,"{""Keith David pers. comm.""}","{""Life span"",""indefinite (9)""}",NA,NA,NA,NA,NA
97547,surv5,Hypolaena fastigiata,5533,NSWFFRDv2.1,"{""Clemens Franklin 1980""}","{""Life span"",""absent or rare in 10 yo heath (46)""}",NA,NA,NA,NA,NA
97548,surv5,Hypolepis muelleri,7749,NSWFFRDv2.1,NA,"{""Life span"",indefinite}",NA,NA,NA,NA,NA
97549,surv5,Hypoxis hygrometrica,3553,NSWFFRDv2.1,"{""Keith David pers. comm.""}","{""Life span"",25-60}","{""Cell color index 12""}",NA,NA,60,25
97550,surv5,Imperata cylindrica,6803,NSWFFRDv2.1,NA,"{""Life span"",""present at 20-22 yo sites""}",NA,NA,NA,NA,NA
97551,surv5,Isoetopsis graminifolia,1542,NSWFFRDv2.1,NA,"{""Life span"",annual}",NA,NA,NA,NA,NA
97552,surv5,Isolepis aucklandica,2446,NSWFFRDv2.1,"{""Wahren Papst Williams 1999""}","{""Life span"",5?}","{""Cell color index 12"",uncertain}",NA,5,NA,NA
97553,surv5,Isolepis crassiuscula,6471,NSWFFRDv2.1,"{""Wahren Papst Williams 1999""}","{""Life span"",5?}","{""Cell color index 12"",uncertain}",NA,5,NA,NA
97554,surv5,Isolepis montivaga,2456,NSWFFRDv2.1,"{""Wahren Papst Williams 1999""}","{""Life span"",5?}","{""Cell color index 12"",uncertain}",NA,5,NA,NA
97555,surv5,Isolepis platycarpa,2458,NSWFFRDv2.1,NA,"{""Life span"",annual}",NA,NA,NA,NA,NA
97556,surv5,Isolepis subtilissima,2463,NSWFFRDv2.1,"{""Wahren Papst Williams 1999""}","{""Life span"",5?}","{""Cell color index 12"",uncertain}",NA,5,NA,NA
97557,surv5,Isopogon anemonifolius,5433,NSWFFRDv2.1,"{""Bradstock 1990""}","{""Life span"",""c. 50 (29)""}",NA,NA,NA,NA,NA
97558,surv5,Isopogon anemonifolius,5433,NSWFFRDv2.1,"{""Keith David pers. comm.""}","{""Life span"",""40-80 (9)""}",NA,NA,NA,80,40
97559,surv5,Isopogon anethifolius,6839,NSWFFRDv2.1,"{""Benson McDougall Ecology Sydney Plant Species Cunn"",""EcoGIS 2002""}","{""Life span"",""medium (1), common & flowering 30 yo site (105)""}",NA,NA,NA,NA,NA
97560,surv5,Isopogon anethifolius,6839,NSWFFRDv2.1,"{""Benson McDougall Ecology Sydney Plant Species Cunn"",""EcoGIS 2002""}","{""Life span"",""medium (1), common & flowering 30 yo site (105)""}",NA,NA,NA,NA,NA
97561,surv5,Isopogon dawsonii,5434,NSWFFRDv2.1,NA,"{""Life span"",medium}",NA,NA,NA,NA,NA
97562,surv5,Isotoma fluviatilis subsp. australis,7964,NSWFFRDv2.1,"{""Benson McDougall Ecology Sydney Plant Species Cunn""}","{""Life span"",indefinite}","{""Cell color index 12""}",NA,NA,NA,NA
97563,surv5,Juncus bufonius,3318,NSWFFRDv2.1,NA,"{""Life span"",annual}",NA,NA,NA,NA,NA
97564,surv5,Juncus capitatus,3324,NSWFFRDv2.1,NA,"{""Life span"",annual}",NA,NA,NA,NA,NA
97565,surv5,Juncus falcatus,3328,NSWFFRDv2.1,"{""Wahren Papst Williams 1999""}","{""Life span"",15?}","{""Cell color index 12"",uncertain}",NA,15,NA,NA
97566,surv5,Juncus homalocaulis,3333,NSWFFRDv2.1,"{""Wahren Papst Williams 1999""}","{""Life span"",15?}","{""Cell color index 12"",uncertain}",NA,15,NA,NA
97567,surv5,Juncus planifolius,3340,NSWFFRDv2.1,"{""Keith David pers. comm.""}","{""Life span"",5-25}","{""Cell color index 12""}",NA,NA,25,5
97568,surv5,Kennedia retrorsa,2897,NSWFFRDv2.1,"{""Maryott-Brown Wilks 1993""}","{""Life span"",10-20?}","{""Cell color index 12"",uncertain}",NA,NA,20,10
97569,surv5,Kennedia rubicunda,2898,NSWFFRDv2.1,"{""Benson McDougall Ecology Sydney Plant Species Cunn"",""EcoGIS 2002""}","{""Life span"",""short-medium (1), common at 20 yo site (105)""}",NA,NA,NA,NA,NA
97570,surv5,Kennedia rubicunda,2898,NSWFFRDv2.1,"{""Benson McDougall Ecology Sydney Plant Species Cunn"",""EcoGIS 2002""}","{""Life span"",""short-medium (1), common at 20 yo site (105)""}",NA,NA,NA,NA,NA
97571,surv5,Kunzea ambigua,4204,NSWFFRDv2.1,"{""Benson McDougall Ecology Sydney Plant Species Cunn"",""EcoGIS 2002""}","{""Life span"",""15-40 (1), common at 22 yo site (105)""}",NA,NA,NA,40,15
97572,surv5,Kunzea ambigua,4204,NSWFFRDv2.1,"{""Benson McDougall Ecology Sydney Plant Species Cunn"",""EcoGIS 2002""}","{""Life span"",""15-40 (1), common at 22 yo site (105)""}",NA,NA,NA,40,15
97573,surv5,Kunzea capitata,4207,NSWFFRDv2.1,"{""Benson McDougall Ecology Sydney Plant Species Cunn"",""Keith David pers. comm."",""Clemens Franklin 1980"",""EcoGIS 2002""}","{""Life span"",""40-80 (1, 9), absent or rare in 10 yo heath (46), common & flowering at 15 yo site (105)""}",NA,NA,NA,80,40
97574,surv5,Kunzea capitata,4207,NSWFFRDv2.1,"{""Benson McDougall Ecology Sydney Plant Species Cunn"",""Keith David pers. comm."",""Clemens Franklin 1980"",""EcoGIS 2002""}","{""Life span"",""40-80 (1, 9), absent or rare in 10 yo heath (46), common & flowering at 15 yo site (105)""}",NA,NA,NA,80,40
97575,surv5,Kunzea capitata,4207,NSWFFRDv2.1,"{""Benson McDougall Ecology Sydney Plant Species Cunn"",""Keith David pers. comm."",""Clemens Franklin 1980"",""EcoGIS 2002""}","{""Life span"",""40-80 (1, 9), absent or rare in 10 yo heath (46), common & flowering at 15 yo site (105)""}",NA,NA,NA,80,40
97576,surv5,Kunzea capitata,4207,NSWFFRDv2.1,"{""Benson McDougall Ecology Sydney Plant Species Cunn"",""Keith David pers. comm."",""Clemens Franklin 1980"",""EcoGIS 2002""}","{""Life span"",""40-80 (1, 9), absent or rare in 10 yo heath (46), common & flowering at 15 yo site (105)""}",NA,NA,NA,80,40
97577,surv5,Kunzea ericoides,4208,NSWFFRDv2.1,"{""Benson McDougall Ecology Sydney Plant Species Cunn""}","{""Life span"",>70}","{""Cell color index 12""}",NA,NA,NA,70
97578,surv5,Kunzea muelleri,4209,NSWFFRDv2.1,"{""Wahren Papst Williams 1999""}","{""Life span"",50?}","{""Cell color index 12"",uncertain}",NA,50,NA,NA
97579,surv5,Lachnagrostis filiformis,11388,NSWFFRDv2.1,NA,"{""Life span"",annual}",NA,NA,NA,NA,NA
97580,surv5,Lagenophora gracilis,11959,NSWFFRDv2.1,"{""EcoGIS 2002""}","{""Life span"",""common & flowering at 20 yo site""}","{""Cell color index 12""}",NA,NA,NA,NA
97581,surv5,Lambertia formosa,5440,NSWFFRDv2.1,"{""Keith David pers. comm.""}","{""Life span"",40-80}","{""Cell color index 12""}",NA,NA,80,40
97582,surv5,Lantana camara,6248,NSWFFRDv2.1,NA,"{""Life span"",5-30}",NA,NA,NA,30,5
97583,surv5,Lastreopsis decomposita,8015,NSWFFRDv2.1,"{""Benson McDougall Ecology Sydney Plant Species Cunn""}","{""Life span"",indefinite}","{""Cell color index 12""}",NA,NA,NA,NA
97584,surv5,Lastreopsis hispida,8016,NSWFFRDv2.1,NA,"{""Life span"",indefinite}",NA,NA,NA,NA,NA
97585,surv5,Laxmannia sessiliflora,3557,NSWFFRDv2.1,"{""Russell Parsons 1978""}","{""Life span"",<15?}","{""Cell color index 12"",uncertain}",NA,NA,15,NA
97586,surv5,Leionema phylicifolium,10734,NSWFFRDv2.1,"{""Wahren Papst Williams 1999""}","{""Life span"",70?}","{""Cell color index 12"",uncertain}",NA,70,NA,NA
97587,surv5,Leionema ralstonii,10735,NSWFFRDv2.1,"{""RP Threatened Flora of Rocky Outcrops in South Eas""}","{""Life span"",long}","{""Cell color index 12""}",NA,NA,NA,NA
97588,surv5,Lepidium hyssopifolium,1822,NSWFFRDv2.1,"{""Williams pers. comm."",""Porteners 1999""}","{""Life span"",""mean 4y, up to 10-15y""}","{""Cell color index 12""}",NA,NA,NA,NA
97589,surv5,Lepidium hyssopifolium,1822,NSWFFRDv2.1,"{""Williams pers. comm."",""Porteners 1999""}","{""Life span"",""mean 4y, up to 10-15y""}","{""Cell color index 12""}",NA,NA,NA,NA
97590,surv5,Lepidium monoplocoides,1824,NSWFFRDv2.1,NA,"{""Life span"",annual}",NA,NA,NA,NA,NA
97591,surv5,Lepidium pseudotasmanicum,1830,NSWFFRDv2.1,"{""Benson McDougall Ecology Sydney Plant Species Cunn""}","{""Life span"",1-2}","{""Cell color index 12""}",NA,NA,2,1
97592,surv5,Lepidosperma concavum,8380,NSWFFRDv2.1,"{""Keith David pers. comm.""}","{""Life span"",indefinite}","{""Cell color index 12""}",NA,NA,NA,NA
97593,surv5,Lepidosperma laterale,6402,NSWFFRDv2.1,"{""Keith David pers. comm.""}","{""Life span"",indefinite}","{""Cell color index 12""}",NA,NA,NA,NA
97594,surv5,Lepidosperma limicola,2469,NSWFFRDv2.1,NA,"{""Life span"",indefinite}",NA,NA,NA,NA,NA
97595,surv5,Lepidosperma neesii,2471,NSWFFRDv2.1,"{""Keith David pers. comm.""}","{""Life span"",indefinite}","{""Cell color index 12""}",NA,NA,NA,NA
97596,surv5,Lepidosperma viscidum,11028,NSWFFRDv2.1,"{""Keith David pers. comm.""}","{""Life span"",indefinite}","{""Cell color index 12""}",NA,NA,NA,NA
97597,surv5,Leptinella filicula,8703,NSWFFRDv2.1,"{""Wahren Papst Williams 1999""}","{""Life span"",10?}","{""Cell color index 12"",uncertain}",NA,10,NA,NA
97598,surv5,Leptomeria acida,5865,NSWFFRDv2.1,"{""Keith David pers. comm.""}","{""Life span"",25-60}","{""Cell color index 12""}",NA,NA,60,25
97599,surv5,Leptorhynchos elongatus,1554,NSWFFRDv2.1,"{""Benson McDougall Ecology Sydney Plant Species Cunn""}","{""Life span"",short}","{""Cell color index 12""}",NA,NA,NA,NA
97600,surv5,Leptorhynchos scaber,11104,NSWFFRDv2.1,NA,"{""Life span"",annual}",NA,NA,NA,NA,NA
97601,surv5,Leptorhynchos squamatus,1557,NSWFFRDv2.1,"{""Wahren Papst Williams 1999""}","{""Life span"",10?}","{""Cell color index 12"",uncertain}",NA,10,NA,NA
97602,surv5,Leptorhynchos waitzia,1559,NSWFFRDv2.1,NA,"{""Life span"",annual}",NA,NA,NA,NA,NA
97603,surv5,Leptospermum arachnoides,4213,NSWFFRDv2.1,"{""Benson McDougall Ecology Sydney Plant Species Cunn"",""Keith David pers. comm.""}","{""Life span"",40-80}","{""Cell color index 12""}",NA,NA,80,40
97604,surv5,Leptospermum arachnoides,4213,NSWFFRDv2.1,"{""Benson McDougall Ecology Sydney Plant Species Cunn"",""Keith David pers. comm.""}","{""Life span"",40-80}","{""Cell color index 12""}",NA,NA,80,40
97605,surv5,Leptospermum continentale,7970,NSWFFRDv2.1,"{""Benson McDougall Ecology Sydney Plant Species Cunn"",""Keith David pers. comm.""}","{""Life span"",40-80}","{""Cell color index 12""}",NA,NA,80,40
97606,surv5,Leptospermum continentale,7970,NSWFFRDv2.1,"{""Benson McDougall Ecology Sydney Plant Species Cunn"",""Keith David pers. comm.""}","{""Life span"",40-80}","{""Cell color index 12""}",NA,NA,80,40
97607,surv5,Leptospermum grandifolium,7766,NSWFFRDv2.1,"{""Benson McDougall Ecology Sydney Plant Species Cunn"",""Keith David pers. comm.""}","{""Life span"",40-80}","{""Cell color index 12""}",NA,NA,80,40
97608,surv5,Leptospermum grandifolium,7766,NSWFFRDv2.1,"{""Benson McDougall Ecology Sydney Plant Species Cunn"",""Keith David pers. comm.""}","{""Life span"",40-80}","{""Cell color index 12""}",NA,NA,80,40
97609,surv5,Leptospermum juniperinum,4221,NSWFFRDv2.1,"{""Keith David pers. comm.""}","{""Life span"",40-80}","{""Cell color index 12""}",NA,NA,80,40
97610,surv5,Leptospermum laevigatum,4222,NSWFFRDv2.1,"{""Benson McDougall Ecology Sydney Plant Species Cunn""}","{""Life span"",""30-50; 100-150""}","{""Cell color index 12""}",NA,NA,NA,30
97611,surv5,Lissanthe strigosa subsp. strigosa,10713,NSWFFRDv2.1,NA,"{""Life span"",long}",NA,NA,NA,NA,NA
97612,surv5,Leptospermum myrsinoides,4229,NSWFFRDv2.1,"{""Specht Rayson Jackman 1958""}","{""Life span"",10-25}","{""Cell color index 12""}",NA,NA,25,10
97613,surv5,Leptospermum obovatum,4232,NSWFFRDv2.1,"{""Benson McDougall Ecology Sydney Plant Species Cunn""}","{""Life span"",25-50?}","{""Cell color index 12"",uncertain}",NA,NA,50,25
97614,surv5,Leptospermum parvifolium,4233,NSWFFRDv2.1,"{""Keith David pers. comm.""}","{""Life span"",40-80}","{""Cell color index 12""}",NA,NA,80,40
97615,surv5,Leptospermum polygalifolium subsp. polygalifolium,8197,NSWFFRDv2.1,"{""Keith David pers. comm.""}","{""Life span"",40-80}","{""Cell color index 12""}",NA,NA,80,40
97616,surv5,Leptospermum squarrosum,4239,NSWFFRDv2.1,"{""Keith David pers. comm.""}","{""Life span"",25-60}","{""Cell color index 12""}",NA,NA,60,25
97617,surv5,Leptospermum thompsonii,8317,NSWFFRDv2.1,NA,"{""Life span"",""at least 25-40""}",NA,NA,NA,40,NA
97618,surv5,Leptospermum trinervium,8486,NSWFFRDv2.1,"{""Keith David pers. comm.""}","{""Life span"",40-80}","{""Cell color index 12""}",NA,NA,80,40
97619,surv5,Lepyrodia anarthria,5535,NSWFFRDv2.1,NA,"{""Life span"",indefinite}",NA,NA,NA,NA,NA
97620,surv5,Lepyrodia scariosa,5541,NSWFFRDv2.1,"{""Keith David pers. comm.""}","{""Life span"",indefinite}","{""Cell color index 12""}",NA,NA,NA,NA
97621,surv5,Leucochrysum molle,8924,NSWFFRDv2.1,NA,"{""Life span"",annual}",NA,NA,NA,NA,NA
97622,surv5,Leucopogon amplexicaulis,2610,NSWFFRDv2.1,"{""Benson McDougall Ecology Sydney Plant Species Cunn""}","{""Life span"",20-30}","{""Cell color index 12""}",NA,NA,30,20
97623,surv5,Leucopogon ericoides,2616,NSWFFRDv2.1,"{""Keith David pers. comm."",""Benson McDougall Ecology Sydney Plant Species Cunn"",""EcoGIS 2002""}","{""Life span"",""20-40 (9), 5-20 (1), present & flowering at 30 yo site (105)""}",NA,NA,NA,40,20
97624,surv5,Leucopogon ericoides,2616,NSWFFRDv2.1,"{""Keith David pers. comm."",""Benson McDougall Ecology Sydney Plant Species Cunn"",""EcoGIS 2002""}","{""Life span"",""20-40 (9), 5-20 (1), present & flowering at 30 yo site (105)""}",NA,NA,NA,40,20
97625,surv5,Leucopogon ericoides,2616,NSWFFRDv2.1,"{""Keith David pers. comm."",""Benson McDougall Ecology Sydney Plant Species Cunn"",""EcoGIS 2002""}","{""Life span"",""20-40 (9), 5-20 (1), present & flowering at 30 yo site (105)""}",NA,NA,NA,40,20
97626,surv5,Leucopogon esquamatus,2617,NSWFFRDv2.1,"{""Keith David pers. comm.""}","{""Life span"",5-25}","{""Cell color index 12""}",NA,NA,25,5
97627,surv5,Leucopogon fraseri,2620,NSWFFRDv2.1,"{""Wahren Papst Williams 1999""}","{""Life span"",50?}","{""Cell color index 12"",uncertain}",NA,50,NA,NA
97628,surv5,Leucopogon lanceolatus var. lanceolatus,6425,NSWFFRDv2.1,"{""Benson McDougall Ecology Sydney Plant Species Cunn"",""EcoGIS 2002""}","{""Life span"","">25 (1), present at 22 yo site (105)""}",NA,NA,NA,NA,25
97629,surv5,Leucopogon lanceolatus var. lanceolatus,6425,NSWFFRDv2.1,"{""Benson McDougall Ecology Sydney Plant Species Cunn"",""EcoGIS 2002""}","{""Life span"","">25 (1), present at 22 yo site (105)""}",NA,NA,NA,NA,25
97630,surv5,Leucopogon microphyllus,2629,NSWFFRDv2.1,"{""Keith David pers. comm.""}","{""Life span"",5-25}","{""Cell color index 12""}",NA,NA,25,5
97631,surv5,Leucopogon microphyllus var. microphyllus,7216,NSWFFRDv2.1,"{""Benson McDougall Ecology Sydney Plant Species Cunn"",""EcoGIS 2002""}","{""Life span"",""5-20 (1), present & fruiting at 25 yo site (105)""}",NA,NA,NA,20,5
97632,surv5,Leucopogon microphyllus var. microphyllus,7216,NSWFFRDv2.1,"{""Benson McDougall Ecology Sydney Plant Species Cunn"",""EcoGIS 2002""}","{""Life span"",""5-20 (1), present & fruiting at 25 yo site (105)""}",NA,NA,NA,20,5
97633,surv5,Leucopogon muticus,2630,NSWFFRDv2.1,NA,"{""Life span"",medium}",NA,NA,NA,NA,NA
97634,surv5,Leucopogon parviflorus,2632,NSWFFRDv2.1,"{""Benson McDougall Ecology Sydney Plant Species Cunn""}","{""Life span"",20-100}","{""Cell color index 12""}",NA,NA,100,20
97635,surv5,Leucopogon setiger,2638,NSWFFRDv2.1,"{""Keith David pers. comm.""}","{""Life span"",5-25}","{""Cell color index 12""}",NA,NA,25,5
97636,surv5,Levenhookia dubia,6152,NSWFFRDv2.1,NA,"{""Life span"",annual}",NA,NA,NA,NA,NA
97637,surv5,Limosella australis,5972,NSWFFRDv2.1,"{""Wahren Papst Williams 1999""}","{""Life span"",10?}","{""Cell color index 12"",uncertain}",NA,10,NA,NA
97638,surv5,Linaria pelisseriana,5978,NSWFFRDv2.1,NA,"{""Life span"",annual}",NA,NA,NA,NA,NA
97639,surv5,Lindsaea dimorpha,8127,NSWFFRDv2.1,NA,"{""Life span"",indefinite}",NA,NA,NA,NA,NA
97640,surv5,Lindsaea linearis,6406,NSWFFRDv2.1,"{""Benson McDougall Ecology Sydney Plant Species Cunn"",""Keith David pers. comm.""}","{""Life span"",indefinite}","{""Cell color index 12""}",NA,NA,NA,NA
97641,surv5,Lindsaea linearis,6406,NSWFFRDv2.1,"{""Benson McDougall Ecology Sydney Plant Species Cunn"",""Keith David pers. comm.""}","{""Life span"",indefinite}","{""Cell color index 12""}",NA,NA,NA,NA
97642,surv5,Lissanthe strigosa subsp. subulata,11108,NSWFFRDv2.1,"{""Benson McDougall Ecology Sydney Plant Species Cunn""}","{""Life span"",long}","{""Cell color index 12""}",NA,NA,NA,NA
97643,surv5,Lobelia andrewsii,14464,NSWFFRDv2.1,NA,"{""Life span"",annual}",NA,NA,NA,NA,NA
97644,surv5,Lobelia dentata,7072,NSWFFRDv2.1,"{""Benson McDougall Ecology Sydney Plant Species Cunn""}","{""Life span"",""not evident in long unburnt areas""}","{""Cell color index 12""}",NA,NA,NA,NA
97645,surv5,Lobelia gibbosa,1917,NSWFFRDv2.1,NA,"{""Life span"",annual}",NA,NA,NA,NA,NA
97646,surv5,Lolium perenne,5032,NSWFFRDv2.1,NA,"{""Life span"",annual}",NA,NA,NA,NA,NA
97647,surv5,Lolium rigidum,5033,NSWFFRDv2.1,NA,"{""Life span"",annual}",NA,NA,NA,NA,NA
97648,surv5,Lomandra brevis,6296,NSWFFRDv2.1,NA,"{""Life span"",10-15?}",{uncertain},NA,NA,15,10
97649,surv5,Lomandra cylindrica,6298,NSWFFRDv2.1,"{""Keith David pers. comm.""}","{""Life span"",indefinite}","{""Cell color index 12""}",NA,NA,NA,NA
97650,surv5,Lomandra filiformis,6302,NSWFFRDv2.1,"{""Keith David pers. comm.""}","{""Life span"",indefinite}","{""Cell color index 12""}",NA,NA,NA,NA
97651,surv5,Lomandra filiformis subsp. coriacea,6511,NSWFFRDv2.1,NA,"{""Life span"",indefinite}",NA,NA,NA,NA,NA
97652,surv5,Lomandra filiformis subsp. filiformis,7931,NSWFFRDv2.1,NA,"{""Life span"",indefinite}",NA,NA,NA,NA,NA
97653,surv5,Lomandra glauca,6304,NSWFFRDv2.1,"{""Keith David pers. comm.""}","{""Life span"",indefinite}","{""Cell color index 12""}",NA,NA,NA,NA
97654,surv5,Lomandra longifolia,6308,NSWFFRDv2.1,"{""Wahren Papst Williams 1999""}","{""Life span"",""15? (58)""}",{uncertain},NA,15,NA,NA
97655,surv5,Lomandra longifolia,6308,NSWFFRDv2.1,"{""Hunter Vegetation Washpool National Park Western A"",""Clarke 1989""}","{""Life span"",""5-30 (95, 96)""}",NA,NA,NA,30,5
97656,surv5,Lomandra longifolia,6308,NSWFFRDv2.1,"{""Hunter Vegetation Washpool National Park Western A"",""Clarke 1989""}","{""Life span"",""5-30 (95, 96)""}",NA,NA,NA,30,5
97657,surv5,Lomandra obliqua,6312,NSWFFRDv2.1,"{""Keith David pers. comm.""}","{""Life span"",indefinite}","{""Cell color index 12""}",NA,NA,NA,NA
97658,surv5,Lomatia ilicifolia,5443,NSWFFRDv2.1,"{""Benson McDougall Ecology Sydney Plant Species Cunn""}","{""Life span"",indefinite}","{""Cell color index 12""}",NA,NA,NA,NA
97659,surv5,Lomatia myricoides,5444,NSWFFRDv2.1,"{""Benson McDougall Ecology Sydney Plant Species Cunn""}","{""Life span"",long?}","{""Cell color index 12"",uncertain}",NA,NA,NA,NA
97660,surv5,Lomatia silaifolia,5445,NSWFFRDv2.1,"{""Keith David pers. comm.""}","{""Life span"",40-80}","{""Cell color index 12""}",NA,NA,80,40
97661,surv5,Lophostemon confertus,4242,NSWFFRDv2.1,"{""Benson McDougall Ecology Sydney Plant Species Cunn""}","{""Life span"",100-200}","{""Cell color index 12""}",NA,NA,200,100
97662,surv5,Luzula modesta,8567,NSWFFRDv2.1,"{""Wahren Papst Williams 1999""}","{""Life span"",10?}","{""Cell color index 12"",uncertain}",NA,10,NA,NA
97663,surv5,Luzula novae-cambriae,3360,NSWFFRDv2.1,"{""Wahren Papst Williams 1999""}","{""Life span"",10?}","{""Cell color index 12"",uncertain}",NA,10,NA,NA
97664,surv5,Lycopodiella lateralis,9293,NSWFFRDv2.1,"{""Benson McDougall Ecology Sydney Plant Species Cunn"",""Keith David pers. comm.""}","{""Life span"",indefinite}","{""Cell color index 12""}",NA,NA,NA,NA
97665,surv5,Lycopodiella lateralis,9293,NSWFFRDv2.1,"{""Benson McDougall Ecology Sydney Plant Species Cunn"",""Keith David pers. comm.""}","{""Life span"",indefinite}","{""Cell color index 12""}",NA,NA,NA,NA
97666,surv5,Lycopodium deuterodensum,6409,NSWFFRDv2.1,"{""Benson McDougall Ecology Sydney Plant Species Cunn""}","{""Life span"",indefinite}","{""Cell color index 12""}",NA,NA,NA,NA
97667,surv5,Lycopodium fastigiatum,8133,NSWFFRDv2.1,"{""Wahren Papst Williams 1999""}","{""Life span"",5?}","{""Cell color index 12"",uncertain}",NA,5,NA,NA
97668,surv5,Lythrum hyssopifolia,3623,NSWFFRDv2.1,NA,"{""Life span"",annual}",NA,NA,NA,NA,NA
97669,surv5,Macarthuria neocambrica,3907,NSWFFRDv2.1,NA,"{""Life span"",annual}",NA,NA,NA,NA,NA
97670,surv5,Maclura cochinchinensis,3928,NSWFFRDv2.1,"{""Benson McDougall Ecology Sydney Plant Species Cunn""}","{""Life span"",>50}","{""Cell color index 12""}",NA,NA,NA,50
97671,surv5,Macrozamia communis,6327,NSWFFRDv2.1,"{""Benson McDougall Ecology Sydney Plant Species Cunn""}","{""Life span"",>60-120}","{""Cell color index 12""}",NA,NA,120,NA
97672,surv5,Macrozamia spiralis,6335,NSWFFRDv2.1,NA,"{""Life span"",>60}",NA,NA,NA,NA,60
97673,surv5,Mallotus philippensis,2735,NSWFFRDv2.1,"{""Benson McDougall Ecology Sydney Plant Species Cunn""}","{""Life span"",>50}","{""Cell color index 12""}",NA,NA,NA,50
97674,surv5,Malva parviflora,3657,NSWFFRDv2.1,NA,"{""Life span"",annual}",NA,NA,NA,NA,NA
97675,surv5,Malva preissiana,13837,NSWFFRDv2.1,NA,"{""Life span"",annual}",NA,NA,NA,NA,NA
97676,surv5,Marsdenia flavescens,1231,NSWFFRDv2.1,NA,"{""Life span"",10-50?}",{uncertain},NA,NA,50,10
97677,surv5,Marsdenia rostrata,1234,NSWFFRDv2.1,"{""Clarke 1989""}","{""Life span"",<5}","{""Cell color index 12""}",NA,NA,5,NA
97678,surv5,Maytenus silvestris,2035,NSWFFRDv2.1,"{""Benson McDougall Ecology Sydney Plant Species Cunn""}","{""Life span"",>30}","{""Cell color index 12""}",NA,NA,NA,30
97679,surv5,Medicago minima,2920,NSWFFRDv2.1,NA,"{""Life span"",annual}",NA,NA,NA,NA,NA
97680,surv5,Medicago polymorpha,2922,NSWFFRDv2.1,NA,"{""Life span"",annual}",NA,NA,NA,NA,NA
97681,surv5,Medicago truncatula,2926,NSWFFRDv2.1,NA,"{""Life span"",annual}",NA,NA,NA,NA,NA
97682,surv5,Melaleuca armillaris subsp. armillaris,11117,NSWFFRDv2.1,"{""Benson McDougall Ecology Sydney Plant Species Cunn""}","{""Life span"",""20-30 (1)""}",NA,NA,NA,30,20
97683,surv5,Melaleuca armillaris subsp. armillaris,11117,NSWFFRDv2.1,"{""Clarke 1989""}","{""Life span"","">30 (96)""}",NA,NA,NA,NA,30
97684,surv5,Melaleuca deanei,4248,NSWFFRDv2.1,"{""Benson McDougall Ecology Sydney Plant Species Cunn""}","{""Life span"",>100}","{""Cell color index 12""}",NA,NA,NA,100
97685,surv5,Melaleuca decora,4249,NSWFFRDv2.1,NA,"{""Life span"",>100}",NA,NA,NA,NA,100
97686,surv5,Melaleuca ericifolia,6391,NSWFFRDv2.1,NA,"{""Life span"",50-100}",NA,NA,NA,100,50
97687,surv5,Melaleuca groveana,4252,NSWFFRDv2.1,"{""Maryott-Brown Wilks 1993""}","{""Life span"",>20?}","{""Cell color index 12"",uncertain}",NA,NA,NA,20
97688,surv5,Melaleuca linariifolia,4257,NSWFFRDv2.1,"{""Keith David pers. comm.""}","{""Life span"",60-150}","{""Cell color index 12""}",NA,NA,150,60
97689,surv5,Melaleuca quinquenervia,4260,NSWFFRDv2.1,"{""Benson McDougall Ecology Sydney Plant Species Cunn""}","{""Life span"",>100}","{""Cell color index 12""}",NA,NA,NA,100
97690,surv5,Melaleuca squamea,4262,NSWFFRDv2.1,"{""Benson McDougall Ecology Sydney Plant Species Cunn"",""Keith David pers. comm.""}","{""Life span"",25-60}","{""Cell color index 12""}",NA,NA,60,25
97691,surv5,Melaleuca squamea,4262,NSWFFRDv2.1,"{""Benson McDougall Ecology Sydney Plant Species Cunn"",""Keith David pers. comm.""}","{""Life span"",25-60}","{""Cell color index 12""}",NA,NA,60,25
97692,surv5,Melaleuca squarrosa,4263,NSWFFRDv2.1,"{""Benson McDougall Ecology Sydney Plant Species Cunn"",""Keith David pers. comm.""}","{""Life span"",40-80}","{""Cell color index 12""}",NA,NA,80,40
97693,surv5,Melaleuca squarrosa,4263,NSWFFRDv2.1,"{""Benson McDougall Ecology Sydney Plant Species Cunn"",""Keith David pers. comm.""}","{""Life span"",40-80}","{""Cell color index 12""}",NA,NA,80,40
97694,surv5,Melaleuca thymifolia,4266,NSWFFRDv2.1,"{""Benson McDougall Ecology Sydney Plant Species Cunn"",""Keith David pers. comm.""}","{""Life span"",40-80}","{""Cell color index 12""}",NA,NA,80,40
97695,surv5,Melaleuca thymifolia,4266,NSWFFRDv2.1,"{""Benson McDougall Ecology Sydney Plant Species Cunn"",""Keith David pers. comm.""}","{""Life span"",40-80}","{""Cell color index 12""}",NA,NA,80,40
97696,surv5,Melia azedarach,3680,NSWFFRDv2.1,"{""Benson McDougall Ecology Sydney Plant Species Cunn""}","{""Life span"",70-100}","{""Cell color index 12""}",NA,NA,100,70
97697,surv5,Melicytus dentatus,12061,NSWFFRDv2.1,"{""Wahren Papst Williams 1999""}","{""Life span"",60?}","{""Cell color index 12"",uncertain}",NA,60,NA,NA
97698,surv5,Melilotus indicus,2928,NSWFFRDv2.1,NA,"{""Life span"",annual}",NA,NA,NA,NA,NA
97699,surv5,Melinis repens,10904,NSWFFRDv2.1,NA,"{""Life span"",annual}",NA,NA,NA,NA,NA
97700,surv5,Menkea australis,1835,NSWFFRDv2.1,NA,"{""Life span"",annual}",NA,NA,NA,NA,NA
97701,surv5,Mentha satureioides,3387,NSWFFRDv2.1,"{""Benson McDougall Ecology Sydney Plant Species Cunn""}","{""Life span"",indefinite}","{""Cell color index 12""}",NA,NA,NA,NA
97702,surv5,Mesembryanthemum crystallinum,1034,NSWFFRDv2.1,NA,"{""Life span"",annual}",NA,NA,NA,NA,NA
97703,surv5,Micrantheum ericoides,2736,NSWFFRDv2.1,"{""Keith David pers. comm.""}","{""Life span"",indefinite}","{""Cell color index 12""}",NA,NA,NA,NA
97704,surv5,Microlaena stipoides var. stipoides,7707,NSWFFRDv2.1,"{""Keith David pers. comm."",""EcoGIS 2002""}","{""Life span"",""5-25 (9), preseent at 20 yo site (105)""}",NA,NA,NA,25,5
97705,surv5,Microlaena stipoides var. stipoides,7707,NSWFFRDv2.1,"{""Keith David pers. comm."",""EcoGIS 2002""}","{""Life span"",""5-25 (9), preseent at 20 yo site (105)""}",NA,NA,NA,25,5
97706,surv5,Micromyrtus ciliata,4272,NSWFFRDv2.1,"{""EcoGIS 2002""}","{""Life span"",""common & flowering at 22 yo site""}","{""Cell color index 12""}",NA,NA,NA,NA
97707,surv5,Microseris lanceolata,1566,NSWFFRDv2.1,"{""Wahren Papst Williams 1999""}","{""Life span"",15?}","{""Cell color index 12"",uncertain}",NA,15,NA,NA
97708,surv5,Microsorum pustulatum subsp. pustulatum,11009,NSWFFRDv2.1,"{""Benson McDougall Ecology Sydney Plant Species Cunn""}","{""Life span"",indefinite}","{""Cell color index 12""}",NA,NA,NA,NA
97709,surv5,Millotia macrocarpa,10160,NSWFFRDv2.1,NA,"{""Life span"",annual}",NA,NA,NA,NA,NA
97710,surv5,Millotia myosotidifolia,1568,NSWFFRDv2.1,NA,"{""Life span"",annual}",NA,NA,NA,NA,NA
97711,surv5,Mirbelia rubiifolia,2938,NSWFFRDv2.1,"{""Benson McDougall Ecology Sydney Plant Species Cunn"",""Keith David pers. comm."",""EcoGIS 2002""}","{""Life span"",""5-25 (1, 9), common at 20-25 yo sites (105)""}",NA,NA,NA,25,5
97712,surv5,Mirbelia rubiifolia,2938,NSWFFRDv2.1,"{""Benson McDougall Ecology Sydney Plant Species Cunn"",""Keith David pers. comm."",""EcoGIS 2002""}","{""Life span"",""5-25 (1, 9), common at 20-25 yo sites (105)""}",NA,NA,NA,25,5
97713,surv5,Mirbelia rubiifolia,2938,NSWFFRDv2.1,"{""Benson McDougall Ecology Sydney Plant Species Cunn"",""Keith David pers. comm."",""EcoGIS 2002""}","{""Life span"",""5-25 (1, 9), common at 20-25 yo sites (105)""}",NA,NA,NA,25,5
97714,surv5,Mirbelia speciosa subsp. speciosa,7736,NSWFFRDv2.1,"{""Benson McDougall Ecology Sydney Plant Species Cunn"",""Keith David pers. comm.""}","{""Life span"",5-25}","{""Cell color index 12""}",NA,NA,25,5
97715,surv5,Mirbelia speciosa subsp. speciosa,7736,NSWFFRDv2.1,"{""Benson McDougall Ecology Sydney Plant Species Cunn"",""Keith David pers. comm.""}","{""Life span"",5-25}","{""Cell color index 12""}",NA,NA,25,5
97716,surv5,Mitrasacme paludosa,3592,NSWFFRDv2.1,"{""Benson McDougall Ecology Sydney Plant Species Cunn"",""Keith David pers. comm.""}","{""Life span"",5-25}","{""Cell color index 12""}",NA,NA,25,5
97717,surv5,Mitrasacme paludosa,3592,NSWFFRDv2.1,"{""Benson McDougall Ecology Sydney Plant Species Cunn"",""Keith David pers. comm.""}","{""Life span"",5-25}","{""Cell color index 12""}",NA,NA,25,5
97718,surv5,Mitrasacme polymorpha,3595,NSWFFRDv2.1,"{""Benson McDougall Ecology Sydney Plant Species Cunn"",""Keith David pers. comm."",""Clemens Franklin 1980"",""EcoGIS 2002""}","{""Life span"",""5-25 (1, 9), absent or rare in 10 yo heath (46), present at 22 yo site (105)""}",NA,NA,NA,25,5
97719,surv5,Mitrasacme polymorpha,3595,NSWFFRDv2.1,"{""Benson McDougall Ecology Sydney Plant Species Cunn"",""Keith David pers. comm."",""Clemens Franklin 1980"",""EcoGIS 2002""}","{""Life span"",""5-25 (1, 9), absent or rare in 10 yo heath (46), present at 22 yo site (105)""}",NA,NA,NA,25,5
97720,surv5,Mitrasacme polymorpha,3595,NSWFFRDv2.1,"{""Benson McDougall Ecology Sydney Plant Species Cunn"",""Keith David pers. comm."",""Clemens Franklin 1980"",""EcoGIS 2002""}","{""Life span"",""5-25 (1, 9), absent or rare in 10 yo heath (46), present at 22 yo site (105)""}",NA,NA,NA,25,5
97721,surv5,Mitrasacme polymorpha,3595,NSWFFRDv2.1,"{""Benson McDougall Ecology Sydney Plant Species Cunn"",""Keith David pers. comm."",""Clemens Franklin 1980"",""EcoGIS 2002""}","{""Life span"",""5-25 (1, 9), absent or rare in 10 yo heath (46), present at 22 yo site (105)""}",NA,NA,NA,25,5
97722,surv5,Monotaxis linifolia,2738,NSWFFRDv2.1,"{""Benson McDougall Ecology Sydney Plant Species Cunn"",""Keith David pers. comm.""}","{""Life span"",5-25}","{""Cell color index 12""}",NA,NA,25,5
97723,surv5,Monotaxis linifolia,2738,NSWFFRDv2.1,"{""Benson McDougall Ecology Sydney Plant Species Cunn"",""Keith David pers. comm.""}","{""Life span"",5-25}","{""Cell color index 12""}",NA,NA,25,5
97724,surv5,Monotoca elliptica,2647,NSWFFRDv2.1,"{""Benson McDougall Ecology Sydney Plant Species Cunn""}","{""Life span"",>100}","{""Cell color index 12""}",NA,NA,NA,100
97725,surv5,Monotoca scoparia,2649,NSWFFRDv2.1,"{""Benson McDougall Ecology Sydney Plant Species Cunn"",""EcoGIS 2002""}","{""Life span"",""medium-long (1), present at 22 yo site (105)""}",NA,NA,NA,NA,NA
97726,surv5,Monotoca scoparia,2649,NSWFFRDv2.1,"{""Benson McDougall Ecology Sydney Plant Species Cunn"",""EcoGIS 2002""}","{""Life span"",""medium-long (1), present at 22 yo site (105)""}",NA,NA,NA,NA,NA
97727,surv5,Myoporum acuminatum,7906,NSWFFRDv2.1,NA,"{""Life span"",20-80}",NA,NA,NA,80,20
97728,surv5,Myoporum bateae,8218,NSWFFRDv2.1,"{""Benson McDougall Ecology Sydney Plant Species Cunn""}","{""Life span"",c.10-30}","{""Cell color index 12""}",NA,NA,30,NA
97729,surv5,Myoporum insulare,3954,NSWFFRDv2.1,"{""Clarke 1989""}","{""Life span"",5-30}","{""Cell color index 12""}",NA,NA,30,5
97730,surv5,Myosotis australis,1765,NSWFFRDv2.1,NA,"{""Life span"",annual}",NA,NA,NA,NA,NA
97731,surv5,Myriocephalus rhizocephalus,1576,NSWFFRDv2.1,NA,"{""Life span"",annual}",NA,NA,NA,NA,NA
97732,surv5,Myriophyllum pedunculatum,3264,NSWFFRDv2.1,"{""Benson McDougall Ecology Sydney Plant Species Cunn""}","{""Life span"",indefinite}","{""Cell color index 12""}",NA,NA,NA,NA
97733,surv5,Myrsine variabilis,11953,NSWFFRDv2.1,NA,"{""Life span"",indefinite}",NA,NA,NA,NA,NA
97734,surv5,Nassella neesiana,9607,NSWFFRDv2.1,"{""Keith 1996""}","{""Life span"",>20}","{""Cell color index 12""}",NA,NA,NA,20
97735,surv5,Neopaxia australasica,8731,NSWFFRDv2.1,"{""Wahren Papst Williams 1999""}","{""Life span"",10?}","{""Cell color index 12"",uncertain}",NA,10,NA,NA
97736,surv5,Nertera granadensis,5695,NSWFFRDv2.1,"{""Wahren Papst Williams 1999""}","{""Life span"",10?}","{""Cell color index 12"",uncertain}",NA,10,NA,NA
97737,surv5,Nicotiana goodspeedii,6046,NSWFFRDv2.1,NA,"{""Life span"",annual}",NA,NA,NA,NA,NA
97738,surv5,Notelaea longifolia f. longifolia,6423,NSWFFRDv2.1,"{""Clarke 1989"",""EcoGIS 2002""}","{""Life span"","">30 (96), present at 22 yo site (105)""}",NA,NA,NA,NA,30
97739,surv5,Notelaea longifolia f. longifolia,6423,NSWFFRDv2.1,"{""Clarke 1989"",""EcoGIS 2002""}","{""Life span"","">30 (96), present at 22 yo site (105)""}",NA,NA,NA,NA,30
97740,surv5,Olearia algida,1578,NSWFFRDv2.1,"{""Wahren Papst Williams 1999""}","{""Life span"",50?}","{""Cell color index 12"",uncertain}",NA,50,NA,NA
97741,surv5,Olearia argophylla,1580,NSWFFRDv2.1,"{""Mueck Ough Banks 1996""}","{""Life span"",""50-300 (15)""}",NA,NA,NA,300,50
97742,surv5,Olearia argophylla,1580,NSWFFRDv2.1,"{""Groves ""}","{""Life span"",""c. 100 (101)""}",NA,NA,NA,NA,NA
97743,surv5,Olearia axillaris,1582,NSWFFRDv2.1,"{""Clarke 1989""}","{""Life span"",5-30}","{""Cell color index 12""}",NA,NA,30,5
97744,surv5,Olearia cordata,1587,NSWFFRDv2.1,NA,"{""Life span"",15-20?}",{uncertain},NA,NA,20,15
97745,surv5,Olearia erubescens,1591,NSWFFRDv2.1,"{""Wahren Papst Williams 1999""}","{""Life span"",50?}","{""Cell color index 12"",uncertain}",NA,50,NA,NA
97746,surv5,Olearia flocktoniae,1592,NSWFFRDv2.1,"{""Rice Westoby 1981""}","{""Life span"",2-3}","{""Cell color index 12""}",NA,NA,3,2
97747,surv5,Olearia gravis,1595,NSWFFRDv2.1,"{""Clarke Fulloon 1999""}","{""Life span"",short}","{""Cell color index 12""}",NA,NA,NA,NA
97748,surv5,Olearia ramulosa,1611,NSWFFRDv2.1,"{""Molnar Fletcher Parsons 1989""}","{""Life span"",short}","{""Cell color index 12""}",NA,NA,NA,NA
97749,surv5,Omphalolappula concava,1771,NSWFFRDv2.1,NA,"{""Life span"",annual}",NA,NA,NA,NA,NA
97750,surv5,Onopordum acaulon,1620,NSWFFRDv2.1,NA,"{""Life span"",annual}",NA,NA,NA,NA,NA
97751,surv5,Opercularia aspera,5697,NSWFFRDv2.1,"{""Clarke 1989"",""Clemens Franklin 1980"",""EcoGIS 2002""}","{""Life span"",""<5 (96), absent or rare in 10 yo heath (46), present at 20-22 yo sites (105)""}",NA,NA,NA,5,NA
97752,surv5,Opercularia aspera,5697,NSWFFRDv2.1,"{""Clarke 1989"",""Clemens Franklin 1980"",""EcoGIS 2002""}","{""Life span"",""<5 (96), absent or rare in 10 yo heath (46), present at 20-22 yo sites (105)""}",NA,NA,NA,5,NA
97753,surv5,Opercularia aspera,5697,NSWFFRDv2.1,"{""Clarke 1989"",""Clemens Franklin 1980"",""EcoGIS 2002""}","{""Life span"",""<5 (96), absent or rare in 10 yo heath (46), present at 20-22 yo sites (105)""}",NA,NA,NA,5,NA
97754,surv5,Opercularia varia,5701,NSWFFRDv2.1,"{""Keith David pers. comm.""}","{""Life span"",5-25}","{""Cell color index 12""}",NA,NA,25,5
97755,surv5,Oreobolus distichus,2478,NSWFFRDv2.1,"{""Wahren Papst Williams 1999""}","{""Life span"",10?}","{""Cell color index 12"",uncertain}",NA,10,NA,NA
97756,surv5,Oreomyrrhis argentea,1135,NSWFFRDv2.1,"{""Wahren Papst Williams 1999""}","{""Life span"",10?}","{""Cell color index 12"",uncertain}",NA,10,NA,NA
97757,surv5,Oreomyrrhis ciliata,1137,NSWFFRDv2.1,"{""Wahren Papst Williams 1999""}","{""Life span"",10?}","{""Cell color index 12"",uncertain}",NA,10,NA,NA
97758,surv5,Oreomyrrhis eriopoda,1138,NSWFFRDv2.1,"{""Wahren Papst Williams 1999""}","{""Life span"",10?}","{""Cell color index 12"",uncertain}",NA,10,NA,NA
97759,surv5,Orites lancifolius,5449,NSWFFRDv2.1,"{""Wahren Papst Williams 1999""}","{""Life span"",70?}","{""Cell color index 12"",uncertain}",NA,70,NA,NA
97760,surv5,Orthoceras strictum,4476,NSWFFRDv2.1,"{""Keith David pers. comm.""}","{""Life span"",indefinite}","{""Cell color index 12""}",NA,NA,NA,NA
97761,surv5,Oschatzia cuneifolia,1140,NSWFFRDv2.1,"{""Wahren Papst Williams 1999""}","{""Life span"",10?}","{""Cell color index 12"",uncertain}",NA,10,NA,NA
97762,surv5,Owenia cepiodora,3682,NSWFFRDv2.1,"{""Tran Wild 2000""}","{""Life span"",>200}","{""Cell color index 12""}",NA,NA,NA,200
97763,surv5,Oxylobium ellipticum,2950,NSWFFRDv2.1,"{""Wahren Papst Williams 1999""}","{""Life span"",50?}","{""Cell color index 12"",uncertain}",NA,50,NA,NA
97764,surv5,Ozothamnus alpinus,10157,NSWFFRDv2.1,"{""Wahren Papst Williams 1999""}","{""Life span"",50?}","{""Cell color index 12"",uncertain}",NA,50,NA,NA
97765,surv5,Ozothamnus hookeri,10156,NSWFFRDv2.1,"{""Wahren Papst Williams 1999""}","{""Life span"",""50? (58)""}",{uncertain},NA,50,NA,NA
97766,surv5,Ozothamnus hookeri,10156,NSWFFRDv2.1,"{""Kirkpatrick Dickinson 1984""}","{""Life span"",""still present in 51 yo site (61)""}",NA,NA,NA,NA,NA
97767,surv5,Ozothamnus secundiflorus,9968,NSWFFRDv2.1,"{""Wahren Papst Williams 1999""}","{""Life span"",50?}","{""Cell color index 12"",uncertain}",NA,50,NA,NA
97768,surv5,Pachymitus cardaminoides,1836,NSWFFRDv2.1,NA,"{""Life span"",annual}",NA,NA,NA,NA,NA
97769,surv5,Pandanus tectorius var. australianus,9349,NSWFFRDv2.1,NA,"{""Life span"",>30}",NA,NA,NA,NA,30
97770,surv5,Pandorea pandorana subsp. pandorana,10485,NSWFFRDv2.1,"{""Benson McDougall Ecology Sydney Plant Species Cunn""}","{""Life span"",50-100?}","{""Cell color index 12"",uncertain}",NA,NA,100,50
97771,surv5,Panicum simile,5066,NSWFFRDv2.1,"{""EcoGIS 2002""}","{""Life span"",""present & flowering at 20-25 yo sites""}","{""Cell color index 12""}",NA,NA,NA,NA
97772,surv5,Papaver aculeatum,4635,NSWFFRDv2.1,NA,"{""Life span"",annual}",NA,NA,NA,NA,NA
97773,surv5,Papaver hybridum,4638,NSWFFRDv2.1,NA,"{""Life span"",annual}",NA,NA,NA,NA,NA
97774,surv5,Parentucellia latifolia,5992,NSWFFRDv2.1,NA,"{""Life span"",annual}",NA,NA,NA,NA,NA
97775,surv5,Parentucellia viscosa,5993,NSWFFRDv2.1,NA,"{""Life span"",annual}",NA,NA,NA,NA,NA
97776,surv5,Parietaria debilis,6231,NSWFFRDv2.1,NA,"{""Life span"",annual}",NA,NA,NA,NA,NA
97777,surv5,Patersonia glabrata,3301,NSWFFRDv2.1,"{""Keith David pers. comm.""}","{""Life span"",indefinite}","{""Cell color index 12""}",NA,NA,NA,NA
97778,surv5,Patersonia sericea,3303,NSWFFRDv2.1,"{""Keith David pers. comm.""}","{""Life span"",indefinite}","{""Cell color index 12""}",NA,NA,NA,NA
97779,surv5,Pelargonium australe,3157,NSWFFRDv2.1,"{""Clarke 1989""}","{""Life span"",<5}","{""Cell color index 12""}",NA,NA,5,NA
97780,surv5,Pelargonium helmsii,3160,NSWFFRDv2.1,"{""Wahren Papst Williams 1999""}","{""Life span"",10?}","{""Cell color index 12"",uncertain}",NA,10,NA,NA
97781,surv5,Pelargonium inodorum,3161,NSWFFRDv2.1,"{""McMahon 1987""}","{""Life span"",short}","{""Cell color index 12""}",NA,NA,NA,NA
97782,surv5,Pellaea falcata,8444,NSWFFRDv2.1,NA,"{""Life span"",indefinite}",NA,NA,NA,NA,NA
97783,surv5,Pentachondra pumila,2650,NSWFFRDv2.1,"{""Keith David pers. comm.""}","{""Life span"",25}","{""Cell color index 12""}",NA,25,NA,NA
97784,surv5,Pentapogon quadrifidus,5101,NSWFFRDv2.1,NA,"{""Life span"",annual}",NA,NA,NA,NA,NA
97785,surv5,Pentaschistis airoides,5102,NSWFFRDv2.1,NA,"{""Life span"",annual}",NA,NA,NA,NA,NA
97786,surv5,Persicaria decipiens,7568,NSWFFRDv2.1,NA,"{""Life span"",1-3}",NA,NA,NA,3,1
97787,surv5,Persicaria lapathifolia,5282,NSWFFRDv2.1,NA,"{""Life span"",annual}",NA,NA,NA,NA,NA
97788,surv5,Persicaria lapathifolia,5282,NSWFFRDv2.1,"{""Benson McDougall Ecology Sydney Plant Species Cunn""}","{""Life span"",""1-2 (1)""}",NA,NA,NA,2,1
97789,surv5,Persicaria strigosa,5286,NSWFFRDv2.1,NA,"{""Life span"",indefinite}",NA,NA,NA,NA,NA
97790,surv5,Persoonia lanceolata,5460,NSWFFRDv2.1,"{""Keith David pers. comm.""}","{""Life span"",25-60}","{""Cell color index 12""}",NA,NA,60,25
97791,surv5,Persoonia laurina subsp. laurina,9823,NSWFFRDv2.1,"{""Benson McDougall Ecology Sydney Plant Species Cunn""}","{""Life span"",50-100}","{""Cell color index 12""}",NA,NA,100,50
97792,surv5,Persoonia levis,5462,NSWFFRDv2.1,"{""Keith David pers. comm.""}","{""Life span"",40-80}","{""Cell color index 12""}",NA,NA,80,40
97793,surv5,Persoonia mollis subsp. caleyi,8990,NSWFFRDv2.1,"{""EcoGIS 2002""}","{""Life span"",""present at 22 yo site""}","{""Cell color index 12""}",NA,NA,NA,NA
97794,surv5,Persoonia mollis subsp. leptophylla,9005,NSWFFRDv2.1,"{""EcoGIS 2002""}","{""Life span"",""present at 20-30 yo site""}","{""Cell color index 12""}",NA,NA,NA,NA
97795,surv5,Persoonia mollis subsp. maxima,8995,NSWFFRDv2.1,"{""RP Persoonia mollis subspecies maxima""}","{""Life span"",10-30}","{""Cell color index 12""}",NA,NA,30,10
97796,surv5,Persoonia pinifolia,5469,NSWFFRDv2.1,"{""Keith David pers. comm.""}","{""Life span"",25-60}","{""Cell color index 12""}",NA,NA,60,25
97797,surv5,Persoonia terminalis subsp. terminalis,9048,NSWFFRDv2.1,"{""Maryott-Brown Wilks 1993""}","{""Life span"",References!C72}",NA,NA,NA,NA,NA
97798,surv5,Petrophile pulchella,5479,NSWFFRDv2.1,"{""Keith David pers. comm.""}","{""Life span"",25-60}","{""Cell color index 12""}",NA,NA,60,25
97799,surv5,Petrophile sessilis,5480,NSWFFRDv2.1,"{""EcoGIS 2002""}","{""Life span"",""present & fruiting at 22-30 yo sites""}","{""Cell color index 12""}",NA,NA,NA,NA
97800,surv5,Petrorhagia nanteuilii,7584,NSWFFRDv2.1,NA,"{""Life span"",annual}",NA,NA,NA,NA,NA
97801,surv5,Petrorhagia velutina,1976,NSWFFRDv2.1,NA,"{""Life span"",annual}",NA,NA,NA,NA,NA
97802,surv5,Phebalium squamulosum,5826,NSWFFRDv2.1,"{""Keith David pers. comm.""}","{""Life span"",""20-40 (9)""}",NA,NA,NA,40,20
97803,surv5,Phebalium squamulosum,5826,NSWFFRDv2.1,"{""Wahren Papst Williams 1999""}","{""Life span"",""70? (58)""}",{uncertain},NA,70,NA,NA
97804,surv5,Phebalium squamulosum,5826,NSWFFRDv2.1,"{""Williams Ashton 1988""}","{""Life span"",""30-47 (80)""}",NA,NA,NA,47,30
97805,surv5,Philotheca buxifolia,10577,NSWFFRDv2.1,"{""Keith David pers. comm.""}","{""Life span"",""20-40 (9)""}",NA,NA,NA,40,20
97806,surv5,Philotheca buxifolia,10577,NSWFFRDv2.1,"{""Clemens Franklin 1980""}","{""Life span"",""absent or rare in 10 yo heath (46)""}",NA,NA,NA,NA,NA
97807,surv5,Philotheca hispidula,10586,NSWFFRDv2.1,NA,"{""Life span"",5-25}",NA,NA,NA,25,5
97808,surv5,Philotheca obovalis,10594,NSWFFRDv2.1,NA,"{""Life span"",5-25}",NA,NA,NA,25,5
97809,surv5,Philotheca salsolifolia subsp. salsolifolia,10596,NSWFFRDv2.1,"{""Keith David pers. comm."",""EcoGIS 2002""}","{""Life span"",""20-40 (9), common & flowering at 25 yo site (105)""}",NA,NA,NA,40,20
97810,surv5,Philotheca salsolifolia subsp. salsolifolia,10596,NSWFFRDv2.1,"{""Keith David pers. comm."",""EcoGIS 2002""}","{""Life span"",""20-40 (9), common & flowering at 25 yo site (105)""}",NA,NA,NA,40,20
97811,surv5,Phragmites australis,5113,NSWFFRDv2.1,NA,"{""Life span"",indefinite}",NA,NA,NA,NA,NA
97812,surv5,Phyllanthus gunnii,2746,NSWFFRDv2.1,NA,"{""Life span"",3-8}",NA,NA,NA,8,3
97813,surv5,Phyllanthus lacunarius,2748,NSWFFRDv2.1,NA,"{""Life span"",annual}",NA,NA,NA,NA,NA
97814,surv5,Phyllanthus lacunellus,6822,NSWFFRDv2.1,NA,"{""Life span"",annual}",NA,NA,NA,NA,NA
97815,surv5,Phyllanthus similis,6676,NSWFFRDv2.1,NA,"{""Life span"",indefinite}",NA,NA,NA,NA,NA
97816,surv5,Phyllota humifusa,2957,NSWFFRDv2.1,NA,"{""Life span"",indefinite}",NA,NA,NA,NA,NA
97817,surv5,Sicyos australis,2261,NSWFFRDv2.1,NA,"{""Life span"",annual}",NA,NA,NA,NA,NA
97818,surv5,Phyllota phylicoides,2958,NSWFFRDv2.1,"{""EcoGIS 2002""}","{""Life span"",""present & fruiting at 30 yo site""}","{""Cell color index 12""}",NA,NA,NA,NA
97819,surv5,Phyllota squarrosa,2959,NSWFFRDv2.1,"{""Benson McDougall Ecology Sydney Plant Species Cunn""}","{""Life span"",indefinite}","{""Cell color index 12""}",NA,NA,NA,NA
97820,surv5,Physalis peruviana,6058,NSWFFRDv2.1,"{""Benson McDougall Ecology Sydney Plant Species Cunn""}","{""Life span"",short}","{""Cell color index 12""}",NA,NA,NA,NA
97821,surv5,Picris squarrosa,10183,NSWFFRDv2.1,NA,"{""Life span"",biennial}",NA,NA,NA,NA,NA
97822,surv5,Pilea microphylla,6233,NSWFFRDv2.1,"{""Benson McDougall 2002""}","{""Life span"",1}","{""Cell color index 12""}",NA,1,NA,NA
97823,surv5,Pimelea alpina,6170,NSWFFRDv2.1,"{""Wahren Papst Williams 1999""}","{""Life span"",50?}","{""Cell color index 12"",uncertain}",NA,50,NA,NA
97824,surv5,Pimelea curviflora,6176,NSWFFRDv2.1,"{""Morgan 1999""}","{""Life span"",long}","{""Cell color index 12""}",NA,NA,NA,NA
97825,surv5,Pimelea linifolia,6182,NSWFFRDv2.1,"{""Purdie Slatyer 1976""}","{""Life span"",""10-12 (P)""}",NA,NA,NA,12,10
97826,surv5,Pimelea linifolia,6182,NSWFFRDv2.1,"{""Clemens Franklin 1980"",""Keith David pers. comm.""}","{""Life span"",""absent or rare in 10 yo sites (46), 5-25 (9)""}",NA,NA,NA,NA,NA
97827,surv5,Pimelea linifolia,6182,NSWFFRDv2.1,"{""Clemens Franklin 1980"",""Keith David pers. comm.""}","{""Life span"",""absent or rare in 10 yo sites (46), 5-25 (9)""}",NA,NA,NA,NA,NA
97828,surv5,Pimelea linifolia subsp. linifolia,6814,NSWFFRDv2.1,"{""EcoGIS 2002""}","{""Life span"",""present & flowering at 20-22 yo sites""}","{""Cell color index 12""}",NA,NA,NA,NA
97829,surv5,Pimelea trichostachya,6194,NSWFFRDv2.1,NA,"{""Life span"",annual}",NA,NA,NA,NA,NA
97830,surv5,Pittosporum revolutum,4683,NSWFFRDv2.1,"{""Clarke 1989""}","{""Life span"",>30}","{""Cell color index 12""}",NA,NA,NA,30
97831,surv5,Pittosporum undulatum,4685,NSWFFRDv2.1,"{""Benson McDougall Ecology Sydney Plant Species Cunn""}","{""Life span"",30-40}","{""Cell color index 12""}",NA,NA,40,30
97832,surv5,Plagiobothrys elachanthus,1773,NSWFFRDv2.1,NA,"{""Life span"",annual}",NA,NA,NA,NA,NA
97833,surv5,Plantago alpestris,4686,NSWFFRDv2.1,"{""Wahren Papst Williams 1999""}","{""Life span"",10?}","{""Cell color index 12"",uncertain}",NA,10,NA,NA
97834,surv5,Plantago cunninghamii,4690,NSWFFRDv2.1,NA,"{""Life span"",annual}",NA,NA,NA,NA,NA
97835,surv5,Plantago debilis,4691,NSWFFRDv2.1,NA,"{""Life span"",annual}",NA,NA,NA,NA,NA
97836,surv5,Plantago drummondii,4692,NSWFFRDv2.1,NA,"{""Life span"",<5?}",{uncertain},NA,NA,5,NA
97837,surv5,Plantago euryphylla,4693,NSWFFRDv2.1,"{""Wahren Papst Williams 1999""}","{""Life span"",10?}","{""Cell color index 12"",uncertain}",NA,10,NA,NA
97838,surv5,Plantago gaudichaudii,4694,NSWFFRDv2.1,"{""Morgan 1999""}","{""Life span"",long}","{""Cell color index 12""}",NA,NA,NA,NA
97839,surv5,Plantago turrifera,4704,NSWFFRDv2.1,NA,"{""Life span"",annual}",NA,NA,NA,NA,NA
97840,surv5,Platycerium bifurcatum,8159,NSWFFRDv2.1,"{""Benson McDougall Ecology Sydney Plant Species Cunn""}","{""Life span"",indefinite}","{""Cell color index 12""}",NA,NA,NA,NA
97841,surv5,Platysace clelandii,1142,NSWFFRDv2.1,NA,"{""Life span"",5-10?}",{uncertain},NA,NA,10,5
97842,surv5,Platysace ericoides,1143,NSWFFRDv2.1,"{""Benson McDougall Ecology Sydney Plant Species Cunn"",""EcoGIS 2002""}","{""Life span"",""short? (1), present at 22 yo site (105)""}",{uncertain},NA,NA,NA,NA
97843,surv5,Platysace ericoides,1143,NSWFFRDv2.1,"{""Benson McDougall Ecology Sydney Plant Species Cunn"",""EcoGIS 2002""}","{""Life span"",""short? (1), present at 22 yo site (105)""}",{uncertain},NA,NA,NA,NA
97844,surv5,Platysace lanceolata,1144,NSWFFRDv2.1,"{""Benson McDougall Ecology Sydney Plant Species Cunn""}","{""Life span"",""c. 25""}","{""Cell color index 12""}",NA,NA,NA,NA
97845,surv5,Platysace linearifolia,1145,NSWFFRDv2.1,"{""Benson McDougall Ecology Sydney Plant Species Cunn"",""EcoGIS 2002""}","{""Life span"",""10-40; maybe indefinite with suckering (1), common & flowering at 20-25 yo sites (105)""}",NA,NA,NA,NA,10
97846,surv5,Platysace linearifolia,1145,NSWFFRDv2.1,"{""Benson McDougall Ecology Sydney Plant Species Cunn"",""EcoGIS 2002""}","{""Life span"",""10-40; maybe indefinite with suckering (1), common & flowering at 20-25 yo sites (105)""}",NA,NA,NA,NA,10
97847,surv5,Platysace stephensonii,1146,NSWFFRDv2.1,NA,"{""Life span"",<10}",NA,NA,NA,10,NA
97848,surv5,Plectranthus parviflorus,3397,NSWFFRDv2.1,NA,"{""Life span"",2-5}",NA,NA,NA,5,2
97849,surv5,Plinthanthesis paradoxa,5117,NSWFFRDv2.1,NA,"{""Life span"",indefinite}",NA,NA,NA,NA,NA
97850,surv5,Plinthanthesis urvillei,5119,NSWFFRDv2.1,NA,"{""Life span"",indefinite}",NA,NA,NA,NA,NA
97851,surv5,Poa annua,5121,NSWFFRDv2.1,NA,"{""Life span"",annual}",NA,NA,NA,NA,NA
97852,surv5,Poa costiniana,5126,NSWFFRDv2.1,"{""Wahren Papst Williams 1999""}","{""Life span"",10?}","{""Cell color index 12"",uncertain}",NA,10,NA,NA
97853,surv5,Poa fawcettiae,5128,NSWFFRDv2.1,"{""Wahren Papst Williams 1999""}","{""Life span"",10?}","{""Cell color index 12"",uncertain}",NA,10,NA,NA
97854,surv5,Poa hiemata,5131,NSWFFRDv2.1,"{""Wahren Papst Williams 1999""}","{""Life span"",10?}","{""Cell color index 12"",uncertain}",NA,10,NA,NA
97855,surv5,Poa phillipsiana,5136,NSWFFRDv2.1,"{""Wahren Papst Williams 1999""}","{""Life span"",10?}","{""Cell color index 12"",uncertain}",NA,10,NA,NA
97856,surv5,Poa poiformis var. poiformis,11143,NSWFFRDv2.1,NA,"{""Life span"",<5}",NA,NA,NA,5,NA
97857,surv5,Podocarpus spinulosus,5248,NSWFFRDv2.1,"{""Benson McDougall Ecology Sydney Plant Species Cunn""}","{""Life span"",indefinite}","{""Cell color index 12""}",NA,NA,NA,NA
97858,surv5,Podolepis canescens,1630,NSWFFRDv2.1,NA,"{""Life span"",annual}",NA,NA,NA,NA,NA
97859,surv5,Podolepis capillaris,1631,NSWFFRDv2.1,NA,"{""Life span"",annual}",NA,NA,NA,NA,NA
97860,surv5,Podolepis jaceoides,1633,NSWFFRDv2.1,NA,"{""Life span"",annual}",NA,NA,NA,NA,NA
97861,surv5,Podolepis robusta,1637,NSWFFRDv2.1,"{""Wahren Papst Williams 1999""}","{""Life span"",15?}","{""Cell color index 12"",uncertain}",NA,15,NA,NA
97862,surv5,Podolobium alpestre,10706,NSWFFRDv2.1,"{""Wahren Papst Williams 1999""}","{""Life span"",50?}","{""Cell color index 12"",uncertain}",NA,50,NA,NA
97863,surv5,Podolobium ilicifolium,9912,NSWFFRDv2.1,"{""Benson McDougall Ecology Sydney Plant Species Cunn""}","{""Life span"",medium-long}","{""Cell color index 12""}",NA,NA,NA,NA
97864,surv5,Podotheca angustifolia,1639,NSWFFRDv2.1,NA,"{""Life span"",annual}",NA,NA,NA,NA,NA
97865,surv5,Polycalymma stuartii,11144,NSWFFRDv2.1,NA,"{""Life span"",annual}",NA,NA,NA,NA,NA
97866,surv5,Polycarpaea corymbosa var. minor,9668,NSWFFRDv2.1,NA,"{""Life span"",annual}",NA,NA,NA,NA,NA
97867,surv5,Polycarpon tetraphyllum,1979,NSWFFRDv2.1,NA,"{""Life span"",annual}",NA,NA,NA,NA,NA
97868,surv5,Polyosma cunninghamii,3227,NSWFFRDv2.1,NA,"{""Life span"",>50}",NA,NA,NA,NA,50
97869,surv5,Polypogon monspeliensis,5145,NSWFFRDv2.1,NA,"{""Life span"",annual}",NA,NA,NA,NA,NA
97870,surv5,Polyscias sambucifolia,1211,NSWFFRDv2.1,"{""Benson McDougall Ecology Sydney Plant Species Cunn""}","{""Life span"",""indefinite (1)""}",NA,NA,NA,NA,NA
97871,surv5,Polyscias sambucifolia,1211,NSWFFRDv2.1,"{""Chesterfield Taylor Molnar 1990""}","{""Life span"",""<30? (CT)""}",{uncertain},NA,NA,30,NA
97872,surv5,Pomaderris angustifolia,5568,NSWFFRDv2.1,"{""Benson McDougall Ecology Sydney Plant Species Cunn""}","{""Life span"",10-25}","{""Cell color index 12""}",NA,NA,25,10
97873,surv5,Pomaderris aspera,5571,NSWFFRDv2.1,"{""Benson McDougall Ecology Sydney Plant Species Cunn"",""Groves ""}","{""Life span"",""10-25 (1); c. 100 (101)""}",NA,NA,NA,25,10
97874,surv5,Pomaderris aspera,5571,NSWFFRDv2.1,"{""Benson McDougall Ecology Sydney Plant Species Cunn"",""Groves ""}","{""Life span"",""10-25 (1); c. 100 (101)""}",NA,NA,NA,25,10
97875,surv5,Pomaderris betulina subsp. betulina,9865,NSWFFRDv2.1,"{""Benson McDougall Ecology Sydney Plant Species Cunn""}","{""Life span"",10-25}","{""Cell color index 12""}",NA,NA,25,10
97876,surv5,Pomaderris brunnea,5573,NSWFFRDv2.1,"{""Benson McDougall Ecology Sydney Plant Species Cunn""}","{""Life span"",10-25}","{""Cell color index 12""}",NA,NA,25,10
97877,surv5,Pomaderris cotoneaster,5576,NSWFFRDv2.1,"{""Benson McDougall Ecology Sydney Plant Species Cunn""}","{""Life span"",10-25}","{""Cell color index 12""}",NA,NA,25,10
97878,surv5,Pomaderris discolor,5577,NSWFFRDv2.1,"{""Benson McDougall Ecology Sydney Plant Species Cunn"",""EcoGIS 2002""}","{""Life span"",""10-25 (1), common at 20 yo site (105)""}",NA,NA,NA,25,10
97879,surv5,Pomaderris discolor,5577,NSWFFRDv2.1,"{""Benson McDougall Ecology Sydney Plant Species Cunn"",""EcoGIS 2002""}","{""Life span"",""10-25 (1), common at 20 yo site (105)""}",NA,NA,NA,25,10
97880,surv5,Pomaderris eriocephala,5578,NSWFFRDv2.1,"{""Benson McDougall Ecology Sydney Plant Species Cunn""}","{""Life span"",10-25}","{""Cell color index 12""}",NA,NA,25,10
97881,surv5,Pomaderris ferruginea,5579,NSWFFRDv2.1,"{""Benson McDougall Ecology Sydney Plant Species Cunn""}","{""Life span"",10-25}","{""Cell color index 12""}",NA,NA,25,10
97882,surv5,Pomaderris intermedia,7979,NSWFFRDv2.1,"{""Benson McDougall Ecology Sydney Plant Species Cunn""}","{""Life span"",10-25}","{""Cell color index 12""}",NA,NA,25,10
97883,surv5,Pomaderris lanigera,5581,NSWFFRDv2.1,"{""Benson McDougall Ecology Sydney Plant Species Cunn""}","{""Life span"",10-25}","{""Cell color index 12""}",NA,NA,25,10
97884,surv5,Pomaderris ledifolia,5582,NSWFFRDv2.1,"{""Benson McDougall Ecology Sydney Plant Species Cunn""}","{""Life span"",10-25}","{""Cell color index 12""}",NA,NA,25,10
97885,surv5,Pomaderris pauciflora,5589,NSWFFRDv2.1,"{""Benson McDougall Ecology Sydney Plant Species Cunn""}","{""Life span"",10-25}","{""Cell color index 12""}",NA,NA,25,10
97886,surv5,Pomaderris phylicifolia,5590,NSWFFRDv2.1,"{""RP RFA Tasmania""}","{""Life span"",>10}","{""Cell color index 12""}",NA,NA,NA,10
97887,surv5,Pomaderris sericea,5593,NSWFFRDv2.1,"{""Benson McDougall Ecology Sydney Plant Species Cunn""}","{""Life span"",10-25}","{""Cell color index 12""}",NA,NA,25,10
97888,surv5,Pomax umbellata,5703,NSWFFRDv2.1,"{""Benson McDougall Ecology Sydney Plant Species Cunn"",""EcoGIS 2002""}","{""Life span"",""short-medium (1), present at 22 yo site (105)""}",NA,NA,NA,NA,NA
97889,surv5,Pomax umbellata,5703,NSWFFRDv2.1,"{""Benson McDougall Ecology Sydney Plant Species Cunn"",""EcoGIS 2002""}","{""Life span"",""short-medium (1), present at 22 yo site (105)""}",NA,NA,NA,NA,NA
97890,surv5,Poranthera corymbosa,2753,NSWFFRDv2.1,NA,"{""Life span"",<20}",NA,NA,NA,20,NA
97891,surv5,Poranthera microphylla,7395,NSWFFRDv2.1,NA,"{""Life span"",annual}",NA,NA,NA,NA,NA
97892,surv5,Portulaca oleracea,5324,NSWFFRDv2.1,NA,"{""Life span"",annual}",NA,NA,NA,NA,NA
97893,surv5,Portulaca oleracea,5324,NSWFFRDv2.1,"{""Benson McDougall Ecology Sydney Plant Species Cunn""}","{""Life span"",""1-2 (1)""}",NA,NA,NA,2,1
97894,surv5,Potentilla indica,11955,NSWFFRDv2.1,NA,"{""Life span"",indefinite}",NA,NA,NA,NA,NA
97895,surv5,Prasophyllum australe,4491,NSWFFRDv2.1,NA,"{""Life span"",25-60}",NA,NA,NA,60,25
97896,surv5,Prasophyllum brevilabre,4494,NSWFFRDv2.1,"{""Keith David pers. comm.""}","{""Life span"",25-60}","{""Cell color index 12""}",NA,NA,60,25
97897,surv5,Prasophyllum sphacelatum,10935,NSWFFRDv2.1,"{""Wahren Papst Williams 1999""}","{""Life span"",15?}","{""Cell color index 12"",uncertain}",NA,15,NA,NA
97898,surv5,Prasophyllum suttonii,4525,NSWFFRDv2.1,"{""Wahren Papst Williams 1999""}","{""Life span"",15?}","{""Cell color index 12"",uncertain}",NA,15,NA,NA
97899,surv5,Pratia pedunculata,7980,NSWFFRDv2.1,"{""Benson McDougall Ecology Sydney Plant Species Cunn""}","{""Life span"",indefinite}","{""Cell color index 12""}",NA,NA,NA,NA
97900,surv5,Pratia purpurascens,1925,NSWFFRDv2.1,"{""Benson McDougall Ecology Sydney Plant Species Cunn""}","{""Life span"",indefinite}","{""Cell color index 12""}",NA,NA,NA,NA
97901,surv5,Pratia surrepens,1926,NSWFFRDv2.1,"{""Benson McDougall Ecology Sydney Plant Species Cunn""}","{""Life span"",indefinite}","{""Cell color index 12""}",NA,NA,NA,NA
97902,surv5,Prostanthera cuneata,3403,NSWFFRDv2.1,"{""Wahren Papst Williams 1999""}","{""Life span"",""70? (58)""}",{uncertain},NA,70,NA,NA
97903,surv5,Prostanthera cuneata,3403,NSWFFRDv2.1,"{""Williams Ashton 1988""}","{""Life span"","">30-50 (80)""}",NA,NA,NA,50,NA
97904,surv5,Prostanthera cuneata,3403,NSWFFRDv2.1,"{""RP RFA Tasmania""}","{""Life span"","">13 (R42)""}",NA,NA,NA,NA,13
97905,surv5,Prostanthera junonis,9884,NSWFFRDv2.1,"{""Benson McDougall Ecology Sydney Plant Species Cunn""}","{""Life span"",indefinite}","{""Cell color index 12""}",NA,NA,NA,NA
97906,surv5,Prostanthera linearis,3417,NSWFFRDv2.1,NA,"{""Life span"",25-60}","{""Cell color index 12""}",NA,NA,60,25
97907,surv5,Prostanthera scutellarioides,3430,NSWFFRDv2.1,"{""Benson McDougall Ecology Sydney Plant Species Cunn""}","{""Life span"",25?}","{""Cell color index 12"",uncertain}",NA,25,NA,NA
97908,surv5,Prostanthera teretifolia,3436,NSWFFRDv2.1,"{""Clarke Fulloon 1999""}","{""Life span"",<10?}","{""Cell color index 12"",uncertain}",NA,NA,10,NA
97909,surv5,Pseudanthus orientalis,2756,NSWFFRDv2.1,"{""Benson McDougall Ecology Sydney Plant Species Cunn"",""Keith David pers. comm.""}","{""Life span"",25-60}","{""Cell color index 12""}",NA,NA,60,25
97910,surv5,Pseudanthus orientalis,2756,NSWFFRDv2.1,"{""Benson McDougall Ecology Sydney Plant Species Cunn"",""Keith David pers. comm.""}","{""Life span"",25-60}","{""Cell color index 12""}",NA,NA,60,25
97911,surv5,Pseuderanthemum variabile,1010,NSWFFRDv2.1,NA,"{""Life span"",indefinite}",NA,NA,NA,NA,NA
97912,surv5,Pseudognaphalium luteoalbum,7780,NSWFFRDv2.1,NA,"{""Life span"",annual}",NA,NA,NA,NA,NA
97913,surv5,Psychrophila introloba,13524,NSWFFRDv2.1,"{""Wahren Papst Williams 1999""}","{""Life span"",10?}","{""Cell color index 12"",uncertain}",NA,10,NA,NA
97914,surv5,Pteridium esculentum,6403,NSWFFRDv2.1,"{""Benson McDougall Ecology Sydney Plant Species Cunn"",""Keith David pers. comm.""}","{""Life span"",indefinite}","{""Cell color index 12""}",NA,NA,NA,NA
97915,surv5,Pteridium esculentum,6403,NSWFFRDv2.1,"{""Benson McDougall Ecology Sydney Plant Species Cunn"",""Keith David pers. comm.""}","{""Life span"",indefinite}","{""Cell color index 12""}",NA,NA,NA,NA
97916,surv5,Pteris tremula,8175,NSWFFRDv2.1,NA,"{""Life span"",""probably 2-5""}",NA,NA,NA,5,NA
97917,surv5,Pteris vittata,8177,NSWFFRDv2.1,"{""Benson McDougall Ecology Sydney Plant Species Cunn""}","{""Life span"",indefinite}","{""Cell color index 12""}",NA,NA,NA,NA
97918,surv5,Pterostylis parviflora,4566,NSWFFRDv2.1,"{""Keith David pers. comm.""}","{""Life span"",25-60}","{""Cell color index 12""}",NA,NA,60,25
97919,surv5,Ptilothrix deusta,8956,NSWFFRDv2.1,"{""Keith David pers. comm.""}","{""Life span"",indefinite}","{""Cell color index 12""}",NA,NA,NA,NA
97920,surv5,Pultenaea aristata,2974,NSWFFRDv2.1,"{""Benson McDougall Ecology Sydney Plant Species Cunn"",""Keith David pers. comm.""}","{""Life span"",5-25}","{""Cell color index 12""}",NA,NA,25,5
97921,surv5,Pultenaea aristata,2974,NSWFFRDv2.1,"{""Benson McDougall Ecology Sydney Plant Species Cunn"",""Keith David pers. comm.""}","{""Life span"",5-25}","{""Cell color index 12""}",NA,NA,25,5
97922,surv5,Pultenaea blakelyi,2977,NSWFFRDv2.1,"{""Benson McDougall Ecology Sydney Plant Species Cunn""}","{""Life span"",20-30}","{""Cell color index 12""}",NA,NA,30,20
97923,surv5,Pultenaea daphnoides,2985,NSWFFRDv2.1,"{""Benson McDougall Ecology Sydney Plant Species Cunn"",""Keith David pers. comm."",""Groves "",""EcoGIS 2002""}","{""Life span"",""5-15 (1, 9), c. 30 (101), present at 20-30 yo sites (105)""}",NA,NA,NA,15,5
97924,surv5,Pultenaea daphnoides,2985,NSWFFRDv2.1,"{""Benson McDougall Ecology Sydney Plant Species Cunn"",""Keith David pers. comm."",""Groves "",""EcoGIS 2002""}","{""Life span"",""5-15 (1, 9), c. 30 (101), present at 20-30 yo sites (105)""}",NA,NA,NA,15,5
97925,surv5,Pultenaea daphnoides,2985,NSWFFRDv2.1,"{""Benson McDougall Ecology Sydney Plant Species Cunn"",""Keith David pers. comm."",""Groves "",""EcoGIS 2002""}","{""Life span"",""5-15 (1, 9), c. 30 (101), present at 20-30 yo sites (105)""}",NA,NA,NA,15,5
97926,surv5,Pultenaea daphnoides,2985,NSWFFRDv2.1,"{""Benson McDougall Ecology Sydney Plant Species Cunn"",""Keith David pers. comm."",""Groves "",""EcoGIS 2002""}","{""Life span"",""5-15 (1, 9), c. 30 (101), present at 20-30 yo sites (105)""}",NA,NA,NA,15,5
97927,surv5,Pultenaea divaricata,2987,NSWFFRDv2.1,"{""Keith David pers. comm.""}","{""Life span"",40-80}","{""Cell color index 12""}",NA,NA,80,40
97928,surv5,Pultenaea parviflora,3007,NSWFFRDv2.1,"{""Benson McDougall Ecology Sydney Plant Species Cunn""}","{""Life span"",medium}","{""Cell color index 12""}",NA,NA,NA,NA
97929,surv5,Pultenaea retusa,3014,NSWFFRDv2.1,"{""Benson McDougall Ecology Sydney Plant Species Cunn""}","{""Life span"",5-10}","{""Cell color index 12""}",NA,NA,10,5
97930,surv5,Pultenaea rosmarinifolia,3015,NSWFFRDv2.1,"{""Keith David pers. comm.""}","{""Life span"",20-40}","{""Cell color index 12""}",NA,NA,40,20
97931,surv5,Pultenaea tuberculata,11386,NSWFFRDv2.1,"{""Keith David pers. comm.""}","{""Life span"",40-80}","{""Cell color index 12""}",NA,NA,80,40
97932,surv5,Pycnosorus pleiocephalus,8912,NSWFFRDv2.1,NA,"{""Life span"",annual}",NA,NA,NA,NA,NA
97933,surv5,Pyrorchis nigricans,10853,NSWFFRDv2.1,NA,"{""Life span"",annual}",NA,NA,NA,NA,NA
97934,surv5,Pyrrosia rupestris,8163,NSWFFRDv2.1,"{""Benson McDougall Ecology Sydney Plant Species Cunn""}","{""Life span"",indefinite}","{""Cell color index 12""}",NA,NA,NA,NA
97935,surv5,Quintinia sieberi,3228,NSWFFRDv2.1,NA,"{""Life span"",long}",NA,NA,NA,NA,NA
97936,surv5,Ranunculus graniticola,5505,NSWFFRDv2.1,"{""Wahren Papst Williams 1999""}","{""Life span"",15?}","{""Cell color index 12"",uncertain}",NA,15,NA,NA
97937,surv5,Ranunculus gunnianus,5506,NSWFFRDv2.1,"{""Wahren Papst Williams 1999""}","{""Life span"",15?}","{""Cell color index 12"",uncertain}",NA,15,NA,NA
97938,surv5,Ranunculus millanii,5509,NSWFFRDv2.1,"{""Wahren Papst Williams 1999""}","{""Life span"",15?}","{""Cell color index 12"",uncertain}",NA,15,NA,NA
97939,surv5,Ranunculus pimpinellifolius,5517,NSWFFRDv2.1,"{""Wahren Papst Williams 1999""}","{""Life span"",15?}","{""Cell color index 12"",uncertain}",NA,15,NA,NA
97940,surv5,Ranunculus pumilio,5520,NSWFFRDv2.1,NA,"{""Life span"",annual}",NA,NA,NA,NA,NA
97941,surv5,Ranunculus sessiliflorus,5525,NSWFFRDv2.1,NA,"{""Life span"",annual}",NA,NA,NA,NA,NA
97942,surv5,Reichardia tingitana,1641,NSWFFRDv2.1,NA,"{""Life span"",annual}",NA,NA,NA,NA,NA
97943,surv5,Rhagodia candolleana subsp. candolleana,7808,NSWFFRDv2.1,"{""Clarke 1989""}","{""Life span"",5-30}","{""Cell color index 12""}",NA,NA,30,5
97944,surv5,Rhodanthe anthemoides,8563,NSWFFRDv2.1,"{""Wahren Papst Williams 1999"",""Benson McDougall Ecology Sydney Plant Species Cunn""}","{""Life span"",""15? (58) <5? (1)""}","{""Cell color index 12"",uncertain}",NA,15,NA,NA
97945,surv5,Rhodanthe anthemoides,8563,NSWFFRDv2.1,"{""Wahren Papst Williams 1999"",""Benson McDougall Ecology Sydney Plant Species Cunn""}","{""Life span"",""15? (58) <5? (1)""}","{""Cell color index 12"",uncertain}",NA,15,NA,NA
97946,surv5,Rhodanthe corymbiflora,8919,NSWFFRDv2.1,NA,"{""Life span"",annual}",NA,NA,NA,NA,NA
97947,surv5,Rhodanthe laevis,9383,NSWFFRDv2.1,NA,"{""Life span"",annual}",NA,NA,NA,NA,NA
97948,surv5,Rhodanthe moschata,8921,NSWFFRDv2.1,NA,"{""Life span"",annual}",NA,NA,NA,NA,NA
97949,surv5,Rhodanthe pygmaea,9384,NSWFFRDv2.1,NA,"{""Life span"",annual}",NA,NA,NA,NA,NA
97950,surv5,Rhodanthe stuartiana,8922,NSWFFRDv2.1,NA,"{""Life span"",annual}",NA,NA,NA,NA,NA
97951,surv5,Rhodanthe tietkensii,9421,NSWFFRDv2.1,NA,"{""Life span"",annual}",NA,NA,NA,NA,NA
97952,surv5,Richea continentis,2651,NSWFFRDv2.1,"{""Wahren Papst Williams 1999""}","{""Life span"",50?}","{""Cell color index 12"",uncertain}",NA,50,NA,NA
97953,surv5,Ricinocarpos pinifolius,2759,NSWFFRDv2.1,"{""Clarke 1989""}","{""Life span"",5-30}","{""Cell color index 12""}",NA,NA,30,5
97954,surv5,Rorippa dictyosperma,1842,NSWFFRDv2.1,"{""McMahon 1987""}","{""Life span"",short}","{""Cell color index 12""}",NA,NA,NA,NA
97955,surv5,Rubus moluccanus var. trilobus,11236,NSWFFRDv2.1,"{""Clarke 1989""}","{""Life span"",5-30}","{""Cell color index 12""}",NA,NA,30,5
97956,surv5,Rubus parvifolius,5642,NSWFFRDv2.1,"{""Benson McDougall Ecology Sydney Plant Species Cunn""}","{""Life span"",indefinite}","{""Cell color index 12""}",NA,NA,NA,NA
97957,surv5,Rulingia hermanniifolia,6146,NSWFFRDv2.1,"{""Benson McDougall 2002""}","{""Life span"",5-10}",NA,NA,NA,10,5
97958,surv5,Rumex brownii,5296,NSWFFRDv2.1,"{""Benson McDougall Ecology Sydney Plant Species Cunn""}","{""Life span"",1-5}","{""Cell color index 12""}",NA,NA,5,1
97959,surv5,Tripogon loliiformis,5229,NSWFFRDv2.1,NA,"{""Life span"",annual}",NA,NA,NA,NA,NA
97960,surv5,Rytidosperma nudiflorum,10638,NSWFFRDv2.1,"{""Wahren Papst Williams 1999""}","{""Life span"",5?}","{""Cell color index 12"",uncertain}",NA,5,NA,NA
97961,surv5,Rytidosperma pilosum,14316,NSWFFRDv2.1,"{""Wahren Papst Williams 1999""}","{""Life span"",5?}","{""Cell color index 12"",uncertain}",NA,5,NA,NA
97962,surv5,Rytidosperma setaceum,14322,NSWFFRDv2.1,"{""Specht Rayson Jackman 1958""}","{""Life span"",>25}","{""Cell color index 12""}",NA,NA,NA,25
97963,surv5,Sagina apetala,1980,NSWFFRDv2.1,NA,"{""Life span"",annual}",NA,NA,NA,NA,NA
97964,surv5,Salsola kali var. kali,7923,NSWFFRDv2.1,NA,"{""Life span"",annual}",NA,NA,NA,NA,NA
97965,surv5,Sannantha pluriflora ,13751,NSWFFRDv2.1,NA,"{""Life span"",15-20?}",{uncertain},NA,NA,20,15
97966,surv5,Santalum lanceolatum,6384,NSWFFRDv2.1,"{""RP RFA Victoria - North East""}","{""Life span"",>50}","{""Cell color index 12""}",NA,NA,NA,50
97967,surv5,Sarcopetalum harveyanum,3688,NSWFFRDv2.1,"{""Clarke 1989""}","{""Life span"",<5}","{""Cell color index 12""}",NA,NA,5,NA
97968,surv5,Scaevola hookeri,3205,NSWFFRDv2.1,"{""Wahren Papst Williams 1999""}","{""Life span"",10?}","{""Cell color index 12"",uncertain}",NA,10,NA,NA
97969,surv5,Scaevola ramosissima,3208,NSWFFRDv2.1,"{""EcoGIS 2002""}","{""Life span"",""present at 22-30 yo sites""}","{""Cell color index 12""}",NA,NA,NA,NA
97970,surv5,Schismus barbatus,5156,NSWFFRDv2.1,NA,"{""Life span"",annual}",NA,NA,NA,NA,NA
97971,surv5,Schizachyrium fragile,5157,NSWFFRDv2.1,NA,"{""Life span"",annual}",NA,NA,NA,NA,NA
97972,surv5,Schizaea bifida,8181,NSWFFRDv2.1,"{""Benson McDougall Ecology Sydney Plant Species Cunn"",""Keith David pers. comm.""}","{""Life span"",indefinite}","{""Cell color index 12""}",NA,NA,NA,NA
97973,surv5,Schizaea bifida,8181,NSWFFRDv2.1,"{""Benson McDougall Ecology Sydney Plant Species Cunn"",""Keith David pers. comm.""}","{""Life span"",indefinite}","{""Cell color index 12""}",NA,NA,NA,NA
97974,surv5,Schizaea dichotoma,8182,NSWFFRDv2.1,NA,"{""Life span"",indefinite}",NA,NA,NA,NA,NA
97975,surv5,Schizomeria ovata,2275,NSWFFRDv2.1,"{""Benson McDougall Ecology Sydney Plant Species Cunn""}","{""Life span"",long}","{""Cell color index 12""}",NA,NA,NA,NA
97976,surv5,Schoenus apogon,2491,NSWFFRDv2.1,NA,"{""Life span"",annual}",NA,NA,NA,NA,NA
97977,surv5,Schoenus brevifolius,2492,NSWFFRDv2.1,"{""Keith David pers. comm.""}","{""Life span"",indefinite}","{""Cell color index 12""}",NA,NA,NA,NA
97978,surv5,Schoenus calyptratus,2494,NSWFFRDv2.1,"{""Wahren Papst Williams 1999""}","{""Life span"",10?}","{""Cell color index 12"",uncertain}",NA,10,NA,NA
97979,surv5,Schoenus ericetorum,2495,NSWFFRDv2.1,"{""Keith David pers. comm.""}","{""Life span"",indefinite}","{""Cell color index 12""}",NA,NA,NA,NA
97980,surv5,Schoenus imberbis,2496,NSWFFRDv2.1,NA,"{""Life span"",indefinite}",NA,NA,NA,NA,NA
97981,surv5,Schoenus latelaminatus,2498,NSWFFRDv2.1,NA,"{""Life span"",annual}",NA,NA,NA,NA,NA
97982,surv5,Schoenus lepidosperma subsp. pachylepis,9057,NSWFFRDv2.1,NA,"{""Life span"",indefinite}",NA,NA,NA,NA,NA
97983,surv5,Schoenus maschalinus,2499,NSWFFRDv2.1,NA,"{""Life span"",indefinite}",NA,NA,NA,NA,NA
97984,surv5,Schoenus moorei,2501,NSWFFRDv2.1,NA,"{""Life span"",indefinite}",NA,NA,NA,NA,NA
97985,surv5,Schoenus paludosus,2504,NSWFFRDv2.1,NA,"{""Life span"",annual}",NA,NA,NA,NA,NA
97986,surv5,Schoenus paludosus,2504,NSWFFRDv2.1,"{""Keith David pers. comm.""}","{""Life span"",""indefinite (9)""}",NA,NA,NA,NA,NA
97987,surv5,Schoenus turbinatus,2507,NSWFFRDv2.1,"{""Keith David pers. comm.""}","{""Life span"",indefinite}","{""Cell color index 12""}",NA,NA,NA,NA
97988,surv5,Schoenus villosus,2508,NSWFFRDv2.1,"{""Keith David pers. comm.""}","{""Life span"",indefinite}","{""Cell color index 12""}",NA,NA,NA,NA
97989,surv5,Scleranthus biflorus,1985,NSWFFRDv2.1,"{""Wahren Papst Williams 1999""}","{""Life span"",10?}","{""Cell color index 12"",uncertain}",NA,10,NA,NA
97990,surv5,Scleranthus minusculus,1987,NSWFFRDv2.1,NA,"{""Life span"",annual}",NA,NA,NA,NA,NA
97991,surv5,Scleranthus singuliflorus,1989,NSWFFRDv2.1,"{""Wahren Papst Williams 1999""}","{""Life span"",10?}","{""Cell color index 12"",uncertain}",NA,10,NA,NA
97992,surv5,Scleroblitum atriplicinum,2165,NSWFFRDv2.1,NA,"{""Life span"",annual}",NA,NA,NA,NA,NA
97993,surv5,Sebaea ovata,3137,NSWFFRDv2.1,NA,"{""Life span"",annual}",NA,NA,NA,NA,NA
97994,surv5,Secale cereale,5159,NSWFFRDv2.1,NA,"{""Life span"",annual}",NA,NA,NA,NA,NA
97995,surv5,Selaginella gracillima,8185,NSWFFRDv2.1,NA,"{""Life span"",annual}",NA,NA,NA,NA,NA
97996,surv5,Selaginella uliginosa,8187,NSWFFRDv2.1,"{""Benson McDougall Ecology Sydney Plant Species Cunn"",""Keith David pers. comm.""}","{""Life span"",indefinite}","{""Cell color index 12""}",NA,NA,NA,NA
97997,surv5,Selaginella uliginosa,8187,NSWFFRDv2.1,"{""Benson McDougall Ecology Sydney Plant Species Cunn"",""Keith David pers. comm.""}","{""Life span"",indefinite}","{""Cell color index 12""}",NA,NA,NA,NA
97998,surv5,Senecio biserratus,1654,NSWFFRDv2.1,NA,"{""Life span"",annual}",NA,NA,NA,NA,NA
97999,surv5,Senecio diaschides,7914,NSWFFRDv2.1,NA,"{""Life span"",short}",NA,NA,NA,NA,NA
98000,surv5,Senecio garlandii,7097,NSWFFRDv2.1,NA,"{""Life span"",""relatively long""}",NA,NA,NA,NA,NA
98001,surv5,Senecio glomeratus,1660,NSWFFRDv2.1,NA,"{""Life span"",annual}",NA,NA,NA,NA,NA
98002,surv5,Senecio glossanthus,1661,NSWFFRDv2.1,NA,"{""Life span"",epemeral}",NA,NA,NA,NA,NA
98003,surv5,Senecio gunnii,1663,NSWFFRDv2.1,"{""Wahren Papst Williams 1999""}","{""Life span"",15?}","{""Cell color index 12"",uncertain}",NA,15,NA,NA
98004,surv5,Senecio hispidulus,1664,NSWFFRDv2.1,NA,"{""Life span"",annual}",NA,NA,NA,NA,NA
98005,surv5,Senecio hispidulus,1664,NSWFFRDv2.1,"{""Keith David pers. comm.""}","{""Life span"",5-25}","{""Cell color index 12""}",NA,NA,25,5
98006,surv5,Senecio lautus,1666,NSWFFRDv2.1,"{""Hunter Vegetation Washpool National Park Western A"",""Clarke 1989""}","{""Life span"",<5}","{""Cell color index 12""}",NA,NA,5,NA
98007,surv5,Senecio lautus,1666,NSWFFRDv2.1,"{""Hunter Vegetation Washpool National Park Western A"",""Clarke 1989""}","{""Life span"",<5}","{""Cell color index 12""}",NA,NA,5,NA
98008,surv5,Senecio linearifolius,1667,NSWFFRDv2.1,"{""Clarke 1989""}","{""Life span"",<5}","{""Cell color index 12""}",NA,NA,5,NA
98009,surv5,Senecio madagascariensis,6465,NSWFFRDv2.1,NA,"{""Life span"",annual}",NA,NA,NA,NA,NA
98010,surv5,Senecio minimus,1671,NSWFFRDv2.1,NA,"{""Life span"",annual}",NA,NA,NA,NA,NA
98011,surv5,Senecio picridioides,11164,NSWFFRDv2.1,NA,"{""Life span"",annual}",NA,NA,NA,NA,NA
98012,surv5,Senecio pinnatifolius var. alpinus,14039,NSWFFRDv2.1,"{""Wahren Papst Williams 1999""}","{""Life span"",15?}","{""Cell color index 12"",uncertain}",NA,15,NA,NA
98013,surv5,Senecio platylepis,1674,NSWFFRDv2.1,NA,"{""Life span"",annual}",NA,NA,NA,NA,NA
98014,surv5,Senecio quadridentatus,1675,NSWFFRDv2.1,"{""Purdie Slatyer 1976""}","{""Life span"",annual}","{""Cell color index 12""}",NA,NA,NA,NA
98015,surv5,Senecio tenuiflorus,8589,NSWFFRDv2.1,"{""Benson McDougall Ecology Sydney Plant Species Cunn""}","{""Life span"",<2}","{""Cell color index 12""}",NA,NA,2,NA
98016,surv5,Senecio vagus subsp. eglandulosus,11237,NSWFFRDv2.1,NA,"{""Life span"",2-4?}",{uncertain},NA,NA,4,2
98017,surv5,Senecio vulgaris,1681,NSWFFRDv2.1,NA,"{""Life span"",annual}",NA,NA,NA,NA,NA
98018,surv5,Senna acclinis,8772,NSWFFRDv2.1,NA,"{""Life span"",5-20}",NA,NA,NA,20,5
98019,surv5,Senna pleurocarpa var. pleurocarpa,9432,NSWFFRDv2.1,NA,"{""Life span"",4}","{""Cell color index 8""}",NA,4,NA,NA
98020,surv5,Sicyos australis,2261,NSWFFRDv2.1,"{""Benson McDougall Ecology Sydney Plant Species Cunn""}","{""Life span"",""1-5 (1)""}",NA,NA,NA,5,1
98021,surv5,Sigesbeckia orientalis subsp. orientalis,8789,NSWFFRDv2.1,"{""Chesterfield Taylor Molnar 1990""}","{""Life span"",<5}","{""Cell color index 12""}",NA,NA,5,NA
98022,surv5,Silene gallica var. gallica,7020,NSWFFRDv2.1,NA,"{""Life span"",annual}",NA,NA,NA,NA,NA
98023,surv5,Sisymbrium irio,1853,NSWFFRDv2.1,NA,"{""Life span"",annual}",NA,NA,NA,NA,NA
98024,surv5,Sisymbrium orientale,1855,NSWFFRDv2.1,NA,"{""Life span"",annual}",NA,NA,NA,NA,NA
98025,surv5,Smilax australis,7592,NSWFFRDv2.1,"{""Hunter Vegetation Washpool National Park Western A""}","{""Life span"",5-30}","{""Cell color index 12""}",NA,NA,30,5
98026,surv5,Solanum campanulatum,6069,NSWFFRDv2.1,NA,"{""Life span"",short}",NA,NA,NA,NA,NA
98027,surv5,Solanum cleistogamum,6073,NSWFFRDv2.1,NA,"{""Life span"",annual}",NA,NA,NA,NA,NA
98028,surv5,Solanum nigrum,6091,NSWFFRDv2.1,NA,"{""Life span"",annual}",NA,NA,NA,NA,NA
98029,surv5,Solanum opacum,6095,NSWFFRDv2.1,NA,"{""Life span"",annual}",NA,NA,NA,NA,NA
98030,surv5,Solanum prinophyllum,6100,NSWFFRDv2.1,NA,"{""Life span"",annual}",NA,NA,NA,NA,NA
98031,surv5,Solanum pungetium,6102,NSWFFRDv2.1,NA,"{""Life span"",annual}",NA,NA,NA,NA,NA
98032,surv5,Solanum stelligerum,6109,NSWFFRDv2.1,"{""Hunter Vegetation Washpool National Park Western A""}","{""Life span"",5-30}","{""Cell color index 12""}",NA,NA,30,5
98033,surv5,Solanum vescum,6115,NSWFFRDv2.1,"{""McMahon 1987""}","{""Life span"",short}","{""Cell color index 12""}",NA,NA,NA,NA
98034,surv5,Solenogyne dominii,7454,NSWFFRDv2.1,"{""Morgan 1999""}","{""Life span"",long}","{""Cell color index 12""}",NA,NA,NA,NA
98035,surv5,Solenogyne gunnii,7398,NSWFFRDv2.1,"{""Wahren Papst Williams 1999""}","{""Life span"",15?}","{""Cell color index 12"",uncertain}",NA,15,NA,NA
98036,surv5,Sonchus asper subsp. glaucescens,6513,NSWFFRDv2.1,NA,"{""Life span"",annual}",NA,NA,NA,NA,NA
98037,surv5,Sowerbaea juncea,3567,NSWFFRDv2.1,NA,"{""Life span"",indefinite}",NA,NA,NA,NA,NA
98038,surv5,Spartothamnella juncea,6254,NSWFFRDv2.1,NA,"{""Life span"",>10}",NA,NA,NA,NA,10
98039,surv5,Spergula arvensis,1996,NSWFFRDv2.1,NA,"{""Life span"",annual}",NA,NA,NA,NA,NA
98040,surv5,Spergularia marina,2000,NSWFFRDv2.1,NA,"{""Life span"",annual}",NA,NA,NA,NA,NA
98041,surv5,Spergularia rubra,2001,NSWFFRDv2.1,NA,"{""Life span"",annual}",NA,NA,NA,NA,NA
98042,surv5,Spermacoce brachystema,7519,NSWFFRDv2.1,NA,"{""Life span"",annual}",NA,NA,NA,NA,NA
98043,surv5,Sphaerolobium vimineum,3033,NSWFFRDv2.1,"{""Benson McDougall Ecology Sydney Plant Species Cunn"",""Keith David pers. comm.""}","{""Life span"",5-25}","{""Cell color index 12""}",NA,NA,25,5
98044,surv5,Sphaerolobium vimineum,3033,NSWFFRDv2.1,"{""Benson McDougall Ecology Sydney Plant Species Cunn"",""Keith David pers. comm.""}","{""Life span"",5-25}","{""Cell color index 12""}",NA,NA,25,5
98045,surv5,Sporadanthus gracilis,10603,NSWFFRDv2.1,NA,"{""Life span"",indefinite}",NA,NA,NA,NA,NA
98046,surv5,Sporobolus caroli,5177,NSWFFRDv2.1,NA,"{""Life span"",annual}",NA,NA,NA,NA,NA
98047,surv5,Sprengelia incarnata,2654,NSWFFRDv2.1,"{""Benson McDougall Ecology Sydney Plant Species Cunn"",""Keith David pers. comm.""}","{""Life span"",5-25}","{""Cell color index 12""}",NA,NA,25,5
98048,surv5,Sprengelia incarnata,2654,NSWFFRDv2.1,"{""Benson McDougall Ecology Sydney Plant Species Cunn"",""Keith David pers. comm.""}","{""Life span"",5-25}","{""Cell color index 12""}",NA,NA,25,5
98049,surv5,Stachys arvensis,3450,NSWFFRDv2.1,NA,"{""Life span"",annual}",NA,NA,NA,NA,NA
98050,surv5,Stackhousia nuda,6122,NSWFFRDv2.1,"{""Keith David pers. comm.""}","{""Life span"",20-40}","{""Cell color index 12""}",NA,NA,40,20
98051,surv5,Triptilodiscus pygmaeus,8925,NSWFFRDv2.1,NA,"{""Life span"",annual}",NA,NA,NA,NA,NA
98052,surv5,Stackhousia pulvinaris,6123,NSWFFRDv2.1,"{""Wahren Papst Williams 1999""}","{""Life span"",10?}","{""Cell color index 12"",uncertain}",NA,10,NA,NA
98053,surv5,Stellaria filiformis,2003,NSWFFRDv2.1,NA,"{""Life span"",annual}",NA,NA,NA,NA,NA
98054,surv5,Stellaria flaccida,2004,NSWFFRDv2.1,"{""Chesterfield Taylor Molnar 1990""}","{""Life span"",""<5 (CT)""}",NA,NA,NA,5,NA
98055,surv5,Stellaria flaccida,2004,NSWFFRDv2.1,"{""Benson McDougall Ecology Sydney Plant Species Cunn""}","{""Life span"",""indefinite (1)""}",NA,NA,NA,NA,NA
98056,surv5,Stellaria media,2006,NSWFFRDv2.1,NA,"{""Life span"",annual}",NA,NA,NA,NA,NA
98057,surv5,Stellaria multiflora,2007,NSWFFRDv2.1,NA,"{""Life span"",annual}",NA,NA,NA,NA,NA
98058,surv5,Stellaria pungens,2008,NSWFFRDv2.1,"{""Wahren Papst Williams 1999""}","{""Life span"",10?}","{""Cell color index 12"",uncertain}",NA,10,NA,NA
98059,surv5,Stenopetalum lineare,1857,NSWFFRDv2.1,NA,"{""Life span"",annual}",NA,NA,NA,NA,NA
98060,surv5,Stenopetalum sphaerocarpum,1859,NSWFFRDv2.1,NA,"{""Life span"",annual}",NA,NA,NA,NA,NA
98061,surv5,Stenopetalum velutinum,1860,NSWFFRDv2.1,NA,"{""Life span"",annual}",NA,NA,NA,NA,NA
98062,surv5,Sticherus lobatus,7035,NSWFFRDv2.1,NA,"{""Life span"",indefinite}",NA,NA,NA,NA,NA
98063,surv5,Streblus brunonianus,3931,NSWFFRDv2.1,NA,"{""Life span"",>75}",NA,NA,NA,NA,75
98064,surv5,Stuartina hamata,1693,NSWFFRDv2.1,NA,"{""Life span"",annual}",NA,NA,NA,NA,NA
98065,surv5,Stylidium graminifolium,6157,NSWFFRDv2.1,"{""Wahren Papst Williams 1999"",""EcoGIS 2002""}","{""Life span"",""10? (58), present at 20-22 yo sites (105)""}",{uncertain},NA,10,NA,NA
98066,surv5,Stylidium graminifolium,6157,NSWFFRDv2.1,"{""Wahren Papst Williams 1999"",""EcoGIS 2002""}","{""Life span"",""10? (58), present at 20-22 yo sites (105)""}",{uncertain},NA,10,NA,NA
98067,surv5,Stylidium lineare,6159,NSWFFRDv2.1,"{""Keith David pers. comm.""}","{""Life span"",25-60}","{""Cell color index 12""}",NA,NA,60,25
98068,surv5,Styphelia longifolia,2659,NSWFFRDv2.1,NA,"{""Life span"",>20}",NA,NA,NA,NA,20
98069,surv5,Styphelia tubiflora,2661,NSWFFRDv2.1,"{""Keith David pers. comm.""}","{""Life span"",5-25}","{""Cell color index 12""}",NA,NA,25,5
98070,surv5,Swainsona recta,3056,NSWFFRDv2.1,"{""Porteners 1999""}","{""Life span"",>20}","{""Cell color index 12""}",NA,NA,NA,20
98071,surv5,Symphionema montanum,5484,NSWFFRDv2.1,NA,"{""Life span"",5-25}",NA,NA,NA,25,5
98072,surv5,Symphionema paludosum,5485,NSWFFRDv2.1,"{""Keith David pers. comm.""}","{""Life span"",5-25}","{""Cell color index 12""}",NA,NA,25,5
98073,surv5,Syncarpia glomulifera subsp. glomulifera,10748,NSWFFRDv2.1,"{""Benson McDougall Ecology Sydney Plant Species Cunn""}","{""Life span"",>100-500}","{""Cell color index 12""}",NA,NA,500,NA
98074,surv5,Synoum glandulosum subsp. glandulosum,11178,NSWFFRDv2.1,"{""Benson McDougall Ecology Sydney Plant Species Cunn""}","{""Life span"",long}","{""Cell color index 12""}",NA,NA,NA,NA
98075,surv5,Syzygium paniculatum,4293,NSWFFRDv2.1,NA,"{""Life span"",75-200}",NA,NA,NA,200,75
98076,surv5,Tagetes minuta,1695,NSWFFRDv2.1,NA,"{""Life span"",annual}",NA,NA,NA,NA,NA
98077,surv5,Telopea speciosissima,5488,NSWFFRDv2.1,"{""Benson McDougall Ecology Sydney Plant Species Cunn""}","{""Life span"",long}","{""Cell color index 12""}",NA,NA,NA,NA
98078,surv5,Tetragonia tetragonioides,11185,NSWFFRDv2.1,NA,"{""Life span"",<5}",NA,NA,NA,5,NA
98079,surv5,Tetraria capillaris,2516,NSWFFRDv2.1,NA,"{""Life span"",indefinite}",NA,NA,NA,NA,NA
98080,surv5,Tetrarrhena turfosa,7993,NSWFFRDv2.1,NA,"{""Life span"",indefinite}",NA,NA,NA,NA,NA
98081,surv5,Tetratheca ericifolia,6204,NSWFFRDv2.1,"{""Keith David pers. comm.""}","{""Life span"",25-60}","{""Cell color index 12""}",NA,NA,60,25
98082,surv5,Tetratheca glandulosa,6205,NSWFFRDv2.1,"{""Maryott-Brown Wilks 1993""}","{""Life span"",6-10?}","{""Cell color index 12"",uncertain}",NA,NA,10,6
98083,surv5,Tetratheca thymifolia,6214,NSWFFRDv2.1,"{""Keith David pers. comm.""}","{""Life span"",25-60}","{""Cell color index 12""}",NA,NA,60,25
98084,surv5,Thelionema caespitosum,7664,NSWFFRDv2.1,NA,"{""Life span"",indefinite}",NA,NA,NA,NA,NA
98085,surv5,Thelionema umbellatum,6461,NSWFFRDv2.1,"{""Keith David pers. comm.""}","{""Life span"",""indefinite (9)""}",NA,NA,NA,NA,NA
98086,surv5,Thelionema umbellatum,6461,NSWFFRDv2.1,"{""Clemens Franklin 1980""}","{""Life span"",""absent or rare in 10 yo heath (46)""}",NA,NA,NA,NA,NA
98087,surv5,Thelymitra pulchella,7393,NSWFFRDv2.1,"{""Wahren Papst Williams 1999""}","{""Life span"",15?}","{""Cell color index 12"",uncertain}",NA,15,NA,NA
98088,surv5,Themeda triandra,7770,NSWFFRDv2.1,"{""Morgan Lunt 1999""}","{""Life span"",""c. 15""}","{""Cell color index 12""}",NA,NA,NA,NA
98089,surv5,Thesium australe,5871,NSWFFRDv2.1,"{""RP Thesium australe""}","{""Life span"",short}","{""Cell color index 12""}",NA,NA,NA,NA
98090,surv5,Thismia rodwayi,1864,NSWFFRDv2.1,NA,"{""Life span"",annual}",NA,NA,NA,NA,NA
98091,surv5,Thysanotus juncifolius,3572,NSWFFRDv2.1,"{""Keith David pers. comm.""}","{""Life span"",25-60}","{""Cell color index 12""}",NA,NA,60,25
98092,surv5,Tmesipteris obliqua,9628,NSWFFRDv2.1,NA,"{""Life span"",indefinite}",NA,NA,NA,NA,NA
98093,surv5,Tmesipteris ovata,8168,NSWFFRDv2.1,"{""Benson McDougall Ecology Sydney Plant Species Cunn""}","{""Life span"",indefinite}","{""Cell color index 12""}",NA,NA,NA,NA
98094,surv5,Tmesipteris parva,8169,NSWFFRDv2.1,NA,"{""Life span"",limited}",NA,NA,NA,NA,NA
98095,surv5,Todea barbara,8151,NSWFFRDv2.1,"{""Benson McDougall Ecology Sydney Plant Species Cunn""}","{""Life span"",indefinite}","{""Cell color index 12""}",NA,NA,NA,NA
98096,surv5,Toona ciliata,8839,NSWFFRDv2.1,"{""Benson McDougall Ecology Sydney Plant Species Cunn""}","{""Life span"",100-200}","{""Cell color index 12""}",NA,NA,200,100
98097,surv5,Trachymene composita,7794,NSWFFRDv2.1,NA,"{""Life span"",annual}",NA,NA,NA,NA,NA
98098,surv5,Trachymene cyanopetala,1151,NSWFFRDv2.1,NA,"{""Life span"",annual}",NA,NA,NA,NA,NA
98099,surv5,Trachymene humilis subsp. humilis,6999,NSWFFRDv2.1,"{""Wahren Papst Williams 1999""}","{""Life span"",15?}","{""Cell color index 12"",uncertain}",NA,15,NA,NA
98100,surv5,Tragus australianus,5224,NSWFFRDv2.1,NA,"{""Life span"",annual}",NA,NA,NA,NA,NA
98101,surv5,Trianthema triquetra,7680,NSWFFRDv2.1,NA,"{""Life span"",annual}",NA,NA,NA,NA,NA
98102,surv5,Tricoryne simplex,3577,NSWFFRDv2.1,NA,"{""Life span"",25-60}",NA,NA,NA,60,25
98103,surv5,Tricostularia pauciflora,2518,NSWFFRDv2.1,"{""Keith David pers. comm.""}","{""Life span"",indefinite}","{""Cell color index 12""}",NA,NA,NA,NA
98104,surv5,Trifolium arvense,3073,NSWFFRDv2.1,NA,"{""Life span"",annual}",NA,NA,NA,NA,NA
98105,surv5,Trifolium campestre,3074,NSWFFRDv2.1,NA,"{""Life span"",annual}",NA,NA,NA,NA,NA
98106,surv5,Trifolium tomentosum,3091,NSWFFRDv2.1,NA,"{""Life span"",annual}",NA,NA,NA,NA,NA
98107,surv5,Trigonella suavissima,3092,NSWFFRDv2.1,NA,"{""Life span"",annual}",NA,NA,NA,NA,NA
98108,surv5,Triplarina nowraensis,9618,NSWFFRDv2.1,"{""EcoGIS 2002""}","{""Life span"",""common and fruiting at 15 yo site""}","{""Cell color index 12""}",NA,NA,NA,NA
98109,surv5,Triraphis mollis,5231,NSWFFRDv2.1,NA,"{""Life span"",annual}",NA,NA,NA,NA,NA
98110,surv5,Trisetum spicatum,5233,NSWFFRDv2.1,"{""Wahren Papst Williams 1999""}","{""Life span"",10?}","{""Cell color index 12"",uncertain}",NA,10,NA,NA
98111,surv5,Tristania neriifolia,4295,NSWFFRDv2.1,NA,"{""Life span"",25-75}",NA,NA,NA,75,25
98112,surv5,Tristaniopsis laurina,4297,NSWFFRDv2.1,"{""Benson McDougall Ecology Sydney Plant Species Cunn""}","{""Life span"",>100}","{""Cell color index 12""}",NA,NA,NA,100
98113,surv5,Triumfetta rhomboidea,6200,NSWFFRDv2.1,NA,"{""Life span"",annual}",NA,NA,NA,NA,NA
98114,surv5,Trochocarpa laurina,2663,NSWFFRDv2.1,"{""Benson McDougall Ecology Sydney Plant Species Cunn""}","{""Life span"",>10}","{""Cell color index 12""}",NA,NA,NA,10
98115,surv5,Urochloa subquadripara,7774,NSWFFRDv2.1,NA,"{""Life span"",annual}",NA,NA,NA,NA,NA
98116,surv5,Urtica incisa,6237,NSWFFRDv2.1,"{""Chesterfield Taylor Molnar 1990""}","{""Life span"",<5}","{""Cell color index 12""}",NA,NA,5,NA
98117,surv5,Urtica urens,6238,NSWFFRDv2.1,NA,"{""Life span"",annual}",NA,NA,NA,NA,NA
98118,surv5,Utricularia dichotoma,3507,NSWFFRDv2.1,"{""Benson McDougall Ecology Sydney Plant Species Cunn"",""Keith David pers. comm.""}","{""Life span"",indefinite}","{""Cell color index 12""}",NA,NA,NA,NA
98119,surv5,Utricularia dichotoma,3507,NSWFFRDv2.1,"{""Benson McDougall Ecology Sydney Plant Species Cunn"",""Keith David pers. comm.""}","{""Life span"",indefinite}","{""Cell color index 12""}",NA,NA,NA,NA
98120,surv5,Utricularia lateriflora,3508,NSWFFRDv2.1,"{""Benson McDougall Ecology Sydney Plant Species Cunn"",""Keith David pers. comm.""}","{""Life span"",indefinite}","{""Cell color index 12""}",NA,NA,NA,NA
98121,surv5,Utricularia lateriflora,3508,NSWFFRDv2.1,"{""Benson McDougall Ecology Sydney Plant Species Cunn"",""Keith David pers. comm.""}","{""Life span"",indefinite}","{""Cell color index 12""}",NA,NA,NA,NA
98122,surv5,Velleia connata,3212,NSWFFRDv2.1,NA,"{""Life span"",annual}",NA,NA,NA,NA,NA
98123,surv5,Velleia lyrata,3214,NSWFFRDv2.1,"{""Benson McDougall Ecology Sydney Plant Species Cunn""}","{""Life span"",<5}","{""Cell color index 12""}",NA,NA,5,NA
98124,surv5,Velleia montana,3215,NSWFFRDv2.1,"{""Wahren Papst Williams 1999""}","{""Life span"",10?}","{""Cell color index 12"",uncertain}",NA,10,NA,NA
98125,surv5,Velleia paradoxa,3216,NSWFFRDv2.1,NA,"{""Life span"",annual}",NA,NA,NA,NA,NA
98126,surv5,Velleia perfoliata,3218,NSWFFRDv2.1,"{""Benson McDougall Ecology Sydney Plant Species Cunn"",""Maryott-Brown Wilks 1993"",""RP Velleia perfoliata""}","{""Life span"",<5}","{""Cell color index 12""}",NA,NA,5,NA
98127,surv5,Velleia perfoliata,3218,NSWFFRDv2.1,"{""Benson McDougall Ecology Sydney Plant Species Cunn"",""Maryott-Brown Wilks 1993"",""RP Velleia perfoliata""}","{""Life span"",<5}","{""Cell color index 12""}",NA,NA,5,NA
98128,surv5,Velleia perfoliata,3218,NSWFFRDv2.1,"{""Benson McDougall Ecology Sydney Plant Species Cunn"",""Maryott-Brown Wilks 1993"",""RP Velleia perfoliata""}","{""Life span"",<5}","{""Cell color index 12""}",NA,NA,5,NA
98129,surv5,Velleia spathulata,3219,NSWFFRDv2.1,"{""Keith David pers. comm.""}","{""Life span"",25-60}","{""Cell color index 12""}",NA,NA,60,25
98130,surv5,Vernonia cinerea var. cinerea,9254,NSWFFRDv2.1,"{""Benson McDougall Ecology Sydney Plant Species Cunn""}","{""Life span"",1-5}","{""Cell color index 12""}",NA,NA,5,1
98131,surv5,Veronica derwentiana subsp. derwentiana,13395,NSWFFRDv2.1,"{""Wahren Papst Williams 1999""}","{""Life span"",10?}","{""Cell color index 12"",uncertain}",NA,10,NA,NA
98132,surv5,Villarsia exaltata,3692,NSWFFRDv2.1,"{""Benson McDougall Ecology Sydney Plant Species Cunn"",""Keith David pers. comm.""}","{""Life span"",indefinite}","{""Cell color index 12""}",NA,NA,NA,NA
98133,surv5,Villarsia exaltata,3692,NSWFFRDv2.1,"{""Benson McDougall Ecology Sydney Plant Species Cunn"",""Keith David pers. comm.""}","{""Life span"",indefinite}","{""Cell color index 12""}",NA,NA,NA,NA
98134,surv5,Viminaria juncea,3105,NSWFFRDv2.1,"{""Benson McDougall Ecology Sydney Plant Species Cunn"",""Keith David pers. comm.""}","{""Life span"",5-25}","{""Cell color index 12""}",NA,NA,25,5
98135,surv5,Viminaria juncea,3105,NSWFFRDv2.1,"{""Benson McDougall Ecology Sydney Plant Species Cunn"",""Keith David pers. comm.""}","{""Life span"",5-25}","{""Cell color index 12""}",NA,NA,25,5
98136,surv5,Viola betonicifolia,6270,NSWFFRDv2.1,"{""Wahren Papst Williams 1999""}","{""Life span"",15?}","{""Cell color index 12"",uncertain}",NA,15,NA,NA
98137,surv5,Viola hederacea,6272,NSWFFRDv2.1,"{""Wahren Papst Williams 1999""}","{""Life span"",""15? (58)""}",{uncertain},NA,15,NA,NA
98138,surv5,Viola hederacea,6272,NSWFFRDv2.1,"{""Clarke 1989""}","{""Life span"",""<5 (96)""}",NA,NA,NA,5,NA
98139,surv5,Viola sieberiana,11190,NSWFFRDv2.1,NA,"{""Life span"",25-60}",NA,NA,NA,60,25
98140,surv5,Vittadinia cuneata,1711,NSWFFRDv2.1,NA,"{""Life span"",annual}",NA,NA,NA,NA,NA
98141,surv5,Vittadinia hispidula,1715,NSWFFRDv2.1,NA,"{""Life span"",annual}",NA,NA,NA,NA,NA
98142,surv5,Vittadinia pterochaeta,1717,NSWFFRDv2.1,NA,"{""Life span"",annual}",NA,NA,NA,NA,NA
98143,surv5,Vulpia bromoides,5239,NSWFFRDv2.1,NA,"{""Life span"",annual}",NA,NA,NA,NA,NA
98144,surv5,Vulpia myuros,5242,NSWFFRDv2.1,NA,"{""Life span"",annual}",NA,NA,NA,NA,NA
98145,surv5,Wahlenbergia ceracea,1928,NSWFFRDv2.1,"{""Wahren Papst Williams 1999""}","{""Life span"",15?}","{""Cell color index 12"",uncertain}",NA,15,NA,NA
98146,surv5,Wahlenbergia gloriosa,1932,NSWFFRDv2.1,"{""Wahren Papst Williams 1999""}","{""Life span"",15?}","{""Cell color index 12"",uncertain}",NA,15,NA,NA
98147,surv5,Wahlenbergia gracilenta,1933,NSWFFRDv2.1,NA,"{""Life span"",annual}",NA,NA,NA,NA,NA
98148,surv5,Wahlenbergia multicaulis,1937,NSWFFRDv2.1,"{""Wahren Papst Williams 1999""}","{""Life span"",15?}","{""Cell color index 12"",uncertain}",NA,15,NA,NA
98149,surv5,Waitzia acuminata,1721,NSWFFRDv2.1,NA,"{""Life span"",annual}",NA,NA,NA,NA,NA
98150,surv5,Waitzia citrina,1722,NSWFFRDv2.1,NA,"{""Life span"",annual}",NA,NA,NA,NA,NA
98151,surv5,Westringia davidii,7832,NSWFFRDv2.1,"{""RP Threatened Flora of Rocky Outcrops in South Eas""}","{""Life span"",long}","{""Cell color index 12""}",NA,NA,NA,NA
98152,surv5,Wilkiea huegeliana,3918,NSWFFRDv2.1,"{""Benson McDougall Ecology Sydney Plant Species Cunn""}","{""Life span"",long}","{""Cell color index 12""}",NA,NA,NA,NA
98153,surv5,Woollsia pungens,2664,NSWFFRDv2.1,"{""Benson McDougall Ecology Sydney Plant Species Cunn""}","{""Life span"",""10-20 (1)""}",NA,NA,NA,20,10
98154,surv5,Woollsia pungens,2664,NSWFFRDv2.1,"{""Clemens Franklin 1980""}","{""Life span"",""absent or rare in 10 yo heath (46)""}",NA,NA,NA,NA,NA
98155,surv5,Woollsia pungens,2664,NSWFFRDv2.1,"{""Benson McDougall Ecology Sydney Plant Species Cunn""}","{""Life span"",""present in 13 yo site (1)""}",NA,NA,NA,NA,NA
98156,surv5,Xanthium strumarium,7452,NSWFFRDv2.1,NA,"{""Life span"",annual}",NA,NA,NA,NA,NA
98157,surv5,Xanthorrhoea australis,6316,NSWFFRDv2.1,"{""Specht Rayson Jackman 1958""}","{""Life span"","">50 (33)""}",NA,NA,NA,NA,50
98158,surv5,Xanthorrhoea australis,6316,NSWFFRDv2.1,"{""Department Natural Resources Environment ""}","{""Life span"",""300 (38)""}",NA,NA,300,NA,NA
98159,surv5,Xanthorrhoea johnsonii,6317,NSWFFRDv2.1,"{""Watts Greg. pers. comm.""}","{""Life span"",250}","{""Cell color index 12""}",NA,250,NA,NA
98160,surv5,Xanthorrhoea resinosa,6321,NSWFFRDv2.1,"{""Keith David pers. comm.""}","{""Life span"",80-250}","{""Cell color index 12""}",NA,NA,250,80
98161,surv5,Xanthosia dissecta,1161,NSWFFRDv2.1,"{""Benson McDougall Ecology Sydney Plant Species Cunn"",""Keith David pers. comm.""}","{""Life span"",5-25}","{""Cell color index 12""}",NA,NA,25,5
98162,surv5,Xanthosia dissecta,1161,NSWFFRDv2.1,"{""Benson McDougall Ecology Sydney Plant Species Cunn"",""Keith David pers. comm.""}","{""Life span"",5-25}","{""Cell color index 12""}",NA,NA,25,5
98163,surv5,Xanthosia pilosa,1162,NSWFFRDv2.1,"{""Keith David pers. comm.""}","{""Life span"",5-25}","{""Cell color index 12""}",NA,NA,25,5
98164,surv5,Xanthosia tridentata,1163,NSWFFRDv2.1,"{""Benson McDougall Ecology Sydney Plant Species Cunn""}","{""Life span"",""<20 (1)""}",NA,NA,NA,20,NA
98165,surv5,Xanthosia tridentata,1163,NSWFFRDv2.1,"{""Keith David pers. comm.""}","{""Life span"",""5-25 (9)""}",NA,NA,NA,25,5
98166,surv5,Xerochrysum subundulatum,11379,NSWFFRDv2.1,NA,"{""Life span"",annual}",NA,NA,NA,NA,NA
98167,surv5,Xerochrysum viscosum,11380,NSWFFRDv2.1,NA,"{""Life span"",annual}",NA,NA,NA,NA,NA
98168,surv5,Acacia alaticaulis,9982,NSWFFRDv2.1,"{""Maryott-Brown Wilks 1993""}",{15-25},"{""Data entry by"",""Renee Woodward"",""No vocabularies for MoE""}",NA,NA,25,15
98169,surv5,Xyris gracilis,6322,NSWFFRDv2.1,"{""Keith David pers. comm.""}","{""Life span"",indefinite}","{""Cell color index 12""}",NA,NA,NA,NA
98170,surv5,Xyris juncea,6323,NSWFFRDv2.1,NA,"{""Life span"",indefinite}",NA,NA,NA,NA,NA
98171,surv5,Xyris operculata,6324,NSWFFRDv2.1,NA,"{""Life span"",indefinite}",NA,NA,NA,NA,NA
98172,surv5,Xyris ustulata,6325,NSWFFRDv2.1,NA,"{""Life span"",indefinite}",NA,NA,NA,NA,NA
98173,surv5,Zieria buxijugum,9489,NSWFFRDv2.1,"{""RP Zieria formosa, Zieria buxijugum, Zieria parris""}","{""Life span"",20-30?}","{""Cell color index 12"",uncertain}",NA,NA,30,20
98174,surv5,Zieria buxijugum,9489,NSWFFRDv2.1,"{""RP Zieria formosa, Zieria buxijugum, Zieria parris""}","{""Life span"",20-30?}","{""Cell color index 12"",uncertain}",NA,NA,30,20
98175,surv5,Zieria buxijugum,9489,NSWFFRDv2.1,"{""RP Zieria formosa, Zieria buxijugum, Zieria parris""}","{""Life span"",20-30?}","{""Cell color index 12"",uncertain}",NA,NA,30,20
98176,surv5,Zieria formosa,9492,NSWFFRDv2.1,"{""RP Zieria formosa, Zieria buxijugum, Zieria parris""}","{""Life span"",20-30?}","{""Cell color index 12"",uncertain}",NA,NA,30,20
98177,surv5,Zieria formosa,9492,NSWFFRDv2.1,"{""RP Zieria formosa, Zieria buxijugum, Zieria parris""}","{""Life span"",20-30?}","{""Cell color index 12"",uncertain}",NA,NA,30,20
98178,surv5,Zieria formosa,9492,NSWFFRDv2.1,"{""RP Zieria formosa, Zieria buxijugum, Zieria parris""}","{""Life span"",20-30?}","{""Cell color index 12"",uncertain}",NA,NA,30,20
98179,surv5,Zieria involucrata,5840,NSWFFRDv2.1,"{""Maryott-Brown Wilks 1993"",""RP Zieria involucrata""}","{""Life span"",10-20}","{""Cell color index 12""}",NA,NA,20,10
98180,surv5,Zieria involucrata,5840,NSWFFRDv2.1,"{""Maryott-Brown Wilks 1993"",""RP Zieria involucrata""}","{""Life span"",10-20}","{""Cell color index 12""}",NA,NA,20,10
98181,surv5,Zieria laevigata,5841,NSWFFRDv2.1,"{""Keith David pers. comm.""}","{""Life span"",""5-25 (9)""}",NA,NA,NA,25,5
98182,surv5,Zieria laevigata,5841,NSWFFRDv2.1,"{""Clemens Franklin 1980""}","{""Life span"",""absent or rare in 10 yo heath (46)""}",NA,NA,NA,NA,NA
98183,surv5,Zieria lasiocaulis,9494,NSWFFRDv2.1,NA,"{""Life span"",""c. 20-30""}",NA,NA,NA,30,NA
98184,surv5,Zieria parrisiae,9595,NSWFFRDv2.1,"{""RP Zieria formosa, Zieria buxijugum, Zieria parris""}","{""Life span"",""c. 50""}","{""Cell color index 12""}",NA,NA,NA,NA
98185,surv5,Zieria parrisiae,9595,NSWFFRDv2.1,"{""RP Zieria formosa, Zieria buxijugum, Zieria parris""}","{""Life span"",""c. 50""}","{""Cell color index 12""}",NA,NA,NA,NA
98186,surv5,Zieria parrisiae,9595,NSWFFRDv2.1,"{""RP Zieria formosa, Zieria buxijugum, Zieria parris""}","{""Life span"",""c. 50""}","{""Cell color index 12""}",NA,NA,NA,NA
98187,surv5,Zygophyllum ammophilum,6349,NSWFFRDv2.1,NA,"{""Life span"",annual}",NA,NA,NA,NA,NA
98188,surv5,Zygophyllum crenatum,6352,NSWFFRDv2.1,NA,"{""Life span"",annual}",NA,NA,NA,NA,NA
98189,surv5,Zygophyllum glaucum,6354,NSWFFRDv2.1,NA,"{""Life span"",annual}",NA,NA,NA,NA,NA
