"record_id","species_code","species","trait_code","main_source","original_sources","norm_value","best","lower","upper","match_type"
"156726","3769","Acacia elongata","surv1","NSWFFRDv2.1","{""Auld 1991""}","None",NA,NA,NA,"exact"
"156978","3814","Acacia linifolia","surv1","NSWFFRDv2.1","{""Auld 1991""}","None",NA,NA,NA,"exact"
"157025","3817","Acacia longissima","surv1","NSWFFRDv2.1","{""Auld 1991""}","None",NA,NA,NA,"exact"
"157187","3834","Acacia myrtifolia","surv1","NSWFFRDv2.1","{""Auld 1991""}","None",NA,NA,NA,"exact"
"157468","3881","Acacia suaveolens","surv1","NSWFFRDv2.1","{""Auld 1991""}","None",NA,NA,NA,"exact"
"157523","3885","Acacia terminalis","surv1","NSWFFRDv2.1","{""Auld 1991""}","None",NA,NA,NA,"exact"
"159411","2770","Aotus ericoides","surv1","NSWFFRDv2.1","{""Auld 1991""}","All",NA,NA,NA,"exact"
"166760","2843","Dillwynia floribunda","surv1","NSWFFRDv2.1","{""Auld 1991""}","None",NA,NA,NA,"exact"
"171505","2860","Glycine clandestina","surv1","NSWFFRDv2.1","{""Auld 1991""}","All",NA,NA,NA,"exact"
"171549","2864","Gompholobium glabratum","surv1","NSWFFRDv2.1","{""Auld 1991""}","All",NA,NA,NA,"exact"
"171631","2867","Gompholobium minus","surv1","NSWFFRDv2.1","{""Auld 1991""}","All",NA,NA,NA,"exact"
"173913","2873","Hardenbergia violacea","surv1","NSWFFRDv2.1","{""Auld 1991""}","All",NA,NA,NA,"exact"
"175224","2898","Kennedia rubicunda","surv1","NSWFFRDv2.1","{""Auld 1991""}","All",NA,NA,NA,"exact"
"181899","2958","Phyllota phylicoides","surv1","NSWFFRDv2.1","{""Auld 1991""}","All",NA,NA,NA,"exact"
"182729","2985","Pultenaea daphnoides","surv1","NSWFFRDv2.1","{""Auld 1991""}","None",NA,NA,NA,"exact"
"182754","2993","Pultenaea flexilis","surv1","NSWFFRDv2.1","{""Auld 1991""}","None",NA,NA,NA,"exact"
"182764","2995","Pultenaea glabra","surv1","NSWFFRDv2.1","{""Auld 1991""}","None",NA,NA,NA,"exact"
"182774","3002","Pultenaea linophylla","surv1","NSWFFRDv2.1","{""Auld 1991""}","None",NA,NA,NA,"exact"
"182796","3011","Pultenaea polifolia","surv1","NSWFFRDv2.1","{""Auld 1991""}","None",NA,NA,NA,"exact"
"182833","3018","Pultenaea stipularis","surv1","NSWFFRDv2.1","{""Auld 1991""}","None",NA,NA,NA,"exact"
"184300","3105","Viminaria juncea","surv1","NSWFFRDv2.1","{""Auld 1991""}","None",NA,NA,NA,"exact"
"178856","2936","Mirbelia platylobioides","surv1","NSWFFRDv2.1","{""Auld 1991""}","All",NA,NA,NA,"exact"
"182087","2961","Platylobium formosum","surv1","NSWFFRDv2.1","{""Auld 1991""}","All",NA,NA,NA,"exact"
"158247","8365","Almaleea incurvata","surv1","NSWFFRDv2.1","{""Auld 1991""}","None",NA,NA,NA,"exact"
"166079","3174","Dampiera stricta","surv1","NSWFFRDv2.1","{""Bradstock Tozer Keith 1997""}","All",NA,NA,NA,"exact"
"174840","5533","Hypolaena fastigiata","surv1","NSWFFRDv2.1","{""Bradstock Tozer Keith 1997""}","All",NA,NA,NA,"exact"
"176742","2471","Lepidosperma neesii","surv1","NSWFFRDv2.1","{""Bradstock Tozer Keith 1997""}","All",NA,NA,NA,"exact"
"182694","8956","Ptilothrix deusta","surv1","NSWFFRDv2.1","{""Bradstock Tozer Keith 1997""}","All",NA,NA,NA,"exact"
"159360","4749","Anisopogon avenaceus","surv1","NSWFFRDv2.1","{""Bradstock Tozer Keith 1997""}","All",NA,NA,NA,"exact"
"165931","2347","Cyathochaeta diandra","surv1","NSWFFRDv2.1","{""Bradstock Tozer Keith 1997""}","All",NA,NA,NA,"exact"
"168544","4947","Entolasia stricta","surv1","NSWFFRDv2.1","{""Bradstock Tozer Keith 1997""}","All",NA,NA,NA,"exact"
"176612","8380","Lepidosperma concavum","surv1","NSWFFRDv2.1","{""Bradstock Tozer Keith 1997""}","All",NA,NA,NA,"exact"
"177810","6298","Lomandra cylindrica","surv1","NSWFFRDv2.1","{""Bradstock Tozer Keith 1997""}","All",NA,NA,NA,"exact"
"177858","6302","Lomandra filiformis","surv1","NSWFFRDv2.1","{""Bradstock Tozer Keith 1997""}","All",NA,NA,NA,"exact"
"177915","6304","Lomandra glauca","surv1","NSWFFRDv2.1","{""Bradstock Tozer Keith 1997""}","All",NA,NA,NA,"exact"
"184265","3219","Velleia spathulata","surv1","NSWFFRDv2.1","{""Bradstock Tozer Keith 1997""}","All",NA,NA,NA,"exact"
"160276","5345","Banksia oblongifolia","surv1","NSWFFRDv2.1","{""Bradstock Tozer Keith 1997""}","All",NA,NA,NA,"exact"
"158472","3972","Angophora hispida","surv1","NSWFFRDv2.1","{""Bradstock Tozer Keith 1997""}","All",NA,NA,NA,"exact"
"162637","3535","Caesia parviflora","surv1","NSWFFRDv2.1","{""Bradstock Tozer Keith 1997""}","All",NA,NA,NA,"exact"
"168222","2559","Drosera peltata","surv1","NSWFFRDv2.1","{""Bradstock Tozer Keith 1997""}","All",NA,NA,NA,"exact"
"168256","2560","Drosera pygmaea","surv1","NSWFFRDv2.1","{""Bradstock Tozer Keith 1997""}","All",NA,NA,NA,"exact"
"173605","6435","Haemodorum corymbosum","surv1","NSWFFRDv2.1","{""Bradstock Tozer Keith 1997""}","All",NA,NA,NA,"exact"
"180949","3303","Patersonia sericea","surv1","NSWFFRDv2.1","{""Bradstock Tozer Keith 1997""}","All",NA,NA,NA,"exact"
"183784","6159","Stylidium lineare","surv1","NSWFFRDv2.1","{""Bradstock Tozer Keith 1997""}","All",NA,NA,NA,"exact"
"183970","6461","Thelionema umbellatum","surv1","NSWFFRDv2.1","{""Bradstock Tozer Keith 1997""}","All",NA,NA,NA,"exact"
"184057","3572","Thysanotus juncifolius","surv1","NSWFFRDv2.1","{""Bradstock Tozer Keith 1997""}","All",NA,NA,NA,"exact"
"174157","10863","Hibbertia empetrifolia subsp. empetrifolia","surv1","NSWFFRDv2.1","{""Bradstock Tozer Keith 1997""}","All",NA,NA,NA,"exact"
"178229","10531","Macrozamia plurinervia","surv1","NSWFFRDv2.1","{""Clarke Knox 2002""}","All",NA,NA,NA,"exact"
"175500","10724","Leionema ambiens","surv1","NSWFFRDv2.1","{""Clarke Knox 2002""}","None",NA,NA,NA,"exact"
"175540","10736","Leionema rotundifolium","surv1","NSWFFRDv2.1","{""Clarke Knox 2002""}","None",NA,NA,NA,"exact"
"157700","10796","Acacia williamsiana","surv1","NSWFFRDv2.1","{""Clarke Knox 2002""}","None",NA,NA,NA,"exact"
"173691","10803","Hakea laevipes subsp. graniticola","surv1","NSWFFRDv2.1","{""Clarke Knox 2002""}","All",NA,NA,NA,"exact"
"160182","10817","Banksia integrifolia subsp. monticola","surv1","NSWFFRDv2.1","{""Clarke Knox 2002""}","All",NA,NA,NA,"exact"
"172196","10967","Grevillea juniperina subsp. allojohnsonii","surv1","NSWFFRDv2.1","{""Clarke Knox 2002""}","All",NA,NA,NA,"exact"
"173531","10985","Grevillea viridiflava","surv1","NSWFFRDv2.1","{""Clarke Knox 2002""}","All",NA,NA,NA,"exact"
"162590","11018","Bursaria spinosa subsp. spinosa","surv1","NSWFFRDv2.1","{""Clarke Knox 2002""}","All",NA,NA,NA,"exact"
"159441","11046","Aotus subglauca var. subglauca","surv1","NSWFFRDv2.1","{""Clarke Knox 2002""}","All",NA,NA,NA,"exact"
"174495","11251","Homoranthus binghiensis","surv1","NSWFFRDv2.1","{""Clarke Knox 2002""}","None",NA,NA,NA,"exact"
"174531","11619","Hovea apiculata","surv1","NSWFFRDv2.1","{""Clarke Knox 2002""}","None",NA,NA,NA,"exact"
"157828","11966","Acrothamnus hookeri","surv1","NSWFFRDv2.1","{""Clarke Knox 2002""}","None",NA,NA,NA,"partial"
"181525","12004","Philotheca epilosa","surv1","NSWFFRDv2.1","{""Clarke Knox 2002""}","None",NA,NA,NA,"exact"
"159753","1205","Astrotricha longifolia","surv1","NSWFFRDv2.1","{""Clarke Knox 2002""}","All",NA,NA,NA,"exact"
"182293","1211","Polyscias sambucifolia","surv1","NSWFFRDv2.1","{""Clarke Knox 2002""}","All",NA,NA,NA,"exact"
"174537","12176","Hovea graniticola","surv1","NSWFFRDv2.1","{""Clarke Knox 2002""}","None",NA,NA,NA,"exact"
"183661","12323","Spyridium scortechinii","surv1","NSWFFRDv2.1","{""Clarke Knox 2002""}","All",NA,NA,NA,"exact"
"173955","13289","Harmogia densifolia","surv1","NSWFFRDv2.1","{""Clarke Knox 2002""}","All",NA,NA,NA,"exact"
"163299","1367","Cassinia laevis","surv1","NSWFFRDv2.1","{""Clarke Knox 2002""}","None",NA,NA,NA,"exact"
"163329","1370","Cassinia quinquefaria","surv1","NSWFFRDv2.1","{""Clarke Knox 2002""}","None",NA,NA,NA,"exact"
"160248","14554","Banksia neoanglica","surv1","NSWFFRDv2.1","{""Clarke Knox 2002""}","All",NA,NA,NA,"exact"
"180330","1604","Olearia myrsinoides","surv1","NSWFFRDv2.1","{""Clarke Knox 2002""}","All",NA,NA,NA,"exact"
"180382","1612","Olearia rosmarinifolia","surv1","NSWFFRDv2.1","{""Clarke Knox 2002""}","All",NA,NA,NA,"exact"
"180428","1618","Olearia viscidula","surv1","NSWFFRDv2.1","{""Clarke Knox 2002""}","All",NA,NA,NA,"exact"
"174061","2526","Hibbertia acicularis","surv1","NSWFFRDv2.1","{""Clarke Knox 2002""}","All",NA,NA,NA,"exact"
"174115","2531","Hibbertia cistoidea","surv1","NSWFFRDv2.1","{""Clarke Knox 2002""}","All",NA,NA,NA,"exact"
"174214","2539","Hibbertia linearis","surv1","NSWFFRDv2.1","{""Clarke Knox 2002""}","All",NA,NA,NA,"exact"
"174259","2542","Hibbertia obtusifolia","surv1","NSWFFRDv2.1","{""Clarke Knox 2002""}","All",NA,NA,NA,"exact"
"174311","2545","Hibbertia riparia","surv1","NSWFFRDv2.1","{""Clarke Knox 2002""}","All",NA,NA,NA,"exact"
"174371","2550","Hibbertia serpyllifolia","surv1","NSWFFRDv2.1","{""Clarke Knox 2002""}","All",NA,NA,NA,"exact"
"174399","2551","Hibbertia vestita","surv1","NSWFFRDv2.1","{""Clarke Knox 2002""}","All",NA,NA,NA,"exact"
"157847","2580","Acrotriche aggregata","surv1","NSWFFRDv2.1","{""Clarke Knox 2002""}","All",NA,NA,NA,"exact"
"168560","2591","Epacris breviflora","surv1","NSWFFRDv2.1","{""Clarke Knox 2002""}","All",NA,NA,NA,"exact"
"168696","2602","Epacris obtusifolia","surv1","NSWFFRDv2.1","{""Clarke Knox 2002""}","None",NA,NA,NA,"exact"
"177296","2613","Leucopogon biflorus","surv1","NSWFFRDv2.1","{""Clarke Knox 2002""}","All",NA,NA,NA,"partial"
"177422","2628","Leucopogon melaleucoides","surv1","NSWFFRDv2.1","{""Clarke Knox 2002""}","All",NA,NA,NA,"exact"
"177468","2630","Leucopogon muticus","surv1","NSWFFRDv2.1","{""Clarke Knox 2002""}","None",NA,NA,NA,"exact"
"177474","2631","Leucopogon neo-anglicus","surv1","NSWFFRDv2.1","{""Clarke Knox 2002""}","None",NA,NA,NA,"exact"
"177564","2639","Leucopogon virgatus","surv1","NSWFFRDv2.1","{""Clarke Knox 2002""}","All",NA,NA,NA,"exact"
"178640","2644","Melichrus erubescens","surv1","NSWFFRDv2.1","{""Clarke Knox 2002""}","None",NA,NA,NA,"exact"
"178654","2645","Melichrus procumbens","surv1","NSWFFRDv2.1","{""Clarke Knox 2002""}","All",NA,NA,NA,"exact"
"178666","2646","Melichrus urceolatus","surv1","NSWFFRDv2.1","{""Clarke Knox 2002""}","All",NA,NA,NA,"exact"
"179983","2649","Monotoca scoparia","surv1","NSWFFRDv2.1","{""Clarke Knox 2002""}","All",NA,NA,NA,"exact"
"183642","2654","Sprengelia incarnata","surv1","NSWFFRDv2.1","{""Clarke Knox 2002""}","None",NA,NA,NA,"exact"
"183812","2660","Styphelia triflora","surv1","NSWFFRDv2.1","{""Clarke Knox 2002""}","None",NA,NA,NA,"exact"
"160983","2783","Bossiaea neo-anglica","surv1","NSWFFRDv2.1","{""Clarke Knox 2002""}","All",NA,NA,NA,"exact"
"160996","2784","Bossiaea obcordata","surv1","NSWFFRDv2.1","{""Clarke Knox 2002""}","All",NA,NA,NA,"exact"
"161055","2790","Bossiaea scortechinii","surv1","NSWFFRDv2.1","{""Clarke Knox 2002""}","All",NA,NA,NA,"exact"
"166198","2816","Daviesia acicularis","surv1","NSWFFRDv2.1","{""Clarke Knox 2002""}","None",NA,NA,NA,"exact"
"166243","2822","Daviesia genistifolia","surv1","NSWFFRDv2.1","{""Clarke Knox 2002""}","All",NA,NA,NA,"exact"
"166255","2823","Daviesia latifolia","surv1","NSWFFRDv2.1","{""Clarke Knox 2002""}","Most",NA,NA,NA,"exact"
"166327","2827","Daviesia ulicifolia","surv1","NSWFFRDv2.1","{""Clarke Knox 2002""}","None",NA,NA,NA,"exact"
"166340","2828","Daviesia umbellulata","surv1","NSWFFRDv2.1","{""Clarke Knox 2002""}","None",NA,NA,NA,"exact"
"166948","2851","Dillwynia sericea","surv1","NSWFFRDv2.1","{""Clarke Knox 2002""}","None",NA,NA,NA,"exact"
"173937","2873","Hardenbergia violacea","surv1","NSWFFRDv2.1","{""Clarke Knox 2002""}","All",NA,NA,NA,"exact"
"174586","2876","Hovea linearis","surv1","NSWFFRDv2.1","{""Clarke Knox 2002""}","All",NA,NA,NA,"exact"
"174946","2882","Indigofera australis","surv1","NSWFFRDv2.1","{""Clarke Knox 2002""}","All",NA,NA,NA,"exact"
"175092","2892","Jacksonia scoparia","surv1","NSWFFRDv2.1","{""Clarke Knox 2002""}","All",NA,NA,NA,"exact"
"179789","2937","Mirbelia pungens","surv1","NSWFFRDv2.1","{""Clarke Knox 2002""}","None",NA,NA,NA,"exact"
"179823","2938","Mirbelia rubiifolia","surv1","NSWFFRDv2.1","{""Clarke Knox 2002""}","All",NA,NA,NA,"exact"
"181905","2958","Phyllota phylicoides","surv1","NSWFFRDv2.1","{""Clarke Knox 2002""}","All",NA,NA,NA,"exact"
"182759","2994","Pultenaea foliolosa","surv1","NSWFFRDv2.1","{""Clarke Knox 2002""}","All",NA,NA,NA,"exact"
"182781","3003","Pultenaea microphylla","surv1","NSWFFRDv2.1","{""Clarke Knox 2002""}","All",NA,NA,NA,"exact"
"182808","3013","Pultenaea pycnocephala","surv1","NSWFFRDv2.1","{""Clarke Knox 2002""}","None",NA,NA,NA,"exact"
"182505","3429","Prostanthera saxicola","surv1","NSWFFRDv2.1","{""Clarke Knox 2002""}","None",NA,NA,NA,"exact"
"182510","3430","Prostanthera scutellarioides","surv1","NSWFFRDv2.1","{""Clarke Knox 2002""}","None",NA,NA,NA,"exact"
"156518","3715","Acacia betchei","surv1","NSWFFRDv2.1","{""Clarke Knox 2002""}","None",NA,NA,NA,"exact"
"156576","3725","Acacia burbidgeae","surv1","NSWFFRDv2.1","{""Clarke Knox 2002""}","None",NA,NA,NA,"exact"
"156684","3758","Acacia dealbata","surv1","NSWFFRDv2.1","{""Clarke Knox 2002""}","None",NA,NA,NA,"exact"
"156750","3772","Acacia falciformis","surv1","NSWFFRDv2.1","{""Clarke Knox 2002""}","All",NA,NA,NA,"exact"
"156762","3773","Acacia filicifolia","surv1","NSWFFRDv2.1","{""Clarke Knox 2002""}","Few",NA,NA,NA,"exact"
"156768","3774","Acacia fimbriata","surv1","NSWFFRDv2.1","{""Clarke Knox 2002""}","None",NA,NA,NA,"exact"
"156828","3784","Acacia granitica","surv1","NSWFFRDv2.1","{""Clarke Knox 2002""}","None",NA,NA,NA,"exact"
"156840","3785","Acacia gunnii","surv1","NSWFFRDv2.1","{""Clarke Knox 2002""}","All",NA,NA,NA,"exact"
"156869","3790","Acacia hispidula","surv1","NSWFFRDv2.1","{""Clarke Knox 2002""}","None",NA,NA,NA,"exact"
"156887","3792","Acacia implexa","surv1","NSWFFRDv2.1","{""Clarke Knox 2002""}","All",NA,NA,NA,"exact"
"156945","3807","Acacia latisepala","surv1","NSWFFRDv2.1","{""Clarke Knox 2002""}","None",NA,NA,NA,"exact"
"157045","3820","Acacia macnuttiana","surv1","NSWFFRDv2.1","{""Clarke Knox 2002""}","None",NA,NA,NA,"partial"
"157250","3839","Acacia obtusifolia","surv1","NSWFFRDv2.1","{""Clarke Knox 2002""}","None",NA,NA,NA,"exact"
"157341","3858","Acacia pruinosa","surv1","NSWFFRDv2.1","{""Clarke Knox 2002""}","All",NA,NA,NA,"exact"
"157570","3888","Acacia torringtonensis","surv1","NSWFFRDv2.1","{""Clarke Knox 2002""}","None",NA,NA,NA,"exact"
"157581","3892","Acacia triptera","surv1","NSWFFRDv2.1","{""Clarke Knox 2002""}","None",NA,NA,NA,"exact"
"157619","3893","Acacia ulicifolia","surv1","NSWFFRDv2.1","{""Clarke Knox 2002""}","None",NA,NA,NA,"exact"
"157688","3899","Acacia viscidula","surv1","NSWFFRDv2.1","{""Clarke Knox 2002""}","None",NA,NA,NA,"exact"
"162835","4006","Callistemon flavovirens","surv1","NSWFFRDv2.1","{""Clarke Knox 2002""}","All",NA,NA,NA,"exact"
"162845","4008","Callistemon linearis","surv1","NSWFFRDv2.1","{""Clarke Knox 2002""}","All",NA,NA,NA,"exact"
"162865","4011","Callistemon pallidus","surv1","NSWFFRDv2.1","{""Clarke Knox 2002""}","All",NA,NA,NA,"exact"
"162912","4017","Callistemon sieberi","surv1","NSWFFRDv2.1","{""Clarke Knox 2002""}","All",NA,NA,NA,"exact"
"163119","4021","Calytrix tetragona","surv1","NSWFFRDv2.1","{""Clarke Knox 2002""}","None",NA,NA,NA,"exact"
"175270","4205","Kunzea bracteolata","surv1","NSWFFRDv2.1","{""Clarke Knox 2002""}","None",NA,NA,NA,"exact"
"176897","4213","Leptospermum arachnoides","surv1","NSWFFRDv2.1","{""Clarke Knox 2002""}","All",NA,NA,NA,"exact"
"176905","4216","Leptospermum brevipes","surv1","NSWFFRDv2.1","{""Clarke Knox 2002""}","All",NA,NA,NA,"exact"
"177048","4227","Leptospermum minutifolium","surv1","NSWFFRDv2.1","{""Clarke Knox 2002""}","All",NA,NA,NA,"exact"
"178770","4275","Micromyrtus sessilis","surv1","NSWFFRDv2.1","{""Clarke Knox 2002""}","Most",NA,NA,NA,"exact"
"180144","4317","Notelaea linearis","surv1","NSWFFRDv2.1","{""Clarke Knox 2002""}","All",NA,NA,NA,"exact"
"160238","5344","Banksia marginata","surv1","NSWFFRDv2.1","{""Clarke Knox 2002""}","None",NA,NA,NA,"exact"
"165273","5352","Conospermum taxifolium","surv1","NSWFFRDv2.1","{""Clarke Knox 2002""}","All",NA,NA,NA,"exact"
"173525","5405","Grevillea triternata","surv1","NSWFFRDv2.1","{""Clarke Knox 2002""}","All",NA,NA,NA,"exact"
"173669","5412","Hakea eriantha","surv1","NSWFFRDv2.1","{""Clarke Knox 2002""}","None",NA,NA,NA,"exact"
"173757","5420","Hakea microcarpa","surv1","NSWFFRDv2.1","{""Clarke Knox 2002""}","All",NA,NA,NA,"exact"
"175062","5438","Isopogon petiolaris","surv1","NSWFFRDv2.1","{""Clarke Knox 2002""}","All",NA,NA,NA,"exact"
"178063","5442","Lomatia fraseri","surv1","NSWFFRDv2.1","{""Clarke Knox 2002""}","All",NA,NA,NA,"exact"
"178121","5445","Lomatia silaifolia","surv1","NSWFFRDv2.1","{""Clarke Knox 2002""}","All",NA,NA,NA,"exact"
"181081","5455","Persoonia cornifolia","surv1","NSWFFRDv2.1","{""Clarke Knox 2002""}","All",NA,NA,NA,"exact"
"181087","5457","Persoonia fastigiata","surv1","NSWFFRDv2.1","{""Clarke Knox 2002""}","All",NA,NA,NA,"exact"
"181329","5475","Persoonia tenuifolia","surv1","NSWFFRDv2.1","{""Clarke Knox 2002""}","All",NA,NA,NA,"exact"
"181364","5477","Petrophile canescens","surv1","NSWFFRDv2.1","{""Clarke Knox 2002""}","All",NA,NA,NA,"exact"
"165720","5554","Cryptandra amara","surv1","NSWFFRDv2.1","{""Clarke Knox 2002""}","All",NA,NA,NA,"exact"
"165759","5557","Cryptandra lanosiflora","surv1","NSWFFRDv2.1","{""Clarke Knox 2002""}","None",NA,NA,NA,"exact"
"167014","5564","Discaria pubescens","surv1","NSWFFRDv2.1","{""Clarke Knox 2002""}","None",NA,NA,NA,"exact"
"182340","5578","Pomaderris eriocephala","surv1","NSWFFRDv2.1","{""Clarke Knox 2002""}","All",NA,NA,NA,"exact"
"182993","5642","Rubus parvifolius","surv1","NSWFFRDv2.1","{""Clarke Knox 2002""}","All",NA,NA,NA,"exact"
"160711","5732","Boronia algida","surv1","NSWFFRDv2.1","{""Clarke Knox 2002""}","All",NA,NA,NA,"exact"
"160731","5734","Boronia anethifolia","surv1","NSWFFRDv2.1","{""Clarke Knox 2002""}","None",NA,NA,NA,"exact"
"160743","5736","Boronia bipinnata","surv1","NSWFFRDv2.1","{""Clarke Knox 2002""}","None",NA,NA,NA,"exact"
"160781","5743","Boronia granitica","surv1","NSWFFRDv2.1","{""Clarke Knox 2002""}","None",NA,NA,NA,"exact"
"160803","5744","Boronia ledifolia","surv1","NSWFFRDv2.1","{""Clarke Knox 2002""}","All",NA,NA,NA,"exact"
"160815","5745","Boronia microphylla","surv1","NSWFFRDv2.1","{""Clarke Knox 2002""}","All",NA,NA,NA,"exact"
"160863","5751","Boronia polygalifolia","surv1","NSWFFRDv2.1","{""Clarke Knox 2002""}","All",NA,NA,NA,"exact"
"165506","5772","Correa reflexa","surv1","NSWFFRDv2.1","{""Clarke Knox 2002""}","Most",NA,NA,NA,"partial"
"184611","5836","Zieria cytisoides","surv1","NSWFFRDv2.1","{""Clarke Knox 2002""}","All",NA,NA,NA,"exact"
"184630","5841","Zieria laevigata","surv1","NSWFFRDv2.1","{""Clarke Knox 2002""}","None",NA,NA,NA,"exact"
"168020","5892","Dodonaea boroniifolia","surv1","NSWFFRDv2.1","{""Clarke Knox 2002""}","All",NA,NA,NA,"exact"
"168034","5897","Dodonaea hirsuta","surv1","NSWFFRDv2.1","{""Clarke Knox 2002""}","None",NA,NA,NA,"exact"
"168056","5911","Dodonaea triquetra","surv1","NSWFFRDv2.1","{""Clarke Knox 2002""}","All",NA,NA,NA,"exact"
"163713","6242","Chloanthes parviflora","surv1","NSWFFRDv2.1","{""Clarke Knox 2002""}","None",NA,NA,NA,"exact"
"184489","6317","Xanthorrhoea johnsonii","surv1","NSWFFRDv2.1","{""Clarke Knox 2002""}","All",NA,NA,NA,"exact"
"180240","6407","Olax stricta","surv1","NSWFFRDv2.1","{""Clarke Knox 2002""}","All",NA,NA,NA,"exact"
"177398","6425","Leucopogon lanceolatus var. lanceolatus","surv1","NSWFFRDv2.1","{""Clarke Knox 2002""}","All",NA,NA,NA,"exact"
"168108","6541","Dodonaea viscosa subsp. viscosa","surv1","NSWFFRDv2.1","{""Clarke Knox 2002""}","All",NA,NA,NA,"exact"
"181988","6635","Pimelea linifolia subsp. collina","surv1","NSWFFRDv2.1","{""Clarke Knox 2002""}","None",NA,NA,NA,"exact"
"180162","6695","Notelaea microcarpa var. microcarpa","surv1","NSWFFRDv2.1","{""Clarke Knox 2002""}","All",NA,NA,NA,"exact"
"181936","6774","Pimelea curviflora var. divergens","surv1","NSWFFRDv2.1","{""Clarke Knox 2002""}","All",NA,NA,NA,"exact"
"181998","6814","Pimelea linifolia subsp. linifolia","surv1","NSWFFRDv2.1","{""Clarke Knox 2002""}","All",NA,NA,NA,"exact"
"171599","6921","Gompholobium huegelii","surv1","NSWFFRDv2.1","{""Clarke Knox 2002""}","None",NA,NA,NA,"exact"
"166285","7211","Daviesia mimosoides subsp. mimosoides","surv1","NSWFFRDv2.1","{""Clarke Knox 2002""}","All",NA,NA,NA,"exact"
"166850","7225","Dillwynia phylicoides","surv1","NSWFFRDv2.1","{""Clarke Knox 2002""}","All",NA,NA,NA,"exact"
"177456","7287","Leucopogon microphyllus var. pilibundus","surv1","NSWFFRDv2.1","{""Clarke Knox 2002""}","Few",NA,NA,NA,"exact"
"174920","7544","Indigofera adesmiifolia","surv1","NSWFFRDv2.1","{""Clarke Knox 2002""}","All",NA,NA,NA,"exact"
"179839","7736","Mirbelia speciosa subsp. speciosa","surv1","NSWFFRDv2.1","{""Clarke Knox 2002""}","None",NA,NA,NA,"exact"
"162878","7943","Callistemon pityoides","surv1","NSWFFRDv2.1","{""Clarke Knox 2002""}","All",NA,NA,NA,"exact"
"177157","8201","Leptospermum polygalifolium subsp. transmontanum","surv1","NSWFFRDv2.1","{""Clarke Knox 2002""}","All",NA,NA,NA,"exact"
"172022","8292","Grevillea acerata","surv1","NSWFFRDv2.1","{""Clarke Knox 2002""}","All",NA,NA,NA,"exact"
"158237","8368","Almaleea cambagei","surv1","NSWFFRDv2.1","{""Clarke Knox 2002""}","All",NA,NA,NA,"exact"
"177099","8478","Leptospermum novae-angliae","surv1","NSWFFRDv2.1","{""Clarke Knox 2002""}","All",NA,NA,NA,"exact"
"177216","8486","Leptospermum trinervium","surv1","NSWFFRDv2.1","{""Clarke Knox 2002""}","All",NA,NA,NA,"exact"
"180685","8557","Ozothamnus diosmifolius","surv1","NSWFFRDv2.1","{""Clarke Knox 2002""}","All",NA,NA,NA,"exact"
"182952","8623","Rhytidosporum procumbens","surv1","NSWFFRDv2.1","{""Clarke Knox 2002""}","Few",NA,NA,NA,"exact"
"181308","8624","Persoonia rufa","surv1","NSWFFRDv2.1","{""Clarke Knox 2002""}","None",NA,NA,NA,"exact"
"176950","8647","Leptospermum gregarium","surv1","NSWFFRDv2.1","{""Clarke Knox 2002""}","All",NA,NA,NA,"exact"
"180647","8705","Ozothamnus adnatus","surv1","NSWFFRDv2.1","{""Clarke Knox 2002""}","All",NA,NA,NA,"exact"
"166954","8734","Dillwynia sieberi","surv1","NSWFFRDv2.1","{""Clarke Knox 2002""}","None",NA,NA,NA,"partial"
"184484","8751","Xanthorrhoea glauca subsp. glauca","surv1","NSWFFRDv2.1","{""Clarke Knox 2002""}","All",NA,NA,NA,"exact"
"158197","8791","Allocasuarina rigida subsp. rigida","surv1","NSWFFRDv2.1","{""Clarke Knox 2002""}","None",NA,NA,NA,"exact"
"173443","8799","Grevillea scortechinii subsp. sarmentosa","surv1","NSWFFRDv2.1","{""Clarke Knox 2002""}","None",NA,NA,NA,"exact"
"157633","8865","Acacia venulosa","surv1","NSWFFRDv2.1","{""Clarke Knox 2002""}","None",NA,NA,NA,"exact"
"174511","9034","Homoranthus lunatus","surv1","NSWFFRDv2.1","{""Clarke Knox 2002""}","None",NA,NA,NA,"exact"
"181337","9048","Persoonia terminalis subsp. terminalis","surv1","NSWFFRDv2.1","{""Clarke Knox 2002""}","None",NA,NA,NA,"exact"
"158073","9090","Allocasuarina brachystachya","surv1","NSWFFRDv2.1","{""Clarke Knox 2002""}","None",NA,NA,NA,"exact"
"162884","9126","Callistemon pungens","surv1","NSWFFRDv2.1","{""Clarke Knox 2002""}","All",NA,NA,NA,"exact"
"156597","9282","Acacia buxifolia subsp. pubiflora","surv1","NSWFFRDv2.1","{""Clarke Knox 2002""}","All",NA,NA,NA,"exact"
"161148","9295","Brachyloma saxicola","surv1","NSWFFRDv2.1","{""Clarke Knox 2002""}","None",NA,NA,NA,"exact"
"182498","9380","Prostanthera nivea var. nivea","surv1","NSWFFRDv2.1","{""Clarke Knox 2002""}","None",NA,NA,NA,"exact"
"181435","9419","Phebalium glandulosum subsp. eglandulosum","surv1","NSWFFRDv2.1","{""Clarke Knox 2002""}","None",NA,NA,NA,"exact"
"173742","9602","Hakea macrorrhyncha","surv1","NSWFFRDv2.1","{""Clarke Knox 2002""}","None",NA,NA,NA,"exact"
"158365","9713","Amperea xiphoclada var. xiphoclada","surv1","NSWFFRDv2.1","{""Clarke Knox 2002""}","All",NA,NA,NA,"exact"
"160021","9836","Baeckea omissa","surv1","NSWFFRDv2.1","{""Clarke Knox 2002""}","All",NA,NA,NA,"exact"
"182247","9912","Podolobium ilicifolium","surv1","NSWFFRDv2.1","{""Clarke Knox 2002""}","All",NA,NA,NA,"exact"
"182385","2754","Poranthera ericifolia","surv1","NSWFFRDv2.1","{""Benson 1985""}","None",NA,NA,NA,"exact"
NA,"1094","Actinotus helianthi","repr4","NSWFFRDv2.1","{""Benson 1985""}",NA,4,3,NA,"partial"
"157910","1094","Actinotus helianthi","surv1","NSWFFRDv2.1","{""Benson 1985""}","None",NA,NA,NA,"exact"
NA,"1094","Actinotus helianthi","repr4","NSWFFRDv2.1","{""Benson 1985""}",NA,4,3,NA,"partial"
"179855","3595","Mitrasacme polymorpha","surv1","NSWFFRDv2.1","{""Benson 1985""}","None",NA,NA,NA,"exact"
"171779","3248","Gonocarpus teucrioides","surv1","NSWFFRDv2.1","{""Benson 1985""}","None",NA,NA,NA,"exact"
"160951","2780","Bossiaea heterophylla","surv1","NSWFFRDv2.1","{""Benson 1985""}","None",NA,NA,NA,"exact"
"183932","6204","Tetratheca ericifolia","surv1","NSWFFRDv2.1","{""Benson 1985""}","None",NA,NA,NA,"exact"
NA,"1145","Platysace linearifolia","repr4","NSWFFRDv2.1","{""Benson 1985""}",NA,4,NA,NA,"partial"
NA,"1145","Platysace linearifolia","repr4","NSWFFRDv2.1","{""Benson 1985""}",NA,4,NA,NA,"partial"
"184440","2664","Woollsia pungens","surv1","NSWFFRDv2.1","{""Benson 1985""}","None",NA,NA,NA,"exact"
"165242","5352","Conospermum taxifolium","surv1","NSWFFRDv2.1","{""Benson 1985""}","None",NA,NA,NA,"exact"
"168911","5776","Eriostemon australasius","surv1","NSWFFRDv2.1","{""Benson 1985""}","None",NA,NA,NA,"exact"
"173481","5401","Grevillea speciosa","surv1","NSWFFRDv2.1","{""Benson 1985""}","None",NA,NA,NA,"exact"
"174224","2540","Hibbertia monogyna","surv1","NSWFFRDv2.1","{""Benson 1985""}","None",NA,NA,NA,"exact"
"181965","6182","Pimelea linifolia","surv1","NSWFFRDv2.1","{""Benson 1985""}","None",NA,NA,NA,"exact"
"160791","5744","Boronia ledifolia","surv1","NSWFFRDv2.1","{""Benson 1985""}","None",NA,NA,NA,"exact"
"177434","2629","Leucopogon microphyllus","surv1","NSWFFRDv2.1","{""Benson 1985""}","None",NA,NA,NA,"exact"
"171571","2865","Gompholobium grandiflorum","surv1","NSWFFRDv2.1","{""Benson 1985""}","None",NA,NA,NA,"exact"
"173451","5399","Grevillea sericea","surv1","NSWFFRDv2.1","{""Benson 1985""}","None",NA,NA,NA,"exact"
"157464","3881","Acacia suaveolens","surv1","NSWFFRDv2.1","{""Benson 1985""}","None",NA,NA,NA,"exact"
"160887","5759","Boronia serrulata","surv1","NSWFFRDv2.1","{""Benson 1985""}","None",NA,NA,NA,"exact"
"184543","1163","Xanthosia tridentata","surv1","NSWFFRDv2.1","{""Benson 1985""}","None",NA,NA,NA,"exact"
"168718","2605","Epacris pulchella","surv1","NSWFFRDv2.1","{""Benson 1985""}","None",NA,NA,NA,"exact"
"173817","5427","Hakea teretifolia","surv1","NSWFFRDv2.1","{""Benson 1985""}","None",NA,NA,NA,"exact"
"181385","5479","Petrophile pulchella","surv1","NSWFFRDv2.1","{""Benson 1985""}","None",NA,NA,NA,"exact"
"172094","5364","Grevillea buxifolia","surv1","NSWFFRDv2.1","{""Benson 1985""}","None",NA,NA,NA,"exact"
"160258","5345","Banksia oblongifolia","surv1","NSWFFRDv2.1","{""Benson 1985""}","All",NA,NA,NA,"exact"
"160339","5348","Banksia serrata","surv1","NSWFFRDv2.1","{""Benson 1985""}","All",NA,NA,NA,"exact"
"181497","10577","Philotheca buxifolia","surv1","NSWFFRDv2.1","{""Benson 1985""}","None",NA,NA,NA,"exact"
"156861","3790","Acacia hispidula","surv1","NSWFFRDv2.1","{""Benson 1985""}","None",NA,NA,NA,"exact"
NA,"2754","Poranthera ericifolia","repr3","NSWFFRDv2.1","{""Benson McDougall Ecology Sydney Plant Species Cunn"",""Benson 1985""}",NA,1,NA,NA,"exact"
NA,"3376","Hemigenia purpurea","repr3","NSWFFRDv2.1","{""Benson 1985""}",NA,2,NA,NA,"exact"
NA,"2780","Bossiaea heterophylla","repr3","NSWFFRDv2.1","{""Benson 1985""}",NA,3,NA,NA,"exact"
NA,"6204","Tetratheca ericifolia","repr3","NSWFFRDv2.1","{""Benson 1985""}",NA,3,NA,NA,"exact"
NA,"6204","Tetratheca ericifolia","repr3","NSWFFRDv2.1","{""Benson 1985""}",NA,3,NA,NA,"exact"
NA,"5352","Conospermum taxifolium","repr3","NSWFFRDv2.1","{""Keith David pers. comm."",""Benson 1985""}",NA,4,NA,NA,"exact"
NA,"5776","Eriostemon australasius","repr3","NSWFFRDv2.1","{""Benson 1985""}",NA,4,NA,NA,"exact"
NA,"6182","Pimelea linifolia","repr3","NSWFFRDv2.1","{""Keith David pers. comm."",""Benson 1985""}",NA,4,NA,NA,"exact"
NA,"5399","Grevillea sericea","repr3","NSWFFRDv2.1","{""Benson 1985""}",NA,4,NA,NA,"exact"
NA,"5399","Grevillea sericea","repr3","NSWFFRDv2.1","{""Benson 1985""}",NA,4,NA,NA,"partial"
NA,"5759","Boronia serrulata","repr3","NSWFFRDv2.1","{""Benson 1985""}",NA,5,NA,NA,"exact"
NA,"2605","Epacris pulchella","repr3","NSWFFRDv2.1","{""Benson 1985""}",NA,6,NA,NA,"exact"
NA,"5479","Petrophile pulchella","repr3","NSWFFRDv2.1","{""Benson 1985""}",NA,NA,6,NA,"partial"
NA,"10577","Philotheca buxifolia","repr3","NSWFFRDv2.1","{""Benson 1985""}",NA,NA,4,NA,"partial"
"16629","4261","Melaleuca sieberi","germ1","NSWFFRDv2.1","{""Benwell 1998""}","Soil-persistent",NA,NA,NA,"exact"
"17056","8216","Phyllanthus hirtellus","germ1","NSWFFRDv2.1","{""Benwell 1998""}","Soil-persistent",NA,NA,NA,"exact"
NA,"3807","Acacia latisepala","surv5","NSWFFRDv2.1","{""Clarke Fulloon 1999""}",NA,NA,10,NA,"exact"
NA,"3807","Acacia latisepala","repr3","NSWFFRDv2.1","{""Clarke Fulloon 1999""}",NA,2,NA,NA,"exact"
NA,"9295","Brachyloma saxicola","surv5","NSWFFRDv2.1","{""Clarke Fulloon 1999""}",NA,NA,20,NA,"exact"
NA,"9295","Brachyloma saxicola","repr3","NSWFFRDv2.1","{""Clarke Fulloon 1999""}",NA,NA,2,3,"exact"
NA,"8293","Grevillea beadleana","repr3","NSWFFRDv2.1","{""Watts Greg. pers. comm."",""Benson 1992"",""Clarke Fulloon 1999"",""RP Grevillea beadleana""}",NA,NA,2,5,"partial"
NA,"9602","Hakea macrorrhyncha","surv5","NSWFFRDv2.1","{""Clarke Fulloon 1999""}",NA,NA,NA,20,"exact"
NA,"2994","Pultenaea foliolosa","repr3","NSWFFRDv2.1","{""Clarke Fulloon 1999""}",NA,2,NA,NA,"exact"
"12541","8865","Acacia venulosa","germ1","NSWFFRDv2.1","{""Clarke Fulloon 1999""}","Soil-persistent",NA,NA,NA,"exact"
"12553","3899","Acacia viscidula","germ1","NSWFFRDv2.1","{""Clarke Fulloon 1999""}","Soil-persistent",NA,NA,NA,"exact"
"12531","3888","Acacia torringtonensis","germ1","NSWFFRDv2.1","{""Clarke Fulloon 1999""}","Soil-persistent",NA,NA,NA,"exact"
"157195","3834","Acacia myrtifolia","surv1","NSWFFRDv2.1","{""Keith 1991""}","None",NA,NA,NA,"exact"
"157399","3869","Acacia rubida","surv1","NSWFFRDv2.1","{""Keith 1991""}","None",NA,NA,NA,"partial"
"157474","3881","Acacia suaveolens","surv1","NSWFFRDv2.1","{""Keith 1991""}","None",NA,NA,NA,"exact"
"157526","3885","Acacia terminalis","surv1","NSWFFRDv2.1","{""Keith 1991""}","None",NA,NA,NA,"exact"
"157940","1095","Actinotus minor","surv1","NSWFFRDv2.1","{""Keith 1991""}","None",NA,NA,NA,"exact"
"158255","8364","Almaleea paludosa","surv1","NSWFFRDv2.1","{""Keith 1991""}","None",NA,NA,NA,"exact"
"159939","3986","Baeckea brevifolia","surv1","NSWFFRDv2.1","{""Keith 1991""}","None",NA,NA,NA,"exact"
"163377","3467","Cassytha glabella","surv1","NSWFFRDv2.1","{""Keith 1991""}","None",NA,NA,NA,"exact"
"165744","5556","Cryptandra ericoides","surv1","NSWFFRDv2.1","{""Keith 1991""}","None",NA,NA,NA,"exact"
"166768","2843","Dillwynia floribunda","surv1","NSWFFRDv2.1","{""Keith 1991""}","None",NA,NA,NA,"exact"
"168642","2599","Epacris microphylla","surv1","NSWFFRDv2.1","{""Keith 1991""}","None",NA,NA,NA,"exact"
"168682","2602","Epacris obtusifolia","surv1","NSWFFRDv2.1","{""Keith 1991""}","None",NA,NA,NA,"exact"
"171722","3246","Gonocarpus salsoloides","surv1","NSWFFRDv2.1","{""Keith 1991""}","None",NA,NA,NA,"exact"
"171787","3248","Gonocarpus teucrioides","surv1","NSWFFRDv2.1","{""Keith 1991""}","None",NA,NA,NA,"exact"
"173821","5427","Hakea teretifolia","surv1","NSWFFRDv2.1","{""Keith 1991""}","All",NA,NA,NA,"partial"
"173823","5427","Hakea teretifolia","surv1","NSWFFRDv2.1","{""Keith 1991""}","None",NA,NA,NA,"exact"
"176830","5865","Leptomeria acida","surv1","NSWFFRDv2.1","{""Keith 1991""}","None",NA,NA,NA,"exact"
"177340","2617","Leucopogon esquamatus","surv1","NSWFFRDv2.1","{""Keith 1991""}","None",NA,NA,NA,"exact"
"177432","2629","Leucopogon microphyllus","surv1","NSWFFRDv2.1","{""Keith 1991""}","None",NA,NA,NA,"exact"
"178549","4262","Melaleuca squamea","surv1","NSWFFRDv2.1","{""Keith 1991""}","None",NA,NA,NA,"exact"
"179807","2938","Mirbelia rubiifolia","surv1","NSWFFRDv2.1","{""Keith 1991""}","None",NA,NA,NA,"exact"
"179845","3592","Mitrasacme paludosa","surv1","NSWFFRDv2.1","{""Keith 1991""}","None",NA,NA,NA,"exact"
"180480","5701","Opercularia varia","surv1","NSWFFRDv2.1","{""Keith 1991""}","None",NA,NA,NA,"exact"
"181130","5460","Persoonia lanceolata","surv1","NSWFFRDv2.1","{""Keith 1991""}","None",NA,NA,NA,"exact"
"181296","5469","Persoonia pinifolia","surv1","NSWFFRDv2.1","{""Keith 1991""}","None",NA,NA,NA,"exact"
"181391","5479","Petrophile pulchella","surv1","NSWFFRDv2.1","{""Keith 1991""}","None",NA,NA,NA,"exact"
"182491","3417","Prostanthera linearis","surv1","NSWFFRDv2.1","{""Keith 1991""}","None",NA,NA,NA,"exact"
"182542","2756","Pseudanthus orientalis","surv1","NSWFFRDv2.1","{""Keith 1991""}","None",NA,NA,NA,"exact"
"182717","2974","Pultenaea aristata","surv1","NSWFFRDv2.1","{""Keith 1991""}","None",NA,NA,NA,"exact"
"183630","2654","Sprengelia incarnata","surv1","NSWFFRDv2.1","{""Keith 1991""}","None",NA,NA,NA,"exact"
"183845","5485","Symphionema paludosum","surv1","NSWFFRDv2.1","{""Keith 1991""}","None",NA,NA,NA,"exact"
"184302","3105","Viminaria juncea","surv1","NSWFFRDv2.1","{""Keith 1991""}","None",NA,NA,NA,"partial"
"184546","1163","Xanthosia tridentata","surv1","NSWFFRDv2.1","{""Keith 1991""}","None",NA,NA,NA,"exact"
"166121","6508","Darwinia fascicularis subsp. fascicularis","surv1","NSWFFRDv2.1","{""Keith 1991""}","None",NA,NA,NA,"exact"
"170944","7739","Euphrasia collina subsp. speciosa","surv1","NSWFFRDv2.1","{""Keith 1991""}","None",NA,NA,NA,"exact"
"171706","8649","Gonocarpus micranthus subsp. micranthus","surv1","NSWFFRDv2.1","{""Keith 1991""}","None",NA,NA,NA,"exact"
"172330","5389","Grevillea parviflora","surv1","NSWFFRDv2.1","{""Keith 1991""}","None",NA,NA,NA,"exact"
"177178","4239","Leptospermum squarrosum","surv1","NSWFFRDv2.1","{""Keith 1991""}","None",NA,NA,NA,"exact"
"175514","10728","Leionema diosmeum","surv1","NSWFFRDv2.1","{""Keith 1991""}","None",NA,NA,NA,"exact"
"181992","6814","Pimelea linifolia subsp. linifolia","surv1","NSWFFRDv2.1","{""Keith 1991""}","None",NA,NA,NA,"partial"
"183599","3033","Sphaerolobium vimineum","surv1","NSWFFRDv2.1","{""Keith 1991""}","None",NA,NA,NA,"exact"
"181007","2650","Pentachondra pumila","surv1","NSWFFRDv2.1","{""Kirkpatrick 1984""}","None",NA,NA,NA,"exact"
"183629","2654","Sprengelia incarnata","surv1","NSWFFRDv2.1","{""Kirkpatrick 1984""}","None",NA,NA,NA,"exact"
"160436","2268","Bauera rubioides","surv1","NSWFFRDv2.1","{""Kirkpatrick 1984""}","All",NA,NA,NA,"partial"
"165363","8677","Coprosma nitida","surv1","NSWFFRDv2.1","{""Kirkpatrick 1984""}","None",NA,NA,NA,"exact"
"180518","2480","Oreobolus pumilio","surv1","NSWFFRDv2.1","{""Kirkpatrick 1984""}","All",NA,NA,NA,"partial"
"163231","2338","Carpha alpina","surv1","NSWFFRDv2.1","{""Kirkpatrick 1984""}","None",NA,NA,NA,"exact"
"168440","5532","Empodisma minus","surv1","NSWFFRDv2.1","{""Kirkpatrick 1984""}","All",NA,NA,NA,"partial"
"163529","1377","Celmisia longifolia","surv1","NSWFFRDv2.1","{""Kirkpatrick 1984""}","None",NA,NA,NA,"exact"
"183875","6291","Tasmannia lanceolata","surv1","NSWFFRDv2.1","{""Kirkpatrick 1984""}","None",NA,NA,NA,"exact"
"156538","3717","Acacia binervia","surv1","NSWFFRDv2.1","{""Morrison Renwick 2000""}","None",NA,NA,NA,"exact"
"156889","3792","Acacia implexa","surv1","NSWFFRDv2.1","{""Morrison Renwick 2000""}","All",NA,NA,NA,"partial"
"157303","3846","Acacia parramattensis","surv1","NSWFFRDv2.1","{""Morrison Renwick 2000""}","None",NA,NA,NA,"exact"
"173799","5425","Hakea sericea","surv1","NSWFFRDv2.1","{""Morrison Renwick 2000""}","None",NA,NA,NA,"exact"
"175094","2892","Jacksonia scoparia","surv1","NSWFFRDv2.1","{""Morrison Renwick 2000""}","All",NA,NA,NA,"partial"
"177218","8486","Leptospermum trinervium","surv1","NSWFFRDv2.1","{""Morrison Renwick 2000""}","All",NA,NA,NA,"partial"
"181208","5463","Persoonia linearis","surv1","NSWFFRDv2.1","{""Morrison Renwick 2000""}","All",NA,NA,NA,"partial"
"158155","2012","Allocasuarina littoralis","surv1","NSWFFRDv2.1","{""Morrison Renwick 2000""}","None",NA,NA,NA,"exact"
"158217","2017","Allocasuarina torulosa","surv1","NSWFFRDv2.1","{""Morrison Renwick 2000""}","All",NA,NA,NA,"partial"
"160103","5339","Banksia aemula","surv1","NSWFFRDv2.1","{""Myerscough Clarke Skelton 1995""}","All",NA,NA,NA,"exact"
"184474","8771","Xanthorrhoea fulva","surv1","NSWFFRDv2.1","{""Myerscough Clarke Skelton 1995""}","All",NA,NA,NA,"exact"
"178485","4258","Melaleuca nodosa","surv1","NSWFFRDv2.1","{""Myerscough Clarke Skelton 1995""}","All",NA,NA,NA,"exact"
"168690","2602","Epacris obtusifolia","surv1","NSWFFRDv2.1","{""Myerscough Clarke Skelton 1995""}","None",NA,NA,NA,"exact"
"160278","5345","Banksia oblongifolia","surv1","NSWFFRDv2.1","{""Myerscough Clarke Skelton 1995""}","All",NA,NA,NA,"exact"
"166778","2843","Dillwynia floribunda","surv1","NSWFFRDv2.1","{""Myerscough Clarke Skelton 1995""}","None",NA,NA,NA,"exact"
"174842","5533","Hypolaena fastigiata","surv1","NSWFFRDv2.1","{""Myerscough Clarke Skelton 1995""}","All",NA,NA,NA,"exact"
"177040","4224","Leptospermum liversidgei","surv1","NSWFFRDv2.1","{""Myerscough Clarke Skelton 1995""}","All",NA,NA,NA,"exact"
"182547","2756","Pseudanthus orientalis","surv1","NSWFFRDv2.1","{""Myerscough Clarke Skelton 1995""}","All",NA,NA,NA,"exact"
"175298","4207","Kunzea capitata","surv1","NSWFFRDv2.1","{""Myerscough Clarke Skelton 1995""}","None",NA,NA,NA,"exact"
"166155","4030","Darwinia leptantha","surv1","NSWFFRDv2.1","{""Myerscough Clarke Skelton 1995""}","None",NA,NA,NA,"exact"
"168724","2605","Epacris pulchella","surv1","NSWFFRDv2.1","{""Myerscough Clarke Skelton 1995""}","None",NA,NA,NA,"exact"
"177208","8486","Leptospermum trinervium","surv1","NSWFFRDv2.1","{""Myerscough Clarke Skelton 1995""}","All",NA,NA,NA,"exact"
"181136","5460","Persoonia lanceolata","surv1","NSWFFRDv2.1","{""Myerscough Clarke Skelton 1995""}","None",NA,NA,NA,"exact"
"168452","5532","Empodisma minus","surv1","NSWFFRDv2.1","{""Myerscough Clarke Skelton 1995""}","All",NA,NA,NA,"exact"
"173556","2445","Gymnoschoenus sphaerocephalus","surv1","NSWFFRDv2.1","{""Myerscough Clarke Skelton 1995""}","All",NA,NA,NA,"exact"
"160851","5750","Boronia pinnata","surv1","NSWFFRDv2.1","{""Myerscough Clarke Skelton 1995""}","All",NA,NA,NA,"exact"
"163435","3469","Cassytha pubescens","surv1","NSWFFRDv2.1","{""Myerscough Clarke Skelton 1995""}","None",NA,NA,NA,"exact"
"184443","2664","Woollsia pungens","surv1","NSWFFRDv2.1","{""Myerscough Clarke Skelton 1995""}","None",NA,NA,NA,"exact"
"160414","2267","Bauera capitata","surv1","NSWFFRDv2.1","{""Myerscough Clarke Skelton 1995""}","All",NA,NA,NA,"exact"
"163389","3467","Cassytha glabella","surv1","NSWFFRDv2.1","{""Myerscough Clarke Skelton 1995""}","None",NA,NA,NA,"exact"
"159963","3993","Baeckea diosmifolia","surv1","NSWFFRDv2.1","{""Myerscough Clarke Skelton 1995""}","All",NA,NA,NA,"exact"
"176652","2465","Lepidosperma filiforme","surv1","NSWFFRDv2.1","{""Myerscough Clarke Skelton 1995""}","All",NA,NA,NA,"exact"
"181902","2958","Phyllota phylicoides","surv1","NSWFFRDv2.1","{""Myerscough Clarke Skelton 1995""}","None",NA,NA,NA,"exact"
"176812","5534","Leptocarpus tenax","surv1","NSWFFRDv2.1","{""Myerscough Clarke Skelton 1995""}","All",NA,NA,NA,"exact"
"168656","2599","Epacris microphylla","surv1","NSWFFRDv2.1","{""Myerscough Clarke Skelton 1995""}","None",NA,NA,NA,"exact"
"160963","2780","Bossiaea heterophylla","surv1","NSWFFRDv2.1","{""Myerscough Clarke Skelton 1995""}","All",NA,NA,NA,"exact"
"160769","5739","Boronia falcifolia","surv1","NSWFFRDv2.1","{""Myerscough Clarke Skelton 1995""}","All",NA,NA,NA,"exact"
"184479","8750","Xanthorrhoea glauca","surv1","NSWFFRDv2.1","{""Myerscough Clarke Skelton 1995""}","All",NA,NA,NA,"exact"
"178525","4261","Melaleuca sieberi","surv1","NSWFFRDv2.1","{""Myerscough Clarke Skelton 1995""}","All",NA,NA,NA,"exact"
"179965","2649","Monotoca scoparia","surv1","NSWFFRDv2.1","{""Myerscough Clarke Skelton 1995""}","All",NA,NA,NA,"exact"
"182130","1145","Platysace linearifolia","surv1","NSWFFRDv2.1","{""Myerscough Clarke Skelton 1995""}","All",NA,NA,NA,"exact"
"182966","2759","Ricinocarpos pinifolius","surv1","NSWFFRDv2.1","{""Myerscough Clarke Skelton 1995""}","All",NA,NA,NA,"exact"
"176984","4221","Leptospermum juniperinum","surv1","NSWFFRDv2.1","{""Myerscough Clarke Skelton 1995""}","All",NA,NA,NA,"exact"
"166806","2844","Dillwynia glaberrima","surv1","NSWFFRDv2.1","{""Myerscough Clarke Skelton 1995""}","None",NA,NA,NA,"partial"
"183635","2654","Sprengelia incarnata","surv1","NSWFFRDv2.1","{""Myerscough Clarke Skelton 1995""}","None",NA,NA,NA,"exact"
"183933","6204","Tetratheca ericifolia","surv1","NSWFFRDv2.1","{""Myerscough Clarke Skelton 1995""}","All",NA,NA,NA,"exact"
"180214","6474","Ochrosperma lineare","surv1","NSWFFRDv2.1","{""Myerscough Clarke Skelton 1995""}","All",NA,NA,NA,"exact"
"177328","2616","Leucopogon ericoides","surv1","NSWFFRDv2.1","{""Myerscough Clarke Skelton 1995""}","None",NA,NA,NA,"exact"
"177258","5541","Lepyrodia scariosa","surv1","NSWFFRDv2.1","{""Myerscough Clarke Skelton 1995""}","All",NA,NA,NA,"exact"
"157609","3893","Acacia ulicifolia","surv1","NSWFFRDv2.1","{""Myerscough Clarke Skelton 1995""}","None",NA,NA,NA,"exact"
"177500","2636","Leucopogon rodwayi","surv1","NSWFFRDv2.1","{""Myerscough Clarke Skelton 1995""}","All",NA,NA,NA,"exact"
"173833","5427","Hakea teretifolia","surv1","NSWFFRDv2.1","{""Myerscough Clarke Skelton 1995""}","All",NA,NA,NA,"exact"
"177554","2639","Leucopogon virgatus","surv1","NSWFFRDv2.1","{""Myerscough Clarke Skelton 1995""}","All",NA,NA,NA,"exact"
"179817","2938","Mirbelia rubiifolia","surv1","NSWFFRDv2.1","{""Myerscough Clarke Skelton 1995""}","None",NA,NA,NA,"exact"
"177488","2632","Leucopogon parviflorus","surv1","NSWFFRDv2.1","{""Myerscough Clarke Skelton 1995""}","All",NA,NA,NA,"exact"
"182590","6403","Pteridium esculentum","surv1","NSWFFRDv2.1","{""Myerscough Clarke Skelton 1995""}","All",NA,NA,NA,"exact"
"160926","2778","Bossiaea ensata","surv1","NSWFFRDv2.1","{""Myerscough Clarke Skelton 1995""}","All",NA,NA,NA,"exact"
"183217","2492","Schoenus brevifolius","surv1","NSWFFRDv2.1","{""Myerscough Clarke Skelton 1995""}","All",NA,NA,NA,"exact"
"184581","6323","Xyris juncea","surv1","NSWFFRDv2.1","{""Myerscough Clarke Skelton 1995""}","All",NA,NA,NA,"exact"
"181979","6182","Pimelea linifolia","surv1","NSWFFRDv2.1","{""Myerscough Clarke Skelton 1995""}","All",NA,NA,NA,"exact"
"174246","2542","Hibbertia obtusifolia","surv1","NSWFFRDv2.1","{""Myerscough Clarke Skelton 1995""}","None",NA,NA,NA,"exact"
"182118","1144","Platysace lanceolata","surv1","NSWFFRDv2.1","{""Myerscough Clarke Skelton 1995""}","All",NA,NA,NA,"exact"
"183308","8187","Selaginella uliginosa","surv1","NSWFFRDv2.1","{""Myerscough Clarke Skelton 1995""}","All",NA,NA,NA,"exact"
"163107","4021","Calytrix tetragona","surv1","NSWFFRDv2.1","{""Myerscough Clarke Skelton 1995""}","All",NA,NA,NA,"exact"
"182151","5117","Plinthanthesis paradoxa","surv1","NSWFFRDv2.1","{""Myerscough Clarke Skelton 1995""}","All",NA,NA,NA,"exact"
"183768","6157","Stylidium graminifolium","surv1","NSWFFRDv2.1","{""Myerscough Clarke Skelton 1995""}","All",NA,NA,NA,"exact"
"168224","2559","Drosera peltata","surv1","NSWFFRDv2.1","{""Myerscough Clarke Skelton 1995""}","All",NA,NA,NA,"exact"
"162545","3533","Burchardia umbellata","surv1","NSWFFRDv2.1","{""Myerscough Clarke Skelton 1995""}","All",NA,NA,NA,"exact"
"168546","4947","Entolasia stricta","surv1","NSWFFRDv2.1","{""Myerscough Clarke Skelton 1995""}","All",NA,NA,NA,"exact"
"178611","4266","Melaleuca thymifolia","surv1","NSWFFRDv2.1","{""Myerscough Clarke Skelton 1995""}","All",NA,NA,NA,"exact"
"174051","2526","Hibbertia acicularis","surv1","NSWFFRDv2.1","{""Myerscough Clarke Skelton 1995""}","All",NA,NA,NA,"partial"
"159419","2770","Aotus ericoides","surv1","NSWFFRDv2.1","{""Myerscough Clarke Skelton 1995""}","All",NA,NA,NA,"exact"
"183230","2495","Schoenus ericetorum","surv1","NSWFFRDv2.1","{""Myerscough Clarke Skelton 1995""}","All",NA,NA,NA,"exact"
"162817","4004","Callistemon citrinus","surv1","NSWFFRDv2.1","{""Myerscough Clarke Skelton 1995""}","All",NA,NA,NA,"exact"
"171663","2870","Gompholobium virgatum","surv1","NSWFFRDv2.1","{""Myerscough Clarke Skelton 1995""}","None",NA,NA,NA,"exact"
"177966","6308","Lomandra longifolia","surv1","NSWFFRDv2.1","{""Myerscough Clarke Skelton 1995""}","All",NA,NA,NA,"exact"
"157384","3863","Acacia quadrilateralis","surv1","NSWFFRDv2.1","{""Myerscough Clarke Skelton 1995""}","All",NA,NA,NA,"exact"
"171942","3197","Goodenia stelligera","surv1","NSWFFRDv2.1","{""Myerscough Clarke Skelton 1995""}","All",NA,NA,NA,"exact"
"157536","3885","Acacia terminalis","surv1","NSWFFRDv2.1","{""Myerscough Clarke Skelton 1995""}","None",NA,NA,NA,"exact"
"184626","5841","Zieria laevigata","surv1","NSWFFRDv2.1","{""Myerscough Clarke Skelton 1995""}","None",NA,NA,NA,"exact"
"176834","5865","Leptomeria acida","surv1","NSWFFRDv2.1","{""Myerscough Clarke Skelton 1995""}","None",NA,NA,NA,"exact"
"184116","1154","Trachymene incisa","surv1","NSWFFRDv2.1","{""Myerscough Clarke Skelton 1995""}","All",NA,NA,NA,"exact"
"180234","6407","Olax stricta","surv1","NSWFFRDv2.1","{""Myerscough Clarke Skelton 1995""}","All",NA,NA,NA,"exact"
"180791","5066","Panicum simile","surv1","NSWFFRDv2.1","{""Myerscough Clarke Skelton 1995""}","All",NA,NA,NA,"exact"
"184587","6324","Xyris operculata","surv1","NSWFFRDv2.1","{""Myerscough Clarke Skelton 1995""}","All",NA,NA,NA,"exact"
"157482","3881","Acacia suaveolens","surv1","NSWFFRDv2.1","{""Myerscough Clarke Skelton 1995""}","None",NA,NA,NA,"exact"
"174168","2536","Hibbertia fasciculata","surv1","NSWFFRDv2.1","{""Myerscough Clarke Skelton 1995""}","None",NA,NA,NA,"exact"
"175028","5433","Isopogon anemonifolius","surv1","NSWFFRDv2.1","{""Myerscough Clarke Skelton 1995""}","All",NA,NA,NA,"exact"
"182734","2985","Pultenaea daphnoides","surv1","NSWFFRDv2.1","{""Myerscough Clarke Skelton 1995""}","None",NA,NA,NA,"exact"
"163723","6243","Chloanthes stoechadis","surv1","NSWFFRDv2.1","{""Myerscough Clarke Skelton 1995""}","All",NA,NA,NA,"exact"
"164002","5531","Coleocarya gracilis","surv1","NSWFFRDv2.1","{""Myerscough Clarke Skelton 1995""}","All",NA,NA,NA,"exact"
"165933","2347","Cyathochaeta diandra","surv1","NSWFFRDv2.1","{""Myerscough Clarke Skelton 1995""}","All",NA,NA,NA,"exact"
"166496","3540","Dianella caerulea","surv1","NSWFFRDv2.1","{""Myerscough Clarke Skelton 1995""}","All",NA,NA,NA,"exact"
"171647","2868","Gompholobium pinnatum","surv1","NSWFFRDv2.1","{""Myerscough Clarke Skelton 1995""}","None",NA,NA,NA,"exact"
"179873","3595","Mitrasacme polymorpha","surv1","NSWFFRDv2.1","{""Myerscough Clarke Skelton 1995""}","None",NA,NA,NA,"exact"
"180923","3302","Patersonia longifolia","surv1","NSWFFRDv2.1","{""Myerscough Clarke Skelton 1995""}","All",NA,NA,NA,"exact"
"183265","2504","Schoenus paludosus","surv1","NSWFFRDv2.1","{""Myerscough Clarke Skelton 1995""}","All",NA,NA,NA,"exact"
"183578","3567","Sowerbaea juncea","surv1","NSWFFRDv2.1","{""Myerscough Clarke Skelton 1995""}","All",NA,NA,NA,"exact"
"183751","6154","Stylidium debile","surv1","NSWFFRDv2.1","{""Myerscough Clarke Skelton 1995""}","All",NA,NA,NA,"exact"
"183616","10604","Sporadanthus interruptus","surv1","NSWFFRDv2.1","{""Myerscough Clarke Skelton 1995""}","All",NA,NA,NA,"exact"
"184536","1162","Xanthosia pilosa","surv1","NSWFFRDv2.1","{""Myerscough Clarke Skelton 1995""}","All",NA,NA,NA,"exact"
"168917","5776","Eriostemon australasius","surv1","NSWFFRDv2.1","{""Myerscough Clarke Skelton 1995""}","None",NA,NA,NA,"exact"
"183647","2655","Sprengelia sprengelioides","surv1","NSWFFRDv2.1","{""Myerscough Clarke Skelton 1995""}","None",NA,NA,NA,"exact"
"170982","10615","Eurychorda complanata","surv1","NSWFFRDv2.1","{""Myerscough Clarke Skelton 1995""}","All",NA,NA,NA,"exact"
"182695","8956","Ptilothrix deusta","surv1","NSWFFRDv2.1","{""Myerscough Clarke Skelton 1995""}","All",NA,NA,NA,"exact"
"183249","9057","Schoenus lepidosperma subsp. pachylepis","surv1","NSWFFRDv2.1","{""Myerscough Clarke Skelton 1995""}","All",NA,NA,NA,"exact"
"181399","5479","Petrophile pulchella","surv1","NSWFFRDv2.1","{""Myerscough Clarke Skelton 1995""}","Few",NA,NA,NA,"partial"
"183268","2505","Schoenus scabripes","surv1","NSWFFRDv2.1","{""Myerscough Clarke Skelton 1995""}","All",NA,NA,NA,"exact"
"168281","2561","Drosera spatulata","surv1","NSWFFRDv2.1","{""Myerscough Clarke Skelton 1995""}","All",NA,NA,NA,"exact"
"165556","9687","Corymbia gummifera","surv1","NSWFFRDv2.1","{""Myerscough Clarke Skelton 1995""}","All",NA,NA,NA,"exact"
"177860","6302","Lomandra filiformis","surv1","NSWFFRDv2.1","{""Myerscough Clarke Skelton 1995""}","All",NA,NA,NA,"exact"
"169446","4120","Eucalyptus macrorhyncha","surv1","NSWFFRDv2.1","{""Purdie 1977""}","All",NA,NA,NA,"partial"
"169748","4172","Eucalyptus rossii","surv1","NSWFFRDv2.1","{""Purdie 1977""}","All",NA,NA,NA,"partial"
"171052","5860","Exocarpos cupressiformis","surv1","NSWFFRDv2.1","{""Purdie 1977""}","All",NA,NA,NA,"partial"
"171054","5860","Exocarpos cupressiformis","surv1","NSWFFRDv2.1","{""Purdie 1977""}","All",NA,NA,NA,"partial"
"156803","3781","Acacia genistifolia","surv1","NSWFFRDv2.1","{""Purdie 1977""}","None",NA,NA,NA,"exact"
"156806","3781","Acacia genistifolia","surv1","NSWFFRDv2.1","{""Purdie 1977""}","None",NA,NA,NA,"exact"
"163429","3469","Cassytha pubescens","surv1","NSWFFRDv2.1","{""Purdie 1977""}","None",NA,NA,NA,"exact"
"181971","6182","Pimelea linifolia","surv1","NSWFFRDv2.1","{""Purdie 1977""}","None",NA,NA,NA,"exact"
"159739","1203","Astrotricha ledifolia","surv1","NSWFFRDv2.1","{""Purdie 1977""}","All",NA,NA,NA,"partial"
"160606","4671","Billardiera scandens","surv1","NSWFFRDv2.1","{""Purdie 1977""}","All",NA,NA,NA,"partial"
"173919","2873","Hardenbergia violacea","surv1","NSWFFRDv2.1","{""Purdie 1977""}","All",NA,NA,NA,"partial"
"177056","4228","Leptospermum multicaule","surv1","NSWFFRDv2.1","{""Purdie 1977""}","All",NA,NA,NA,"partial"
"177550","2639","Leucopogon virgatus","surv1","NSWFFRDv2.1","{""Purdie 1977""}","All",NA,NA,NA,"partial"
"178660","2646","Melichrus urceolatus","surv1","NSWFFRDv2.1","{""Purdie 1977""}","All",NA,NA,NA,"partial"
"179953","2649","Monotoca scoparia","surv1","NSWFFRDv2.1","{""Purdie 1977""}","All",NA,NA,NA,"partial"
"182802","3012","Pultenaea procumbens","surv1","NSWFFRDv2.1","{""Purdie 1977""}","None",NA,NA,NA,"partial"
"182803","3012","Pultenaea procumbens","surv1","NSWFFRDv2.1","{""Purdie 1977""}","All",NA,NA,NA,"partial"
"183764","6157","Stylidium graminifolium","surv1","NSWFFRDv2.1","{""Purdie 1977""}","None",NA,NA,NA,"partial"
"183765","6157","Stylidium graminifolium","surv1","NSWFFRDv2.1","{""Purdie 1977""}","All",NA,NA,NA,"partial"
"162687","4373","Caladenia carnea","surv1","NSWFFRDv2.1","{""Purdie 1977""}","All",NA,NA,NA,"exact"
"162715","4376","Caladenia cucullata","surv1","NSWFFRDv2.1","{""Purdie 1977""}","All",NA,NA,NA,"exact"
"167056","4447","Diuris maculata","surv1","NSWFFRDv2.1","{""Purdie 1977""}","All",NA,NA,NA,"exact"
"182673","4566","Pterostylis parviflora","surv1","NSWFFRDv2.1","{""Purdie 1977""}","All",NA,NA,NA,"exact"
"184009","4602","Thelymitra pauciflora","surv1","NSWFFRDv2.1","{""Purdie 1977""}","All",NA,NA,NA,"exact"
"184068","3573","Thysanotus patersonii","surv1","NSWFFRDv2.1","{""Purdie 1977""}","All",NA,NA,NA,"exact"
"156589","3727","Acacia buxifolia","surv1","NSWFFRDv2.1","{""Purdie 1977""}","All",NA,NA,NA,"partial"
"156591","3727","Acacia buxifolia","surv1","NSWFFRDv2.1","{""Purdie 1977""}","All",NA,NA,NA,"partial"
"157078","3823","Acacia mearnsii","surv1","NSWFFRDv2.1","{""Purdie 1977""}","All",NA,NA,NA,"partial"
"157081","3823","Acacia mearnsii","surv1","NSWFFRDv2.1","{""Purdie 1977""}","All",NA,NA,NA,"partial"
"166273","2824","Daviesia mimosoides","surv1","NSWFFRDv2.1","{""Purdie 1977""}","None",NA,NA,NA,"partial"
"166275","2824","Daviesia mimosoides","surv1","NSWFFRDv2.1","{""Purdie 1977""}","All",NA,NA,NA,"partial"
"166277","2824","Daviesia mimosoides","surv1","NSWFFRDv2.1","{""Purdie 1977""}","All",NA,NA,NA,"partial"
"174093","2529","Hibbertia calycina","surv1","NSWFFRDv2.1","{""Purdie 1977""}","All",NA,NA,NA,"partial"
"174095","2529","Hibbertia calycina","surv1","NSWFFRDv2.1","{""Purdie 1977""}","All",NA,NA,NA,"partial"
"174238","2542","Hibbertia obtusifolia","surv1","NSWFFRDv2.1","{""Purdie 1977""}","All",NA,NA,NA,"partial"
"174240","2542","Hibbertia obtusifolia","surv1","NSWFFRDv2.1","{""Purdie 1977""}","All",NA,NA,NA,"partial"
"174934","2882","Indigofera australis","surv1","NSWFFRDv2.1","{""Purdie 1977""}","All",NA,NA,NA,"partial"
"174936","2882","Indigofera australis","surv1","NSWFFRDv2.1","{""Purdie 1977""}","All",NA,NA,NA,"partial"
"180583","4613","Oxalis corniculata","surv1","NSWFFRDv2.1","{""Purdie 1977""}","All",NA,NA,NA,"partial"
"180585","4613","Oxalis corniculata","surv1","NSWFFRDv2.1","{""Purdie 1977""}","All",NA,NA,NA,"partial"
"166565","3542","Dianella revoluta","surv1","NSWFFRDv2.1","{""Purdie 1977""}","All",NA,NA,NA,"exact"
"177852","6302","Lomandra filiformis","surv1","NSWFFRDv2.1","{""Purdie 1977""}","All",NA,NA,NA,"exact"
"177956","6308","Lomandra longifolia","surv1","NSWFFRDv2.1","{""Purdie 1977""}","All",NA,NA,NA,"exact"
"183048","14314","Rytidosperma pallidum","surv1","NSWFFRDv2.1","{""Purdie 1977""}","All",NA,NA,NA,"partial"
"174802","8788","Hypochaeris radicata","surv1","NSWFFRDv2.1","{""Purdie 1977""}","All",NA,NA,NA,"partial"
"165887","11228","Cyanicula caerulea","surv1","NSWFFRDv2.1","{""Purdie 1977""}","All",NA,NA,NA,"exact"
"171741","3247","Gonocarpus tetragynus","surv1","NSWFFRDv2.1","{""Purdie 1977""}","None",NA,NA,NA,"partial"
"171743","3247","Gonocarpus tetragynus","surv1","NSWFFRDv2.1","{""Purdie 1977""}","All",NA,NA,NA,"partial"
"171745","3247","Gonocarpus tetragynus","surv1","NSWFFRDv2.1","{""Purdie 1977""}","All",NA,NA,NA,"partial"
"163849","8562","Chrysocephalum semipapposum","surv1","NSWFFRDv2.1","{""Purdie 1977""}","All",NA,NA,NA,"partial"
"163851","8562","Chrysocephalum semipapposum","surv1","NSWFFRDv2.1","{""Purdie 1977""}","All",NA,NA,NA,"partial"
"171349","9201","Genoplesium rufum","surv1","NSWFFRDv2.1","{""Purdie 1977""}","All",NA,NA,NA,"exact"
"178013","8802","Lomandra multiflora subsp. multiflora","surv1","NSWFFRDv2.1","{""Purdie 1977""}","All",NA,NA,NA,"exact"
"156801","3781","Acacia genistifolia","surv1","NSWFFRDv2.1","{""Purdie Slatyer 1976""}","None",NA,NA,NA,"exact"
"164993","3781","Acacia genistifolia","surv1","austraits-6.0.0","{""Purdie Slatyer 1976""}","None",NA,NA,NA,"exact"
"165025","2850","Dillwynia retorta","surv1","austraits-6.0.0","{""Purdie Slatyer 1976""}","None",NA,NA,NA,"exact"
"163421","3469","Cassytha pubescens","surv1","NSWFFRDv2.1","{""Purdie Slatyer 1976""}","None",NA,NA,NA,"exact"
"165010","3469","Cassytha pubescens","surv1","austraits-6.0.0","{""Purdie Slatyer 1976""}","None",NA,NA,NA,"exact"
"165066","6182","Pimelea linifolia","surv1","austraits-6.0.0","{""Purdie Slatyer 1976""}","None",NA,NA,NA,"exact"
"181966","6182","Pimelea linifolia","surv1","NSWFFRDv2.1","{""Purdie Slatyer 1976""}","None",NA,NA,NA,"exact"
"165020","1109","Daucus glochidiatus","surv1","austraits-6.0.0","{""Purdie Slatyer 1976""}","None",NA,NA,NA,"exact"
"166181","1109","Daucus glochidiatus","surv1","NSWFFRDv2.1","{""Purdie Slatyer 1976""}","None",NA,NA,NA,"exact"
"165050","1550","Lactuca serriola","surv1","austraits-6.0.0","{""Purdie Slatyer 1976""}","None",NA,NA,NA,"exact"
"175348","1550","Lactuca serriola","surv1","NSWFFRDv2.1","{""Purdie Slatyer 1976""}","None",NA,NA,NA,"exact"
"165064","5992","Parentucellia latifolia","surv1","austraits-6.0.0","{""Purdie Slatyer 1976""}","None",NA,NA,NA,"exact"
"180811","5992","Parentucellia latifolia","surv1","NSWFFRDv2.1","{""Purdie Slatyer 1976""}","None",NA,NA,NA,"exact"
"165068","7395","Poranthera microphylla","surv1","austraits-6.0.0","{""Purdie Slatyer 1976""}","None",NA,NA,NA,"exact"
"182397","7395","Poranthera microphylla","surv1","NSWFFRDv2.1","{""Purdie Slatyer 1976""}","None",NA,NA,NA,"exact"
"165074","1675","Senecio quadridentatus","surv1","austraits-6.0.0","{""Purdie Slatyer 1976""}","None",NA,NA,NA,"exact"
"183380","1675","Senecio quadridentatus","surv1","NSWFFRDv2.1","{""Purdie Slatyer 1976""}","None",NA,NA,NA,"exact"
"165075","6091","Solanum nigrum","surv1","austraits-6.0.0","{""Purdie Slatyer 1976""}","None",NA,NA,NA,"exact"
"183517","6091","Solanum nigrum","surv1","NSWFFRDv2.1","{""Purdie Slatyer 1976""}","None",NA,NA,NA,"exact"
"165076","1689","Sonchus asper","surv1","austraits-6.0.0","{""Purdie Slatyer 1976""}","None",NA,NA,NA,"exact"
"158026","4731","Aira cupaniana","surv1","NSWFFRDv2.1","{""Purdie Slatyer 1976""}","None",NA,NA,NA,"exact"
"164996","4731","Aira cupaniana","surv1","austraits-6.0.0","{""Purdie Slatyer 1976""}","None",NA,NA,NA,"exact"
"162414","4801","Briza minor","surv1","NSWFFRDv2.1","{""Purdie Slatyer 1976""}","None",NA,NA,NA,"exact"
"165002","4801","Briza minor","surv1","austraits-6.0.0","{""Purdie Slatyer 1976""}","None",NA,NA,NA,"exact"
"165016","2395","Cyperus sanguinolentus","surv1","austraits-6.0.0","{""Purdie Slatyer 1976""}","None",NA,NA,NA,"exact"
"166008","2395","Cyperus sanguinolentus","surv1","NSWFFRDv2.1","{""Purdie Slatyer 1976""}","None",NA,NA,NA,"exact"
"165048","3324","Juncus capitatus","surv1","austraits-6.0.0","{""Purdie Slatyer 1976""}","None",NA,NA,NA,"exact"
"175130","3324","Juncus capitatus","surv1","NSWFFRDv2.1","{""Purdie Slatyer 1976""}","None",NA,NA,NA,"exact"
"165055","5033","Lolium rigidum","surv1","austraits-6.0.0","{""Purdie Slatyer 1976""}","None",NA,NA,NA,"exact"
"177760","5033","Lolium rigidum","surv1","NSWFFRDv2.1","{""Purdie Slatyer 1976""}","None",NA,NA,NA,"exact"
"165081","5239","Vulpia bromoides","surv1","austraits-6.0.0","{""Purdie Slatyer 1976""}","None",NA,NA,NA,"exact"
"184356","5239","Vulpia bromoides","surv1","NSWFFRDv2.1","{""Purdie Slatyer 1976""}","None",NA,NA,NA,"exact"
"165028","4082","Eucalyptus dives","surv1","austraits-6.0.0","{""Purdie Slatyer 1976""}","All",NA,NA,NA,"exact"
"169231","4082","Eucalyptus dives","surv1","NSWFFRDv2.1","{""Purdie Slatyer 1976""}","All",NA,NA,NA,"exact"
"165029","4120","Eucalyptus macrorhyncha","surv1","austraits-6.0.0","{""Purdie Slatyer 1976""}","All",NA,NA,NA,"exact"
"169444","4120","Eucalyptus macrorhyncha","surv1","NSWFFRDv2.1","{""Purdie Slatyer 1976""}","All",NA,NA,NA,"exact"
"165031","4172","Eucalyptus rossii","surv1","austraits-6.0.0","{""Purdie Slatyer 1976""}","All",NA,NA,NA,"exact"
"169746","4172","Eucalyptus rossii","surv1","NSWFFRDv2.1","{""Purdie Slatyer 1976""}","All",NA,NA,NA,"exact"
"164998","2584","Astroloma humifusum","surv1","austraits-6.0.0","{""Purdie Slatyer 1976""}","All",NA,NA,NA,"exact"
"159737","1203","Astrotricha ledifolia","surv1","NSWFFRDv2.1","{""Purdie Slatyer 1976""}","All",NA,NA,NA,"exact"
"164999","1203","Astrotricha ledifolia","surv1","austraits-6.0.0","{""Purdie Slatyer 1976""}","All",NA,NA,NA,"exact"
"160604","4671","Billardiera scandens","surv1","NSWFFRDv2.1","{""Purdie Slatyer 1976""}","All",NA,NA,NA,"exact"
"165000","4671","Billardiera scandens","surv1","austraits-6.0.0","{""Purdie Slatyer 1976""}","All",NA,NA,NA,"exact"
"165001","2586","Brachyloma daphnoides","surv1","austraits-6.0.0","{""Purdie Slatyer 1976""}","All",NA,NA,NA,"exact"
"163745","1391","Chondrilla juncea","surv1","NSWFFRDv2.1","{""Purdie Slatyer 1976""}","All",NA,NA,NA,"exact"
"165012","1391","Chondrilla juncea","surv1","austraits-6.0.0","{""Purdie Slatyer 1976""}","All",NA,NA,NA,"exact"
"165036","5357","Grevillea alpina","surv1","austraits-6.0.0","{""Purdie Slatyer 1976""}","All",NA,NA,NA,"exact"
"172030","5357","Grevillea alpina","surv1","NSWFFRDv2.1","{""Purdie Slatyer 1976""}","All",NA,NA,NA,"exact"
"165038","2873","Hardenbergia violacea","surv1","austraits-6.0.0","{""Purdie Slatyer 1976""}","All",NA,NA,NA,"exact"
"173915","2873","Hardenbergia violacea","surv1","NSWFFRDv2.1","{""Purdie Slatyer 1976""}","All",NA,NA,NA,"exact"
"165043","11015","Hovea heterophylla","surv1","austraits-6.0.0","{""Purdie Slatyer 1976""}","All",NA,NA,NA,"exact"
"165044","7240","Hypericum gramineum","surv1","austraits-6.0.0","{""Purdie Slatyer 1976""}","All",NA,NA,NA,"exact"
"165051","4228","Leptospermum multicaule","surv1","austraits-6.0.0","{""Purdie Slatyer 1976""}","All",NA,NA,NA,"exact"
"177054","4228","Leptospermum multicaule","surv1","NSWFFRDv2.1","{""Purdie Slatyer 1976""}","All",NA,NA,NA,"exact"
"165059","2646","Melichrus urceolatus","surv1","austraits-6.0.0","{""Purdie Slatyer 1976""}","All",NA,NA,NA,"exact"
"165062","2649","Monotoca scoparia","surv1","austraits-6.0.0","{""Purdie Slatyer 1976""}","All",NA,NA,NA,"exact"
"165065","5471","Persoonia rigida","surv1","austraits-6.0.0","{""Purdie Slatyer 1976""}","All",NA,NA,NA,"exact"
"165073","3012","Pultenaea procumbens","surv1","austraits-6.0.0","{""Purdie Slatyer 1976""}","All",NA,NA,NA,"exact"
"182801","3012","Pultenaea procumbens","surv1","NSWFFRDv2.1","{""Purdie Slatyer 1976""}","All",NA,NA,NA,"exact"
"164997","4770","Aristida ramosa","surv1","austraits-6.0.0","{""Purdie Slatyer 1976""}","All",NA,NA,NA,"exact"
"165022","4891","Deyeuxia quadriseta","surv1","austraits-6.0.0","{""Purdie Slatyer 1976""}","All",NA,NA,NA,"exact"
"165032","5860","Exocarpos cupressiformis","surv1","austraits-6.0.0","{""Purdie Slatyer 1976""}","All",NA,NA,NA,"exact"
"171050","5860","Exocarpos cupressiformis","surv1","NSWFFRDv2.1","{""Purdie Slatyer 1976""}","All",NA,NA,NA,"exact"
"164994","3823","Acacia mearnsii","surv1","austraits-6.0.0","{""Purdie Slatyer 1976""}","All",NA,NA,NA,"exact"
"165021","2824","Daviesia mimosoides","surv1","austraits-6.0.0","{""Purdie Slatyer 1976""}","All",NA,NA,NA,"exact"
"166271","2824","Daviesia mimosoides","surv1","NSWFFRDv2.1","{""Purdie Slatyer 1976""}","All",NA,NA,NA,"exact"
"165047","2882","Indigofera australis","surv1","austraits-6.0.0","{""Purdie Slatyer 1976""}","All",NA,NA,NA,"exact"
"174930","2882","Indigofera australis","surv1","NSWFFRDv2.1","{""Purdie Slatyer 1976""}","All",NA,NA,NA,"exact"
"156587","3727","Acacia buxifolia","surv1","NSWFFRDv2.1","{""Purdie Slatyer 1976""}","All",NA,NA,NA,"exact"
"164992","3727","Acacia buxifolia","surv1","austraits-6.0.0","{""Purdie Slatyer 1976""}","All",NA,NA,NA,"exact"
"165035","3188","Goodenia hederacea","surv1","austraits-6.0.0","{""Purdie Slatyer 1976""}","All",NA,NA,NA,"exact"
"165042","2542","Hibbertia obtusifolia","surv1","austraits-6.0.0","{""Purdie Slatyer 1976""}","All",NA,NA,NA,"exact"
"174236","2542","Hibbertia obtusifolia","surv1","NSWFFRDv2.1","{""Purdie Slatyer 1976""}","All",NA,NA,NA,"exact"
"165063","4613","Oxalis corniculata","surv1","austraits-6.0.0","{""Purdie Slatyer 1976""}","All",NA,NA,NA,"exact"
"180593","4613","Oxalis corniculata","surv1","NSWFFRDv2.1","{""Purdie Slatyer 1976""}","All",NA,NA,NA,"exact"
"165060","5037","Microlaena stipoides","surv1","austraits-6.0.0","{""Purdie Slatyer 1976""}","All",NA,NA,NA,"exact"
"162683","4373","Caladenia carnea","surv1","NSWFFRDv2.1","{""Purdie Slatyer 1976""}","All",NA,NA,NA,"exact"
"165006","4373","Caladenia carnea","surv1","austraits-6.0.0","{""Purdie Slatyer 1976""}","All",NA,NA,NA,"exact"
"162713","4376","Caladenia cucullata","surv1","NSWFFRDv2.1","{""Purdie Slatyer 1976""}","All",NA,NA,NA,"exact"
"165007","4376","Caladenia cucullata","surv1","austraits-6.0.0","{""Purdie Slatyer 1976""}","All",NA,NA,NA,"exact"
"165009","12068","Caladenia praecox","surv1","austraits-6.0.0","{""Purdie Slatyer 1976""}","All",NA,NA,NA,"exact"
"165026","4447","Diuris maculata","surv1","austraits-6.0.0","{""Purdie Slatyer 1976""}","All",NA,NA,NA,"exact"
"167054","4447","Diuris maculata","surv1","NSWFFRDv2.1","{""Purdie Slatyer 1976""}","All",NA,NA,NA,"exact"
"165033","4465","Glossodia major","surv1","austraits-6.0.0","{""Purdie Slatyer 1976""}","All",NA,NA,NA,"exact"
"171475","4465","Glossodia major","surv1","NSWFFRDv2.1","{""Purdie Slatyer 1976""}","All",NA,NA,NA,"exact"
"165061","7622","Microtis parviflora","surv1","austraits-6.0.0","{""Purdie Slatyer 1976""}","All",NA,NA,NA,"exact"
"178803","7622","Microtis parviflora","surv1","NSWFFRDv2.1","{""Purdie Slatyer 1976""}","All",NA,NA,NA,"exact"
"165069","4494","Prasophyllum brevilabre","surv1","austraits-6.0.0","{""Purdie Slatyer 1976""}","All",NA,NA,NA,"exact"
"182423","4494","Prasophyllum brevilabre","surv1","NSWFFRDv2.1","{""Purdie Slatyer 1976""}","All",NA,NA,NA,"exact"
"165072","4566","Pterostylis parviflora","surv1","austraits-6.0.0","{""Purdie Slatyer 1976""}","All",NA,NA,NA,"exact"
"182671","4566","Pterostylis parviflora","surv1","NSWFFRDv2.1","{""Purdie Slatyer 1976""}","All",NA,NA,NA,"exact"
"165078","4602","Thelymitra pauciflora","surv1","austraits-6.0.0","{""Purdie Slatyer 1976""}","All",NA,NA,NA,"exact"
"184008","4602","Thelymitra pauciflora","surv1","NSWFFRDv2.1","{""Purdie Slatyer 1976""}","All",NA,NA,NA,"exact"
"165079","3573","Thysanotus patersonii","surv1","austraits-6.0.0","{""Purdie Slatyer 1976""}","All",NA,NA,NA,"exact"
"184067","3573","Thysanotus patersonii","surv1","NSWFFRDv2.1","{""Purdie Slatyer 1976""}","All",NA,NA,NA,"exact"
"165080","3574","Thysanotus tuberosus","surv1","austraits-6.0.0","{""Purdie Slatyer 1976""}","All",NA,NA,NA,"exact"
"165023","3542","Dianella revoluta","surv1","austraits-6.0.0","{""Purdie Slatyer 1976""}","All",NA,NA,NA,"exact"
"166559","3542","Dianella revoluta","surv1","NSWFFRDv2.1","{""Purdie Slatyer 1976""}","All",NA,NA,NA,"exact"
"165049","3348","Juncus subsecundus","surv1","austraits-6.0.0","{""Purdie Slatyer 1976""}","All",NA,NA,NA,"exact"
"177842","6302","Lomandra filiformis","surv1","NSWFFRDv2.1","{""Purdie Slatyer 1976""}","All",NA,NA,NA,"exact"
"165057","6308","Lomandra longifolia","surv1","austraits-6.0.0","{""Purdie Slatyer 1976""}","All",NA,NA,NA,"exact"
"177950","6308","Lomandra longifolia","surv1","NSWFFRDv2.1","{""Purdie Slatyer 1976""}","All",NA,NA,NA,"exact"
"165015","2242","Crassula sieberiana","surv1","austraits-6.0.0","{""Purdie Slatyer 1976""}","None",NA,NA,NA,"exact"
"165664","2242","Crassula sieberiana","surv1","NSWFFRDv2.1","{""Purdie Slatyer 1976""}","None",NA,NA,NA,"exact"
"165034","9904","Euchiton involucratus","surv1","austraits-6.0.0","{""Purdie Slatyer 1976""}","None",NA,NA,NA,"exact"
"170876","9904","Euchiton involucratus","surv1","NSWFFRDv2.1","{""Purdie Slatyer 1976""}","None",NA,NA,NA,"exact"
"165045","1540","Hypochaeris glabra","surv1","austraits-6.0.0","{""Purdie Slatyer 1976""}","None",NA,NA,NA,"exact"
"174782","1540","Hypochaeris glabra","surv1","NSWFFRDv2.1","{""Purdie Slatyer 1976""}","None",NA,NA,NA,"exact"
"165054","5978","Linaria pelisseriana","surv1","austraits-6.0.0","{""Purdie Slatyer 1976""}","None",NA,NA,NA,"exact"
"177590","5978","Linaria pelisseriana","surv1","NSWFFRDv2.1","{""Purdie Slatyer 1976""}","None",NA,NA,NA,"exact"
"165003","4807","Bromus hordeaceus","surv1","austraits-6.0.0","{""Purdie Slatyer 1976""}","None",NA,NA,NA,"exact"
"165030","7827","Eucalyptus mannifera subsp. mannifera","surv1","austraits-6.0.0","{""Purdie Slatyer 1976""}","All",NA,NA,NA,"exact"
"169452","7827","Eucalyptus mannifera subsp. mannifera","surv1","NSWFFRDv2.1","{""Purdie Slatyer 1976""}","All",NA,NA,NA,"exact"
"156836","3785","Acacia gunnii","surv1","NSWFFRDv2.1","{""Purdie Slatyer 1976""}","All",NA,NA,NA,"exact"
"164995","3785","Acacia gunnii","surv1","austraits-6.0.0","{""Purdie Slatyer 1976""}","All",NA,NA,NA,"exact"
"165046","8788","Hypochaeris radicata","surv1","austraits-6.0.0","{""Purdie Slatyer 1976""}","All",NA,NA,NA,"exact"
"174796","8788","Hypochaeris radicata","surv1","NSWFFRDv2.1","{""Purdie Slatyer 1976""}","All",NA,NA,NA,"exact"
"165077","6157","Stylidium graminifolium","surv1","austraits-6.0.0","{""Purdie Slatyer 1976""}","All",NA,NA,NA,"exact"
"183760","6157","Stylidium graminifolium","surv1","NSWFFRDv2.1","{""Purdie Slatyer 1976""}","All",NA,NA,NA,"exact"
"165017","14308","Rytidosperma erianthum","surv1","austraits-6.0.0","{""Purdie Slatyer 1976""}","All",NA,NA,NA,"exact"
"165018","14314","Rytidosperma pallidum","surv1","austraits-6.0.0","{""Purdie Slatyer 1976""}","All",NA,NA,NA,"exact"
"183047","14314","Rytidosperma pallidum","surv1","NSWFFRDv2.1","{""Purdie Slatyer 1976""}","All",NA,NA,NA,"exact"
"165019","14316","Rytidosperma pilosum","surv1","austraits-6.0.0","{""Purdie Slatyer 1976""}","All",NA,NA,NA,"exact"
"183056","14316","Rytidosperma pilosum","surv1","NSWFFRDv2.1","{""Purdie Slatyer 1976""}","All",NA,NA,NA,"exact"
"165024","4898","Dichelachne micrantha","surv1","austraits-6.0.0","{""Purdie Slatyer 1976""}","All",NA,NA,NA,"exact"
"166647","4898","Dichelachne micrantha","surv1","NSWFFRDv2.1","{""Purdie Slatyer 1976""}","All",NA,NA,NA,"exact"
"165037","3247","Gonocarpus tetragynus","surv1","austraits-6.0.0","{""Purdie Slatyer 1976""}","All",NA,NA,NA,"exact"
"171733","3247","Gonocarpus tetragynus","surv1","NSWFFRDv2.1","{""Purdie Slatyer 1976""}","All",NA,NA,NA,"exact"
"163845","8562","Chrysocephalum semipapposum","surv1","NSWFFRDv2.1","{""Purdie Slatyer 1976""}","All",NA,NA,NA,"exact"
"165040","8562","Chrysocephalum semipapposum","surv1","austraits-6.0.0","{""Purdie Slatyer 1976""}","All",NA,NA,NA,"exact"
"165005","11228","Cyanicula caerulea","surv1","austraits-6.0.0","{""Purdie Slatyer 1976""}","All",NA,NA,NA,"exact"
"165885","11228","Cyanicula caerulea","surv1","NSWFFRDv2.1","{""Purdie Slatyer 1976""}","All",NA,NA,NA,"exact"
"168748","7952","Epilobium billardiereanum subsp. cinereum","surv1","NSWFFRDv2.1","{""Purdie Slatyer 1976""}","All",NA,NA,NA,"exact"
"171347","9201","Genoplesium rufum","surv1","NSWFFRDv2.1","{""Purdie Slatyer 1976""}","All",NA,NA,NA,"exact"
"178009","8802","Lomandra multiflora subsp. multiflora","surv1","NSWFFRDv2.1","{""Purdie Slatyer 1976""}","All",NA,NA,NA,"exact"
"77408","1550","Lactuca serriola","disp1","austraits-6.0.0","{""Purdie Slatyer 1976""}","wind-unspec.",NA,NA,NA,"partial"
"93629","1550","Lactuca serriola","disp1","austraits-6.0.0","{""Purdie Slatyer 1976""}","wind-unspec.",NA,NA,NA,"partial"
"77409","1675","Senecio quadridentatus","disp1","austraits-6.0.0","{""Purdie Slatyer 1976""}","wind-unspec.",NA,NA,NA,"partial"
"93630","1675","Senecio quadridentatus","disp1","austraits-6.0.0","{""Purdie Slatyer 1976""}","wind-unspec.",NA,NA,NA,"partial"
"77411","1689","Sonchus asper","disp1","austraits-6.0.0","{""Purdie Slatyer 1976""}","wind-unspec.",NA,NA,NA,"partial"
"93632","1689","Sonchus asper","disp1","austraits-6.0.0","{""Purdie Slatyer 1976""}","wind-unspec.",NA,NA,NA,"partial"
"77398","1391","Chondrilla juncea","disp1","austraits-6.0.0","{""Purdie Slatyer 1976""}","wind-unspec.",NA,NA,NA,"partial"
"93619","1391","Chondrilla juncea","disp1","austraits-6.0.0","{""Purdie Slatyer 1976""}","wind-unspec.",NA,NA,NA,"partial"
"77402","5860","Exocarpos cupressiformis","disp1","austraits-6.0.0","{""Purdie Slatyer 1976""}","animal-unspec.",NA,NA,NA,"partial"
"93623","5860","Exocarpos cupressiformis","disp1","austraits-6.0.0","{""Purdie Slatyer 1976""}","animal-unspec.",NA,NA,NA,"partial"
"77403","9904","Euchiton involucratus","disp1","austraits-6.0.0","{""Purdie Slatyer 1976""}","wind-unspec.",NA,NA,NA,"partial"
"93624","9904","Euchiton involucratus","disp1","austraits-6.0.0","{""Purdie Slatyer 1976""}","wind-unspec.",NA,NA,NA,"partial"
"77406","1540","Hypochaeris glabra","disp1","austraits-6.0.0","{""Purdie Slatyer 1976""}","wind-unspec.",NA,NA,NA,"partial"
"93627","1540","Hypochaeris glabra","disp1","austraits-6.0.0","{""Purdie Slatyer 1976""}","wind-unspec.",NA,NA,NA,"partial"
"77407","8788","Hypochaeris radicata","disp1","austraits-6.0.0","{""Purdie Slatyer 1976""}","wind-unspec.",NA,NA,NA,"partial"
"93628","8788","Hypochaeris radicata","disp1","austraits-6.0.0","{""Purdie Slatyer 1976""}","wind-unspec.",NA,NA,NA,"partial"
"168304","11864","Drypetes deplanchei","surv1","NSWFFRDv2.1","{""Russell-Smith Ryan Klessa Waight Harwood 1998""}","All",NA,NA,NA,"exact"
"182258","1088","Polyalthia nitidissima","surv1","NSWFFRDv2.1","{""Russell-Smith Ryan Klessa Waight Harwood 1998""}","All",NA,NA,NA,"exact"
"183737","7343","Sterculia quadrifida","surv1","NSWFFRDv2.1","{""Russell-Smith Ryan Klessa Waight Harwood 1998""}","All",NA,NA,NA,"exact"
"158282","7686","Alphitonia excelsa","surv1","NSWFFRDv2.1","{""Russell-Smith Ryan Klessa Waight Harwood 1998""}","All",NA,NA,NA,"exact"
"158312","1167","Alyxia ruscifolia","surv1","NSWFFRDv2.1","{""Russell-Smith Ryan Klessa Waight Harwood 1998""}","None",NA,NA,NA,"exact"
"181351","6396","Petalostigma pubescens","surv1","NSWFFRDv2.1","{""Russell-Smith Ryan Klessa Waight Harwood 1998""}","All",NA,NA,NA,"exact"
"181887","6751","Phyllanthus virgatus","surv1","NSWFFRDv2.1","{""Russell-Smith Ryan Klessa Waight Harwood 1998""}","All",NA,NA,NA,"exact"
"171070","6383","Exocarpos latifolius","surv1","NSWFFRDv2.1","{""Russell-Smith Ryan Klessa Waight Harwood 1998""}","All",NA,NA,NA,"exact"
"163986","12201","Clerodendrum floribundum var. floribundum","surv1","NSWFFRDv2.1","{""Russell-Smith Ryan Klessa Waight Harwood 1998""}","All",NA,NA,NA,"exact"
"181114","5459","Persoonia juniperina","surv1","NSWFFRDv2.1","{""Russell Parsons 1978""}","All",NA,NA,NA,"exact"
"160212","5344","Banksia marginata","surv1","NSWFFRDv2.1","{""Russell Parsons 1978""}","All",NA,NA,NA,"exact"
"173791","5425","Hakea sericea","surv1","NSWFFRDv2.1","{""Russell Parsons 1978""}","None",NA,NA,NA,"exact"
"166938","2851","Dillwynia sericea","surv1","NSWFFRDv2.1","{""Russell Parsons 1978""}","None",NA,NA,NA,"exact"
"166808","2844","Dillwynia glaberrima","surv1","NSWFFRDv2.1","{""Russell Parsons 1978""}","None",NA,NA,NA,"exact"
"177078","4229","Leptospermum myrsinoides","surv1","NSWFFRDv2.1","{""Russell Parsons 1978""}","All",NA,NA,NA,"exact"
"176986","4221","Leptospermum juniperinum","surv1","NSWFFRDv2.1","{""Russell Parsons 1978""}","All",NA,NA,NA,"exact"
"168610","2597","Epacris impressa","surv1","NSWFFRDv2.1","{""Russell Parsons 1978""}","All",NA,NA,NA,"exact"
"177556","2639","Leucopogon virgatus","surv1","NSWFFRDv2.1","{""Russell Parsons 1978""}","All",NA,NA,NA,"exact"
"158190","2015","Allocasuarina paludosa","surv1","NSWFFRDv2.1","{""Russell Parsons 1978""}","All",NA,NA,NA,"exact"
"162512","3533","Burchardia umbellata","surv1","NSWFFRDv2.1","{""Van Moezel Loneragan Bell 1987""}","All",NA,NA,NA,"exact"
NA,"3533","Burchardia umbellata","repr3a","NSWFFRDv2.1","{""Wark White Robertson Marriott 1987"",""Wark 1997"",""Bewick 1994"",""Van Moezel Loneragan Bell 1987""}",NA,NA,1,2,"exact"
"167046","4446","Diuris longifolia","surv1","NSWFFRDv2.1","{""Van Moezel Loneragan Bell 1987""}","All",NA,NA,NA,"exact"
"182659","4561","Pterostylis nana","surv1","NSWFFRDv2.1","{""Van Moezel Loneragan Bell 1987""}","All",NA,NA,NA,"exact"
"158426","1268","Angianthus tomentosus","surv1","NSWFFRDv2.1","{""Van Moezel Loneragan Bell 1987""}","None",NA,NA,NA,"exact"
"159499","1273","Arctotheca calendula","surv1","NSWFFRDv2.1","{""Van Moezel Loneragan Bell 1987""}","None",NA,NA,NA,"exact"
"163423","3469","Cassytha pubescens","surv1","NSWFFRDv2.1","{""Van Moezel Loneragan Bell 1987""}","None",NA,NA,NA,"exact"
"175186","2896","Kennedia prostrata","surv1","NSWFFRDv2.1","{""Van Moezel Loneragan Bell 1987""}","None",NA,NA,NA,"exact"
"156676","3758","Acacia dealbata","surv1","NSWFFRDv2.1","{""Wark 1997""}","None",NA,NA,NA,"exact"
"157084","3823","Acacia mearnsii","surv1","NSWFFRDv2.1","{""Wark 1997""}","None",NA,NA,NA,"exact"
"157365","3861","Acacia pycnantha","surv1","NSWFFRDv2.1","{""Wark 1997""}","None",NA,NA,NA,"exact"
"182310","5571","Pomaderris aspera","surv1","NSWFFRDv2.1","{""Wark 1997""}","None",NA,NA,NA,"exact"
"182337","9484","Pomaderris elachophylla","surv1","NSWFFRDv2.1","{""Wark 1997""}","None",NA,NA,NA,"exact"
NA,"9484","Pomaderris elachophylla","repr3","NSWFFRDv2.1","{""Wark 1997""}",NA,3,NA,NA,"exact"
"182345","5579","Pomaderris ferruginea","surv1","NSWFFRDv2.1","{""Wark 1997""}","None",NA,NA,NA,"exact"
"182487","3415","Prostanthera lasianthos","surv1","NSWFFRDv2.1","{""Wark 1997""}","None",NA,NA,NA,"exact"
"158017","4730","Aira caryophyllea","surv1","NSWFFRDv2.1","{""Wark 1997""}","None",NA,NA,NA,"exact"
"162416","4801","Briza minor","surv1","NSWFFRDv2.1","{""Wark 1997""}","None",NA,NA,NA,"exact"
NA,"4801","Briza minor","repr3","NSWFFRDv2.1","{""Wark White Robertson Marriott 1987"",""Department Natural Resources Environment "",""Wark 1997"",""Purdie Slatyer 1976""}",NA,1,NA,NA,"exact"
"168348","4934","Echinopogon ovatus","surv1","NSWFFRDv2.1","{""Wark 1997""}","None",NA,NA,NA,"exact"
NA,"4934","Echinopogon ovatus","repr3","NSWFFRDv2.1","{""Department Natural Resources Environment "",""Wark 1997""}",NA,1,NA,NA,"exact"
"184361","5242","Vulpia myuros","surv1","NSWFFRDv2.1","{""Wark 1997""}","None",NA,NA,NA,"exact"
"156455","3699","Acacia acinacea","surv1","NSWFFRDv2.1","{""Wark 1997""}","None",NA,NA,NA,"exact"
NA,"3699","Acacia acinacea","repr3","NSWFFRDv2.1","{""Department Natural Resources Environment "",""Wark 1997""}",NA,3,NA,NA,"exact"
"156810","3781","Acacia genistifolia","surv1","NSWFFRDv2.1","{""Wark 1997""}","None",NA,NA,NA,"exact"
NA,"3781","Acacia genistifolia","repr3","NSWFFRDv2.1","{""Department Natural Resources Environment "",""Wark 1997"",""Purdie Slatyer 1976""}",NA,3,NA,NA,"exact"
"157644","3895","Acacia verniciflua","surv1","NSWFFRDv2.1","{""Wark 1997""}","None",NA,NA,NA,"exact"
"165489","5772","Correa reflexa","surv1","NSWFFRDv2.1","{""Wark 1997""}","None",NA,NA,NA,"exact"
NA,"5772","Correa reflexa","repr3","NSWFFRDv2.1","{""Wark 1997""}",NA,2,NA,NA,"exact"
"168600","2597","Epacris impressa","surv1","NSWFFRDv2.1","{""Wark 1997""}","None",NA,NA,NA,"exact"
NA,"2597","Epacris impressa","repr3","NSWFFRDv2.1","{""Wark White Robertson Marriott 1987"",""Wark 1997""}",NA,2,NA,NA,"exact"
"171903","3192","Goodenia ovata","surv1","NSWFFRDv2.1","{""Wark 1997""}","None",NA,NA,NA,"exact"
NA,"3192","Goodenia ovata","repr3","NSWFFRDv2.1","{""Wark White Robertson Marriott 1987"",""Wark 1997""}",NA,1,NA,NA,"exact"
"180691","8885","Ozothamnus ferrugineus","surv1","NSWFFRDv2.1","{""Wark 1997""}","None",NA,NA,NA,"exact"
NA,"8885","Ozothamnus ferrugineus","repr3","NSWFFRDv2.1","{""Wark 1997""}",NA,2,NA,NA,"exact"
"174940","2882","Indigofera australis","surv1","NSWFFRDv2.1","{""Wark 1997""}","None",NA,NA,NA,"exact"
NA,"2882","Indigofera australis","repr3","NSWFFRDv2.1","{""Wark 1997""}",NA,2,NA,NA,"exact"
"180346","1607","Olearia phlogopappa","surv1","NSWFFRDv2.1","{""Wark 1997""}","None",NA,NA,NA,"exact"
NA,"1607","Olearia phlogopappa","repr3","NSWFFRDv2.1","{""Wark 1997""}",NA,2,NA,NA,"exact"
"180370","1611","Olearia ramulosa","surv1","NSWFFRDv2.1","{""Wark 1997""}","None",NA,NA,NA,"exact"
NA,"1611","Olearia ramulosa","repr3","NSWFFRDv2.1","{""Wark 1997""}",NA,2,NA,NA,"exact"
"182732","2985","Pultenaea daphnoides","surv1","NSWFFRDv2.1","{""Wark 1997""}","None",NA,NA,NA,"exact"
"182824","3016","Pultenaea scabra","surv1","NSWFFRDv2.1","{""Wark 1997""}","None",NA,NA,NA,"exact"
"181948","6179","Pimelea humilis","surv1","NSWFFRDv2.1","{""Wark 1997""}","None",NA,NA,NA,"exact"
NA,"6179","Pimelea humilis","repr3","NSWFFRDv2.1","{""Wark White Robertson Marriott 1987"",""Wark 1997""}",NA,1,NA,NA,"exact"
"181973","6182","Pimelea linifolia","surv1","NSWFFRDv2.1","{""Wark 1997""}","None",NA,NA,NA,"exact"
NA,"6182","Pimelea linifolia","repr3","NSWFFRDv2.1","{""Wark White Robertson Marriott 1987"",""Wark 1997"",""Purdie Slatyer 1976""}",NA,2,NA,NA,"exact"
"176917","7970","Leptospermum continentale","surv1","NSWFFRDv2.1","{""Wark 1997""}","None",NA,NA,NA,"exact"
"183507","6087","Solanum laciniatum","surv1","NSWFFRDv2.1","{""Wark 1997""}","None",NA,NA,NA,"exact"
NA,"6087","Solanum laciniatum","repr3","NSWFFRDv2.1","{""Wark White Robertson Marriott 1987"",""Wark 1997""}",NA,2,NA,NA,"exact"
"183657","5600","Spyridium parvifolium","surv1","NSWFFRDv2.1","{""Wark 1997""}","None",NA,NA,NA,"exact"
"157719","5604","Acaena novae-zelandiae","surv1","NSWFFRDv2.1","{""Wark 1997""}","None",NA,NA,NA,"exact"
"159627","5659","Asperula scoparia","surv1","NSWFFRDv2.1","{""Wark 1997""}","None",NA,NA,NA,"exact"
"159673","1280","Aster subulatus","surv1","NSWFFRDv2.1","{""Wark 1997""}","None",NA,NA,NA,"exact"
"163887","1400","Cirsium vulgare","surv1","NSWFFRDv2.1","{""Wark 1997""}","None",NA,NA,NA,"exact"
"166675","2222","Dichondra repens","surv1","NSWFFRDv2.1","{""Wark 1997""}","None",NA,NA,NA,"exact"
"171409","3156","Geranium solanderi","surv1","NSWFFRDv2.1","{""Wark 1997""}","None",NA,NA,NA,"exact"
NA,"3156","Geranium solanderi","repr3","NSWFFRDv2.1","{""Wark 1997""}",NA,1,NA,NA,"exact"
"170878","9904","Euchiton involucratus","surv1","NSWFFRDv2.1","{""Wark 1997""}","None",NA,NA,NA,"exact"
"170892","9690","Euchiton sphaericus","surv1","NSWFFRDv2.1","{""Wark 1997""}","None",NA,NA,NA,"exact"
NA,"9690","Euchiton sphaericus","repr3","NSWFFRDv2.1","{""Wark White Robertson Marriott 1987"",""Department Natural Resources Environment "",""Wark 1997""}",NA,1,NA,NA,"partial"
"171751","3247","Gonocarpus tetragynus","surv1","NSWFFRDv2.1","{""Wark 1997""}","None",NA,NA,NA,"exact"
"171247","5681","Galium binifolium","surv1","NSWFFRDv2.1","{""Wark 1997""}","None",NA,NA,NA,"exact"
NA,"5681","Galium binifolium","repr3","NSWFFRDv2.1","{""Wark White Robertson Marriott 1987"",""Wark 1997""}",NA,2,NA,NA,"exact"
"174680","1124","Hydrocotyle callicarpa","surv1","NSWFFRDv2.1","{""Wark 1997""}","None",NA,NA,NA,"exact"
"174696","8461","Hydrocotyle hirta","surv1","NSWFFRDv2.1","{""Wark 1997""}","None",NA,NA,NA,"exact"
"174708","1128","Hydrocotyle laxiflora","surv1","NSWFFRDv2.1","{""Wark 1997""}","None",NA,NA,NA,"exact"
NA,"1128","Hydrocotyle laxiflora","repr3","NSWFFRDv2.1","{""Wark 1997""}",NA,2,NA,NA,"exact"
"174748","7240","Hypericum gramineum","surv1","NSWFFRDv2.1","{""Wark 1997""}","None",NA,NA,NA,"exact"
"180483","5701","Opercularia varia","surv1","NSWFFRDv2.1","{""Wark 1997""}","None",NA,NA,NA,"exact"
NA,"5701","Opercularia varia","repr3","NSWFFRDv2.1","{""Keith David pers. comm."",""Department Natural Resources Environment "",""Wark 1997""}",NA,2,NA,NA,"partial"
"182400","7395","Poranthera microphylla","surv1","NSWFFRDv2.1","{""Wark 1997""}","None",NA,NA,NA,"exact"
"182981","1842","Rorippa dictyosperma","surv1","NSWFFRDv2.1","{""Wark 1997""}","None",NA,NA,NA,"exact"
NA,"1842","Rorippa dictyosperma","repr3","NSWFFRDv2.1","{""Wark 1997""}",NA,1,NA,NA,"exact"
"183391","1680","Senecio velleioides","surv1","NSWFFRDv2.1","{""Wark 1997""}","None",NA,NA,NA,"exact"
"183698","2004","Stellaria flaccida","surv1","NSWFFRDv2.1","{""Wark 1997""}","None",NA,NA,NA,"exact"
NA,"2004","Stellaria flaccida","repr3","NSWFFRDv2.1","{""Wark 1997""}",NA,1,NA,NA,"exact"
"183714","2008","Stellaria pungens","surv1","NSWFFRDv2.1","{""Wark 1997""}","None",NA,NA,NA,"exact"
NA,"2008","Stellaria pungens","repr3","NSWFFRDv2.1","{""Wark 1997"",""Wahren Papst Williams 1999""}",NA,1,NA,NA,"partial"
"183705","2006","Stellaria media","surv1","NSWFFRDv2.1","{""Wark 1997""}","None",NA,NA,NA,"exact"
"184325","6272","Viola hederacea","surv1","NSWFFRDv2.1","{""Wark 1997""}","None",NA,NA,NA,"exact"
NA,"6272","Viola hederacea","repr3","NSWFFRDv2.1","{""Wark 1997"",""Wahren Papst Williams 1999""}",NA,1,NA,NA,"exact"
"184315","9499","Viola cleistogamoides","surv1","NSWFFRDv2.1","{""Wark 1997""}","None",NA,NA,NA,"exact"
NA,"9499","Viola cleistogamoides","repr3","NSWFFRDv2.1","{""Wark White Robertson Marriott 1987"",""Wark 1997""}",NA,1,NA,NA,"exact"
"184379","1933","Wahlenbergia gracilenta","surv1","NSWFFRDv2.1","{""Wark 1997""}","None",NA,NA,NA,"exact"
NA,"1933","Wahlenbergia gracilenta","repr3","NSWFFRDv2.1","{""Wark White Robertson Marriott 1987"",""Department Natural Resources Environment "",""Wark 1997""}",NA,1,NA,NA,"exact"
"160608","4671","Billardiera scandens","surv1","NSWFFRDv2.1","{""Wark 1997""}","None",NA,NA,NA,"exact"
NA,"4671","Billardiera scandens","repr3","NSWFFRDv2.1","{""Wark 1997""}",NA,2,NA,NA,"exact"
"163379","3467","Cassytha glabella","surv1","NSWFFRDv2.1","{""Wark 1997""}","None",NA,NA,NA,"exact"
"163409","3468","Cassytha melantha","surv1","NSWFFRDv2.1","{""Wark 1997""}","None",NA,NA,NA,"exact"
NA,"3468","Cassytha melantha","repr3","NSWFFRDv2.1","{""Wark White Robertson Marriott 1987"",""Wark 1997""}",NA,2,NA,NA,"exact"
"163940","5493","Clematis aristata","surv1","NSWFFRDv2.1","{""Wark 1997""}","None",NA,NA,NA,"exact"
"164071","5257","Comesperma volubile","surv1","NSWFFRDv2.1","{""Wark 1997""}","None",NA,NA,NA,"exact"
"171507","2860","Glycine clandestina","surv1","NSWFFRDv2.1","{""Wark 1997""}","None",NA,NA,NA,"exact"
NA,"2860","Glycine clandestina","repr3","NSWFFRDv2.1","{""Wark 1997""}",NA,2,NA,NA,"exact"
"175199","2896","Kennedia prostrata","surv1","NSWFFRDv2.1","{""Wark 1997""}","None",NA,NA,NA,"exact"
NA,"2896","Kennedia prostrata","repr3","NSWFFRDv2.1","{""Wark White Robertson Marriott 1987"",""Wark 1997"",""EcoGIS 2002"",""Department Natural Resources Environment ""}",NA,1,NA,NA,"exact"
"169016","4053","Eucalyptus baxteri","surv1","NSWFFRDv2.1","{""Wark 1997""}","All",NA,NA,NA,"partial"
NA,"4053","Eucalyptus baxteri","repr3a","NSWFFRDv2.1","{""Wark 1997""}",NA,2,NA,NA,"exact"
"169195","4075","Eucalyptus cypellocarpa","surv1","NSWFFRDv2.1","{""Wark 1997""}","All",NA,NA,NA,"partial"
"169542","4140","Eucalyptus obliqua","surv1","NSWFFRDv2.1","{""Wark 1997""}","All",NA,NA,NA,"partial"
NA,"4140","Eucalyptus obliqua","repr3a","NSWFFRDv2.1","{""Wark White Robertson Marriott 1987"",""Wark 1997""}",NA,2,NA,NA,"exact"
"169592","4146","Eucalyptus ovata","surv1","NSWFFRDv2.1","{""Wark 1997""}","All",NA,NA,NA,"partial"
"170822","9304","Eucalyptus tricarpa","surv1","NSWFFRDv2.1","{""Wark 1997""}","All",NA,NA,NA,"partial"
NA,"9304","Eucalyptus tricarpa","repr3a","NSWFFRDv2.1","{""Wark 1997""}",NA,3,NA,NA,"exact"
"170838","4197","Eucalyptus viminalis","surv1","NSWFFRDv2.1","{""Wark 1997""}","All",NA,NA,NA,"partial"
"157117","3824","Acacia melanoxylon","surv1","NSWFFRDv2.1","{""Wark 1997""}","Most",NA,NA,NA,"exact"
"171056","5860","Exocarpos cupressiformis","surv1","NSWFFRDv2.1","{""Wark 1997""}","Most",NA,NA,NA,"exact"
"157956","7997","Adiantum aethiopicum","surv1","NSWFFRDv2.1","{""Wark 1997""}","All",NA,NA,NA,"partial"
"160656","8052","Blechnum cartilagineum","surv1","NSWFFRDv2.1","{""Wark 1997""}","All",NA,NA,NA,"partial"
"160684","8058","Blechnum nudum","surv1","NSWFFRDv2.1","{""Wark 1997""}","All",NA,NA,NA,"partial"
"165895","8074","Cyathea australis","surv1","NSWFFRDv2.1","{""Wark 1997""}","All",NA,NA,NA,"partial"
NA,"8074","Cyathea australis","repr3a","NSWFFRDv2.1","{""Wark 1997""}",NA,1,NA,NA,"exact"
"171443","6708","Gleichenia microphylla","surv1","NSWFFRDv2.1","{""Wark 1997""}","All",NA,NA,NA,"partial"
NA,"6708","Gleichenia microphylla","repr3a","NSWFFRDv2.1","{""Department Natural Resources Environment "",""Wark 1997""}",NA,2,NA,NA,"exact"
"174872","7653","Hypolepis rugosula","surv1","NSWFFRDv2.1","{""Wark 1997""}","All",NA,NA,NA,"partial"
NA,"7653","Hypolepis rugosula","repr3a","NSWFFRDv2.1","{""Wark 1997""}",NA,2,NA,NA,"exact"
"182587","6403","Pteridium esculentum","surv1","NSWFFRDv2.1","{""Wark 1997""}","All",NA,NA,NA,"partial"
"184102","8151","Todea barbara","surv1","NSWFFRDv2.1","{""Wark 1997""}","All",NA,NA,NA,"partial"
NA,"8151","Todea barbara","repr3a","NSWFFRDv2.1","{""Wark 1997""}",NA,1,NA,NA,"exact"
"159390","4750","Anthoxanthum odoratum","surv1","NSWFFRDv2.1","{""Wark 1997""}","All",NA,NA,NA,"partial"
"159893","10394","Austrostipa semibarbata","surv1","NSWFFRDv2.1","{""Wark 1997""}","All",NA,NA,NA,"partial"
NA,"10394","Austrostipa semibarbata","repr3a","NSWFFRDv2.1","{""Wark White Robertson Marriott 1987"",""Wark 1997""}",NA,1,NA,NA,"exact"
"166470","4891","Deyeuxia quadriseta","surv1","NSWFFRDv2.1","{""Wark 1997""}","All",NA,NA,NA,"partial"
NA,"4891","Deyeuxia quadriseta","repr3a","NSWFFRDv2.1","{""Wark White Robertson Marriott 1987"",""Wark 1997"",""Morgan Lunt 1999""}",NA,1,NA,NA,"exact"
"166659","4899","Dichelachne rara","surv1","NSWFFRDv2.1","{""Wark 1997""}","All",NA,NA,NA,"partial"
NA,"4899","Dichelachne rara","repr3a","NSWFFRDv2.1","{""Wark White Robertson Marriott 1987"",""Wark 1997""}",NA,1,NA,NA,"exact"
"174471","5005","Holcus lanatus","surv1","NSWFFRDv2.1","{""Wark 1997""}","All",NA,NA,NA,"partial"
"183913","5217","Tetrarrhena juncea","surv1","NSWFFRDv2.1","{""Wark 1997""}","All",NA,NA,NA,"partial"
NA,"5217","Tetrarrhena juncea","repr3a","NSWFFRDv2.1","{""Wark 1997""}",NA,1,NA,NA,"exact"
"182209","5142","Poa tenera","surv1","NSWFFRDv2.1","{""Wark 1997""}","All",NA,NA,NA,"partial"
"157869","2583","Acrotriche serrulata","surv1","NSWFFRDv2.1","{""Wark 1997""}","All",NA,NA,NA,"partial"
NA,"2583","Acrotriche serrulata","repr3a","NSWFFRDv2.1","{""Wark White Robertson Marriott 1987"",""Wark 1997""}",NA,2,NA,NA,"exact"
"159705","2584","Astroloma humifusum","surv1","NSWFFRDv2.1","{""Wark 1997""}","All",NA,NA,NA,"partial"
NA,"2584","Astroloma humifusum","repr3a","NSWFFRDv2.1","{""Wark White Robertson Marriott 1987"",""Wark 1997""}",NA,2,NA,NA,"exact"
"162578","4674","Bursaria spinosa","surv1","NSWFFRDv2.1","{""Wark 1997""}","All",NA,NA,NA,"partial"
NA,"4674","Bursaria spinosa","repr3a","NSWFFRDv2.1","{""Wark 1997""}",NA,2,NA,NA,"exact"
"165393","5675","Coprosma quadrifida","surv1","NSWFFRDv2.1","{""Wark 1997""}","All",NA,NA,NA,"partial"
"174287","2545","Hibbertia riparia","surv1","NSWFFRDv2.1","{""Wark 1997""}","All",NA,NA,NA,"partial"
"178081","5443","Lomatia ilicifolia","surv1","NSWFFRDv2.1","{""Wark 1997""}","All",NA,NA,NA,"partial"
NA,"5443","Lomatia ilicifolia","repr3a","NSWFFRDv2.1","{""Wark White Robertson Marriott 1987"",""Wark 1997"",""EcoGIS 2002"",""Blombery Maloney 1992""}",NA,1,NA,NA,"exact"
"178574","4263","Melaleuca squarrosa","surv1","NSWFFRDv2.1","{""Wark 1997""}","All",NA,NA,NA,"partial"
"180267","1580","Olearia argophylla","surv1","NSWFFRDv2.1","{""Wark 1997""}","All",NA,NA,NA,"partial"
NA,"1580","Olearia argophylla","repr3a","NSWFFRDv2.1","{""Wark 1997""}",NA,3,NA,NA,"exact"
"162450","1863","Brunonia australis","surv1","NSWFFRDv2.1","{""Wark 1997""}","All",NA,NA,NA,"partial"
NA,"1863","Brunonia australis","repr3a","NSWFFRDv2.1","{""Wark White Robertson Marriott 1987"",""Wark 1997""}",NA,1,NA,NA,"exact"
"173993","1494","Helichrysum leucopsideum","surv1","NSWFFRDv2.1","{""Wark 1997""}","All",NA,NA,NA,"partial"
NA,"1494","Helichrysum leucopsideum","repr3a","NSWFFRDv2.1","{""Wark 1997""}",NA,1,NA,NA,"exact"
"176863","1557","Leptorhynchos squamatus","surv1","NSWFFRDv2.1","{""Wark 1997""}","All",NA,NA,NA,"partial"
NA,"1557","Leptorhynchos squamatus","repr3a","NSWFFRDv2.1","{""Wark White Robertson Marriott 1987"",""Morgan 1996"",""Wark 1997"",""Morgan Lunt 1999""}",NA,1,NA,NA,"exact"
"180595","4613","Oxalis corniculata","surv1","NSWFFRDv2.1","{""Wark 1997""}","All",NA,NA,NA,"partial"
"180971","3157","Pelargonium australe","surv1","NSWFFRDv2.1","{""Wark 1997""}","All",NA,NA,NA,"partial"
NA,"3157","Pelargonium australe","repr3a","NSWFFRDv2.1","{""Wark White Robertson Marriott 1987"",""Wark 1997""}",NA,1,NA,NA,"exact"
"182079","4705","Plantago varia","surv1","NSWFFRDv2.1","{""Wark 1997""}","All",NA,NA,NA,"partial"
NA,"4705","Plantago varia","repr3a","NSWFFRDv2.1","{""Wark White Robertson Marriott 1987"",""Wark 1997""}",NA,1,NA,NA,"exact"
"183561","1690","Sonchus oleraceus","surv1","NSWFFRDv2.1","{""Wark 1997""}","All",NA,NA,NA,"partial"
"184278","6003","Veronica calycina","surv1","NSWFFRDv2.1","{""Wark 1997""}","All",NA,NA,NA,"partial"
NA,"6003","Veronica calycina","repr3a","NSWFFRDv2.1","{""Wark 1997""}",NA,1,NA,NA,"exact"
"171203","2441","Gahnia radula","surv1","NSWFFRDv2.1","{""Wark 1997""}","Most",NA,NA,NA,"partial"
NA,"2441","Gahnia radula","repr3a","NSWFFRDv2.1","{""Wark White Robertson Marriott 1987"",""Wark 1997""}",NA,2,NA,NA,"exact"
"171221","2442","Gahnia sieberiana","surv1","NSWFFRDv2.1","{""Wark 1997""}","All",NA,NA,NA,"exact"
NA,"2442","Gahnia sieberiana","repr3a","NSWFFRDv2.1","{""Wark 1997""}",NA,2,NA,NA,"exact"
"174976","2453","Isolepis hystrix","surv1","NSWFFRDv2.1","{""Wark 1997""}","All",NA,NA,NA,"exact"
"174992","2455","Isolepis marginata","surv1","NSWFFRDv2.1","{""Wark 1997""}","Most",NA,NA,NA,"partial"
NA,"2455","Isolepis marginata","repr3a","NSWFFRDv2.1","{""Wark White Robertson Marriott 1987"",""Wark 1997""}",NA,1,NA,NA,"exact"
"175160","3339","Juncus pauciflorus","surv1","NSWFFRDv2.1","{""Wark 1997""}","All",NA,NA,NA,"exact"
NA,"3339","Juncus pauciflorus","repr3a","NSWFFRDv2.1","{""Wark White Robertson Marriott 1987"",""Wark 1997""}",NA,2,NA,NA,"exact"
"175168","3340","Juncus planifolius","surv1","NSWFFRDv2.1","{""Wark 1997""}","All",NA,NA,NA,"exact"
"176626","8379","Lepidosperma elatius","surv1","NSWFFRDv2.1","{""Wark 1997""}","All",NA,NA,NA,"exact"
NA,"8379","Lepidosperma elatius","repr3a","NSWFFRDv2.1","{""Wark 1997""}",NA,2,NA,NA,"exact"
"178165","3359","Luzula meridionalis","surv1","NSWFFRDv2.1","{""Wark 1997""}","All",NA,NA,NA,"exact"
NA,"3359","Luzula meridionalis","repr3a","NSWFFRDv2.1","{""Wark 1997""}",NA,1,NA,NA,"exact"
"183203","2491","Schoenus apogon","surv1","NSWFFRDv2.1","{""Wark 1997""}","All",NA,NA,NA,"exact"
"157743","4351","Acianthus caudatus","surv1","NSWFFRDv2.1","{""Wark 1997""}","All",NA,NA,NA,"exact"
NA,"4351","Acianthus caudatus","repr3a","NSWFFRDv2.1","{""Wark White Robertson Marriott 1987"",""Wark 1997""}",NA,1,NA,NA,"exact"
"157769","9088","Acianthus pusillus","surv1","NSWFFRDv2.1","{""Wark 1997""}","All",NA,NA,NA,"exact"
"162697","6703","Caladenia catenata","surv1","NSWFFRDv2.1","{""Wark 1997""}","All",NA,NA,NA,"exact"
"166992","7887","Dipodium punctatum","surv1","NSWFFRDv2.1","{""Wark 1997""}","All",NA,NA,NA,"exact"
"168899","4460","Eriochilus cucullatus","surv1","NSWFFRDv2.1","{""Wark 1997""}","All",NA,NA,NA,"exact"
NA,"4460","Eriochilus cucullatus","repr3a","NSWFFRDv2.1","{""Wark White Robertson Marriott 1987"",""Wark 1997""}",NA,1,NA,NA,"exact"
"182444","4516","Prasophyllum odoratum","surv1","NSWFFRDv2.1","{""Wark 1997""}","All",NA,NA,NA,"exact"
NA,"4516","Prasophyllum odoratum","repr3a","NSWFFRDv2.1","{""Wark White Robertson Marriott 1987"",""Wark 1997""}",NA,1,NA,NA,"exact"
"182645","4559","Pterostylis longifolia","surv1","NSWFFRDv2.1","{""Wark 1997""}","All",NA,NA,NA,"exact"
NA,"4559","Pterostylis longifolia","repr3a","NSWFFRDv2.1","{""Wark White Robertson Marriott 1987"",""Wark 1997""}",NA,1,NA,NA,"exact"
"182666","4562","Pterostylis nutans","surv1","NSWFFRDv2.1","{""Wark 1997""}","All",NA,NA,NA,"exact"
NA,"4562","Pterostylis nutans","repr3a","NSWFFRDv2.1","{""Wark White Robertson Marriott 1987"",""Wark 1997""}",NA,1,NA,NA,"exact"
"182661","4561","Pterostylis nana","surv1","NSWFFRDv2.1","{""Wark 1997""}","All",NA,NA,NA,"exact"
"182675","4566","Pterostylis parviflora","surv1","NSWFFRDv2.1","{""Wark 1997""}","All",NA,NA,NA,"exact"
NA,"4566","Pterostylis parviflora","repr3a","NSWFFRDv2.1","{""Wark White Robertson Marriott 1987"",""Wark 1997"",""Purdie Slatyer 1976""}",NA,1,NA,NA,"exact"
"183987","4595","Thelymitra flexuosa","surv1","NSWFFRDv2.1","{""Wark 1997""}","All",NA,NA,NA,"exact"
"184010","4602","Thelymitra pauciflora","surv1","NSWFFRDv2.1","{""Wark 1997""}","All",NA,NA,NA,"exact"
NA,"4602","Thelymitra pauciflora","repr3a","NSWFFRDv2.1","{""Wark White Robertson Marriott 1987"",""Wark 1997"",""Purdie Slatyer 1976""}",NA,1,NA,NA,"exact"
"184017","10277","Thelymitra rubra","surv1","NSWFFRDv2.1","{""Wark 1997""}","All",NA,NA,NA,"exact"
"162539","3533","Burchardia umbellata","surv1","NSWFFRDv2.1","{""Wark 1997""}","All",NA,NA,NA,"exact"
"166579","3542","Dianella revoluta","surv1","NSWFFRDv2.1","{""Wark 1997""}","All",NA,NA,NA,"exact"
"177855","6302","Lomandra filiformis","surv1","NSWFFRDv2.1","{""Wark 1997""}","All",NA,NA,NA,"exact"
NA,"6302","Lomandra filiformis","repr3a","NSWFFRDv2.1","{""Wark White Robertson Marriott 1987"",""Wark 1997"",""Bewick 1994"",""Purdie Slatyer 1976""}",NA,1,NA,NA,"exact"
"184054","3572","Thysanotus juncifolius","surv1","NSWFFRDv2.1","{""Wark 1997""}","All",NA,NA,NA,"exact"
"184070","3573","Thysanotus patersonii","surv1","NSWFFRDv2.1","{""Wark 1997""}","All",NA,NA,NA,"exact"
NA,"3573","Thysanotus patersonii","repr3a","NSWFFRDv2.1","{""Wark White Robertson Marriott 1987"",""Wark 1997"",""Purdie Slatyer 1976""}",NA,1,NA,NA,"exact"
"177717","1917","Lobelia gibbosa","surv1","NSWFFRDv2.1","{""Wark 1997""}","Most",NA,NA,NA,"partial"
"175344","11388","Lachnagrostis filiformis","surv1","NSWFFRDv2.1","{""Wark 1997""}","All",NA,NA,NA,"partial"
NA,"11388","Lachnagrostis filiformis","repr3a","NSWFFRDv2.1","{""Wark White Robertson Marriott 1987"",""Wark 1997""}",NA,1,NA,NA,"exact"
"183036","14310","Rytidosperma indutum","surv1","NSWFFRDv2.1","{""Wark 1997""}","All",NA,NA,NA,"partial"
NA,"14310","Rytidosperma indutum","repr3a","NSWFFRDv2.1","{""Wark White Robertson Marriott 1987"",""Wark 1997""}",NA,1,NA,NA,"exact"
"183057","14316","Rytidosperma pilosum","surv1","NSWFFRDv2.1","{""Wark 1997""}","All",NA,NA,NA,"partial"
NA,"14316","Rytidosperma pilosum","repr3a","NSWFFRDv2.1","{""Wark White Robertson Marriott 1987"",""Wark 1997"",""Purdie Slatyer 1976""}",NA,1,NA,NA,"exact"
"183074","14322","Rytidosperma setaceum","surv1","NSWFFRDv2.1","{""Wark 1997""}","All",NA,NA,NA,"partial"
NA,"14322","Rytidosperma setaceum","repr3a","NSWFFRDv2.1","{""Wark White Robertson Marriott 1987"",""Morgan 1996"",""Wark 1997"",""Morgan Lunt 1999""}",NA,1,NA,NA,"exact"
"183049","14314","Rytidosperma pallidum","surv1","NSWFFRDv2.1","{""Wark 1997""}","All",NA,NA,NA,"partial"
"183068","14321","Rytidosperma semiannulare","surv1","NSWFFRDv2.1","{""Wark 1997""}","All",NA,NA,NA,"partial"
NA,"14321","Rytidosperma semiannulare","repr3a","NSWFFRDv2.1","{""Wark White Robertson Marriott 1987"",""Wark 1997""}",NA,1,NA,NA,"exact"
"163165","1355","Carduus tenuiflorus","surv1","NSWFFRDv2.1","{""Wark 1997""}","All",NA,NA,NA,"partial"
"165436","13836","Coronidium scorpioides","surv1","NSWFFRDv2.1","{""Wark 1997""}","All",NA,NA,NA,"partial"
"175354","11959","Lagenophora gracilis","surv1","NSWFFRDv2.1","{""Wark 1997""}","All",NA,NA,NA,"partial"
NA,"11959","Lagenophora gracilis","repr3a","NSWFFRDv2.1","{""Wark White Robertson Marriott 1987"",""Wark 1997"",""EcoGIS 2002""}",NA,1,NA,NA,"exact"
"174982","2454","Isolepis inundata","surv1","NSWFFRDv2.1","{""Wark 1997""}","All",NA,NA,NA,"exact"
NA,"2454","Isolepis inundata","repr3a","NSWFFRDv2.1","{""Wark White Robertson Marriott 1987"",""Wark 1997""}",NA,1,NA,NA,"exact"
"162631","3535","Caesia parviflora","surv1","NSWFFRDv2.1","{""Wark 1997""}","All",NA,NA,NA,"exact"
NA,"3535","Caesia parviflora","repr3a","NSWFFRDv2.1","{""Wark White Robertson Marriott 1987"",""Wark 1997""}",NA,1,NA,NA,"exact"
"177958","6308","Lomandra longifolia","surv1","NSWFFRDv2.1","{""Wark 1997""}","All",NA,NA,NA,"exact"
NA,"6308","Lomandra longifolia","repr3a","NSWFFRDv2.1","{""Wark White Robertson Marriott 1987"",""Wark 1997"",""Purdie Slatyer 1976""}",NA,1,NA,NA,"exact"
"168214","2559","Drosera peltata","surv1","NSWFFRDv2.1","{""Wark 1997""}","All",NA,NA,NA,"exact"
"174806","8788","Hypochaeris radicata","surv1","NSWFFRDv2.1","{""Wark 1997""}","All",NA,NA,NA,"exact"
"169046","8450","Eucalyptus bicostata","surv1","NSWFFRDv2.1","{""Wark 1997""}","All",NA,NA,NA,"partial"
"157665","11245","Acacia verticillata subsp. verticillata","surv1","NSWFFRDv2.1","{""Wark 1997""}","None",NA,NA,NA,"exact"
"177999","9082","Lomandra micrantha subsp. tuberculata","surv1","NSWFFRDv2.1","{""Wark 1997""}","All",NA,NA,NA,"exact"
NA,"9082","Lomandra micrantha subsp. tuberculata","repr3a","NSWFFRDv2.1","{""Wark White Robertson Marriott 1987"",""Wark 1997""}",NA,1,NA,NA,"exact"
"178017","8802","Lomandra multiflora subsp. multiflora","surv1","NSWFFRDv2.1","{""Wark 1997""}","All",NA,NA,NA,"exact"
NA,"8802","Lomandra multiflora subsp. multiflora","repr3a","NSWFFRDv2.1","{""Wark White Robertson Marriott 1987"",""Wark 1997"",""EcoGIS 2002"",""Purdie Slatyer 1976""}",NA,1,NA,NA,"exact"
"183990","8968","Thelymitra ixioides var. ixioides","surv1","NSWFFRDv2.1","{""Wark 1997""}","All",NA,NA,NA,"exact"
"2856","3824","Acacia melanoxylon","surv4","NSWFFRDv2.1","{""Wark 1997""}","Lignotuber",NA,NA,NA,"partial"
"2857","3824","Acacia melanoxylon","surv4","NSWFFRDv2.1","{""Wark 1997""}","Long rhizome or root sucker",NA,NA,NA,"exact"
"2856","3824","Acacia melanoxylon","surv4","NSWFFRDv2.1","{""Wark 1997""}","Lignotuber",NA,NA,NA,"exact"
"2857","3824","Acacia melanoxylon","surv4","NSWFFRDv2.1","{""Wark 1997""}","Long rhizome or root sucker",NA,NA,NA,"partial"
"2902","7997","Adiantum aethiopicum","surv4","NSWFFRDv2.1","{""Benson McDougall Ecology Sydney Plant Species Cunn"",""Wark 1997""}","Short rhizome",NA,NA,NA,"exact"
"4179","8151","Todea barbara","surv4","NSWFFRDv2.1","{""Wark 1997""}","Short rhizome",NA,NA,NA,"exact"
"2901","2583","Acrotriche serrulata","surv4","NSWFFRDv2.1","{""Wark White Robertson Marriott 1987"",""Wark 1997""}","Lignotuber",NA,NA,NA,"exact"
"3069","4674","Bursaria spinosa","surv4","NSWFFRDv2.1","{""Wark 1997""}","Lignotuber",NA,NA,NA,"exact"
"3920","3157","Pelargonium australe","surv4","NSWFFRDv2.1","{""Wark White Robertson Marriott 1987"",""Wark 1997""}","Short rhizome",NA,NA,NA,"exact"
"3975","4705","Plantago varia","surv4","NSWFFRDv2.1","{""Wark White Robertson Marriott 1987"",""Wark 1997""}","Short rhizome",NA,NA,NA,"exact"
"4094","2491","Schoenus apogon","surv4","NSWFFRDv2.1","{""Wark White Robertson Marriott 1987"",""Wark 1997""}","Short rhizome",NA,NA,NA,"exact"
"2885","4351","Acianthus caudatus","surv4","NSWFFRDv2.1","{""Wark White Robertson Marriott 1987"",""Wark 1997""}","Tuber",NA,NA,NA,"exact"
"3325","4460","Eriochilus cucullatus","surv4","NSWFFRDv2.1","{""Wark White Robertson Marriott 1987"",""Wark 1997""}","Tuber",NA,NA,NA,"exact"
"4042","4559","Pterostylis longifolia","surv4","NSWFFRDv2.1","{""Wark White Robertson Marriott 1987"",""Wark 1997""}","Tuber",NA,NA,NA,"exact"
"4047","4562","Pterostylis nutans","surv4","NSWFFRDv2.1","{""Wark White Robertson Marriott 1987"",""Wark 1997""}","Tuber",NA,NA,NA,"exact"
"4046","4561","Pterostylis nana","surv4","NSWFFRDv2.1","{""Wark White Robertson Marriott 1987"",""Wark 1997""}","Tuber",NA,NA,NA,"exact"
"4048","4566","Pterostylis parviflora","surv4","NSWFFRDv2.1","{""Wark White Robertson Marriott 1987"",""Wark 1997""}","Tuber",NA,NA,NA,"exact"
"4170","4602","Thelymitra pauciflora","surv4","NSWFFRDv2.1","{""Wark White Robertson Marriott 1987"",""Wark 1997""}","Tuber",NA,NA,NA,"exact"
"3067","3533","Burchardia umbellata","surv4","NSWFFRDv2.1","{""Wark White Robertson Marriott 1987"",""Wark 1997"",""Bewick 1994""}","Tuber",NA,NA,NA,"exact"
"3243","3542","Dianella revoluta","surv4","NSWFFRDv2.1","{""Wark White Robertson Marriott 1987"",""Wark 1997""}","Tuber",NA,NA,NA,"exact"
"4175","3572","Thysanotus juncifolius","surv4","NSWFFRDv2.1","{""Wark White Robertson Marriott 1987"",""Wark 1997""}","Tuber",NA,NA,NA,"exact"
"4176","3573","Thysanotus patersonii","surv4","NSWFFRDv2.1","{""Wark White Robertson Marriott 1987"",""Wark 1997""}","Tuber",NA,NA,NA,"exact"
"3694","11388","Lachnagrostis filiformis","surv4","NSWFFRDv2.1","{""Wark White Robertson Marriott 1987"",""Wark 1997""}","Short rhizome",NA,NA,NA,"exact"
"4082","14321","Rytidosperma semiannulare","surv4","NSWFFRDv2.1","{""Wark White Robertson Marriott 1987"",""Wark 1997""}","Short rhizome",NA,NA,NA,"exact"
"3074","3535","Caesia parviflora","surv4","NSWFFRDv2.1","{""Wark White Robertson Marriott 1987"",""Wark 1997""}","Tuber",NA,NA,NA,"exact"
"3286","2559","Drosera peltata","surv4","NSWFFRDv2.1","{""Benson McDougall Ecology Sydney Plant Species Cunn"",""Wark White Robertson Marriott 1987"",""Wark 1997""}","Tuber",NA,NA,NA,"exact"
"3781","9082","Lomandra micrantha subsp. tuberculata","surv4","NSWFFRDv2.1","{""Wark White Robertson Marriott 1987"",""Wark 1997""}","Tuber",NA,NA,NA,"exact"
"3782","8802","Lomandra multiflora subsp. multiflora","surv4","NSWFFRDv2.1","{""Wark White Robertson Marriott 1987"",""Wark 1997""}","Tuber",NA,NA,NA,"exact"
"4165","8968","Thelymitra ixioides var. ixioides","surv4","NSWFFRDv2.1","{""Wark White Robertson Marriott 1987"",""Wark 1997"",""Bewick 1994""}","Tuber",NA,NA,NA,"exact"
"2535","4516","Prasophyllum odoratum","repr2","NSWFFRDv2.1","{""Wark 1997""}","Facultative",NA,NA,NA,"exact"
"158154","2012","Allocasuarina littoralis","surv1","NSWFFRDv2.1","{""Williams 2000""}","All",NA,NA,NA,"partial"
"158213","2017","Allocasuarina torulosa","surv1","NSWFFRDv2.1","{""Williams 2000""}","All",NA,NA,NA,"exact"
"158284","7686","Alphitonia excelsa","surv1","NSWFFRDv2.1","{""Williams 2000""}","All",NA,NA,NA,"exact"
"170816","4191","Eucalyptus tereticornis","surv1","NSWFFRDv2.1","{""Williams 2000""}","All",NA,NA,NA,"exact"
"178139","4243","Lophostemon suaveolens","surv1","NSWFFRDv2.1","{""Williams 2000""}","All",NA,NA,NA,"exact"
"178630","3675","Melastoma affine","surv1","NSWFFRDv2.1","{""Williams 2000""}","All",NA,NA,NA,"exact"
"158288","5553","Alphitonia petriei","surv1","NSWFFRDv2.1","{""Williams 2000""}","None",NA,NA,NA,"exact"
"165205","6129","Commersonia bartramia","surv1","NSWFFRDv2.1","{""Williams 2000""}","All",NA,NA,NA,"exact"
"2909","3675","Melastoma affine","rect2","NSWFFRDv2.1","{""Williams 2000""}","Intolerant",NA,NA,NA,"partial"
"2283","5553","Alphitonia petriei","rect2","NSWFFRDv2.1","{""Williams 2000""}","Intolerant",NA,NA,NA,"exact"
NA,"5826","Phebalium squamulosum","surv5","NSWFFRDv2.1","{""Williams Ashton 1988""}",NA,NA,30,47,"exact"
NA,"5730","Asterolasia trymalioides","surv5","NSWFFRDv2.1","{""Williams Ashton 1988""}",NA,NA,40,NA,"exact"
